data,hora,natureza,bairro,endereco,num_semaforo,sentido_via,tipo,auto,moto,ciclom,ciclista,pedestre,onibus,caminhao,viatura,outros,vitimas,vitimasfatais,acidente_verificado,tempo_clima,sinalizacao,condicao_via,conservacao_via,situacao_placa,velocidade_max_via,mao_direcao,divisao_via1
2023-02-11 00:00:00,11:57:00,COM VÍTIMA,BOA VISTA,AV VISCONDE DE SUASSUNA,,SUBURBIO,COLISÃO LATERAL,1,1,0,0,0,0,0,0,0,1,0,,,,,,,,,
2023-02-11 00:00:00,12:23:00,COM VÍTIMA,TEJIPIÓ,RUA FALCAO DE LACERDA,,,COLISÃO FRONTAL,0,1,0,0,0,0,1,0,0,1,0,,,,,,,,,
2023-02-11 00:00:00,01:00:00,COM VÍTIMA,IPUTINGA,AV MAURICIO DE NASSAU,,,CHOQUE,1,1,0,0,0,0,0,0,0,2,0,,,,,,,,,
2023-02-11 00:00:00,03:03:00,COM VÍTIMA,ARRUDA,RUA DO MACHADO,,,COLISÃO LATERAL,1,1,0,0,0,0,0,0,0,1,0,,,,,,,,,
2023-02-11 00:00:00,04:20:00,COM VÍTIMA,SANTO AMARO,AV CRUZ CABUGA,,,ATROPELAMENTO DE PESSOA,0,0,0,0,1,1,0,0,0,1,0,,,,,,,,,
2023-02-11 00:00:00,07:20:00,COM VÍTIMA,BARRO,AV DR JOSE RUFINO,,,COLISÃO TRANSVERSAL,1,1,0,0,0,0,0,0,0,1,0,,,,,,,,,
2023-02-11 00:00:00,08:27:00,COM VÍTIMA,IPSEP,AV RECIFE,,,COLISÃO TRASEIRA,3,0,0,0,0,0,0,0,0,2,0,,,,,,,,,
2023-02-12 00:00:00,05:19:00,SEM VÍTIMA,ALTO SANTA TERESINHA,RUA SODRELANDIA,,,COLISÃO TRANSVERSAL,1,1,0,0,0,0,0,0,0,0,0,,,,,,,,,
2023-02-12 00:00:00,11:59:00,COM VÍTIMA,BOA VIAGEM,RUA RIBEIRO DE BRITO,,,COLISÃO LATERAL,1,1,0,0,0,0,0,0,0,1,0,,,,,,,,,
2023-02-12 00:00:00,12:04:00,SEM VÍTIMA,DERBY,AV GOVERNADOR AGAMENON MAGALHAES,174,SUBURBIO,COLISÃO TRASEIRA,1,1,0,0,0,0,0,0,0,0,0,,,,,,,,,
2023-02-12 00:00:00,02:47:00,COM VÍTIMA,COQUEIRAL,RUA GUANABARA,,,COLISÃO FRONTAL,1,1,0,0,0,0,0,0,0,1,0,,,,,,,,,
2023-02-12 00:00:00,09:11:00,SEM VÍTIMA,TAMARINEIRA,RUA SEBASTIAO ALVES,,SUBURBIO,,2,0,0,0,0,0,0,0,0,0,0,,,,,,,,,
2023-02-12 00:00:00,10:34:00,COM VÍTIMA,AREIAS,AV RECIFE,,,COLISÃO FRONTAL,1,1,0,0,0,0,0,0,0,1,0,,,,,,,,,
2023-02-13 00:00:00,01:41:00,SEM VÍTIMA,AFLITOS,RUA CONS PORTELA,,,CHOQUE,0,0,0,0,0,0,0,0,0,0,0,,,,,,,,,
2023-02-13 00:00:00,08:38:00,COM VÍTIMA,CAXANGÁ,AV CAXANGA,,,COLISÃO LATERAL,1,1,0,0,0,0,0,0,0,1,0,,,,,,,,,
2023-02-13 00:00:00,08:04:00,COM VÍTIMA,ILHA DO LEITE,RUA ESTADO DE ISRAEL,,SUBURBIO,COLISÃO LATERAL,1,1,0,0,0,0,0,0,0,1,0,,,,,,,,,
2023-02-13 00:00:00,08:10:00,COM VÍTIMA,PINA,RUA TOME GIBSON,,SUBURBIO,COLISÃO LATERAL,1,1,0,0,0,0,0,0,0,1,0,,,,,,,,,
2023-02-13 00:00:00,08:32:00,COM VÍTIMA,BAIRRO DO RECIFE,AV ALFREDO LISBOA,,SUBURBIO,COLISÃO TRASEIRA,0,2,0,0,0,0,0,0,0,1,0,,,,,,,,,
2023-02-13 00:00:00,08:46:00,COM VÍTIMA,CORDEIRO,RUA GOMES TABORDA,,SUBURBIO,COLISÃO LATERAL,0,1,0,0,0,0,0,1,0,1,0,,,,,,,,,
2023-02-13 00:00:00,10:04:00,COM VÍTIMA,IPSEP,AV RECIFE,,,COLISÃO LATERAL,1,1,0,0,0,0,0,0,0,1,0,,,,,,,,,
2023-02-13 00:00:00,12:45:00,COM VÍTIMA,ARRUDA,RUA RAUL POMPEIA,,,COLISÃO LATERAL,1,1,0,0,0,0,0,0,0,1,0,,,,,,,,,
2023-02-13 00:00:00,02:15:00,SEM VÍTIMA,SÃO JOSÉ,C SANTA RITA,,SUBURBIO,,1,0,0,0,0,0,0,1,0,0,0,,,,,,,,,
2023-02-13 00:00:00,02:27:00,COM VÍTIMA,AFOGADOS,AV SUL,,CIDADE,COLISÃO LATERAL,1,1,0,0,0,0,0,0,0,1,0,,,,,,,,,
2023-02-13 00:00:00,04:49:00,COM VÍTIMA,IMBIRIBEIRA,AV GENERAL MAC ARTHUR,442,SUBURBIO,COLISÃO LATERAL,1,1,0,0,0,0,0,0,0,1,0,,,,,,,,,
2023-02-13 00:00:00,05:44:00,COM VÍTIMA,BOA VIAGEM,RUA SETUBAL,,,COLISÃO LATERAL,1,1,0,0,0,0,0,0,0,1,0,,,,,,,,,
2023-02-13 00:00:00,06:20:00,COM VÍTIMA,JORDÃO,AV DONA CARENTINA,,SUBURBIO,ATROPELAMENTO DE PESSOA,1,1,0,0,1,0,0,0,0,1,0,,,,,,,,,
2023-02-13 00:00:00,08:21:00,COM VÍTIMA,PINA,AV ENGENHEIRO DOMINGOS FERREIRA,142,SUBURBIO,ATROPELAMENTO DE PESSOA,0,1,0,0,1,0,0,0,0,2,0,,,,,,,,,
2023-02-13 00:00:00,08:59:00,SEM VÍTIMA,BOA VISTA,RUA GERVASIO PIRES,,,CHOQUE,0,0,0,0,0,0,0,1,0,0,0,,,,,,,,,
2023-02-13 00:00:00,09:23:00,SEM VÍTIMA,IBURA,AV SANTA FE,,SUBURBIO,,1,0,0,0,0,0,0,1,0,0,0,,,,,,,,,
2023-02-14 00:00:00,07:45:00,COM VÍTIMA,PRADO,RUA GOMES TABORDA,,,COLISÃO LATERAL,1,1,0,0,0,0,0,0,0,1,0,,,,,,,,,
2023-02-14 00:00:00,07:57:00,COM VÍTIMA,DERBY,AV GOVERNADOR AGAMENON MAGALHAES,,,COLISÃO LATERAL,1,1,0,0,0,0,0,0,0,1,0,,,,,,,,,
2023-02-14 00:00:00,09:15:00,SEM VÍTIMA,SANTO ANTÔNIO,RUA DO SOL,,CIDADE,,1,0,0,0,0,1,0,0,0,0,0,,,,,,,,,
2023-02-14 00:00:00,09:47:00,COM VÍTIMA,ALTO DO MANDU,AV NORTE MIGUEL ARRAES DE ALENCAR,65,,COLISÃO LATERAL,0,2,0,0,0,0,0,0,0,1,0,,,,,,,,,
2023-02-14 00:00:00,09:52:00,SEM VÍTIMA,SANTO AMARO,RUA ARLINDO MELO,,CIDADE,,0,1,0,0,0,0,0,1,0,0,0,,,,,,,,,
2023-02-14 00:00:00,11:43:00,COM VÍTIMA,DERBY,PRC DO DERBY,,,ATROPELAMENTO DE PESSOA,0,1,0,0,1,0,0,0,0,1,0,,,,,,,,,
2023-02-14 00:00:00,01:57:00,COM VÍTIMA,CASA AMARELA,EST DAS UBAIAS,,,COLISÃO LATERAL,1,1,0,0,0,0,0,0,0,1,0,,,,,,,,,
2023-02-14 00:00:00,04:14:00,COM VÍTIMA,IMBIRIBEIRA,AV MARECHAL MASCARENHAS DE MORAES,,,COLISÃO FRONTAL,1,1,0,0,0,0,0,0,0,1,0,,,,,,,,,
2023-02-14 00:00:00,05:37:00,COM VÍTIMA,PORTO DA MADEIRA,AV CIDADE DE MONTEIRO,,,COLISÃO LATERAL,2,1,0,0,0,0,0,0,0,2,0,,,,,,,,,
2023-02-14 00:00:00,07:01:00,COM VÍTIMA,IBURA,AV DOIS RIOS,,,COLISÃO TRASEIRA,1,1,0,0,0,0,0,0,0,1,0,,,,,,,,,
2023-02-15 00:00:00,08:00:00,COM VÍTIMA,ÁGUA FRIA,RUA MANOEL SILVA,285,SUBURBIO,COLISÃO LATERAL,1,1,0,0,0,0,0,0,0,1,0,,,,,,,,,
2023-02-15 00:00:00,08:10:00,SEM VÍTIMA,ARRUDA,AV BEBERIBE,492,CIDADE,COLISÃO TRASEIRA,1,0,0,0,0,0,1,0,0,0,0,,,,,,,,,
2023-02-15 00:00:00,08:20:00,COM VÍTIMA,ILHA DO LEITE,TUNEL CHICO SCIENCE,,,COLISÃO FRONTAL,2,0,0,0,0,0,0,0,0,1,0,,,,,,,,,
2023-02-15 00:00:00,12:47:00,COM VÍTIMA,VÁRZEA,RUA MANUEL DE MEDEIROS,,,COLISÃO LATERAL,1,1,0,0,0,0,0,0,0,1,0,,,,,,,,,
2023-02-15 00:00:00,03:07:00,COM VÍTIMA,BEBERIBE,AV HILDEBRANDO DE VASCONCELOS,,,COLISÃO LATERAL,1,1,0,0,0,0,0,0,0,1,0,,,,,,,,,
2023-02-15 00:00:00,05:12:00,SEM VÍTIMA,ARRUDA,AV PROFESSOR JOSE DOS ANJOS,364,,,1,0,0,0,0,0,1,0,0,0,0,,,,,,,,,
2023-02-15 00:00:00,08:54:00,COM VÍTIMA,BEBERIBE,AV BEBERIBE,,,COLISÃO TRASEIRA,0,2,0,0,0,0,0,0,0,2,0,,,,,,,,,
2023-02-15 00:00:00,09:40:00,COM VÍTIMA,CAMPO GRANDE,RUA ODORICO MENDES,,,COLISÃO TRASEIRA,1,1,0,0,0,0,0,0,0,1,0,,,,,,,,,
2023-02-15 00:00:00,10:19:00,COM VÍTIMA,IBURA,RUA RIO BRIGIDA,,,COLISÃO TRANSVERSAL,1,1,0,0,0,0,0,0,0,2,0,,,,,,,,,
2023-02-16 00:00:00,07:27:00,COM VÍTIMA,ESPINHEIRO,AV JOAO DE BARROS,,,COLISÃO LATERAL,1,1,0,0,0,0,0,0,0,1,0,,,,,,,,,
2023-02-16 00:00:00,07:23:00,SEM VÍTIMA,SAN MARTIN,AV GENERAL SAN MARTIN,,CIDADE,COLISÃO TRASEIRA,3,0,0,0,0,0,0,0,0,0,0,,,,,,,,,
2023-02-16 00:00:00,08:10:00,COM VÍTIMA,IMBIRIBEIRA,RUA ITAJAI,,,COLISÃO FRONTAL,1,1,0,0,0,0,0,0,0,1,0,,,,,,,,,
2023-02-16 00:00:00,08:11:00,COM VÍTIMA,SAN MARTIN,AV GENERAL SAN MARTIN,371,,COLISÃO LATERAL,1,1,0,0,0,0,0,0,0,2,0,,,,,,,,,
2023-02-16 00:00:00,10:28:00,COM VÍTIMA,ÁGUA FRIA,RUA DA REGENERACAO,,,COLISÃO LATERAL,1,1,0,0,0,0,0,0,0,1,0,,,,,,,,,
2023-02-16 00:00:00,10:54:00,COM VÍTIMA,BOA VISTA,RUA DA GLORIA,,,COLISÃO LATERAL,1,1,0,0,0,0,0,0,0,1,0,,,,,,,,,
2023-02-16 00:00:00,11:32:00,COM VÍTIMA,IPSEP,RUA SAO NICOLAU,,SUBURBIO,COLISÃO LATERAL,1,1,0,0,0,0,0,0,0,1,0,,,,,,,,,
2023-02-16 00:00:00,12:58:00,SEM VÍTIMA,PINA,AV ANTONIO DE GOES,,CIDADE,COLISÃO TRASEIRA,2,0,0,0,0,0,0,0,0,0,0,,,,,,,,,
2023-02-16 00:00:00,03:07:00,COM VÍTIMA,PINA,PTE VICE PRESIDENTE JOSE ALENCAR,,,COLISÃO LATERAL,1,1,0,0,0,0,0,0,0,1,0,,,,,,,,,
2023-02-16 00:00:00,06:50:00,COM VÍTIMA,CABANGA,PTE GOVERNADOR PAULO GUERRA,,,COLISÃO FRONTAL,1,1,0,0,0,0,0,0,0,3,0,,,,,,,,,
2023-02-16 00:00:00,06:53:00,COM VÍTIMA,IPSEP,RUA BLUMENAU,,,COLISÃO LATERAL,1,1,0,0,0,0,0,0,0,1,0,,,,,,,,,
2023-02-16 00:00:00,08:16:00,COM VÍTIMA,IMBIRIBEIRA,RUA JOAQUIM BANDEIRA,,,COLISÃO TRASEIRA,2,1,0,0,0,0,0,0,0,2,0,,,,,,,,,
2023-02-16 00:00:00,10:46:00,COM VÍTIMA,MACAXEIRA,AV NORTE MIGUEL ARRAES DE ALENCAR,671,SUBURBIO,COLISÃO FRONTAL,1,1,0,0,0,0,0,0,0,1,0,,,,,,,,,
2023-02-17 00:00:00,09:09:00,SEM VÍTIMA,SANTO AMARO,RUA GOUVEIA DE BARROS,,SUBURBIO,TOMBAMENTO,2,0,0,0,0,0,0,0,0,0,0,,,,,,,,,
2023-02-17 00:00:00,10:31:00,COM VÍTIMA,ENCRUZILHADA,RUA DR JOSE MARIA,,,ATROPELAMENTO DE PESSOA,1,0,0,0,1,0,0,0,0,1,0,,,,,,,,,
2023-02-17 00:00:00,10:32:00,COM VÍTIMA,BOA VIAGEM,AV HELIO FALCAO,,,ATROPELAMENTO DE PESSOA,2,0,0,0,1,0,0,0,0,1,0,,,,,,,,,
2023-02-17 00:00:00,10:39:00,SEM VÍTIMA,BAIRRO DO RECIFE,PTE CONDE MAURICIO DE NASSAU,,,COLISÃO LATERAL,0,0,0,0,0,0,0,0,0,0,0,,,,,,,,,
2023-02-17 00:00:00,11:15:00,SEM VÍTIMA,SANTO AMARO,AV GOVERNADOR AGAMENON MAGALHAES,465,SUBURBIO,COLISÃO TRASEIRA,1,0,0,0,0,0,0,1,0,0,0,,,,,,,,,
2023-02-17 00:00:00,11:20:00,SEM VÍTIMA,CORDEIRO,RUA GOMES TABORDA,,CIDADE,CHOQUE,0,0,0,0,0,0,1,0,0,0,0,,,,,,,,,
2023-02-17 00:00:00,12:25:00,COM VÍTIMA,TORRE,RUA CONDE DE IRAJA,,SUBURBIO,COLISÃO LATERAL,1,1,0,0,0,0,0,0,0,1,0,,,,,,,,,
2023-02-17 00:00:00,01:44:00,COM VÍTIMA,ILHA DO RETIRO,AV ENGENHEIRO ABDIAS DE CARVALHO,,,COLISÃO LATERAL,1,2,0,0,0,0,0,0,0,4,0,,,,,,,,,
2023-02-17 00:00:00,04:31:00,COM VÍTIMA,CASA AMARELA,EST DAS UBAIAS,,,COLISÃO TRASEIRA,1,1,0,0,0,0,0,0,0,1,0,,,,,,,,,
2023-02-17 00:00:00,06:28:00,COM VÍTIMA,JOANA BEZERRA,VIADUTO CAPITAO TEMUDO,,,COLISÃO LATERAL,1,1,0,0,0,0,0,0,0,2,0,,,,,,,,,
2023-02-18 00:00:00,01:30:00,COM VÍTIMA,IMBIRIBEIRA,AV MARECHAL MASCARENHAS DE MORAES,,,COLISÃO TRASEIRA,0,2,0,0,0,0,0,0,0,1,0,,,,,,,,,
2023-02-18 00:00:00,12:01:00,COM VÍTIMA,BOA VISTA,RUA DO RIACHUELO,,CIDADE,COLISÃO LATERAL,1,1,0,0,0,0,0,0,0,2,0,,,,,,,,,
2023-02-18 00:00:00,12:29:00,COM VÍTIMA,ESPINHEIRO,RUA CARNEIRO VILELA,,CIDADE,COLISÃO LATERAL,1,1,0,0,0,0,0,0,0,1,0,,,,,,,,,
2023-02-18 00:00:00,04:19:00,SEM VÍTIMA,CASA FORTE,PRC RADIO JORNAL DO COMERCIO,,SUBURBIO,COLISÃO LATERAL,2,0,0,0,0,0,0,0,0,0,0,,,,,,,,,
2023-02-18 00:00:00,04:39:00,COM VÍTIMA,JIQUIÁ,AV DR JOSE RUFINO,,SUBURBIO,COLISÃO TRASEIRA,1,1,0,0,0,0,0,0,0,3,0,,,,,,,,,
2023-02-18 00:00:00,06:54:00,SEM VÍTIMA,BOA VISTA,AV CONDE DA BOA VISTA,,,COLISÃO TRASEIRA,0,0,0,0,0,0,0,2,0,0,0,,,,,,,,,
2023-02-18 00:00:00,07:27:00,COM VÍTIMA,SANTO AMARO,AV NORTE MIGUEL ARRAES DE ALENCAR,,CIDADE,QUEDA,0,1,0,0,0,0,0,0,0,1,0,,,,,,,,,
2023-02-19 00:00:00,01:09:00,COM VÍTIMA,IBURA,AV MATO GROSSO,,,CHOQUE,1,1,0,0,0,0,0,0,0,1,0,,,,,,,,,
2023-02-19 00:00:00,10:04:00,COM VÍTIMA,CASA AMARELA,RUA PADRE LEMOS,,SUBURBIO,COLISÃO TRASEIRA,1,1,0,0,0,0,0,0,0,2,0,,,,,,,,,
2023-02-19 00:00:00,11:25:00,COM VÍTIMA,MADALENA,RUA DEMOCRITO DE SOUZA FILHO,,SUBURBIO,COLISÃO LATERAL,1,1,0,0,0,0,0,0,0,1,0,,,,,,,,,
2023-02-19 00:00:00,12:29:00,COM VÍTIMA,ILHA DO RETIRO,AV ENGENHEIRO ABDIAS DE CARVALHO,355,SUBURBIO,COLISÃO LATERAL,1,1,0,0,0,0,0,0,0,1,0,,,,,,,,,
2023-02-19 00:00:00,12:38:00,COM VÍTIMA,AFLITOS,AV CONS ROSA E SILVA,,,COLISÃO TRASEIRA,1,0,0,0,0,0,0,1,0,1,0,,,,,,,,,
2023-02-19 00:00:00,09:39:00,COM VÍTIMA,SANTO AMARO,AV CRUZ CABUGA,,,COLISÃO LATERAL,1,1,0,0,0,0,0,0,0,1,0,,,,,,,,,
2023-02-20 00:00:00,02:19:00,VÍTIMA FATAL,BOA VISTA,AV CONDE DA BOA VISTA,23,SUBURBIO,ATROPELAMENTO DE PESSOA,0,0,0,0,1,1,0,0,0,0,1,,,,,,,,,
2023-02-20 00:00:00,02:23:00,SEM VÍTIMA,CORDEIRO,AV PROFESSOR ESTEVAO FRANCISCO DA COSTA,,,COLISÃO LATERAL,2,0,0,0,0,0,0,0,0,0,0,,,,,,,,,
2023-02-20 00:00:00,05:27:00,COM VÍTIMA,IMBIRIBEIRA,AV MARECHAL MASCARENHAS DE MORAES,439,CIDADE,COLISÃO LATERAL,1,1,0,0,0,0,0,0,0,1,0,,,,,,,,,
2023-02-20 00:00:00,09:02:00,COM VÍTIMA,BOA VIAGEM,RUA RIBEIRO DE BRITO,,,COLISÃO FRONTAL,1,1,0,0,0,0,0,0,0,2,0,,,,,,,,,
2023-02-20 00:00:00,09:37:00,COM VÍTIMA,BOA VIAGEM,RUA RIBEIRO DE BRITO,,CIDADE,COLISÃO FRONTAL,1,1,0,0,0,0,0,0,0,2,0,,,,,,,,,
2023-02-20 00:00:00,10:27:00,COM VÍTIMA,BOA VIAGEM,RUA CAMBOIM,,SUBURBIO,COLISÃO LATERAL,2,0,0,0,0,0,0,0,0,1,0,,,,,,,,,
2023-02-20 00:00:00,12:30:00,COM VÍTIMA,CORDEIRO,RUA CLAUDIO BROTHERHOOD,,SUBURBIO,COLISÃO FRONTAL,0,2,0,0,0,0,0,0,0,1,0,,,,,,,,,
2023-02-20 00:00:00,03:17:00,COM VÍTIMA,BOA VIAGEM,AV ENGENHEIRO DOMINGOS FERREIRA,200,SUBURBIO,COLISÃO TRASEIRA,0,2,0,0,0,0,0,0,0,2,0,,,,,,,,,
2023-02-20 00:00:00,08:14:00,COM VÍTIMA,CAXANGÁ,AV CAXANGA,,SUBURBIO,COLISÃO FRONTAL,0,0,0,0,0,0,0,0,0,1,0,,,,,,,,,
2023-02-20 00:00:00,08:31:00,SEM VÍTIMA,CORDEIRO,RUA OCIDENTAL,,,CHOQUE,0,0,0,0,0,0,0,0,0,0,0,,,,,,,,,
2023-02-21 00:00:00,01:24:00,SEM VÍTIMA,ESPINHEIRO,RUA BUENOS AYRES,,,COLISÃO FRONTAL,0,0,0,0,0,0,0,0,0,0,0,,,,,,,,,
2023-02-21 00:00:00,02:44:00,COM VÍTIMA,GRAÇAS,AV CONS ROSA E SILVA,522,SUBURBIO,COLISÃO FRONTAL,2,0,0,0,0,0,0,0,0,1,0,,,,,,,,,
2023-02-21 00:00:00,07:48:00,COM VÍTIMA,IMBIRIBEIRA,AV MARECHAL MASCARENHAS DE MORAES,,,COLISÃO TRASEIRA,1,1,0,0,0,0,0,0,0,1,0,,,,,,,,,
2023-02-21 00:00:00,10:33:00,COM VÍTIMA,IBURA,AV RECIFE,16,SUBURBIO,COLISÃO TRASEIRA,2,1,0,0,0,0,0,0,0,2,0,,,,,,,,,
2023-02-21 00:00:00,03:22:00,COM VÍTIMA,BOA VIAGEM,RUA VISCONDE DE JEQUITINHONHA,304,,COLISÃO LATERAL,1,0,0,0,0,1,0,0,0,1,0,,,,,,,,,
2023-02-21 00:00:00,03:33:00,SEM VÍTIMA,CAXANGÁ,AV CAXANGA,489,SUBURBIO,,1,0,0,0,0,0,1,0,0,0,0,,,,,,,,,
2023-02-22 00:00:00,02:36:00,COM VÍTIMA,ILHA JOANA BEZERRA,VIADUTO CAPITAO TEMUDO,,SUBURBIO,CHOQUE,1,0,0,0,0,0,0,0,1,1,0,,,,,,,,,
2023-02-22 00:00:00,05:47:00,COM VÍTIMA,AFOGADOS,RUA SAO MIGUEL,,CIDADE,COLISÃO FRONTAL,2,0,0,0,0,0,0,0,0,2,0,,,,,,,,,
2023-02-22 00:00:00,07:40:00,COM VÍTIMA,AFOGADOS,RUA SAO MIGUEL,391,CIDADE,COLISÃO TRASEIRA,0,2,0,0,0,0,0,0,0,2,0,,,,,,,,,
2023-02-22 00:00:00,09:29:00,COM VÍTIMA,SÃO JOSÉ,RUA IMPERIAL,,,COLISÃO LATERAL,1,1,0,0,0,0,0,0,0,1,0,,,,,,,,,
2023-02-22 00:00:00,10:27:00,COM VÍTIMA,ILHA DO RETIRO,AV ENGENHEIRO ABDIAS DE CARVALHO,52,,COLISÃO LATERAL,2,0,0,0,0,0,0,0,0,2,0,,,,,,,,,
2023-02-22 00:00:00,04:15:00,COM VÍTIMA,PINA,AVENIDA CELSO FURTADO (VIA MANGUE),,,COLISÃO FRONTAL,1,1,0,0,0,0,0,0,0,1,0,,,,,,,,,
2023-02-22 00:00:00,07:01:00,SEM VÍTIMA,ARRUDA,AV PROFESSOR JOSE DOS ANJOS,,,COLISÃO LATERAL,1,0,0,0,0,0,1,0,0,0,0,,,,,,,,,
2023-02-23 00:00:00,07:38:00,COM VÍTIMA,BOA VIAGEM,RUA DEZ DE JULHO,,,COLISÃO LATERAL,1,1,0,0,0,0,0,0,0,1,0,,,,,,,,,
2023-02-23 00:00:00,07:47:00,COM VÍTIMA,IPSEP,RUA ADERBAL DE MELO,,,COLISÃO FRONTAL,1,1,0,0,0,0,0,0,0,1,0,,,,,,,,,
2023-02-23 00:00:00,08:04:00,COM VÍTIMA,SAN MARTIN,AV CONSUL VILARES FRAGOSO,,,COLISÃO LATERAL,1,1,0,0,0,0,0,0,0,1,0,,,,,,,,,
2023-02-23 00:00:00,11:55:00,SEM VÍTIMA,IMBIRIBEIRA,AV MARECHAL MASCARENHAS DE MORAES,396,SUBURBIO,,0,1,0,0,0,0,0,1,0,0,0,,,,,,,,,
2023-02-23 00:00:00,01:02:00,SEM VÍTIMA,BOA VIAGEM,AV ANTONIO TORRES GALVAO,,,COLISÃO LATERAL,1,0,0,0,0,0,1,0,0,0,0,,,,,,,,,
2023-02-23 00:00:00,03:10:00,COM VÍTIMA,ÁGUA FRIA,AV BEBERIBE,,,COLISÃO LATERAL,1,1,0,0,0,0,0,0,0,1,0,,,,,,,,,
2023-02-23 00:00:00,04:11:00,COM VÍTIMA,SÃO JOSÉ,AV DANTAS BARRETO,,,ATROPELAMENTO DE PESSOA,0,0,0,0,1,1,0,0,0,1,0,,,,,,,,,
2023-02-23 00:00:00,05:29:00,COM VÍTIMA,SÃO JOSÉ,RUA IMPERIAL,,,COLISÃO LATERAL,1,1,0,0,0,0,0,0,0,1,0,,,,,,,,,
2023-02-23 00:00:00,07:19:00,COM VÍTIMA,BONGI,AV ENGENHEIRO ABDIAS DE CARVALHO,,,COLISÃO COM CICLISTA,0,0,0,1,0,1,0,0,0,1,0,,,,,,,,,
2023-02-23 00:00:00,07:56:00,SEM VÍTIMA,TORRE,RUA REAL DA TORRE,192,SUBURBIO,,1,0,0,0,0,0,0,1,0,0,0,,,,,,,,,
2023-02-23 00:00:00,10:53:00,VÍTIMA FATAL,CORDEIRO,AV CAXANGA,,CI,ATROPELAMENTO DE PESSOA,1,0,0,0,1,0,0,0,0,0,1,,,,,,,,,
2023-02-24 00:00:00,07:08:00,COM VÍTIMA,BOA VIAGEM,AV CONSELHEIRO AGUIAR,,,COLISÃO LATERAL,1,1,0,0,0,0,0,0,0,1,0,,,,,,,,,
2023-02-24 00:00:00,01:09:00,COM VÍTIMA,IMBIRIBEIRA,AV MARECHAL MASCARENHAS DE MORAES,287,,COLISÃO TRASEIRA,1,1,0,0,0,0,0,0,0,1,0,,,,,,,,,
2023-02-24 00:00:00,01:22:00,COM VÍTIMA,VÁRZEA,RUA PROFESSOR ANTONIO COELHO,,,COLISÃO FRONTAL,0,1,0,0,0,1,0,0,0,1,0,,,,,,,,,
2023-02-24 00:00:00,01:55:00,COM VÍTIMA,IBURA,RUA RIO XINGU,,,COLISÃO LATERAL,1,1,0,0,0,0,0,0,0,1,0,,,,,,,,,
2023-02-24 00:00:00,04:12:00,COM VÍTIMA,BOA VIAGEM,AV DES JOSE NEVES,,,COLISÃO TRASEIRA,1,1,0,0,0,0,0,0,0,1,0,,,,,,,,,
2023-02-24 00:00:00,04:52:00,SEM VÍTIMA,TORRE,RUA CONDE DE IRAJA,680,SUBURBIO,COLISÃO TRANSVERSAL,0,1,0,0,0,0,0,1,0,0,0,,,,,,,,,
2023-02-24 00:00:00,05:19:00,SEM VÍTIMA,SÃO JOSÉ,AV ENGENHEIRO JOSE ESTELITA,,,COLISÃO TRASEIRA,2,0,0,0,0,0,0,0,0,0,0,,,,,,,,,
2023-02-25 00:00:00,09:55:00,COM VÍTIMA,CAXANGÁ,RUA RIBEIRO PESSOA,,,COLISÃO LATERAL,1,1,0,0,0,0,0,0,0,1,0,,,,,,,,,
2023-02-25 00:00:00,11:58:00,COM VÍTIMA,CAXANGÁ,AV JOAQUIM RIBEIRO,,,COLISÃO LATERAL,1,1,0,0,0,0,0,0,0,1,0,,,,,,,,,
2023-02-25 00:00:00,01:39:00,COM VÍTIMA,IMBIRIBEIRA,AV MARECHAL MASCARENHAS DE MORAES,,,COLISÃO TRASEIRA,0,2,0,0,0,0,0,0,0,1,0,,,,,,,,,
2023-02-25 00:00:00,02:33:00,COM VÍTIMA,TAMARINEIRA,AV NORTE MIGUEL ARRAES DE ALENCAR,,CIDADE,COLISÃO FRONTAL,0,2,0,0,0,0,0,0,0,1,0,,,,,,,,,
2023-02-25 00:00:00,07:16:00,SEM VÍTIMA,ARRUDA,AV PROFESSOR JOSE DOS ANJOS,,,COLISÃO TRANSVERSAL,2,0,0,0,0,0,0,0,0,0,0,,,,,,,,,
2023-02-25 00:00:00,09:01:00,COM VÍTIMA,CAJUEIRO,AV SEBASTIAO SALAZAR,,,COLISÃO FRONTAL,1,1,0,0,0,0,0,0,0,1,0,,,,,,,,,
2023-02-25 00:00:00,10:04:00,COM VÍTIMA,CAMPO GRANDE,RUA ODORICO MENDES,,SUBURBIO,COLISÃO TRANSVERSAL,0,2,0,0,0,0,0,0,0,1,0,,,,,,,,,
2023-02-25 00:00:00,11:24:00,SEM VÍTIMA,NOVA DESCOBERTA,RUA NOVA DESCOBERTA,,,COLISÃO LATERAL,2,1,0,0,0,0,0,0,0,0,0,,,,,,,,,
2023-02-26 00:00:00,11:12:00,COM VÍTIMA,IPSEP,RUA PINTOR ANTONIO ALBUQUERQUE,,,COLISÃO LATERAL,1,1,0,0,0,0,0,0,0,1,0,,,,,,,,,
2023-02-26 00:00:00,02:13:00,COM VÍTIMA,GRAÇAS,AV BEIRA RIO,,,COLISÃO FRONTAL,2,0,0,0,0,0,0,0,0,4,0,,,,,,,,,
2023-02-27 00:00:00,07:39:00,COM VÍTIMA,AREIAS,AV DR JOSE RUFINO,,,COLISÃO FRONTAL,4,1,0,0,0,0,1,0,0,1,0,,,,,,,,,
2023-02-27 00:00:00,08:31:00,COM VÍTIMA,AFOGADOS,RUA SAO MIGUEL,,,COLISÃO LATERAL,1,1,0,0,0,0,0,0,0,1,0,,,,,,,,,
2023-02-27 00:00:00,08:41:00,SEM VÍTIMA,CASA AMARELA,RUA BELA VISTA,,SUBURBIO,COLISÃO TRANSVERSAL,1,0,0,0,0,0,1,0,0,0,0,,,,,,,,,
2023-02-27 00:00:00,08:49:00,SEM VÍTIMA,SÃO JOSÉ,AV ENGENHEIRO JOSE ESTELITA,,SUBURBIO,COLISÃO TRASEIRA,1,0,0,0,0,0,0,0,0,0,0,,,,,,,,,
2023-02-27 00:00:00,08:53:00,SEM VÍTIMA,SANTO AMARO,AV CRUZ CABUGA,,CIDADE,COLISÃO TRANSVERSAL,1,1,0,0,0,0,0,0,0,0,0,,,,,,,,,
2023-02-27 00:00:00,10:56:00,SEM VÍTIMA,TORRE,RUA JOSE OSORIO,,,COLISÃO TRASEIRA,3,0,0,0,0,0,0,0,0,0,0,,,,,,,,,
2023-02-27 00:00:00,01:52:00,COM VÍTIMA,JARDIM SÃO PAULO,AV SAO PAULO,,,COLISÃO LATERAL,1,1,0,0,0,0,0,0,0,1,0,,,,,,,,,
2023-02-27 00:00:00,02:16:00,COM VÍTIMA,DOIS UNIDOS,AV HILDEBRANDO DE VASCONCELOS,,SUBURBIO,COLISÃO LATERAL,0,2,0,0,0,0,0,0,0,1,0,,,,,,,,,
2023-02-27 00:00:00,03:57:00,SEM VÍTIMA,GRAÇAS,AV RUI BARBOSA,,,COLISÃO LATERAL,1,0,0,0,0,1,0,0,0,0,0,,,,,,,,,
2023-02-27 00:00:00,04:21:00,COM VÍTIMA,IMBIRIBEIRA,RUA ITAJAI,,,COLISÃO LATERAL,1,1,0,0,0,0,0,0,0,2,0,,,,,,,,,
2023-02-27 00:00:00,05:18:00,COM VÍTIMA,IMBIRIBEIRA,AV MARECHAL MASCARENHAS DE MORAES,,,COLISÃO TRASEIRA,1,1,0,0,0,1,0,0,0,1,0,,,,,,,,,
2023-02-27 00:00:00,05:36:00,COM VÍTIMA,ENCRUZILHADA,AV NORTE MIGUEL ARRAES DE ALENCAR,,,COLISÃO TRASEIRA,1,1,0,0,0,0,0,0,0,1,0,,,,,,,,,
2023-02-27 00:00:00,05:53:00,COM VÍTIMA,PINA,AV ANTONIO DE GOES,,,COLISÃO LATERAL,1,1,0,0,0,0,0,0,0,1,0,,,,,,,,,
2023-02-27 00:00:00,06:48:00,SEM VÍTIMA,ARRUDA,RUA COUTO MAGALHAES,,,COLISÃO FRONTAL,2,0,0,0,0,0,0,0,0,0,0,,,,,,,,,
2023-02-27 00:00:00,07:53:00,COM VÍTIMA,SANTO AMARO,AV NORTE MIGUEL ARRAES DE ALENCAR,,,ATROPELAMENTO DE PESSOA,0,0,0,0,2,1,0,0,0,2,0,,,,,,,,,