data,hora,natureza,bairro,endereco,num_semaforo,sentido_via,tipo,auto,moto,ciclom,ciclista,pedestre,onibus,caminhao,viatura,outros,vitimas,vitimasfatais,acidente_verificado,tempo_clima,sinalizacao,condicao_via,conservacao_via,situacao_placa,velocidade_max_via,mao_direcao,divisao_via1
2023-02-27 00:00:00,08:24:00,SEM VÍTIMA,SANTO ANTÔNIO,AV DANTAS BARRETO,,SUBURBIO,COLISÃO LATERAL,0,0,0,0,0,1,0,1,0,0,0,,,,,,,,,
2023-02-27 00:00:00,10:32:00,COM VÍTIMA,GRAÇAS,RUA CARDEAL ARCOVERDE,,,COLISÃO TRASEIRA,2,0,0,0,0,0,0,0,0,1,0,,,,,,,,,
2023-02-28 00:00:00,08:07:00,COM VÍTIMA,SANTO ANTÔNIO,PRC DA REPUBLICA,,,COLISÃO COM CICLISTA,1,0,0,1,0,0,0,0,0,1,0,,,,,,,,,
2023-02-28 00:00:00,10:11:00,COM VÍTIMA,ESPINHEIRO,RUA BARAO DE ITAMARACA,,CIDADE,ATROPELAMENTO DE PESSOA,0,1,0,0,1,0,0,0,0,2,0,,,,,,,,,
2023-02-28 00:00:00,11:19:00,SEM VÍTIMA,IMBIRIBEIRA,AV MARECHAL MASCARENHAS DE MORAES,,SUBURBIO,COLISÃO TRANSVERSAL,1,0,0,0,0,0,0,1,0,0,0,,,,,,,,,
2023-02-28 00:00:00,01:56:00,COM VÍTIMA,IMBIRIBEIRA,AV MARECHAL MASCARENHAS DE MORAES,,CIDADE,COLISÃO TRASEIRA,1,1,0,0,0,0,0,0,0,1,0,,,,,,,,,
2023-02-28 00:00:00,03:20:00,COM VÍTIMA,SANTO AMARO,AV CRUZ CABUGA,,CIDADE,COLISÃO COM CICLISTA,1,0,0,1,0,0,0,0,0,1,0,,,,,,,,,
2023-02-28 00:00:00,04:16:00,SEM VÍTIMA,BOA VISTA,RUA JOAO FERNANDES VIEIRA,173,SUBURBIO,,1,0,0,0,0,0,1,0,0,0,0,,,,,,,,,
2023-02-28 00:00:00,05:53:00,COM VÍTIMA,BEBERIBE,AV BEBERIBE,,SUBURBIO,COLISÃO LATERAL,1,1,0,0,0,0,0,0,0,1,0,,,,,,,,,
2023-02-28 00:00:00,07:15:00,COM VÍTIMA,IMBIRIBEIRA,AV MARECHAL MASCARENHAS DE MORAES,225,,COLISÃO LATERAL,0,1,0,0,0,0,1,0,0,2,0,,,,,,,,,
2023-02-28 00:00:00,10:59:00,COM VÍTIMA,BOA VIAGEM,RUA BARAO DE SOUZA LEAO,,,COLISÃO FRONTAL,0,2,0,0,0,0,0,0,0,2,0,,,,,,,,,
2023-03-01 00:00:00,01:34:00,COM VÍTIMA,TORRE,RUA JOSE BONIFACIO,487,SUBURBIO,COLISÃO FRONTAL,0,0,0,0,0,0,0,0,0,1,0,,,,,,,,,
2023-03-01 00:00:00,01:58:00,SEM VÍTIMA,BOA VIAGEM,RUA RIBEIRO DE BRITO,,,,1,0,0,0,0,0,0,1,0,0,0,,,,,,,,,
2023-03-01 00:00:00,09:38:00,COM VÍTIMA,IMBIRIBEIRA,RUA JOAQUIM BANDEIRA,,,COLISÃO LATERAL,1,1,0,0,0,0,0,0,0,1,0,,,,,,,,,
2023-03-01 00:00:00,12:27:00,COM VÍTIMA,SANTO AMARO,AV MARIO MELO,,,COLISÃO TRASEIRA,1,1,0,0,0,0,0,0,0,1,0,,,,,,,,,
2023-03-01 00:00:00,01:35:00,SEM VÍTIMA,SANTO AMARO,RUA ALVARES DE AZEVEDO,93,CIDADE,,2,0,0,0,0,0,0,0,0,0,0,,,,,,,,,
2023-03-01 00:00:00,04:46:00,COM VÍTIMA,BOA VIAGEM,RUA COSMORAMA,,,COLISÃO COM CICLISTA,0,0,0,1,0,1,0,0,0,1,0,,,,,,,,,
2023-03-01 00:00:00,05:19:00,COM VÍTIMA,ILHA DO LEITE,RUA FRANCISCO ALVES,,,COLISÃO LATERAL,1,1,0,0,0,0,0,0,0,1,0,,,,,,,,,
2023-03-01 00:00:00,08:51:00,COM VÍTIMA,ESTÂNCIA,AV RECIFE,,,COLISÃO TRANSVERSAL,1,1,0,0,0,0,0,0,0,1,0,,,,,,,,,
2023-03-01 00:00:00,11:27:00,COM VÍTIMA,JARDIM SÃO PAULO,AV SAO PAULO,,,COLISÃO TRANSVERSAL,0,1,0,0,0,0,1,0,0,1,0,,,,,,,,,
2023-03-02 00:00:00,06:45:00,COM VÍTIMA,JAQUEIRA,AV RUI BARBOSA,460,,COLISÃO COM CICLISTA,1,0,0,1,0,0,0,0,0,1,0,,,,,,,,,
2023-03-02 00:00:00,08:34:00,COM VÍTIMA,COHAB,AV SERRA DA MANTIQUEIRA,,,COLISÃO FRONTAL,0,1,0,0,0,1,0,0,0,1,0,,,,,,,,,
2023-03-02 00:00:00,08:54:00,COM VÍTIMA,BOA VIAGEM,AV ENGENHEIRO DOMINGOS FERREIRA,,,COLISÃO TRASEIRA,1,1,0,0,0,0,0,0,0,1,0,,,,,,,,,
2023-03-02 00:00:00,10:07:00,COM VÍTIMA,BAIRRO DO RECIFE,RUA DO BOM JESUS,,,TOMBAMENTO,0,1,0,0,0,0,0,0,0,1,0,,,,,,,,,
2023-03-02 00:00:00,10:26:00,COM VÍTIMA,DOIS UNIDOS,AV HILDEBRANDO DE VASCONCELOS,,,COLISÃO FRONTAL,1,1,0,0,0,0,0,0,0,2,0,,,,,,,,,
2023-03-02 00:00:00,10:47:00,SEM VÍTIMA,VASCO DA GAMA,RUA ALTO DO EUCALIPTO,,,COLISÃO LATERAL,1,0,0,0,0,0,1,0,0,0,0,,,,,,,,,
2023-03-02 00:00:00,11:47:00,SEM VÍTIMA,ESTÂNCIA,AV RECIFE,259,CIDADE,COLISÃO TRASEIRA,2,0,0,0,0,0,0,0,0,0,0,,,,,,,,,
2023-03-02 00:00:00,03:43:00,COM VÍTIMA,DERBY,AV GOVERNADOR AGAMENON MAGALHAES,,,ATROPELAMENTO DE PESSOA,0,1,0,0,1,0,0,0,0,1,0,,,,,,,,,
2023-03-02 00:00:00,02:10:00,SEM VÍTIMA,BOA VIAGEM,AV CONSELHEIRO AGUIAR,,,COLISÃO TRASEIRA,2,0,0,0,0,0,0,0,0,0,0,,,,,,,,,
2023-03-02 00:00:00,02:20:00,COM VÍTIMA,BOA VIAGEM,RUA SA E SOUZA,,,COLISÃO LATERAL,1,1,0,0,0,0,0,0,0,1,0,,,,,,,,,
2023-03-02 00:00:00,09:41:00,SEM VÍTIMA,SAN MARTIN,AV GENERAL SAN MARTIN,,,CHOQUE,0,0,0,0,0,0,2,0,0,0,0,,,,,,,,,
2023-03-02 00:00:00,11:34:00,COM VÍTIMA,SANTO AMARO,AV DR JAYME DA FONTE,,,ATROPELAMENTO DE PESSOA,0,1,0,0,1,0,0,0,0,1,0,,,,,,,,,
2023-03-03 00:00:00,03:22:00,COM VÍTIMA,GRAÇAS,AV GOVERNADOR AGAMENON MAGALHAES,,,COLISÃO TRANSVERSAL,1,1,0,0,0,0,0,0,0,1,0,,,,,,,,,
2023-03-03 00:00:00,07:11:00,COM VÍTIMA,DOIS IRMÃOS,RUA MANUEL DE MEDEIROS,,,COLISÃO LATERAL,1,1,0,0,0,0,0,0,0,2,0,,,,,,,,,
2023-03-03 00:00:00,07:49:00,COM VÍTIMA,JARDIM SÃO PAULO,RUA LEANDRO BARRETO,,,COLISÃO LATERAL,1,1,0,0,0,0,0,0,0,1,0,,,,,,,,,
2023-03-03 00:00:00,12:33:00,COM VÍTIMA,CAXANGÁ,AV AFONSO OLINDENSE,,,COLISÃO TRASEIRA,1,1,0,0,0,0,0,0,0,1,0,,,,,,,,,
2023-03-03 00:00:00,01:34:00,COM VÍTIMA,IMBIRIBEIRA,RUA IZABEL DE SOUZA,,,COLISÃO LATERAL,1,1,0,0,0,0,0,0,0,1,0,,,,,,,,,
2023-03-03 00:00:00,03:16:00,COM VÍTIMA,AFOGADOS,RUA VINTE E UM DE ABRIL,,,COLISÃO LATERAL,1,1,0,0,0,0,0,0,0,1,0,,,,,,,,,
2023-03-03 00:00:00,03:36:00,COM VÍTIMA,ZUMBI,RUA FREI TEOFILO DE VIRGOLETTA,,SUBURBIO,,2,0,0,0,0,0,0,0,0,1,0,,,,,,,,,
2023-03-04 00:00:00,02:19:00,COM VÍTIMA,CAMPO GRANDE,RUA JERONIMO VILELA,,,COLISÃO TRANSVERSAL,1,1,0,0,0,0,0,0,0,2,0,,,,,,,,,
2023-03-04 00:00:00,04:04:00,COM VÍTIMA,BARRO,AV DR JOSE RUFINO,,,COLISÃO TRANSVERSAL,1,1,0,0,0,0,0,0,0,1,0,,,,,,,,,
2023-03-04 00:00:00,09:01:00,COM VÍTIMA,PINA,AV REPUBLICA DO LIBANO,,,COLISÃO TRASEIRA,3,1,0,0,0,0,0,0,0,1,0,,,,,,,,,
2023-03-04 00:00:00,12:45:00,COM VÍTIMA,SANTO AMARO,AV CRUZ CABUGA,,,COLISÃO TRANSVERSAL,1,1,0,0,0,0,0,0,0,2,0,,,,,,,,,
2023-03-04 00:00:00,01:21:00,COM VÍTIMA,CAMPO GRANDE,EST DE BELEM,,,COLISÃO FRONTAL,1,1,0,0,0,0,0,0,0,1,0,,,,,,,,,
2023-03-04 00:00:00,05:40:00,SEM VÍTIMA,ALTO DO MANDU,RUA DA SUCUPIRA,,,COLISÃO TRASEIRA,2,0,0,0,0,0,0,0,0,0,0,,,,,,,,,
2023-03-04 00:00:00,08:30:00,COM VÍTIMA,JOANA BEZERRA,AV BEIRA RIO,,,ATROPELAMENTO DE ANIMAL,0,0,0,0,0,0,0,0,0,1,0,,,,,,,,,
2023-03-04 00:00:00,10:19:00,COM VÍTIMA,BOA VIAGEM,RUA BARAO DE SOUZA LEAO,,,,0,1,0,0,1,0,0,0,0,1,0,,,,,,,,,
2023-03-05 00:00:00,01:52:00,COM VÍTIMA,ESTÂNCIA,AV DR JOSE RUFINO,,,COLISÃO TRASEIRA,1,1,0,0,0,0,0,0,0,1,0,,,,,,,,,
2023-03-05 00:00:00,04:15:00,COM VÍTIMA,PAISSANDU,AV GOVERNADOR AGAMENON MAGALHAES,,,ATROPELAMENTO DE PESSOA,1,0,0,0,1,0,0,0,0,1,0,,,,,,,,,
2023-03-06 00:00:00,12:42:00,SEM VÍTIMA,BOA VIAGEM,RUA JOAO CARDOSO AIRES,,,CHOQUE,2,0,0,0,0,0,0,0,0,0,0,,,,,,,,,
2023-03-06 00:00:00,10:06:00,COM VÍTIMA,BEBERIBE,AV BEBERIBE,,,COLISÃO LATERAL,1,1,0,0,0,0,0,0,0,1,0,,,,,,,,,
2023-03-06 00:00:00,04:35:00,COM VÍTIMA,SÃO JOSÉ,RUA PRIMEIRO DE MARCO,,,COLISÃO TRASEIRA,1,1,0,0,0,0,0,0,0,1,0,,,,,,,,,
2023-03-06 00:00:00,04:48:00,COM VÍTIMA,TAMARINEIRA,RUA CONEGO BARATA,62,SUBURBIO,COLISÃO LATERAL,1,1,0,0,0,0,0,0,0,1,0,,,,,,,,,
2023-03-06 00:00:00,07:52:00,COM VÍTIMA,CAMPO GRANDE,RUA FRANKLIN TAVORA,,,COLISÃO TRANSVERSAL,1,1,0,0,0,0,0,0,0,1,0,,,,,,,,,
2023-03-07 00:00:00,07:09:00,COM VÍTIMA,VÁRZEA,RUA MARECHAL MANOEL LUIS OSORIO,,,COLISÃO LATERAL,1,1,0,0,0,0,0,0,0,1,0,,,,,,,,,
2023-03-07 00:00:00,01:49:00,COM VÍTIMA,IPSEP,RUA BLUMENAU,,,COLISÃO LATERAL,1,1,0,0,0,0,0,0,0,1,0,,,,,,,,,
2023-03-07 00:00:00,03:03:00,COM VÍTIMA,IPSEP,RUA JEAN EMILE FAVRE,,,COLISÃO FRONTAL,1,1,0,0,0,0,0,0,0,2,0,,,,,,,,,
2023-03-07 00:00:00,03:53:00,COM VÍTIMA,BOA VISTA,RUA DOM BOSCO,,SUBURBIO,COLISÃO LATERAL,1,1,0,0,0,0,0,0,0,1,0,,,,,,,,,
2023-03-07 00:00:00,08:43:00,COM VÍTIMA,SÃO JOSÉ,AV DANTAS BARRETO,54,,COLISÃO LATERAL,1,1,0,0,0,0,0,0,0,1,0,,,,,,,,,
2023-03-08 00:00:00,07:12:00,COM VÍTIMA,TORRE,RUA REAL DA TORRE,,,COLISÃO FRONTAL,1,1,0,0,0,0,0,0,0,1,0,,,,,,,,,
2023-03-08 00:00:00,08:02:00,COM VÍTIMA,IBURA,RUA DR OTAVIO DE MORAES VASCONCELOS,,,QUEDA,0,1,0,0,0,0,0,0,0,1,0,,,,,,,,,
2023-03-08 00:00:00,08:45:00,SEM VÍTIMA,BAIRRO DO RECIFE,AV MILITAR,,CIDADE,CHOQUE,1,0,0,0,0,0,0,0,0,0,0,,,,,,,,,
2023-03-08 00:00:00,10:13:00,COM VÍTIMA,MADALENA,RUA JOSE OSORIO,,SUBURBIO,COLISÃO FRONTAL,1,1,0,0,0,0,0,0,0,1,0,,,,,,,,,
2023-03-08 00:00:00,11:12:00,COM VÍTIMA,MADALENA,AV ENGENHEIRO ABDIAS DE CARVALHO,,SUBURBIO,COLISÃO LATERAL,1,1,0,0,0,0,0,0,0,1,0,,,,,,,,,
2023-03-08 00:00:00,11:31:00,COM VÍTIMA,BOA VISTA,PRC MACIEL PINHEIRO,,SUBURBIO,COLISÃO LATERAL,1,1,0,0,0,0,0,0,0,1,0,,,,,,,,,
2023-03-08 00:00:00,11:31:00,COM VÍTIMA,SÃO JOSÉ,AV ENGENHEIRO JOSE ESTELITA,,CIDADE,COLISÃO TRASEIRA,2,0,0,0,0,0,0,1,0,1,0,,,,,,,,,
2023-03-08 00:00:00,11:31:00,COM VÍTIMA,SÃO JOSÉ,C SANTA RITA,76,CIDADE,QUEDA,0,1,0,0,0,0,0,0,0,1,0,,,,,,,,,
2023-03-08 00:00:00,12:24:00,SEM VÍTIMA,BOA VISTA,AV CONDE DA BOA VISTA,,SUBURBIO,,2,0,0,0,0,0,0,0,0,0,0,,,,,,,,,
2023-03-08 00:00:00,12:24:00,COM VÍTIMA,CAMPO GRANDE,RUA MARQUES DE ABRANTES,,,COLISÃO LATERAL,1,1,0,0,0,0,0,0,0,1,0,,,,,,,,,
2023-03-08 00:00:00,12:58:00,COM VÍTIMA,IMBIRIBEIRA,AV MARECHAL MASCARENHAS DE MORAES,386,SUBURBIO,COLISÃO LATERAL,2,1,0,0,0,0,0,0,0,1,0,,,,,,,,,
2023-03-08 00:00:00,01:02:00,COM VÍTIMA,SANTO AMARO,AV GOVERNADOR AGAMENON MAGALHAES,,CIDADE,QUEDA,0,1,0,0,0,0,0,0,0,1,0,,,,,,,,,
2023-03-08 00:00:00,01:23:00,COM VÍTIMA,SANTO AMARO,RUA ARNOBIO MARQUES,,,COLISÃO LATERAL,1,1,0,0,0,0,0,0,0,1,0,,,,,,,,,
2023-03-08 00:00:00,01:34:00,COM VÍTIMA,AFOGADOS,RUA COSME VIANA,525,SUBURBIO,ATROPELAMENTO DE PESSOA,2,0,0,0,1,0,0,0,0,2,0,,,,,,,,,
2023-03-08 00:00:00,01:38:00,SEM VÍTIMA,BOA VISTA,AV GOVERNADOR AGAMENON MAGALHAES,69,CIDADE,COLISÃO TRASEIRA,1,0,0,0,0,0,0,1,0,0,0,,,,,,,,,
2023-03-08 00:00:00,03:11:00,COM VÍTIMA,PARNAMIRIM,RUA PADRE ROMA,,SUBURBIO,COLISÃO COM CICLISTA,1,0,0,1,0,0,0,0,0,1,0,,,,,,,,,
2023-03-08 00:00:00,06:21:00,COM VÍTIMA,AFOGADOS,RUA SAO MIGUEL,,SUBURBIO,COLISÃO TRASEIRA,1,1,0,0,0,0,0,0,0,2,0,,,,,,,,,
2023-03-08 00:00:00,07:40:00,COM VÍTIMA,BOA VISTA,AV VISCONDE DE SUASSUNA,172,SUBURBIO,ATROPELAMENTO DE PESSOA,1,0,0,0,1,0,0,0,0,1,0,,,,,,,,,
2023-03-09 00:00:00,05:31:00,COM VÍTIMA,ARRUDA,RUA DO MACHADO,,CIDADE,COLISÃO LATERAL,2,0,0,0,0,0,0,0,0,1,0,,,,,,,,,
2023-03-09 00:00:00,06:35:00,COM VÍTIMA,IPSEP,AV RECIFE,319,CIDADE,COLISÃO TRASEIRA,3,0,0,0,0,0,0,0,0,1,0,,,,,,,,,
2023-03-09 00:00:00,08:15:00,COM VÍTIMA,TAMARINEIRA,AV NORTE MIGUEL ARRAES DE ALENCAR,,,ATROPELAMENTO DE PESSOA,0,1,0,0,1,0,0,0,0,2,0,,,,,,,,,
2023-03-09 00:00:00,09:46:00,COM VÍTIMA,IPUTINGA,AV ENGENHEIRO ABDIAS DE CARVALHO,,,COLISÃO TRASEIRA,1,1,0,0,0,0,0,0,0,1,0,,,,,,,,,
2023-03-09 00:00:00,10:44:00,COM VÍTIMA,CABANGA,RUA BITURI,,SUBURBIO,COLISÃO LATERAL,0,1,0,0,0,0,1,0,0,1,0,,,,,,,,,
2023-03-09 00:00:00,11:55:00,COM VÍTIMA,CORDEIRO,AV GENERAL SAN MARTIN,,,COLISÃO TRASEIRA,2,0,0,0,0,0,0,0,0,1,0,,,,,,,,,
2023-03-09 00:00:00,03:17:00,COM VÍTIMA,CORDEIRO,AV GENERAL SAN MARTIN,,,COLISÃO LATERAL,1,1,0,0,0,0,0,0,0,1,0,,,,,,,,,
2023-03-10 00:00:00,09:17:00,COM VÍTIMA,SANTO AMARO,AV CRUZ CABUGA,,SUBURBIO,COLISÃO LATERAL,1,1,0,0,0,0,0,0,0,2,0,,,,,,,,,
2023-03-10 00:00:00,10:26:00,COM VÍTIMA,ÁGUA FRIA,AV BEBERIBE,,CIDADE,COLISÃO LATERAL,1,1,0,0,0,0,0,0,0,2,0,,,,,,,,,
2023-03-10 00:00:00,11:00:00,COM VÍTIMA,IBURA,AV DOIS RIOS,,SUBURBIO,COLISÃO FRONTAL,1,1,0,0,0,0,0,0,0,2,0,,,,,,,,,
2023-03-10 00:00:00,05:39:00,COM VÍTIMA,AFOGADOS,RUA SAO MIGUEL,,CIDADE,COLISÃO LATERAL,0,2,0,0,0,0,0,0,0,1,0,,,,,,,,,
2023-03-10 00:00:00,06:45:00,SEM VÍTIMA,CAMPO GRANDE,RUA FRANKLIN TAVORA,,,COLISÃO FRONTAL,2,0,0,0,0,0,0,0,0,0,0,,,,,,,,,
2023-03-10 00:00:00,10:51:00,SEM VÍTIMA,DERBY,AV GOVERNADOR AGAMENON MAGALHAES,,SUBURBIO,,2,0,0,0,0,0,0,0,0,0,0,,,,,,,,,
2023-03-11 00:00:00,07:34:00,SEM VÍTIMA,PINA,AV ENGENHEIRO DOMINGOS FERREIRA,,,COLISÃO TRASEIRA,2,0,0,0,0,0,0,0,0,0,0,,,,,,,,,
2023-03-11 00:00:00,08:46:00,COM VÍTIMA,ENCRUZILHADA,AV BEBERIBE,,SUBURBIO,COLISÃO FRONTAL,2,1,0,0,0,0,0,0,0,1,0,,,,,,,,,
2023-03-11 00:00:00,10:21:00,COM VÍTIMA,CASA AMARELA,RUA PADRE LEMOS,,,COLISÃO LATERAL,0,1,0,0,0,0,1,0,0,1,0,,,,,,,,,
2023-03-11 00:00:00,12:06:00,SEM VÍTIMA,ÁGUA FRIA,EST VELHA DE AGUA FRIA,,,COLISÃO TRASEIRA,1,0,0,0,0,0,2,0,0,0,0,,,,,,,,,
2023-03-11 00:00:00,07:35:00,SEM VÍTIMA,CORDEIRO,AV CAXANGA,,CIDADE,COLISÃO TRASEIRA,2,0,0,0,0,0,0,0,0,0,0,,,,,,,,,
2023-03-11 00:00:00,08:39:00,COM VÍTIMA,TORRÕES,AV ENGENHEIRO ABDIAS DE CARVALHO,,CIDADE,COLISÃO TRASEIRA,1,1,0,0,0,0,0,0,0,2,0,,,,,,,,,
2023-03-11 00:00:00,08:46:00,COM VÍTIMA,IBURA,AV DOIS RIOS,707,SUBURBIO,COLISÃO FRONTAL,1,1,0,0,0,0,0,0,0,1,0,,,,,,,,,
2023-03-12 00:00:00,02:06:00,SEM VÍTIMA,AFOGADOS,RUA JOAO IVO DA SILVA,,SUBURBIO,,1,0,0,0,0,0,1,0,0,0,0,,,,,,,,,
2023-03-12 00:00:00,01:17:00,SEM VÍTIMA,SÃO JOSÉ,RUA IMPERIAL,,,COLISÃO TRASEIRA,1,0,0,0,0,0,0,1,0,0,0,,,,,,,,,
2023-03-13 00:00:00,11:44:00,COM VÍTIMA,ESPINHEIRO,AV NORTE MIGUEL ARRAES DE ALENCAR,,CIDADE,COLISÃO LATERAL,1,1,0,0,0,0,0,0,0,1,0,,,,,,,,,
2023-03-13 00:00:00,12:44:00,COM VÍTIMA,BOA VIAGEM,RUA FELIX DE BRITO E MELO,,CIDADE,COLISÃO COM CICLISTA,1,0,0,1,0,0,0,0,0,1,0,,,,,,,,,
2023-03-13 00:00:00,05:31:00,COM VÍTIMA,BARRO,AV DR JOSE RUFINO,,SUBURBIO,COLISÃO LATERAL,1,1,0,0,0,0,0,0,0,2,0,,,,,,,,,
2023-03-13 00:00:00,06:09:00,COM VÍTIMA,SANTO ANTÔNIO,PRC DA REPUBLICA,,,COLISÃO LATERAL,1,1,0,0,0,0,0,0,0,1,0,,,,,,,,,
2023-03-13 00:00:00,09:42:00,SEM VÍTIMA,IPUTINGA,RUA SAO MATEUS,,,COLISÃO LATERAL,1,1,0,0,0,0,0,0,0,0,0,,,,,,,,,
2023-03-14 00:00:00,07:32:00,COM VÍTIMA,BOA VIAGEM,RUA PADRE CABRAL,,SUBURBIO,COLISÃO LATERAL,1,1,0,0,0,0,0,0,0,1,0,,,,,,,,,
2023-03-14 00:00:00,08:33:00,COM VÍTIMA,AFOGADOS,RUA NICOLAU PEREIRA,,,COLISÃO LATERAL,1,1,0,0,0,0,0,0,0,1,0,,,,,,,,,
2023-03-14 00:00:00,09:01:00,COM VÍTIMA,IMBIRIBEIRA,RUA ARQUITETO LUIZ NUNES,,CIDADE,QUEDA,0,0,0,1,0,0,0,0,0,1,0,,,,,,,,,
2023-03-14 00:00:00,10:50:00,COM VÍTIMA,PINA,AV CONSELHEIRO AGUIAR,,CIDADE,COLISÃO LATERAL,1,1,0,0,0,0,0,0,0,1,0,,,,,,,,,
2023-03-14 00:00:00,12:49:00,COM VÍTIMA,FUNDÃO,AV BEBERIBE,153,SUBURBIO,COLISÃO LATERAL,1,1,0,0,0,0,0,0,0,1,0,,,,,,,,,
2023-03-14 00:00:00,01:59:00,COM VÍTIMA,CASA AMARELA,RUA DA HARMONIA,,,COLISÃO COM CICLISTA,1,0,0,1,0,0,0,0,0,1,0,,,,,,,,,
2023-03-14 00:00:00,02:19:00,SEM VÍTIMA,SANTO AMARO,AV NORTE MIGUEL ARRAES DE ALENCAR,34,CIDADE,COLISÃO TRASEIRA,2,0,0,0,0,0,0,0,0,0,0,,,,,,,,,
2023-03-14 00:00:00,02:28:00,COM VÍTIMA,SÃO JOSÉ,RUA SAO JOAO,,CIDADE,COLISÃO LATERAL,1,1,0,0,0,0,0,0,0,1,0,,,,,,,,,
2023-03-14 00:00:00,04:45:00,SEM VÍTIMA,IMBIRIBEIRA,RUA DR TAVARES CORREIA,,SUBURBIO,,2,0,0,0,0,0,0,0,0,0,0,,,,,,,,,
2023-03-14 00:00:00,05:20:00,COM VÍTIMA,SÃO JOSÉ,C SANTA RITA,76,,COLISÃO LATERAL,1,1,0,0,0,0,0,0,0,1,0,,,,,,,,,
2023-03-14 00:00:00,07:23:00,COM VÍTIMA,ENCRUZILHADA,AV BEBERIBE,,SUBURBIO,COLISÃO FRONTAL,1,1,0,0,0,0,0,0,0,1,0,,,,,,,,,
2023-03-14 00:00:00,09:09:00,SEM VÍTIMA,ARRUDA,AV BEBERIBE,,SUBURBIO,COLISÃO TRASEIRA,1,1,0,0,0,0,0,0,0,0,0,,,,,,,,,
2023-03-15 00:00:00,04:21:00,SEM VÍTIMA,ENGENHO DO MEIO,RUA LINDOLFO COLOR,395,SUBURBIO,CHOQUE,1,0,0,0,0,0,0,0,0,0,0,,,,,,,,,
2023-03-15 00:00:00,07:59:00,COM VÍTIMA,IMBIRIBEIRA,AV MARECHAL MASCARENHAS DE MORAES,,CIDADE,QUEDA,0,1,0,0,0,0,0,0,0,1,0,,,,,,,,,
2023-03-15 00:00:00,10:16:00,COM VÍTIMA,CASA AMARELA,AV NORTE MIGUEL ARRAES DE ALENCAR,364,,QUEDA,0,1,0,0,0,0,0,0,0,1,0,,,,,,,,,
2023-03-09 00:00:00,09:37:00,COM VÍTIMA,IPSEP,RUA SAO NICOLAU,,,COLISÃO COM CICLISTA,1,0,0,1,0,0,0,0,0,1,0,,,,,,,,,
2023-03-15 00:00:00,11:26:00,COM VÍTIMA,ENCRUZILHADA,AV BEBERIBE,,,COLISÃO FRONTAL,1,2,0,0,0,0,0,0,0,1,0,,,,,,,,,
2023-03-15 00:00:00,01:41:00,COM VÍTIMA,SAN MARTIN,RUA VINTE E UM DE ABRIL,,CIDADE,COLISÃO TRASEIRA,1,1,0,0,0,0,0,0,0,1,0,,,,,,,,,
2023-03-15 00:00:00,03:10:00,COM VÍTIMA,BOMBA DO HEMETÉRIO,RUA ITABIRA,,,COLISÃO LATERAL,1,1,0,0,0,0,0,0,0,1,0,,,,,,,,,
2023-03-15 00:00:00,05:10:00,COM VÍTIMA,LINHA DO TIRO,RUA URIEL DE HOLANDA,,CIDADE,COLISÃO FRONTAL,1,1,0,0,0,0,0,1,0,1,0,,,,,,,,,
2023-03-15 00:00:00,07:40:00,SEM VÍTIMA,CIDADE UNIVERSITÁRIA,RUA EMILIANO BRAGA,,,COLISÃO LATERAL,1,0,0,0,0,0,1,0,0,0,0,,,,,,,,,
2023-03-16 00:00:00,08:52:00,COM VÍTIMA,IPSEP,AV RECIFE,130,CIDADE,COLISÃO TRASEIRA,1,1,0,0,0,0,0,0,0,1,0,,,,,,,,,
2023-03-16 00:00:00,09:02:00,SEM VÍTIMA,TAMARINEIRA,RUA CONEGO BARATA,,,COLISÃO TRASEIRA,2,0,0,0,0,0,0,0,0,0,0,,,,,,,,,
2023-03-16 00:00:00,10:44:00,COM VÍTIMA,SÃO JOSÉ,VDO DAS CINCO PONTAS,,,QUEDA,0,1,0,0,0,0,0,0,0,1,0,,,,,,,,,
2023-03-16 00:00:00,10:45:00,COM VÍTIMA,FUNDÃO,RUA DO MACHADO,,,COLISÃO LATERAL,1,0,0,0,0,0,0,0,0,1,0,,,,,,,,,
2023-03-16 00:00:00,10:56:00,COM VÍTIMA,MACAXEIRA,AV NORTE MIGUEL ARRAES DE ALENCAR,296,CIDADE,TOMBAMENTO,0,1,0,0,0,0,0,0,0,1,0,,,,,,,,,
2023-03-16 00:00:00,10:58:00,COM VÍTIMA,ILHA DO LEITE,AV GOVERNADOR AGAMENON MAGALHAES,,,QUEDA,0,1,0,0,0,0,0,0,0,1,0,,,,,,,,,
2023-03-16 00:00:00,11:14:00,COM VÍTIMA,IPUTINGA,AV MAURICIO DE NASSAU,,,COLISÃO LATERAL,1,1,0,0,0,0,0,0,0,1,0,,,,,,,,,
2023-03-16 00:00:00,11:54:00,COM VÍTIMA,IMBIRIBEIRA,AV MARECHAL MASCARENHAS DE MORAES,396,SUBURBIO,COLISÃO TRASEIRA,1,1,0,0,0,0,0,0,0,1,0,,,,,,,,,
2023-03-16 00:00:00,01:11:00,COM VÍTIMA,VÁRZEA,AV CAXANGA,,,QUEDA,0,1,0,0,0,0,0,0,0,1,0,,,,,,,,,
2023-03-16 00:00:00,01:11:00,COM VÍTIMA,VÁRZEA,AV CAXANGA,,,QUEDA,0,1,0,0,0,0,0,0,0,1,0,,,,,,,,,
2023-03-16 00:00:00,01:25:00,COM VÍTIMA,ESTÂNCIA,AV RECIFE,621,,COLISÃO TRASEIRA,2,1,0,0,0,0,0,0,0,1,0,,,,,,,,,
2023-03-16 00:00:00,03:41:00,SEM VÍTIMA,TORREÃO,RUA DJALMA FARIAS,,,COLISÃO LATERAL,1,0,0,0,0,0,0,1,0,0,0,,,,,,,,,
2023-03-16 00:00:00,04:39:00,SEM VÍTIMA,SANTO AMARO,RUA DR CARLOS CHAGAS,,,,2,0,0,0,0,0,0,0,0,0,0,,,,,,,,,
2023-03-17 00:00:00,08:30:00,COM VÍTIMA,CAMPO GRANDE,RUA DJALMA FARIAS,,,COLISÃO LATERAL,1,1,0,0,0,0,0,0,0,1,0,,,,,,,,,
2023-03-17 00:00:00,09:26:00,COM VÍTIMA,IMBIRIBEIRA,AV MARECHAL MASCARENHAS DE MORAES,286,SUBURBIO,COLISÃO LATERAL,1,1,0,0,0,0,0,0,0,1,0,,,,,,,,,
2023-03-17 00:00:00,02:28:00,COM VÍTIMA,AFLITOS,AV CONS ROSA E SILVA,,SUBURBIO,COLISÃO TRASEIRA,1,1,0,0,0,0,0,0,0,1,0,,,,,,,,,
2023-03-18 00:00:00,11:41:00,COM VÍTIMA,PINA,RUA VERA CRUZ,,,COLISÃO LATERAL,0,1,0,0,0,0,1,0,0,1,0,,,,,,,,,
2023-03-18 00:00:00,12:46:00,COM VÍTIMA,SÃO JOSÉ,PRC DAS CINCO PONTAS,199,SUBURBIO,COLISÃO FRONTAL,1,1,0,0,0,0,0,0,0,1,0,,,,,,,,,
2023-03-18 00:00:00,04:11:00,SEM VÍTIMA,IMBIRIBEIRA,AV MARECHAL MASCARENHAS DE MORAES,,,COLISÃO TRASEIRA,2,0,0,0,0,0,0,0,0,0,0,,,,,,,,,
2023-03-18 00:00:00,05:22:00,COM VÍTIMA,IPUTINGA,EST DO BARBALHO,,,COLISÃO TRASEIRA,1,1,0,0,0,0,0,0,0,1,0,,,,,,,,,
2023-03-18 00:00:00,11:31:00,COM VÍTIMA,AREIAS,AV DR JOSE RUFINO,,CIDADE,COLISÃO TRASEIRA,1,1,0,0,0,0,0,0,0,1,0,,,,,,,,,
2023-03-19 00:00:00,03:26:00,COM VÍTIMA,JIQUIÁ,RUA SAO MIGUEL,,,CHOQUE,1,0,0,0,0,1,0,0,0,1,0,,,,,,,,,
2023-03-19 00:00:00,07:34:00,COM VÍTIMA,PRADO,AV ENGENHEIRO ABDIAS DE CARVALHO,354,SUBURBIO,COLISÃO FRONTAL,1,1,0,0,0,0,0,0,0,1,0,,,,,,,,,
2023-03-19 00:00:00,02:22:00,COM VÍTIMA,AREIAS,AV RECIFE,,,COLISÃO LATERAL,1,1,0,0,0,0,0,0,0,1,0,,,,,,,,,
2023-03-20 00:00:00,07:15:00,COM VÍTIMA,CAXANGÁ,AV CAXANGA,,CIDADE,COLISÃO TRASEIRA,1,1,0,0,0,0,0,0,0,1,0,,,,,,,,,