data,hora,natureza,bairro,endereco,num_semaforo,sentido_via,tipo,auto,moto,ciclom,ciclista,pedestre,onibus,caminhao,viatura,outros,vitimas,vitimasfatais,acidente_verificado,tempo_clima,sinalizacao,condicao_via,conservacao_via,situacao_placa,velocidade_max_via,mao_direcao,divisao_via1
2023-03-20 00:00:00,08:18:00,COM VÍTIMA,PRADO,AV ENGENHEIRO ABDIAS DE CARVALHO,688,CIDADE,COLISÃO TRASEIRA,1,1,0,0,0,0,0,0,0,1,0,,,,,,,,,
2023-03-20 00:00:00,08:47:00,COM VÍTIMA,BOA VIAGEM,AV BOA VIAGEM,,,COLISÃO TRASEIRA,3,1,0,0,0,0,0,0,0,1,0,,,,,,,,,
2023-03-20 00:00:00,05:27:00,COM VÍTIMA,CAXANGÁ,AV CAXANGA,,,QUEDA,0,1,0,0,0,0,0,0,0,1,0,,,,,,,,,
2023-03-20 00:00:00,05:35:00,COM VÍTIMA,PINA,RUA MANOEL DE BRITO,,,COLISÃO LATERAL,1,1,0,0,0,0,0,0,0,2,0,,,,,,,,,
2023-03-20 00:00:00,07:52:00,COM VÍTIMA,IBURA,AV DOIS RIOS,351,SUBURBIO,COLISÃO LATERAL,1,1,0,0,0,0,0,0,0,1,0,,,,,,,,,
2023-03-20 00:00:00,08:08:00,COM VÍTIMA,PINA,AV HERCULANO BANDEIRA,,SUBURBIO,COLISÃO TRASEIRA,1,1,0,0,0,0,0,0,0,1,0,,,,,,,,,
2023-03-20 00:00:00,10:32:00,SEM VÍTIMA,GRAÇAS,RUA JOAQUIM NABUCO,,,,1,0,0,0,0,0,1,0,0,0,0,,,,,,,,,
2023-03-20 00:00:00,10:51:00,COM VÍTIMA,CABANGA,AV ENGENHEIRO JOSE ESTELITA,,SUBURBIO,CHOQUE,0,1,0,0,0,0,0,0,0,1,0,,,,,,,,,
2023-03-21 00:00:00,07:08:00,COM VÍTIMA,DERBY,PRC DO DERBY,,,QUEDA,0,1,0,0,0,0,0,0,0,1,0,,,,,,,,,
2023-03-21 00:00:00,07:59:00,COM VÍTIMA,SANTO AMARO,AV NORTE MIGUEL ARRAES DE ALENCAR,243,,QUEDA,0,1,0,0,0,0,0,0,0,1,0,,,,,,,,,
2023-03-21 00:00:00,08:42:00,COM VÍTIMA,IPUTINGA,AV CAXANGA,568,,COLISÃO FRONTAL,0,2,0,0,0,0,0,0,0,1,0,,,,,,,,,
2023-03-21 00:00:00,01:00:00,COM VÍTIMA,BEBERIBE,PRC DA CONVENCAO,,,COLISÃO TRASEIRA,0,1,0,0,0,0,0,0,0,1,0,,,,,,,,,
2023-03-21 00:00:00,01:19:00,COM VÍTIMA,IMBIRIBEIRA,PRC MINISTRO SALGADO FILHO,,SUBURBIO,COLISÃO TRASEIRA,1,1,0,0,0,0,0,0,0,1,0,,,,,,,,,
2023-03-21 00:00:00,07:36:00,COM VÍTIMA,VASCO DA GAMA,AV NORTE MIGUEL ARRAES DE ALENCAR,66,CIDADE,ATROPELAMENTO DE PESSOA,1,0,0,0,1,0,0,0,0,1,0,,,,,,,,,
2023-03-22 00:00:00,09:42:00,SEM VÍTIMA,PARNAMIRIM,AV DEZESSETE DE AGOSTO,,SUBURBIO,COLISÃO TRANSVERSAL,2,0,0,0,0,0,0,0,0,0,0,,,,,,,,,
2023-03-22 00:00:00,09:43:00,COM VÍTIMA,IPSEP,AV RECIFE,247,,COLISÃO TRASEIRA,1,1,0,0,0,0,0,0,0,1,0,,,,,,,,,
2023-03-22 00:00:00,02:59:00,COM VÍTIMA,IMBIRIBEIRA,AV MARECHAL MASCARENHAS DE MORAES,396,,COLISÃO TRASEIRA,0,1,0,0,0,0,1,0,0,1,0,,,,,,,,,
2023-03-22 00:00:00,09:38:00,COM VÍTIMA,TORRE,RUA CONDE DE IRAJA,630,SUBURBIO,COLISÃO LATERAL,1,1,0,0,0,0,0,0,0,2,0,,,,,,,,,
2023-03-22 00:00:00,09:44:00,SEM VÍTIMA,ENGENHO DO MEIO,RUA ANTONIO CURADO,,SUBURBIO,COLISÃO TRASEIRA,2,0,0,0,0,0,0,0,0,0,0,,,,,,,,,
2023-03-23 00:00:00,10:13:00,COM VÍTIMA,IMBIRIBEIRA,AV MARECHAL MASCARENHAS DE MORAES,,,ATROPELAMENTO DE ANIMAL,0,0,0,0,0,0,0,0,0,1,0,,,,,,,,,
2023-03-23 00:00:00,11:08:00,COM VÍTIMA,SAN MARTIN,AV GENERAL SAN MARTIN,,SUBURBIO,COLISÃO TRANSVERSAL,1,1,0,0,0,0,0,0,0,1,0,,,,,,,,,
2023-03-23 00:00:00,11:29:00,COM VÍTIMA,BOA VIAGEM,RUA RIBEIRO DE BRITO,496,SUBURBIO,COLISÃO TRASEIRA,0,1,0,0,0,0,1,0,0,1,0,,,,,,,,,
2023-03-23 00:00:00,12:09:00,COM VÍTIMA,IPSEP,RUA BLUMENAU,,,COLISÃO FRONTAL,1,1,0,0,0,0,0,0,0,2,0,,,,,,,,,
2023-03-23 00:00:00,12:31:00,COM VÍTIMA,MADALENA,AV VISCONDE DE ALBUQUERQUE,,,COLISÃO LATERAL,1,1,0,0,0,0,0,0,0,1,0,,,,,,,,,
2023-03-23 00:00:00,02:49:00,SEM VÍTIMA,DERBY,AV GOVERNADOR AGAMENON MAGALHAES,,SUBURBIO,,0,1,0,0,0,0,0,1,0,0,0,,,,,,,,,
2023-03-23 00:00:00,04:22:00,COM VÍTIMA,CAMPO GRANDE,RUA DR MACHADO,,SUBURBIO,COLISÃO LATERAL,1,1,0,0,0,0,0,1,0,2,0,,,,,,,,,
2023-03-23 00:00:00,05:18:00,COM VÍTIMA,VÁRZEA,RUA CAPITAO JOSE NOGUEIRA COSTA,,SUBURBIO,COLISÃO LATERAL,1,1,0,0,0,0,0,0,0,1,0,,,,,,,,,
2023-03-23 00:00:00,05:32:00,COM VÍTIMA,TAMARINEIRA,EST VELHA DE AGUA FRIA,,,COLISÃO LATERAL,1,1,0,0,0,0,0,0,0,2,0,,,,,,,,,
2023-03-23 00:00:00,06:00:00,COM VÍTIMA,SANTO AMARO,AV GOVERNADOR AGAMENON MAGALHAES,,,QUEDA,0,1,0,0,0,0,0,0,0,1,0,,,,,,,,,
2023-03-24 00:00:00,12:06:00,COM VÍTIMA,BOA VIAGEM,AV ENGENHEIRO DOMINGOS FERREIRA,,,COLISÃO TRANSVERSAL,4,0,0,0,0,0,0,0,0,1,0,,,,,,,,,
2023-03-24 00:00:00,08:17:00,COM VÍTIMA,BOA VIAGEM,RUA CONEGO ROMEU,,,COLISÃO LATERAL,1,1,0,0,0,0,0,0,0,1,0,,,,,,,,,
2023-03-24 00:00:00,08:58:00,COM VÍTIMA,CAXANGÁ,AV CAXANGA,229,SUBURBIO,COLISÃO TRASEIRA,1,1,0,0,0,0,0,0,0,1,0,,,,,,,,,
2023-03-24 00:00:00,10:43:00,COM VÍTIMA,CAXANGÁ,RUA RIBEIRO PESSOA,,,QUEDA,0,1,0,0,0,0,0,0,0,1,0,,,,,,,,,
2023-03-24 00:00:00,12:08:00,COM VÍTIMA,IMBIRIBEIRA,RUA ARQUITETO LUIZ NUNES,537,,COLISÃO TRANSVERSAL,1,1,0,0,0,0,0,0,0,1,0,,,,,,,,,
2023-03-24 00:00:00,12:35:00,COM VÍTIMA,BOA VIAGEM,RUA VISCONDE DE JEQUITINHONHA,,,FISCALIZAÇÃO,1,0,0,0,2,0,0,0,0,2,0,,,,,,,,,
2023-03-24 00:00:00,02:17:00,COM VÍTIMA,CORDEIRO,RUA PROFESSOR JOAQUIM XAVIER DE BRITO,,,COLISÃO FRONTAL,1,1,0,0,0,0,0,0,0,1,0,,,,,,,,,
2023-03-24 00:00:00,03:23:00,COM VÍTIMA,MADALENA,AV VISCONDE DE ALBUQUERQUE,,SUBURBIO,ATROPELAMENTO DE PESSOA,1,0,0,0,1,0,0,0,0,1,0,,,,,,,,,
2023-03-24 00:00:00,04:42:00,COM VÍTIMA,CAXANGÁ,AV CAXANGA,,,ATROPELAMENTO DE PESSOA,0,1,0,0,1,0,0,0,0,1,0,,,,,,,,,
2023-03-25 00:00:00,06:00:00,COM VÍTIMA,DOIS IRMÃOS,RUA MANUEL DE MEDEIROS,558,,COLISÃO FRONTAL,1,1,0,0,0,0,0,0,0,1,0,,,,,,,,,
2023-03-25 00:00:00,10:46:00,COM VÍTIMA,BOA VISTA,AV GOVERNADOR AGAMENON MAGALHAES,,SUBURBIO,COLISÃO TRASEIRA,1,1,0,0,0,0,0,0,0,1,0,,,,,,,,,
2023-03-25 00:00:00,12:39:00,COM VÍTIMA,ILHA DO RETIRO,RUA SPORT CLUBE DO RECIFE,,,COLISÃO COM CICLISTA,0,1,0,1,0,0,0,0,0,1,0,,,,,,,,,
2023-03-25 00:00:00,12:46:00,COM VÍTIMA,ESPINHEIRO,AV JOAO DE BARROS,,,COLISÃO TRASEIRA,1,1,0,0,0,0,0,0,0,1,0,,,,,,,,,
2023-03-25 00:00:00,03:29:00,SEM VÍTIMA,DERBY,AV GOVERNADOR AGAMENON MAGALHAES,,,CHOQUE,0,0,0,0,0,0,0,1,0,0,0,,,,,,,,,
2023-03-25 00:00:00,03:30:00,COM VÍTIMA,CASA AMARELA,AV NORTE MIGUEL ARRAES DE ALENCAR,,CIDADE,COLISÃO TRASEIRA,1,1,0,0,0,0,0,0,0,1,0,,,,,,,,,
2023-03-25 00:00:00,08:37:00,COM VÍTIMA,IBURA,RUA EXP FRANCISCO VITORIANO,,,COLISÃO FRONTAL,1,1,0,0,0,0,0,0,0,2,0,,,,,,,,,
2023-03-25 00:00:00,09:19:00,COM VÍTIMA,JARDIM SÃO PAULO,RUA LORENA,,,COLISÃO LATERAL,3,0,0,0,0,0,0,0,0,1,0,,,,,,,,,
2023-03-26 00:00:00,02:15:00,COM VÍTIMA,CORDEIRO,RUA HONORIO CORREIA,,,COLISÃO TRASEIRA,1,1,0,0,0,0,0,0,0,2,0,,,,,,,,,
2023-03-26 00:00:00,06:36:00,COM VÍTIMA,BOA VIAGEM,AV BOA VIAGEM,445,,COLISÃO TRASEIRA,1,1,0,0,0,0,0,0,0,1,0,,,,,,,,,
2023-03-26 00:00:00,12:28:00,COM VÍTIMA,TAMARINEIRA,AV CONS ROSA E SILVA,,,COLISÃO TRASEIRA,1,1,0,0,0,0,0,0,0,1,0,,,,,,,,,
2023-03-26 00:00:00,12:42:00,COM VÍTIMA,PINA,AV HERCULANO BANDEIRA,,,COLISÃO FRONTAL,1,1,0,0,0,0,0,0,0,2,0,,,,,,,,,
2023-03-26 00:00:00,04:17:00,SEM VÍTIMA,CAMPO GRANDE,RUA FRANCISCO BERENGUER,,,COLISÃO FRONTAL,2,0,0,0,0,0,0,0,0,0,0,,,,,,,,,
2023-03-27 00:00:00,04:49:00,SEM VÍTIMA,IMBIRIBEIRA,RUA ITACARE,,,COLISÃO LATERAL,2,0,0,0,0,0,0,0,0,0,0,,,,,,,,,
2023-03-27 00:00:00,08:23:00,SEM VÍTIMA,ENCRUZILHADA,AV BEBERIBE,186,,COLISÃO TRASEIRA,1,0,0,0,0,0,0,1,0,0,0,,,,,,,,,
2023-03-27 00:00:00,08:43:00,COM VÍTIMA,TORRÕES,AV BICENTENARIO DA REVOLUCAO FRANCESA,,,COLISÃO LATERAL,1,1,0,0,0,0,0,0,0,1,0,,,,,,,,,
2023-03-27 00:00:00,09:07:00,COM VÍTIMA,VÁRZEA,AV JOAQUIM RIBEIRO,281,,QUEDA,0,1,0,0,0,0,0,0,0,1,0,,,,,,,,,
2023-03-27 00:00:00,11:00:00,SEM VÍTIMA,AFOGADOS,RUA SAO MIGUEL,,,COLISÃO FRONTAL,1,1,0,0,0,0,0,1,0,0,0,,,,,,,,,
2023-03-27 00:00:00,05:53:00,COM VÍTIMA,IMBIRIBEIRA,AV RECIFE,,,COLISÃO TRASEIRA,1,1,0,0,0,0,0,0,0,1,0,,,,,,,,,
2023-03-27 00:00:00,06:02:00,COM VÍTIMA,BOA VISTA,AV CONDE DA BOA VISTA,,,ATROPELAMENTO DE PESSOA,0,0,0,0,1,1,0,0,0,1,0,,,,,,,,,
2023-03-27 00:00:00,06:24:00,VÍTIMA FATAL,VÁRZEA,RUA EMILIANO BRAGA,,,ATROPELAMENTO DE PESSOA,1,0,0,0,1,0,0,0,0,0,1,,,,,,,,,
2023-03-27 00:00:00,07:42:00,COM VÍTIMA,IBURA,RUA DR BENIGNO JORDAO DE VASCONCELOS,,,COLISÃO FRONTAL,0,2,0,0,0,0,0,0,0,3,0,,,,,,,,,
2023-03-27 00:00:00,09:09:00,COM VÍTIMA,VASCO DA GAMA,RUA VASCO DA GAMA,50,SUBURBIO,COLISÃO LATERAL,1,1,0,0,0,0,0,0,0,2,0,,,,,,,,,
2023-03-28 00:00:00,07:17:00,COM VÍTIMA,SÃO JOSÉ,AV SUL,,,QUEDA,0,1,0,0,0,0,0,0,0,1,0,,,,,,,,,
2023-03-28 00:00:00,08:05:00,COM VÍTIMA,CASA AMARELA,EST DO ARRAIAL,,,COLISÃO TRASEIRA,1,0,0,0,0,0,0,0,0,1,0,,,,,,,,,
2023-03-28 00:00:00,08:05:00,COM VÍTIMA,CASA AMARELA,EST DO ARRAIAL,,,COLISÃO COM CICLISTA,1,0,0,1,0,0,0,0,0,1,0,,,,,,,,,
2023-03-28 00:00:00,09:07:00,SEM VÍTIMA,CASA AMARELA,AV NORTE MIGUEL ARRAES DE ALENCAR,,CIDADE,COLISÃO TRASEIRA,1,1,0,0,0,0,0,0,0,0,0,,,,,,,,,
2023-03-28 00:00:00,11:43:00,COM VÍTIMA,IPSEP,AV RECIFE,,,COLISÃO FRONTAL,1,1,0,0,0,0,0,0,0,1,0,,,,,,,,,
2023-03-28 00:00:00,12:27:00,COM VÍTIMA,AREIAS,RUA DONA ANA AURORA,,,ATROPELAMENTO DE PESSOA,0,1,0,0,1,0,0,0,0,1,0,,,,,,,,,
2023-03-28 00:00:00,01:16:00,COM VÍTIMA,LINHA DO TIRO,RUA URIEL DE HOLANDA,,,COLISÃO LATERAL,1,1,0,0,0,0,0,0,0,1,0,,,,,,,,,
2023-03-28 00:00:00,01:18:00,COM VÍTIMA,CASA AMARELA,AV NORTE MIGUEL ARRAES DE ALENCAR,,,COLISÃO LATERAL,0,1,0,0,0,1,0,0,0,1,0,,,,,,,,,
2023-03-28 00:00:00,01:32:00,COM VÍTIMA,ROSARINHO,AV NORTE MIGUEL ARRAES DE ALENCAR,,,COLISÃO COM CICLISTA,0,0,0,1,0,0,1,0,0,1,0,,,,,,,,,
2023-03-28 00:00:00,02:14:00,COM VÍTIMA,BOA VIAGEM,RUA JOAO CARDOSO AIRES,,,COLISÃO LATERAL,1,1,0,0,0,0,0,0,0,1,0,,,,,,,,,
2023-03-28 00:00:00,02:55:00,COM VÍTIMA,CAMPO GRANDE,RUA ODORICO MENDES,,,COLISÃO LATERAL,1,1,0,0,0,0,0,0,0,1,0,,,,,,,,,
2023-03-28 00:00:00,04:40:00,COM VÍTIMA,VASCO DA GAMA,AV NORTE MIGUEL ARRAES DE ALENCAR,,,COLISÃO TRASEIRA,1,1,0,0,0,0,0,0,0,1,0,,,,,,,,,
2023-03-28 00:00:00,05:09:00,COM VÍTIMA,CASA FORTE,RUA OLIVEIRA GOES,,,ATROPELAMENTO DE PESSOA,1,0,0,0,1,0,0,0,0,1,0,,,,,,,,,
2023-03-28 00:00:00,07:28:00,COM VÍTIMA,IMBIRIBEIRA,AV MARECHAL MASCARENHAS DE MORAES,,SUBURBIO,ATROPELAMENTO DE PESSOA,1,0,0,0,1,0,0,0,0,1,0,,,,,,,,,
2023-03-28 00:00:00,07:34:00,COM VÍTIMA,BOA VIAGEM,AV ENGENHEIRO DOMINGOS FERREIRA,484,,COLISÃO LATERAL,1,2,0,0,0,0,0,0,0,1,0,,,,,,,,,
2023-03-29 00:00:00,07:23:00,COM VÍTIMA,CAMPO GRANDE,EST DE BELEM,,,COLISÃO LATERAL,1,1,0,0,0,0,0,0,0,1,0,,,,,,,,,
2023-03-29 00:00:00,07:57:00,COM VÍTIMA,MADALENA,AV ENGENHEIRO ABDIAS DE CARVALHO,,CIDADE,COLISÃO TRASEIRA,1,2,0,0,0,0,0,0,0,1,0,,,,,,,,,
2023-03-29 00:00:00,08:16:00,COM VÍTIMA,PINA,AV REPUBLICA ARABE UNIDA,,SUBURBIO,COLISÃO FRONTAL,0,2,0,0,0,0,0,0,0,1,0,,,,,,,,,
2023-03-29 00:00:00,08:21:00,COM VÍTIMA,ENCRUZILHADA,AV BEBERIBE,,,COLISÃO LATERAL,1,1,0,0,0,0,0,0,0,1,0,,,,,,,,,
2023-03-29 00:00:00,09:13:00,COM VÍTIMA,ESTÂNCIA,AV RECIFE,,,COLISÃO LATERAL,1,1,0,0,0,0,0,0,0,1,0,,,,,,,,,
2023-03-29 00:00:00,09:43:00,COM VÍTIMA,CAMPO GRANDE,RUA PROFESSOR FRANCISCO DA TRINDADE,,,COLISÃO LATERAL,1,1,0,0,0,0,0,0,0,1,0,,,,,,,,,
2023-03-29 00:00:00,12:09:00,COM VÍTIMA,PINA,AV ANTONIO DE GOES,,,COLISÃO COM CICLISTA,0,1,0,1,0,0,0,0,0,1,0,,,,,,,,,
2023-03-29 00:00:00,01:22:00,SEM VÍTIMA,IMBIRIBEIRA,RUA ARQUITETO LUIZ NUNES,,SUBURBIO,COLISÃO TRASEIRA,1,1,0,0,0,0,0,0,0,0,0,,,,,,,,,
2023-03-29 00:00:00,01:40:00,COM VÍTIMA,IMBIRIBEIRA,RUA PINTOR LULA CARDOSO AYRES,,,COLISÃO LATERAL,1,1,0,0,0,0,0,0,0,1,0,,,,,,,,,
2023-03-29 00:00:00,02:46:00,COM VÍTIMA,CÓRREGO DO JENIPAPO,RUA CORREGO JOSE APRIGIO,,,COLISÃO LATERAL,1,1,0,0,0,0,0,0,0,1,0,,,,,,,,,
2023-03-29 00:00:00,03:18:00,COM VÍTIMA,PINA,AV HERCULANO BANDEIRA,660,,COLISÃO LATERAL,2,0,0,0,0,0,0,0,0,1,0,,,,,,,,,
2023-03-29 00:00:00,06:39:00,COM VÍTIMA,BOA VISTA,AV GOVERNADOR AGAMENON MAGALHAES,75,,COLISÃO LATERAL,1,1,0,0,0,0,0,0,0,1,0,,,,,,,,,
2023-03-29 00:00:00,07:16:00,SEM VÍTIMA,CABANGA,AV SUL,,CIDADE,CHOQUE,1,0,0,0,0,0,0,0,0,0,0,,,,,,,,,
2023-03-29 00:00:00,10:05:00,COM VÍTIMA,BOA VIAGEM,AVENIDA CELSO FURTADO (VIA MANGUE),,,COLISÃO TRASEIRA,1,1,0,0,0,0,0,0,0,1,0,,,,,,,,,
2023-03-30 00:00:00,06:49:00,COM VÍTIMA,ENGENHO DO MEIO,RUA DR FLAVIO FERREIRA DA SILVA MAROJO,,,COLISÃO LATERAL,0,2,0,0,0,0,0,0,0,1,0,,,,,,,,,
2023-03-30 00:00:00,10:06:00,COM VÍTIMA,BOA VISTA,RUA DO HOSPICIO,,,COLISÃO LATERAL,0,2,0,0,0,0,0,0,0,1,0,,,,,,,,,
2023-03-30 00:00:00,12:33:00,SEM VÍTIMA,BOA VIAGEM,AV BOA VIAGEM,,CIDADE,COLISÃO TRASEIRA,1,0,0,0,0,0,0,1,0,0,0,,,,,,,,,
2023-03-30 00:00:00,12:58:00,COM VÍTIMA,IMBIRIBEIRA,AV MARECHAL MASCARENHAS DE MORAES,,,COLISÃO COM CICLISTA,0,0,0,1,0,1,0,0,0,1,0,,,,,,,,,
2023-03-30 00:00:00,04:02:00,COM VÍTIMA,BOA VIAGEM,RUA VISCONDE DE JEQUITINHONHA,,,COLISÃO LATERAL,1,1,0,0,0,0,0,0,0,1,0,,,,,,,,,
2023-03-30 00:00:00,05:20:00,COM VÍTIMA,IMBIRIBEIRA,AV RECIFE,393,,ATROPELAMENTO DE PESSOA,0,1,0,0,1,0,0,0,0,1,0,,,,,,,,,
2023-03-30 00:00:00,08:52:00,COM VÍTIMA,ENCRUZILHADA,AV BEBERIBE,,,COLISÃO TRANSVERSAL,1,0,0,0,0,0,1,0,0,1,0,,,,,,,,,
2023-03-31 00:00:00,07:08:00,COM VÍTIMA,CAXANGÁ,AV CAXANGA,,,COLISÃO FRONTAL,1,1,0,0,0,0,0,0,0,1,0,,,,,,,,,
2023-03-31 00:00:00,10:23:00,COM VÍTIMA,TEJIPIÓ,AV DR JOSE RUFINO,,,COLISÃO LATERAL,1,1,0,0,0,0,0,0,0,3,0,,,,,,,,,
2023-03-31 00:00:00,11:58:00,COM VÍTIMA,DERBY,AV GOVERNADOR AGAMENON MAGALHAES,,SUBURBIO,COLISÃO TRASEIRA,1,1,0,0,0,0,0,0,0,1,0,,,,,,,,,
2023-03-31 00:00:00,01:31:00,COM VÍTIMA,ÁGUA FRIA,AV BEBERIBE,,,COLISÃO LATERAL,1,1,0,0,0,0,0,0,0,2,0,,,,,,,,,
2023-03-31 00:00:00,03:54:00,SEM VÍTIMA,DERBY,RUA HENRIQUE DIAS,,,COLISÃO LATERAL,1,0,0,0,0,0,0,1,0,0,0,,,,,,,,,
2023-03-31 00:00:00,06:15:00,COM VÍTIMA,BOA VIAGEM,RUA MINISTRO NELSON HUNGRIA,,,CHOQUE,1,0,0,0,0,0,0,0,1,1,0,,,,,,,,,
2023-04-01 00:00:00,12:09:00,COM VÍTIMA,ESPINHEIRO,RUA DA HORA,,,COLISÃO TRASEIRA,1,1,0,0,0,0,0,0,0,1,0,,,,,,,,,
2023-04-01 00:00:00,02:50:00,COM VÍTIMA,ESPINHEIRO,AV JOAO DE BARROS,,,COLISÃO TRANSVERSAL,1,1,0,0,0,0,0,0,0,2,0,,,,,,,,,
2023-04-01 00:00:00,12:06:00,COM VÍTIMA,ÁGUA FRIA,AV BEBERIBE,,,COLISÃO LATERAL,1,1,0,0,0,0,0,0,0,1,0,,,,,,,,,
2023-04-01 00:00:00,12:41:00,COM VÍTIMA,JIQUIÁ,RUA SAO MIGUEL,,,COLISÃO FRONTAL,1,1,0,0,0,0,0,0,0,2,0,,,,,,,,,
2023-04-01 00:00:00,01:14:00,COM VÍTIMA,NOVA DESCOBERTA,RUA CORREGO DA AREIA,,,COLISÃO FRONTAL,0,2,0,0,0,0,0,0,0,2,0,,,,,,,,,
2023-04-01 00:00:00,06:43:00,COM VÍTIMA,SANTO AMARO,AV CRUZ CABUGA,,,COLISÃO TRASEIRA,2,0,0,0,0,0,0,0,0,1,0,,,,,,,,,
2023-04-01 00:00:00,10:32:00,COM VÍTIMA,IBURA,RUA VALE DO ITAJAI,,,COLISÃO FRONTAL,0,1,0,1,0,0,0,0,0,2,0,,,,,,,,,
2023-04-01 00:00:00,11:11:00,SEM VÍTIMA,BOA VIAGEM,RUA DEZ DE JULHO,,,COLISÃO LATERAL,1,1,0,0,0,0,0,0,0,0,0,,,,,,,,,
2023-04-02 00:00:00,07:13:00,VÍTIMA FATAL,PINA,AVENIDA CELSO FURTADO (VIA MANGUE),,,CHOQUE,0,1,0,0,0,0,0,0,0,1,1,,,,,,,,,
2023-04-02 00:00:00,02:16:00,SEM VÍTIMA,IBURA,RUA DR OTAVIO DE MORAES VASCONCELOS,,,COLISÃO LATERAL,1,0,0,0,0,0,1,0,0,0,0,,,,,,,,,
2023-04-02 00:00:00,05:36:00,SEM VÍTIMA,VASCO DA GAMA,RUA FREDERICO OZANAN,,,COLISÃO LATERAL,0,0,0,0,0,0,0,2,0,0,0,,,,,,,,,
2023-04-02 00:00:00,07:03:00,COM VÍTIMA,JARDIM SÃO PAULO,RUA LEANDRO BARRETO,,,COLISÃO TRANSVERSAL,1,1,0,0,0,0,0,0,0,1,0,,,,,,,,,
2023-04-03 00:00:00,12:47:00,COM VÍTIMA,JOANA BEZERRA,PTE JOSE DE BARROS LIMA,,,ATROPELAMENTO DE PESSOA,1,0,0,0,1,0,0,0,0,1,0,,,,,,,,,
2023-04-03 00:00:00,01:24:00,COM VÍTIMA,PORTO DA MADEIRA,AV BEBERIBE,,,COLISÃO TRANSVERSAL,1,1,0,0,0,0,0,0,0,1,0,,,,,,,,,
2023-04-03 00:00:00,03:56:00,COM VÍTIMA,TORRÕES,AV ENGENHEIRO ABDIAS DE CARVALHO,,,CHOQUE,1,0,0,0,0,0,0,0,0,1,0,,,,,,,,,
2023-04-03 00:00:00,08:00:00,COM VÍTIMA,BAIRRO DO RECIFE,RUA AURORA,,,COLISÃO TRASEIRA,1,0,0,1,0,0,0,0,0,1,0,,,,,,,,,
2023-04-03 00:00:00,08:04:00,COM VÍTIMA,SÃO JOSÉ,AV DANTAS BARRETO,54,,COLISÃO LATERAL,0,1,0,0,0,1,0,0,0,2,0,,,,,,,,,
2023-04-03 00:00:00,08:28:00,COM VÍTIMA,SANTO AMARO,RUA DA AURORA,,,COLISÃO COM CICLISTA,1,0,0,1,0,0,0,0,0,1,0,,,,,,,,,
2023-04-03 00:00:00,09:07:00,COM VÍTIMA,IBURA,AV RECIFE,,,COLISÃO LATERAL,1,1,0,0,0,0,0,0,0,1,0,,,,,,,,,
2023-04-03 00:00:00,10:08:00,COM VÍTIMA,IBURA,AV RECIFE,,,ATROPELAMENTO DE PESSOA,1,0,0,0,1,0,0,0,0,1,0,,,,,,,,,
2023-04-03 00:00:00,11:02:00,COM VÍTIMA,IMBIRIBEIRA,RUA BARAO DE AGUA BRANCA,,,COLISÃO FRONTAL,3,0,0,0,0,0,0,0,0,2,0,,,,,,,,,
2023-03-30 00:00:00,03:10:00,COM VÍTIMA,IBURA,RUA EMILIO MONTEIRO FONSECA,,SUBURBIO,COLISÃO TRASEIRA,1,1,0,0,0,0,0,0,0,1,0,,,,,,,,,
2023-04-03 00:00:00,02:40:00,SEM VÍTIMA,SÃO JOSÉ,RUA DA CONCORDIA,182,CIDADE,,2,0,0,0,0,0,0,0,0,0,0,,,,,,,,,
2023-04-03 00:00:00,04:26:00,COM VÍTIMA,BOA VISTA,RUA DOM BOSCO,294,,COLISÃO LATERAL,1,1,0,0,0,0,0,0,0,1,0,,,,,,,,,
2023-04-03 00:00:00,05:49:00,COM VÍTIMA,JARDIM SÃO PAULO,RUA GERSON MONTEIRO DE LIMA,,,CHOQUE,1,0,0,0,0,0,0,0,1,1,0,,,,,,,,,
2023-04-03 00:00:00,08:47:00,COM VÍTIMA,AREIAS,RUA CAPITAO GREGORIO DE ALBUQUERQUE,,,ATROPELAMENTO DE PESSOA,1,0,0,0,1,0,0,0,0,1,0,,,,,,,,,
2023-04-03 00:00:00,09:02:00,COM VÍTIMA,CORDEIRO,AV CAXANGA,,,COLISÃO TRASEIRA,1,1,0,0,0,0,0,0,0,1,0,,,,,,,,,
2023-04-04 00:00:00,07:16:00,SEM VÍTIMA,CAXANGÁ,AV JOAQUIM RIBEIRO,281,CIDADE,,1,0,0,0,0,1,0,0,0,0,0,,,,,,,,,
2023-04-04 00:00:00,07:53:00,COM VÍTIMA,IMBIRIBEIRA,AV MARECHAL MASCARENHAS DE MORAES,,CIDADE,COLISÃO LATERAL,0,0,0,0,0,0,0,0,0,1,0,,,,,,,,,
2023-04-04 00:00:00,08:03:00,COM VÍTIMA,IMBIRIBEIRA,AV MARECHAL MASCARENHAS DE MORAES,,,COLISÃO LATERAL,1,1,0,0,0,0,0,0,0,1,0,,,,,,,,,
2023-04-04 00:00:00,08:29:00,COM VÍTIMA,ENCRUZILHADA,AV BEBERIBE,,,COLISÃO LATERAL,1,1,0,0,0,0,0,0,0,1,0,,,,,,,,,
2023-04-04 00:00:00,09:01:00,COM VÍTIMA,PAISSANDU,AV GOVERNADOR AGAMENON MAGALHAES,69,,COLISÃO FRONTAL,1,1,0,0,0,0,0,0,0,2,0,,,,,,,,,
2023-04-04 00:00:00,09:23:00,COM VÍTIMA,IPUTINGA,AV MAURICIO DE NASSAU,,,COLISÃO LATERAL,0,0,0,0,0,0,0,0,0,1,0,,,,,,,,,
2023-04-04 00:00:00,01:02:00,COM VÍTIMA,MADALENA,RUA BENFICA,,,COLISÃO COM CICLISTA,0,0,0,1,0,1,0,0,0,1,0,,,,,,,,,
2023-04-04 00:00:00,01:02:00,COM VÍTIMA,ÁGUA FRIA,RUA DR EUDES COSTA,,,COLISÃO LATERAL,1,1,0,0,0,0,0,0,0,1,0,,,,,,,,,
2023-04-04 00:00:00,01:11:00,SEM VÍTIMA,SÃO JOSÉ,C SANTA RITA,,CIDADE,,1,0,0,0,0,0,0,1,0,0,0,,,,,,,,,
2023-04-04 00:00:00,01:33:00,COM VÍTIMA,JORDÃO,RUA DR ALVARO FERRAZ,,,COLISÃO LATERAL,1,1,0,0,0,0,0,0,0,1,0,,,,,,,,,
2023-04-04 00:00:00,02:59:00,COM VÍTIMA,BOA VIAGEM,RUA SA E SOUZA,,,COLISÃO LATERAL,0,1,0,0,0,0,0,0,0,1,0,,,,,,,,,
2023-04-05 00:00:00,01:48:00,COM VÍTIMA,BOA VIAGEM,AV BOA VIAGEM,,,COLISÃO TRASEIRA,1,1,0,0,0,0,0,0,0,1,0,,,,,,,,,
2023-04-05 00:00:00,08:00:00,COM VÍTIMA,DERBY,RUA FELICIANO GOMES,,,COLISÃO FRONTAL,1,1,0,0,0,0,0,0,0,2,0,,,,,,,,,
2023-04-05 00:00:00,01:47:00,COM VÍTIMA,ARRUDA,AV BEBERIBE,,,COLISÃO LATERAL,1,1,0,0,0,0,0,0,0,1,0,,,,,,,,,
2023-04-05 00:00:00,02:27:00,SEM VÍTIMA,ESPINHEIRO,AV GOVERNADOR AGAMENON MAGALHAES,,CIDADE,COLISÃO TRANSVERSAL,2,0,0,0,0,0,0,0,0,0,0,,,,,,,,,
2023-04-05 00:00:00,03:00:00,COM VÍTIMA,DERBY,AV GOVERNADOR AGAMENON MAGALHAES,,,COLISÃO TRASEIRA,0,2,0,0,0,0,0,0,0,2,0,,,,,,,,,
2023-04-05 00:00:00,03:05:00,COM VÍTIMA,ESTÂNCIA,AV RECIFE,,,COLISÃO LATERAL,0,2,0,0,0,0,0,0,0,1,0,,,,,,,,,
2023-04-05 00:00:00,03:24:00,SEM VÍTIMA,AREIAS,RUA JOSE NATARIO,,,COLISÃO LATERAL,0,1,0,0,0,1,0,0,0,0,0,,,,,,,,,
2023-04-05 00:00:00,05:51:00,COM VÍTIMA,AFOGADOS,AV SUL,,,COLISÃO LATERAL,0,2,0,0,0,0,0,0,0,2,0,,,,,,,,,
2023-04-05 00:00:00,05:53:00,COM VÍTIMA,IMBIRIBEIRA,AV ANTONIO TORRES GALVAO,,,COLISÃO TRANSVERSAL,0,1,0,0,0,0,1,0,0,1,0,,,,,,,,,