data,hora,natureza,bairro,endereco,num_semaforo,sentido_via,tipo,auto,moto,ciclom,ciclista,pedestre,onibus,caminhao,viatura,outros,vitimas,vitimasfatais,acidente_verificado,tempo_clima,sinalizacao,condicao_via,conservacao_via,situacao_placa,velocidade_max_via,mao_direcao,divisao_via1
2023-04-05 00:00:00,07:27:00,COM VÍTIMA,BOA VIAGEM,AVENIDA CELSO FURTADO (VIA MANGUE),,SUBURBIO,COLISÃO TRASEIRA,1,1,0,0,0,0,0,0,0,1,0,,,,,,,,,
2023-04-05 00:00:00,09:19:00,COM VÍTIMA,CÓRREGO DO JENIPAPO,RUA DAS FLORES,,,COLISÃO FRONTAL,1,1,0,0,0,0,0,0,0,2,0,,,,,,,,,
2023-04-05 00:00:00,09:28:00,COM VÍTIMA,BOA VIAGEM,AV ARMINDO MOURA,,CIDADE,COLISÃO LATERAL,1,1,0,0,0,0,0,0,0,1,0,,,,,,,,,
2023-04-06 00:00:00,01:21:00,SEM VÍTIMA,SANTO AMARO,AV GOVERNADOR AGAMENON MAGALHAES,,,CHOQUE,0,0,0,0,0,0,0,1,0,0,0,,,,,,,,,
2023-04-06 00:00:00,06:46:00,COM VÍTIMA,BAIRRO DO RECIFE,AV RIO BRANCO,19,,COLISÃO TRASEIRA,1,1,0,0,0,0,0,0,0,1,0,,,,,,,,,
2023-04-06 00:00:00,10:05:00,COM VÍTIMA,AREIAS,AV RECIFE,,,COLISÃO FRONTAL,1,1,0,0,0,0,0,0,0,1,0,,,,,,,,,
2023-04-06 00:00:00,10:14:00,COM VÍTIMA,BOA VIAGEM,AVENIDA CELSO FURTADO (VIA MANGUE),,CIDADE,COLISÃO LATERAL,0,0,0,0,0,0,0,0,0,1,0,,,,,,,,,
2023-04-06 00:00:00,10:55:00,COM VÍTIMA,CORDEIRO,RUA XAVIER DE BRITO,,,COLISÃO LATERAL,0,0,0,0,0,0,0,0,0,1,0,,,,,,,,,
2023-04-06 00:00:00,11:22:00,COM VÍTIMA,AFOGADOS,RUA VINTE E UM DE ABRIL,,,ATROPELAMENTO DE PESSOA,1,0,0,0,1,0,0,0,0,1,0,,,,,,,,,
2023-04-06 00:00:00,11:48:00,COM VÍTIMA,CORDEIRO,RUA DR MIGUEL VIEIRA FERREIRA,,,COLISÃO COM CICLISTA,0,1,0,1,0,0,0,0,0,2,0,,,,,,,,,
2023-04-06 00:00:00,01:18:00,COM VÍTIMA,LINHA DO TIRO,RUA ALTO DOS COQUEIROS,,,TOMBAMENTO,1,0,0,0,0,0,1,0,0,1,0,,,,,,,,,
2023-04-07 00:00:00,08:29:00,SEM VÍTIMA,AFOGADOS,EST DOS REMEDIOS,,,COLISÃO FRONTAL,0,1,0,0,0,0,0,0,0,0,0,,,,,,,,,
2023-04-08 00:00:00,03:54:00,SEM VÍTIMA,ILHA DO RETIRO,AV ENGENHEIRO ABDIAS DE CARVALHO,,,COLISÃO LATERAL,0,0,0,0,0,0,0,0,0,0,0,,,,,,,,,
2023-04-08 00:00:00,07:02:00,SEM VÍTIMA,VÁRZEA,RUA TORRES HOMEM,,,APOIO CELPE,0,0,0,0,0,0,0,0,0,0,0,,,,,,,,,
2023-04-08 00:00:00,09:04:00,SEM VÍTIMA,VÁRZEA,RUA TORRES HOMEM,,,APOIO CELPE,0,0,0,0,0,0,0,0,0,0,0,,,,,,,,,
2023-04-08 00:00:00,10:59:00,COM VÍTIMA,SANTO ANTÔNIO,PTE BUARQUE DE MACEDO,,,COLISÃO TRASEIRA,1,1,0,0,0,0,0,0,0,2,0,,,,,,,,,
2023-04-08 00:00:00,12:42:00,COM VÍTIMA,BEBERIBE,AV BEBERIBE,,,COLISÃO LATERAL,1,1,0,0,0,0,0,0,0,1,0,,,,,,,,,
2023-04-08 00:00:00,09:45:00,COM VÍTIMA,AREIAS,AV DR JOSE RUFINO,,,COLISÃO LATERAL,1,1,0,0,0,0,0,0,0,1,0,,,,,,,,,
2023-04-09 00:00:00,09:43:00,SEM VÍTIMA,SANTO ANTÔNIO,RUA NOSSA SRA DO CARMO,17,CIDADE,,1,0,0,0,0,0,0,0,0,0,0,,,,,,,,,
2023-04-09 00:00:00,04:40:00,COM VÍTIMA,TAMARINEIRA,RUA SEBASTIAO MALTA ARCOVERDE,,,COLISÃO LATERAL,1,1,0,0,0,0,0,0,0,1,0,,,,,,,,,
2023-04-09 00:00:00,07:30:00,COM VÍTIMA,BOA VIAGEM,AV ENGENHEIRO DOMINGOS FERREIRA,,,COLISÃO LATERAL,1,1,0,0,0,0,0,0,0,1,0,,,,,,,,,
2023-04-09 00:00:00,09:46:00,COM VÍTIMA,IBURA,AV DOIS RIOS,,,COLISÃO LATERAL,1,1,0,0,0,0,0,0,0,2,0,,,,,,,,,
2023-04-10 00:00:00,12:07:00,COM VÍTIMA,,AV BEBERIBE,,,COLISÃO TRANSVERSAL,0,0,0,0,0,0,0,0,0,1,0,,,,,,,,,
2023-04-10 00:00:00,04:55:00,VÍTIMA FATAL,BOA VIAGEM,AV BOA VIAGEM,152,,TOMBAMENTO,1,0,0,0,0,0,0,0,0,1,1,,,,,,,,,
2023-04-10 00:00:00,10:02:00,COM VÍTIMA,PINA,RUA MANOEL DE BRITO,,,COLISÃO LATERAL,3,1,0,0,0,0,0,0,0,1,0,,,,,,,,,
2023-04-10 00:00:00,10:14:00,COM VÍTIMA,MADALENA,AV BEIRA RIO,,,COLISÃO LATERAL,1,1,0,0,0,0,0,0,0,1,0,,,,,,,,,
2023-04-10 00:00:00,02:41:00,COM VÍTIMA,TORRE,RUA REAL DA TORRE,,,COLISÃO LATERAL,1,1,0,0,0,0,0,0,0,2,0,,,,,,,,,
2023-04-10 00:00:00,02:56:00,COM VÍTIMA,BOA VISTA,AV MANOEL BORBA,,,COLISÃO LATERAL,1,1,0,0,0,0,0,0,0,1,0,,,,,,,,,
2023-04-10 00:00:00,03:47:00,COM VÍTIMA,GRAÇAS,AV RUI BARBOSA,,,COLISÃO COM CICLISTA,1,0,0,1,0,0,0,0,0,1,0,,,,,,,,,
2023-04-10 00:00:00,05:50:00,COM VÍTIMA,SANTO AMARO,RUA FRANCISCO JACINTO,,,COLISÃO LATERAL,1,1,0,0,0,0,0,0,0,1,0,,,,,,,,,
2023-04-10 00:00:00,06:24:00,SEM VÍTIMA,SANTO ANTÔNIO,RUA SIQUEIRA CAMPOS,,,COLISÃO LATERAL,2,0,0,0,0,0,0,0,0,0,0,,,,,,,,,
2023-04-10 00:00:00,06:36:00,COM VÍTIMA,CAXANGÁ,AV CAXANGA,,,COLISÃO TRASEIRA,1,1,0,0,0,0,0,0,0,2,0,,,,,,,,,
2023-04-10 00:00:00,07:22:00,COM VÍTIMA,GUABIRABA,AV DA RECUPERACAO,,,COLISÃO FRONTAL,0,2,0,0,0,0,0,0,0,2,0,,,,,,,,,
2023-04-10 00:00:00,07:31:00,COM VÍTIMA,DERBY,AV GOVERNADOR AGAMENON MAGALHAES,,,COLISÃO LATERAL,0,1,0,1,0,0,0,0,0,1,0,,,,,,,,,
2023-04-10 00:00:00,09:19:00,SEM VÍTIMA,IPSEP,AV RECIFE,,,,1,0,0,0,0,0,1,0,0,0,0,,,,,,,,,
2023-04-11 00:00:00,10:25:00,COM VÍTIMA,IMBIRIBEIRA,RUA ARQUITETO LUIZ NUNES,,,COLISÃO TRASEIRA,1,1,0,0,0,0,0,0,0,1,0,,,,,,,,,
2023-04-11 00:00:00,12:11:00,SEM VÍTIMA,IMBIRIBEIRA,AV MARECHAL MASCARENHAS DE MORAES,386,CIDADE,,0,1,0,0,0,0,1,0,0,0,0,,,,,,,,,
2023-04-11 00:00:00,02:05:00,COM VÍTIMA,APIPUCOS,RUA DE APIPUCOS,,,COLISÃO FRONTAL,1,1,0,0,0,0,0,0,0,2,0,,,,,,,,,
2023-04-11 00:00:00,02:52:00,SEM VÍTIMA,TORRE,RUA CANTORA CLARA NUNES,,,COLISÃO TRASEIRA,2,0,0,0,0,0,0,0,0,0,0,,,,,,,,,
2023-04-11 00:00:00,06:06:00,COM VÍTIMA,MACAXEIRA,AV NORTE MIGUEL ARRAES DE ALENCAR,,,COLISÃO LATERAL,0,2,0,0,0,0,0,0,0,2,0,,,,,,,,,
2023-04-11 00:00:00,07:19:00,COM VÍTIMA,SÃO JOSÉ,RUA DO FORTE,,,ATROPELAMENTO DE PESSOA,1,0,0,0,0,0,0,0,0,1,0,,,,,,,,,
2023-04-11 00:00:00,08:18:00,COM VÍTIMA,ARRUDA,RUA SETE PECADOS,,,COLISÃO LATERAL,1,1,0,0,0,0,0,0,0,1,0,,,,,,,,,
2023-04-11 00:00:00,11:08:00,COM VÍTIMA,GRAÇAS,RUA JOAO RAMOS,,,COLISÃO TRASEIRA,1,1,0,0,0,0,0,0,0,1,0,,,,,,,,,
2023-04-12 00:00:00,05:59:00,SEM VÍTIMA,BOA VIAGEM,RUA JOSE ADERVAL CHAVES,,,APOIO CELPE,0,0,0,0,0,0,0,0,0,0,0,,,,,,,,,
2023-04-12 00:00:00,07:35:00,SEM VÍTIMA,TORRÕES,RUA DES CAPISTRANO DE MORAES E SILVA,,CIDADE,COLISÃO TRANSVERSAL,2,0,0,0,0,0,0,0,0,0,0,,,,,,,,,
2023-04-12 00:00:00,08:31:00,COM VÍTIMA,SANTO AMARO,AV GOVERNADOR AGAMENON MAGALHAES,,,COLISÃO LATERAL,1,1,0,0,0,0,0,0,0,1,0,,,,,,,,,
2023-04-12 00:00:00,08:51:00,COM VÍTIMA,SAN MARTIN,AV JOAO CABRAL DE MELO NETO,,,ATROPELAMENTO DE PESSOA,0,1,0,0,1,0,0,0,0,1,0,,,,,,,,,
2023-04-11 00:00:00,12:06:00,COM VÍTIMA,CASA AMARELA,AV NORTE MIGUEL ARRAES DE ALENCAR,,CIDADE,TOMBAMENTO,0,1,0,0,0,0,0,0,0,1,0,,,,,,,,,
2023-04-12 00:00:00,12:11:00,COM VÍTIMA,ESPINHEIRO,AV GOVERNADOR AGAMENON MAGALHAES,,,COLISÃO LATERAL,1,1,0,0,0,0,0,0,0,1,0,,,,,,,,,
2023-04-12 00:00:00,01:36:00,COM VÍTIMA,IMBIRIBEIRA,AV MARECHAL MASCARENHAS DE MORAES,,,ENGAVETAMENTO,3,0,0,0,0,0,0,0,0,1,0,,,,,,,,,
2023-04-12 00:00:00,03:37:00,COM VÍTIMA,CAMPINA DO BARRETO,RUA CORONEL URBANO RIBEIRO DE SENA,,,COLISÃO COM CICLISTA,1,0,0,1,0,0,0,0,0,1,0,,,,,,,,,
2023-04-12 00:00:00,05:38:00,COM VÍTIMA,SANTO AMARO,AV NORTE MIGUEL ARRAES DE ALENCAR,,,ATROPELAMENTO DE PESSOA,0,1,0,0,1,0,0,0,0,1,0,,,,,,,,,
2023-04-12 00:00:00,06:11:00,SEM VÍTIMA,ILHA JOANA BEZERRA,AV MARTIN LUTHER KING,,,ATROPELAMENTO DE ANIMAL,0,0,0,0,0,0,0,1,0,0,0,,,,,,,,,
2023-04-13 00:00:00,07:53:00,COM VÍTIMA,PRADO,AV ENGENHEIRO ABDIAS DE CARVALHO,,,COLISÃO TRASEIRA,1,1,0,0,0,0,0,0,0,1,0,,,,,,,,,
2023-04-13 00:00:00,10:43:00,COM VÍTIMA,AFOGADOS,RUA AUGUSTO CALHEIROS,,,COLISÃO LATERAL,1,1,0,0,0,0,0,0,0,1,0,,,,,,,,,
2023-04-13 00:00:00,11:43:00,COM VÍTIMA,PINA,RUA NOGUEIRA DE SOUZA,,,COLISÃO LATERAL,1,1,0,0,0,0,0,0,0,1,0,,,,,,,,,
2023-04-13 00:00:00,02:39:00,SEM VÍTIMA,GRAÇAS,RUA CARDEAL ARCOVERDE,,,COLISÃO LATERAL,1,1,0,0,0,0,0,0,0,0,0,,,,,,,,,
2023-04-13 00:00:00,03:28:00,SEM VÍTIMA,ILHA JOANA BEZERRA,PTE JOSE DE BARROS LIMA,,,COLISÃO LATERAL,2,0,0,0,0,0,0,0,0,0,0,,,,,,,,,
2023-04-13 00:00:00,03:47:00,SEM VÍTIMA,BOA VISTA,RUA DO PRINCIPE,,CIDADE,,1,0,0,0,0,1,0,0,0,0,0,,,,,,,,,
2023-04-13 00:00:00,04:59:00,COM VÍTIMA,ILHA JOANA BEZERRA,PTE JOSE DE BARROS LIMA,,,ATROPELAMENTO DE PESSOA,0,0,0,0,1,0,0,0,0,1,0,,,,,,,,,
2023-04-13 00:00:00,10:22:00,COM VÍTIMA,IMBIRIBEIRA,RUA SARGENTO SILVINO DE MACEDO,,,COLISÃO TRANSVERSAL,1,1,0,0,0,0,0,0,0,1,0,,,,,,,,,
2023-04-14 00:00:00,11:21:00,COM VÍTIMA,BOA VIAGEM,AVENIDA CELSO FURTADO (VIA MANGUE),,,CHOQUE,1,0,0,0,0,0,0,0,0,1,0,,,,,,,,,
2023-04-14 00:00:00,11:38:00,COM VÍTIMA,VÁRZEA,RUA PROFESSOR ANTONIO COELHO,,,COLISÃO LATERAL,1,1,0,0,0,0,0,0,0,1,0,,,,,,,,,
2023-04-14 00:00:00,11:38:00,SEM VÍTIMA,ESTÂNCIA,AV DR JOSE RUFINO,,CIDADE,COLISÃO LATERAL,1,0,0,0,0,0,1,0,0,0,0,,,,,,,,,
2023-04-14 00:00:00,11:42:00,SEM VÍTIMA,PASSARINHO,AV CONCRIS,,SUBURBIO,COLISÃO TRANSVERSAL,1,0,0,0,0,0,0,1,0,0,0,,,,,,,,,
2023-04-14 00:00:00,01:19:00,COM VÍTIMA,APIPUCOS,RUA DE APIPUCOS,,,COLISÃO TRASEIRA,1,1,0,0,0,0,0,0,0,1,0,,,,,,,,,
2023-04-14 00:00:00,08:23:00,COM VÍTIMA,DOIS IRMÃOS,RUA MANUEL DE MEDEIROS,,SUBURBIO,COLISÃO LATERAL,0,1,0,0,0,0,1,0,0,1,0,,,,,,,,,
2023-04-15 00:00:00,11:24:00,COM VÍTIMA,ROSARINHO,AV SANTOS DUMONT,,,COLISÃO LATERAL,1,1,0,0,0,0,0,0,0,1,0,,,,,,,,,
2023-04-15 00:00:00,11:46:00,COM VÍTIMA,AFOGADOS,RUA SAO MIGUEL,,,COLISÃO LATERAL,1,1,0,0,0,0,0,0,0,1,0,,,,,,,,,
2023-04-15 00:00:00,01:52:00,COM VÍTIMA,JOANA BEZERRA,AV SUL,,,COLISÃO LATERAL,0,1,0,0,0,1,0,0,0,1,0,,,,,,,,,
2023-04-15 00:00:00,07:51:00,COM VÍTIMA,PINA,AVENIDA CELSO FURTADO (VIA MANGUE),,,COLISÃO TRASEIRA,1,1,0,0,0,0,0,0,0,1,0,,,,,,,,,
2023-04-15 00:00:00,10:01:00,COM VÍTIMA,BOA VIAGEM,RUA DEZ DE JULHO,,,COLISÃO TRANSVERSAL,1,1,0,0,0,0,0,0,0,2,0,,,,,,,,,
2023-04-16 00:00:00,01:02:00,SEM VÍTIMA,IMBIRIBEIRA,AV MARECHAL MASCARENHAS DE MORAES,396,CIDADE,COLISÃO TRANSVERSAL,1,0,0,0,0,1,0,0,0,0,0,,,,,,,,,
2023-04-16 00:00:00,08:31:00,COM VÍTIMA,IPUTINGA,AV CAXANGA,,,COLISÃO TRASEIRA,1,1,0,0,0,0,0,0,0,2,0,,,,,,,,,
2023-04-16 00:00:00,01:36:00,COM VÍTIMA,IMBIRIBEIRA,AV MARECHAL MASCARENHAS DE MORAES,,,COLISÃO TRASEIRA,1,1,0,0,0,0,0,0,0,1,0,,,,,,,,,
2023-04-16 00:00:00,03:07:00,COM VÍTIMA,IBURA,AV JORNALISTA COSTA PORTO,,,COLISÃO FRONTAL,0,1,0,0,0,1,0,0,0,1,0,,,,,,,,,
2023-04-16 00:00:00,03:20:00,SEM VÍTIMA,DERBY,AV GOVERNADOR AGAMENON MAGALHAES,,SUBURBIO,COLISÃO TRASEIRA,2,0,0,0,0,0,0,0,0,0,0,,,,,,,,,
2023-04-16 00:00:00,05:30:00,SEM VÍTIMA,BOA VIAGEM,AV CONSELHEIRO AGUIAR,,,COLISÃO LATERAL,1,0,0,0,0,1,0,0,0,0,0,,,,,,,,,
2023-04-16 00:00:00,05:56:00,COM VÍTIMA,VÁRZEA,RUA MARIO CAMPELO,,,COLISÃO FRONTAL,1,1,0,0,0,0,0,0,0,2,0,,,,,,,,,
2023-04-16 00:00:00,10:55:00,SEM VÍTIMA,IPUTINGA,RUA LEAL DE BARROS,,,COLISÃO TRASEIRA,2,1,0,0,0,0,0,0,0,0,0,,,,,,,,,
2023-04-16 00:00:00,11:38:00,SEM VÍTIMA,BOA VIAGEM,AV ANTONIO DE GOES,,,COLISÃO LATERAL,2,0,0,0,0,0,0,0,0,0,0,,,,,,,,,
2023-04-17 00:00:00,06:55:00,COM VÍTIMA,IPSEP,RUA JEAN EMILE FAVRE,,,COLISÃO LATERAL,1,1,0,0,0,0,0,0,0,1,0,,,,,,,,,
2023-04-17 00:00:00,07:32:00,COM VÍTIMA,IPSEP,AV RECIFE,,,COLISÃO TRASEIRA,1,1,0,0,0,0,0,0,0,1,0,,,,,,,,,
2023-04-17 00:00:00,08:02:00,COM VÍTIMA,ESTÂNCIA,AV DR JOSE RUFINO,,,COLISÃO TRASEIRA,1,1,0,0,0,0,0,0,0,1,0,,,,,,,,,
2023-04-17 00:00:00,08:26:00,SEM VÍTIMA,BOA VIAGEM,AV CONSELHEIRO AGUIAR,,,COLISÃO LATERAL,2,0,0,0,0,0,0,0,0,0,0,,,,,,,,,
2023-04-17 00:00:00,11:11:00,COM VÍTIMA,ENCRUZILHADA,EST DE BELEM,,,COLISÃO LATERAL,1,1,0,0,0,0,0,0,0,1,0,,,,,,,,,
2023-04-17 00:00:00,12:14:00,COM VÍTIMA,SANTO AMARO,AV GOVERNADOR AGAMENON MAGALHAES,,,COLISÃO TRASEIRA,1,1,0,0,0,0,0,0,0,2,0,,,,,,,,,
2023-04-17 00:00:00,01:18:00,COM VÍTIMA,IMBIRIBEIRA,VIADUTO TANCREDO NEVES,,,QUEDA,1,1,0,0,0,0,0,0,0,1,0,,,,,,,,,
2023-04-17 00:00:00,04:35:00,SEM VÍTIMA,SÃO JOSÉ,RUA CORACAO DE MARIA,,SUBURBIO,,1,0,0,0,0,0,0,1,0,0,0,,,,,,,,,
2023-04-17 00:00:00,06:43:00,COM VÍTIMA,BOA VISTA,AV MANOEL BORBA,,,COLISÃO TRASEIRA,1,1,0,0,0,0,0,0,0,1,0,,,,,,,,,
2023-04-17 00:00:00,07:31:00,COM VÍTIMA,IPSEP,RUA HELIO BRANDAO,,,COLISÃO LATERAL,1,1,0,0,0,0,0,0,0,1,0,,,,,,,,,
2023-04-18 00:00:00,07:12:00,COM VÍTIMA,ENCRUZILHADA,AV BEBERIBE,,,QUEDA,0,1,0,0,0,0,0,0,0,1,0,,,,,,,,,
2023-04-18 00:00:00,09:16:00,COM VÍTIMA,CORDEIRO,EST DO FORTE DO ARRAIAL N. DO B. JESUS,,,COLISÃO LATERAL,1,1,0,0,0,0,0,0,0,1,0,,,,,,,,,
2023-04-18 00:00:00,04:30:00,COM VÍTIMA,BOA VISTA,AV CONDE DA BOA VISTA,,,COLISÃO FRONTAL,1,1,0,0,0,0,0,0,0,1,0,,,,,,,,,
2023-04-19 00:00:00,07:05:00,COM VÍTIMA,BOA VIAGEM,RUA DES JOAO PAES,,,COLISÃO FRONTAL,1,1,0,0,0,0,0,0,0,2,0,,,,,,,,,
2023-04-19 00:00:00,10:57:00,COM VÍTIMA,IMBIRIBEIRA,AV PRESIDENTE DUTRA,,,QUEDA,0,1,0,0,0,0,0,0,0,1,0,,,,,,,,,
2023-04-19 00:00:00,11:10:00,COM VÍTIMA,IPSEP,AV RECIFE,319,,COLISÃO TRASEIRA,1,1,0,0,0,0,0,0,0,1,0,,,,,,,,,
2023-04-19 00:00:00,12:37:00,COM VÍTIMA,MONTEIRO,AV DEZESSETE DE AGOSTO,,,COLISÃO LATERAL,1,1,0,0,0,0,0,0,0,1,0,,,,,,,,,
2023-04-19 00:00:00,02:36:00,COM VÍTIMA,DERBY,AV GOVERNADOR AGAMENON MAGALHAES,,,COLISÃO LATERAL,2,1,0,0,0,0,0,0,0,1,0,,,,,,,,,
2023-04-19 00:00:00,02:36:00,COM VÍTIMA,IMBIRIBEIRA,AV MARECHAL MASCARENHAS DE MORAES,,,COLISÃO TRASEIRA,1,0,0,0,0,0,0,1,0,1,0,,,,,,,,,
2023-04-19 00:00:00,05:05:00,COM VÍTIMA,DERBY,AV GOVERNADOR AGAMENON MAGALHAES,,,COLISÃO TRASEIRA,1,1,0,0,0,0,0,0,0,1,0,,,,,,,,,
2023-04-19 00:00:00,05:28:00,COM VÍTIMA,IMBIRIBEIRA,AV MARECHAL MASCARENHAS DE MORAES,,,QUEDA,0,0,0,0,0,0,0,0,0,1,0,,,,,,,,,
2023-04-19 00:00:00,05:43:00,SEM VÍTIMA,ILHA JOANA BEZERRA,AV BEIRA RIO,,SUBURBIO,,1,1,0,0,0,0,0,0,0,0,0,,,,,,,,,
2023-04-19 00:00:00,05:48:00,COM VÍTIMA,PINA,AV ENGENHEIRO DOMINGOS FERREIRA,,,COLISÃO LATERAL,1,1,0,0,0,0,0,0,0,1,0,,,,,,,,,
2023-04-19 00:00:00,08:06:00,COM VÍTIMA,VASCO DA GAMA,RUA ALTO DO EUCALIPTO,,,COLISÃO LATERAL,1,1,0,0,0,0,0,0,0,2,0,,,,,,,,,
2023-04-20 00:00:00,06:45:00,COM VÍTIMA,SANTO AMARO,AV GOVERNADOR AGAMENON MAGALHAES,,,COLISÃO LATERAL,0,1,0,0,0,1,0,0,0,2,0,,,,,,,,,
2023-04-20 00:00:00,07:19:00,COM VÍTIMA,BONGI,AV ENGENHEIRO ABDIAS DE CARVALHO,,CIDADE,CHOQUE,1,0,0,0,0,1,0,0,0,1,0,,,,,,,,,
2023-04-20 00:00:00,07:57:00,COM VÍTIMA,TAMARINEIRA,AV CONS ROSA E SILVA,,,COLISÃO FRONTAL,1,1,0,0,0,0,0,0,0,1,0,,,,,,,,,
2023-04-20 00:00:00,09:32:00,SEM VÍTIMA,TOTÓ,RUA APRIGIO GUIMARAES,,,COLISÃO FRONTAL,0,1,0,0,0,0,0,1,0,0,0,,,,,,,,,
2023-04-20 00:00:00,11:59:00,COM VÍTIMA,SAN MARTIN,AV ENGENHEIRO ABDIAS DE CARVALHO,,,COLISÃO LATERAL,1,1,0,0,0,0,0,0,0,1,0,,,,,,,,,
2023-04-20 00:00:00,02:30:00,SEM VÍTIMA,TAMARINEIRA,RUA CONEGO BARATA,,,COLISÃO TRASEIRA,1,0,0,0,0,0,0,1,0,0,0,,,,,,,,,
2023-04-20 00:00:00,04:33:00,COM VÍTIMA,JARDIM SÃO PAULO,AV RECIFE,,,COLISÃO LATERAL,1,1,0,0,0,0,0,0,0,1,0,,,,,,,,,
2023-04-20 00:00:00,04:45:00,COM VÍTIMA,CORDEIRO,AV CAXANGA,,SUBURBIO,COLISÃO TRASEIRA,0,2,0,0,0,0,0,0,0,2,0,,,,,,,,,
2023-04-20 00:00:00,05:29:00,COM VÍTIMA,BOA VIAGEM,AV DES JOSE NEVES,567,,ATROPELAMENTO DE PESSOA,1,0,0,0,1,0,0,0,0,1,0,,,,,,,,,
2023-04-20 00:00:00,06:16:00,SEM VÍTIMA,DERBY,PRC DO DERBY,,,COLISÃO LATERAL,0,0,0,0,0,0,0,0,0,0,0,,,,,,,,,
2023-04-20 00:00:00,06:18:00,COM VÍTIMA,AREIAS,AV DR JOSE RUFINO,,,COLISÃO LATERAL,0,2,0,0,0,0,0,0,0,2,0,,,,,,,,,
2023-04-21 00:00:00,01:47:00,COM VÍTIMA,CAMPO GRANDE,RUA JERONIMO VILELA,,,COLISÃO FRONTAL,0,1,0,0,0,1,0,0,0,1,0,,,,,,,,,
2023-04-21 00:00:00,12:54:00,COM VÍTIMA,MADALENA,RUA ARLINDO GOUVEIA,,,COLISÃO FRONTAL,1,1,0,0,0,0,0,0,0,1,0,,,,,,,,,
2023-04-21 00:00:00,02:06:00,COM VÍTIMA,CAXANGÁ,AV CAXANGA,,,COLISÃO LATERAL,1,1,0,0,0,0,0,0,0,1,0,,,,,,,,,
2023-04-21 00:00:00,02:49:00,COM VÍTIMA,CAXANGÁ,AV CAXANGA,,,COLISÃO LATERAL,0,2,0,0,0,0,0,0,0,1,0,,,,,,,,,
2023-04-21 00:00:00,08:23:00,COM VÍTIMA,CORDEIRO,AV GENERAL SAN MARTIN,,,COLISÃO LATERAL,1,2,0,0,0,0,0,0,0,3,0,,,,,,,,,
2023-04-22 00:00:00,09:39:00,COM VÍTIMA,SANTO ANTÔNIO,AV GUARARAPES,,,COLISÃO FRONTAL,1,1,0,0,0,0,0,0,0,1,0,,,,,,,,,
2023-04-22 00:00:00,10:43:00,COM VÍTIMA,ILHA DO LEITE,RUA GENERAL JOAQUIM INACIO,,,COLISÃO LATERAL,1,1,0,0,0,0,0,0,0,1,0,,,,,,,,,
2023-04-22 00:00:00,04:03:00,COM VÍTIMA,ÁGUA FRIA,EST VELHA DE AGUA FRIA,,,COLISÃO LATERAL,1,0,0,0,0,0,0,0,0,1,0,,,,,,,,,
2023-04-22 00:00:00,04:20:00,COM VÍTIMA,ESPINHEIRO,RUA QUARENTA E OITO,,,COLISÃO LATERAL,1,2,0,0,0,0,0,0,0,1,0,,,,,,,,,
2023-04-22 00:00:00,04:51:00,SEM VÍTIMA,MADALENA,AV ENGENHEIRO ABDIAS DE CARVALHO,,CIDADE,,0,1,0,0,0,0,0,1,0,0,0,,,,,,,,,
2023-04-22 00:00:00,05:18:00,COM VÍTIMA,IMBIRIBEIRA,RUA JOSE DA SILVA LUCENA,,,COLISÃO FRONTAL,2,0,0,0,0,0,0,0,0,1,0,,,,,,,,,
2023-04-22 00:00:00,05:21:00,COM VÍTIMA,PINA,RUA MANOEL DE BRITO,,,QUEDA,0,1,0,0,0,0,0,0,0,1,0,,,,,,,,,
2023-04-22 00:00:00,08:42:00,SEM VÍTIMA,MANGUEIRA,AV CENTRAL,,CIDADE,CHOQUE,0,0,0,0,0,0,0,1,0,0,0,,,,,,,,,
2023-04-22 00:00:00,10:50:00,COM VÍTIMA,IPSEP,RUA JEAN EMILE FAVRE,70,,COLISÃO TRASEIRA,1,0,0,1,0,1,0,0,0,1,0,,,,,,,,,
2023-04-23 00:00:00,12:07:00,COM VÍTIMA,AREIAS,AV TAPAJOS,620,,COLISÃO FRONTAL,0,2,0,0,0,0,0,0,0,3,0,,,,,,,,,
2023-04-23 00:00:00,01:33:00,COM VÍTIMA,JARDIM SÃO PAULO,AV RECIFE,,,COLISÃO LATERAL,1,1,0,0,0,0,0,0,0,1,0,,,,,,,,,
2023-04-23 00:00:00,02:05:00,COM VÍTIMA,IBURA,RUA VALE DO ITAJAI,,,COLISÃO LATERAL,1,1,0,0,0,0,0,0,0,1,0,,,,,,,,,
2023-04-23 00:00:00,03:03:00,COM VÍTIMA,DOIS IRMÃOS,RUA DOIS IRMAOS,535,,COLISÃO COM CICLISTA,1,0,0,1,0,0,0,0,0,1,0,,,,,,,,,
2023-04-24 00:00:00,05:31:00,COM VÍTIMA,AFOGADOS,PTE DO MOTOCOLOMBO,,CIDADE,COLISÃO FRONTAL,0,0,0,0,0,0,0,0,0,1,0,,,,,,,,,
2023-04-24 00:00:00,05:44:00,SEM VÍTIMA,AREIAS,RUA DOS PRAZERES,,,APOIO CELPE,0,0,0,0,0,0,0,0,0,0,0,,,,,,,,,
2023-04-24 00:00:00,06:22:00,SEM VÍTIMA,DERBY,RUA JENER DE SOUZA,,,,1,0,0,0,0,1,0,0,0,0,0,,,,,,,,,
2023-04-24 00:00:00,07:55:00,COM VÍTIMA,PINA,RUA MANOEL DE BRITO,,,QUEDA,0,1,0,0,0,0,0,0,0,1,0,,,,,,,,,
2023-04-24 00:00:00,09:08:00,COM VÍTIMA,TORRÕES,AV ENGENHEIRO ABDIAS DE CARVALHO,,,COLISÃO FRONTAL,2,1,0,0,0,0,0,0,0,2,0,,,,,,,,,
2023-04-24 00:00:00,12:48:00,COM VÍTIMA,IMBIRIBEIRA,RUA ARQUITETO LUIZ NUNES,,,COLISÃO LATERAL,0,1,0,0,0,0,1,0,0,1,0,,,,,,,,,
2023-04-24 00:00:00,02:02:00,COM VÍTIMA,ILHA DO LEITE,RUA MARQUES AMORIM,,,COLISÃO FRONTAL,1,1,0,0,0,0,0,0,0,2,0,,,,,,,,,
2023-04-24 00:00:00,02:58:00,COM VÍTIMA,IMBIRIBEIRA,AV MARECHAL MASCARENHAS DE MORAES,290,,CHOQUE,0,0,0,0,0,0,0,0,0,1,0,,,,,,,,,
2023-04-24 00:00:00,04:05:00,COM VÍTIMA,JOANA BEZERRA,AV GOVERNADOR AGAMENON MAGALHAES,,OLINDA,QUEDA,0,1,0,0,0,0,0,0,0,2,0,,,,,,,,,
2023-04-24 00:00:00,04:46:00,COM VÍTIMA,AREIAS,AV RECIFE,,,COLISÃO TRASEIRA,0,1,0,0,0,1,0,0,0,1,0,,,,,,,,,
2023-04-24 00:00:00,04:53:00,COM VÍTIMA,IMBIRIBEIRA,AV MARECHAL MASCARENHAS DE MORAES,,,COLISÃO LATERAL,1,1,0,0,0,0,0,0,0,1,0,,,,,,,,,
2023-04-24 00:00:00,05:32:00,COM VÍTIMA,BOA VIAGEM,AV BOA VIAGEM,,,COLISÃO TRASEIRA,1,1,0,0,0,0,0,0,0,1,0,,,,,,,,,
2023-04-24 00:00:00,05:40:00,COM VÍTIMA,DERBY,RUA FELICIANO GOMES,,,COLISÃO LATERAL,1,1,0,0,0,0,0,0,0,1,0,,,,,,,,,
2023-04-24 00:00:00,05:52:00,COM VÍTIMA,DOIS IRMÃOS,RUA DOIS IRMAOS,,,COLISÃO LATERAL,0,1,0,0,0,0,1,0,0,1,0,,,,,,,,,
2023-04-24 00:00:00,06:37:00,COM VÍTIMA,TAMARINEIRA,RUA CONEGO BARATA,,SUBURBIO,ATROPELAMENTO DE PESSOA,0,0,0,0,1,1,0,0,0,1,0,,,,,,,,,
2023-04-25 00:00:00,06:33:00,COM VÍTIMA,JARDIM SÃO PAULO,AV CENTRAL,,,COLISÃO COM CICLISTA,0,0,0,1,0,1,0,0,0,1,0,,,,,,,,,
2023-04-25 00:00:00,07:29:00,SEM VÍTIMA,BOMBA DO HEMETÉRIO,RUA PROFESSOR JOSE AMARINO DOS REIS,,,CAPOTAMENTO,1,0,0,0,0,0,0,0,0,0,0,,,,,,,,,