data,hora,natureza,bairro,endereco,num_semaforo,sentido_via,tipo,auto,moto,ciclom,ciclista,pedestre,onibus,caminhao,viatura,outros,vitimas,vitimasfatais,acidente_verificado,tempo_clima,sinalizacao,condicao_via,conservacao_via,situacao_placa,velocidade_max_via,mao_direcao,divisao_via1
2023-04-25 00:00:00,07:20:00,COM VÍTIMA,ILHA JOANA BEZERRA,RUA IBIPORA,,,ATROPELAMENTO DE PESSOA,0,0,0,0,1,1,0,0,0,1,0,,,,,,,,,
2023-04-25 00:00:00,08:33:00,COM VÍTIMA,ESTÂNCIA,AV DR JOSE RUFINO,,,COLISÃO LATERAL,1,1,0,0,0,0,0,0,0,1,0,,,,,,,,,
2023-04-25 00:00:00,08:59:00,SEM VÍTIMA,GRAÇAS,AV RUI BARBOSA,,,,1,0,0,0,0,0,0,1,0,0,0,,,,,,,,,
2023-04-25 00:00:00,09:42:00,SEM VÍTIMA,SANTO AMARO,RUA VINTE E QUATRO DE AGOSTO,,,,2,0,0,0,0,0,0,0,0,0,0,,,,,,,,,
2023-04-25 00:00:00,09:44:00,COM VÍTIMA,TORRÕES,AV ENGENHEIRO ABDIAS DE CARVALHO,,,COLISÃO TRASEIRA,1,1,0,0,0,0,0,0,0,1,0,,,,,,,,,
2023-04-25 00:00:00,11:03:00,COM VÍTIMA,CASA AMARELA,AV NORTE MIGUEL ARRAES DE ALENCAR,,,ATROPELAMENTO DE PESSOA,1,0,0,0,1,0,0,0,0,1,0,,,,,,,,,
2023-04-25 00:00:00,03:56:00,COM VÍTIMA,SANTO AMARO,AV NORTE MIGUEL ARRAES DE ALENCAR,,,COLISÃO COM CICLISTA,1,0,0,1,0,0,0,0,0,1,0,,,,,,,,,
2023-04-25 00:00:00,04:12:00,SEM VÍTIMA,SANTO AMARO,AV JOAO DE BARROS,,CIDADE,,0,1,0,0,0,0,0,1,0,0,0,,,,,,,,,
2023-04-25 00:00:00,05:18:00,COM VÍTIMA,BONGI,AV ENGENHEIRO ABDIAS DE CARVALHO,,,COLISÃO LATERAL,1,1,0,0,0,0,0,0,0,2,0,,,,,,,,,
2023-04-25 00:00:00,07:32:00,COM VÍTIMA,APIPUCOS,RUA DE APIPUCOS,,,COLISÃO LATERAL,1,1,0,0,0,0,0,0,0,1,0,,,,,,,,,
2023-04-26 00:00:00,05:42:00,SEM VÍTIMA,AREIAS,RUA DOS PRAZERES,,,APOIO CELPE,0,0,0,0,0,0,0,0,0,0,0,,,,,,,,,
2023-04-26 00:00:00,07:37:00,COM VÍTIMA,SÃO JOSÉ,AV SUL,,,COLISÃO TRASEIRA,1,1,0,0,0,0,0,0,0,1,0,,,,,,,,,
2023-04-26 00:00:00,08:31:00,SEM VÍTIMA,VÁRZEA,RUA DONA MARIA LACERDA,,SUBURBIO,COLISÃO TRANSVERSAL,2,0,0,0,0,0,0,0,0,0,0,,,,,,,,,
2023-04-26 00:00:00,09:20:00,COM VÍTIMA,IMBIRIBEIRA,AV MARECHAL MASCARENHAS DE MORAES,396,,COLISÃO LATERAL,1,1,0,0,0,0,0,0,0,1,0,,,,,,,,,
2023-04-26 00:00:00,09:50:00,COM VÍTIMA,AFOGADOS,RUA SAO MIGUEL,,,COLISÃO LATERAL,1,1,0,0,0,0,0,0,0,1,0,,,,,,,,,
2023-04-26 00:00:00,12:57:00,COM VÍTIMA,TORRE,RUA EMILIANO BRAGA,,,COLISÃO LATERAL,0,1,0,0,0,1,0,0,0,1,0,,,,,,,,,
2023-04-26 00:00:00,12:57:00,COM VÍTIMA,TORRE,RUA SOUZA BANDEIRA,448,,COLISÃO LATERAL,1,1,0,0,0,0,0,0,0,2,0,,,,,,,,,
2023-04-26 00:00:00,01:04:00,COM VÍTIMA,TORRE,RUA SOUZA BANDEIRA,,,COLISÃO LATERAL,1,1,0,0,0,0,0,0,0,1,0,,,,,,,,,
2023-04-26 00:00:00,02:53:00,COM VÍTIMA,BOA VIAGEM,RUA CAMBOIM,,,COLISÃO FRONTAL,2,0,0,0,0,0,0,0,0,1,0,,,,,,,,,
2023-04-26 00:00:00,03:44:00,SEM VÍTIMA,SANTO AMARO,RUA TREZE DE MAIO,427,SUBURBIO,COLISÃO TRANSVERSAL,1,0,0,0,0,0,0,1,0,0,0,,,,,,,,,
2023-04-26 00:00:00,04:10:00,SEM VÍTIMA,BOA VIAGEM,AV VINTE E TRES DE OUTUBRO,,CIDADE,COLISÃO TRANSVERSAL,2,0,0,0,0,0,0,0,0,0,0,,,,,,,,,
2023-04-26 00:00:00,07:38:00,SEM VÍTIMA,MADALENA,EST DOS REMEDIOS,353,CIDADE,COLISÃO TRASEIRA,0,0,0,0,0,1,0,1,0,0,0,,,,,,,,,
2023-04-26 00:00:00,09:43:00,COM VÍTIMA,BOA VISTA,RUA DOM BOSCO,,,COLISÃO FRONTAL,1,1,0,0,0,0,0,0,0,1,0,,,,,,,,,
2023-04-27 00:00:00,07:48:00,COM VÍTIMA,JOANA BEZERRA,AV BEIRA RIO,,,COLISÃO LATERAL,1,1,0,0,0,0,0,0,0,1,0,,,,,,,,,
2023-04-27 00:00:00,09:59:00,COM VÍTIMA,VÁRZEA,RUA TAMBIA,,,CHOQUE,0,0,0,0,1,0,1,0,0,1,0,,,,,,,,,
2023-04-27 00:00:00,10:13:00,COM VÍTIMA,BAIRRO DO RECIFE,RUA MADRE DEUS,,,COLISÃO LATERAL,1,2,0,0,0,0,0,0,0,2,0,,,,,,,,,
2023-04-27 00:00:00,10:49:00,COM VÍTIMA,PARNAMIRIM,RUA PADRE ROMA,,,COLISÃO LATERAL,1,1,0,0,0,0,0,0,0,1,0,,,,,,,,,
2023-04-27 00:00:00,01:55:00,COM VÍTIMA,CAMPO GRANDE,RUA JERONIMO VILELA,282,,COLISÃO COM CICLISTA,0,1,0,1,0,0,0,0,0,1,0,,,,,,,,,
2023-04-27 00:00:00,04:57:00,COM VÍTIMA,ENCRUZILHADA,AV BEBERIBE,,,COLISÃO TRASEIRA,1,1,0,0,0,0,0,0,0,1,0,,,,,,,,,
2023-04-27 00:00:00,05:35:00,COM VÍTIMA,VASCO DA GAMA,RUA VASCO DA GAMA,,,COLISÃO FRONTAL,1,2,0,0,0,0,0,0,0,2,0,,,,,,,,,
2023-04-27 00:00:00,10:19:00,COM VÍTIMA,IBURA,RUA EXP FRANCISCO VITORIANO,,,COLISÃO LATERAL,1,1,0,1,0,0,0,0,0,1,0,,,,,,,,,
2023-04-28 00:00:00,08:51:00,COM VÍTIMA,TORREÃO,AV GOVERNADOR AGAMENON MAGALHAES,,BOA VIAGEM,COLISÃO LATERAL,2,1,0,0,0,0,0,0,0,1,0,,,,,,,,,
2023-04-28 00:00:00,08:53:00,COM VÍTIMA,APIPUCOS,AV DEZESSETE DE AGOSTO,251,,COLISÃO COM CICLISTA,1,0,0,1,0,0,0,0,0,1,0,,,,,,,,,
2023-04-28 00:00:00,09:26:00,COM VÍTIMA,TAMARINEIRA,EST DO ARRAIAL,,,,0,1,0,0,0,0,0,0,0,1,0,,,,,,,,,
2023-04-28 00:00:00,09:27:00,COM VÍTIMA,SAN MARTIN,AV GENERAL SAN MARTIN,85,,COLISÃO TRANSVERSAL,1,1,0,0,0,0,0,0,1,1,0,,,,,,,,,
2023-04-28 00:00:00,11:02:00,COM VÍTIMA,AREIAS,AV RECIFE,,,COLISÃO LATERAL,1,1,0,0,0,0,0,0,0,1,0,,,,,,,,,
2023-04-28 00:00:00,11:11:00,COM VÍTIMA,IPUTINGA,AV CAXANGA,,SUBURBIO,,0,1,0,0,0,0,0,0,0,1,0,,,,,,,,,
2023-04-28 00:00:00,02:32:00,COM VÍTIMA,BOA VIAGEM,RUA PADRE BERNADINO PESSOA,,,COLISÃO FRONTAL,1,1,0,0,0,0,0,0,0,1,0,,,,,,,,,
2023-04-28 00:00:00,02:54:00,COM VÍTIMA,IMBIRIBEIRA,AV MARECHAL MASCARENHAS DE MORAES,,,COLISÃO LATERAL,1,1,0,0,0,0,0,0,0,1,0,,,,,,,,,
2023-04-28 00:00:00,03:06:00,COM VÍTIMA,BOA VISTA,RUA PADRE INGLES,,,,0,1,0,0,0,0,0,0,0,1,0,,,,,,,,,
2023-04-19 00:00:00,01:30:00,COM VÍTIMA,DERBY,AV GOVERNADOR AGAMENON MAGALHAES,,SUBURBIO,COLISÃO LATERAL,0,1,0,0,0,0,0,0,0,1,0,,,,,,,,,
2023-04-28 00:00:00,04:31:00,COM VÍTIMA,CAJUEIRO,AV SEBASTIAO SALAZAR,,,,0,1,0,0,0,0,0,0,0,2,0,,,,,,,,,
2023-04-28 00:00:00,05:57:00,COM VÍTIMA,TAMARINEIRA,RUA VISCONDE DE ABAETE,,,COLISÃO FRONTAL,2,0,0,0,0,0,0,0,0,1,0,,,,,,,,,
2023-04-28 00:00:00,06:09:00,COM VÍTIMA,IBURA,AV DOIS RIOS,,,COLISÃO LATERAL,1,1,0,0,0,0,0,0,0,1,0,,,,,,,,,
2023-04-28 00:00:00,06:56:00,COM VÍTIMA,BOA VISTA,RUA DA AURORA,,,COLISÃO TRASEIRA,1,1,0,0,0,0,0,0,0,1,0,,,,,,,,,
2023-04-28 00:00:00,10:58:00,COM VÍTIMA,PORTO DA MADEIRA,AV BEBERIBE,,,CHOQUE,0,0,0,0,0,0,0,0,0,1,0,,,,,,,,,
2023-04-28 00:00:00,11:23:00,COM VÍTIMA,SANCHO,AV LIBERDADE,,,COLISÃO FRONTAL,1,1,0,0,0,0,0,0,0,1,0,,,,,,,,,
2023-04-29 00:00:00,06:35:00,SEM VÍTIMA,PRADO,AV ENGENHEIRO ABDIAS DE CARVALHO,132,CIDADE,COLISÃO TRANSVERSAL,3,0,0,0,0,0,0,0,0,0,0,,,,,,,,,
2023-04-29 00:00:00,07:56:00,COM VÍTIMA,JAQUEIRA,AV CONS ROSA E SILVA,,,CHOQUE,2,0,0,0,0,0,0,0,0,1,0,,,,,,,,,
2023-04-29 00:00:00,07:58:00,COM VÍTIMA,ILHA DO LEITE,AV FREI MATIAS TEVES,,,COLISÃO LATERAL,1,1,0,0,0,0,0,0,0,2,0,,,,,,,,,
2023-04-29 00:00:00,11:43:00,COM VÍTIMA,CORDEIRO,RUA AMBROSIO MACHADO,,,COLISÃO LATERAL,1,1,0,0,0,0,0,0,0,2,0,,,,,,,,,
2023-04-29 00:00:00,01:05:00,COM VÍTIMA,BOA VIAGEM,RUA GENERAL EDSON AMANCIO RAMALHO,,,COLISÃO TRASEIRA,1,1,0,0,0,0,0,0,0,1,0,,,,,,,,,
2023-04-29 00:00:00,02:54:00,COM VÍTIMA,ARRUDA,AV PROFESSOR JOSE DOS ANJOS,,,COLISÃO LATERAL,1,1,0,0,0,0,0,0,0,1,0,,,,,,,,,
2023-04-29 00:00:00,04:35:00,SEM VÍTIMA,TORREÃO,RUA DOM JOAO COSTA,,,COLISÃO LATERAL,1,1,0,0,0,0,0,0,0,0,0,,,,,,,,,
2023-04-30 00:00:00,06:53:00,COM VÍTIMA,CASA AMARELA,EST DO ARRAIAL,,,CHOQUE,0,1,0,0,0,0,0,0,0,2,0,,,,,,,,,
2023-04-30 00:00:00,10:07:00,COM VÍTIMA,BOA VIAGEM,AV ENGENHEIRO DOMINGOS FERREIRA,,,COLISÃO TRANSVERSAL,1,1,0,0,0,0,0,0,0,1,0,,,,,,,,,
2023-04-30 00:00:00,11:25:00,COM VÍTIMA,SAN MARTIN,AV GENERAL SAN MARTIN,,,COLISÃO TRASEIRA,1,1,0,0,0,0,0,0,0,1,0,,,,,,,,,
2023-04-30 00:00:00,11:42:00,COM VÍTIMA,BOA VIAGEM,AVENIDA CELSO FURTADO (VIA MANGUE),,,COLISÃO LATERAL,2,0,0,0,0,0,0,0,0,1,0,,,,,,,,,
2023-05-01 00:00:00,11:21:00,SEM VÍTIMA,DOIS UNIDOS,AV HILDEBRANDO DE VASCONCELOS,,,COLISÃO FRONTAL,1,1,0,0,0,0,0,0,0,0,0,,,,,,,,,
2023-05-01 00:00:00,12:51:00,COM VÍTIMA,TORRE,RUA CONDE DE IRAJA,,,CHOQUE,2,0,0,0,0,0,0,0,0,1,0,,,,,,,,,
2023-05-01 00:00:00,05:07:00,COM VÍTIMA,IBURA,RUA VALE DO ITAJAI,,,ATROPELAMENTO DE PESSOA,1,0,0,0,1,0,0,0,0,2,0,,,,,,,,,
2023-05-01 00:00:00,05:32:00,COM VÍTIMA,IMBIRIBEIRA,AV MARECHAL MASCARENHAS DE MORAES,,,ATROPELAMENTO DE PESSOA,1,0,0,0,1,0,0,0,0,1,0,,,,,,,,,
2023-05-01 00:00:00,06:01:00,COM VÍTIMA,IPUTINGA,AV MAURICIO DE NASSAU,,,COLISÃO LATERAL,1,1,0,0,0,0,0,0,0,2,0,,,,,,,,,
2023-05-01 00:00:00,11:07:00,COM VÍTIMA,MADALENA,AV VISCONDE DE ALBUQUERQUE,,,COLISÃO TRANSVERSAL,1,1,0,0,0,0,0,0,0,2,0,,,,,,,,,
2023-05-02 00:00:00,08:24:00,COM VÍTIMA,IMBIRIBEIRA,AV GENERAL MAC ARTHUR,,,QUEDA,0,1,0,0,0,0,0,0,0,1,0,,,,,,,,,
2023-05-02 00:00:00,08:58:00,COM VÍTIMA,DOIS IRMÃOS,RUA PROF CLAUDIO SELVA,,,COLISÃO LATERAL,1,1,0,0,0,0,0,0,0,1,0,,,,,,,,,
2023-05-02 00:00:00,10:19:00,SEM VÍTIMA,DOIS IRMÃOS,RUA DOIS IRMAOS,,,APOIO CELPE,0,0,0,0,0,0,0,0,0,0,0,,,,,,,,,
2023-05-02 00:00:00,10:23:00,COM VÍTIMA,GRAÇAS,RUA ALBERTO PAIVA,,,COLISÃO TRASEIRA,1,1,0,0,0,0,0,0,0,1,0,,,,,,,,,
2023-05-02 00:00:00,04:31:00,COM VÍTIMA,AFOGADOS,RUA DA PAZ,,,COLISÃO LATERAL,0,1,0,0,0,0,1,0,0,1,0,,,,,,,,,
2023-05-02 00:00:00,05:01:00,COM VÍTIMA,BOA VIAGEM,AV CONSELHEIRO AGUIAR,,,COLISÃO LATERAL,1,1,0,0,0,0,0,0,0,2,0,,,,,,,,,
2023-05-02 00:00:00,05:11:00,COM VÍTIMA,BOA VIAGEM,AV DES JOSE NEVES,,SUBURBIO,COLISÃO LATERAL,0,2,0,0,0,0,0,0,0,1,0,,,,,,,,,
2023-05-02 00:00:00,06:18:00,COM VÍTIMA,SANTO AMARO,RUA TREZE DE MAIO,,,COLISÃO LATERAL,0,0,0,0,0,0,0,0,0,1,0,,,,,,,,,
2023-05-02 00:00:00,06:19:00,COM VÍTIMA,IBURA,AV DOIS RIOS,,,ATROPELAMENTO DE PESSOA,1,0,0,0,1,0,0,0,0,1,0,,,,,,,,,
2023-05-02 00:00:00,07:31:00,COM VÍTIMA,CAXANGÁ,AV CAXANGA,,,COLISÃO COM CICLISTA,1,0,0,1,0,0,0,0,0,1,0,,,,,,,,,
2023-05-02 00:00:00,07:47:00,COM VÍTIMA,CAMPO GRANDE,EST DE BELEM,,,COLISÃO TRASEIRA,0,1,0,0,0,0,0,0,1,1,0,,,,,,,,,
2023-05-02 00:00:00,09:05:00,SEM VÍTIMA,PAISSANDU,AV GOVERNADOR AGAMENON MAGALHAES,,SUBURBIO,,1,0,0,0,0,0,1,0,0,0,0,,,,,,,,,
2023-05-03 00:00:00,08:23:00,COM VÍTIMA,ENCRUZILHADA,EST DE BELEM,,,COLISÃO TRASEIRA,1,1,0,0,0,0,0,0,0,1,0,,,,,,,,,
2023-05-03 00:00:00,09:26:00,COM VÍTIMA,SANTO AMARO,AV NORTE MIGUEL ARRAES DE ALENCAR,,,COLISÃO FRONTAL,1,1,0,0,0,0,0,0,0,1,0,,,,,,,,,
2023-05-03 00:00:00,09:29:00,COM VÍTIMA,MADALENA,EST DOS REMEDIOS,,,COLISÃO LATERAL,0,2,0,0,0,0,0,0,0,2,0,,,,,,,,,
2023-05-03 00:00:00,11:40:00,SEM VÍTIMA,IMBIRIBEIRA,AV MARECHAL MASCARENHAS DE MORAES,,CIDADE,,2,0,0,0,0,0,0,0,0,0,0,,,,,,,,,
2023-05-03 00:00:00,12:10:00,COM VÍTIMA,BONGI,AV ENGENHEIRO ABDIAS DE CARVALHO,,,COLISÃO TRASEIRA,1,1,0,0,0,0,0,0,0,1,0,,,,,,,,,
2023-05-03 00:00:00,01:12:00,COM VÍTIMA,IPSEP,AV RECIFE,,,COLISÃO TRASEIRA,1,1,0,0,0,0,0,0,0,1,0,,,,,,,,,
2023-05-03 00:00:00,03:03:00,COM VÍTIMA,TEJIPIÓ,AV DR JOSE RUFINO,,SUB0,COLISÃO TRASEIRA,0,0,0,0,0,0,0,0,0,1,0,,,,,,,,,
2023-05-03 00:00:00,03:58:00,COM VÍTIMA,TEJIPIÓ,RUA PAPA JOAO VINTE E TRES,,,COLISÃO LATERAL,1,1,0,0,0,0,0,0,0,1,0,,,,,,,,,
2023-05-03 00:00:00,04:16:00,COM VÍTIMA,NOVA DESCOBERTA,AV VEREADOR OTACILIO AZEVEDO,,,COLISÃO FRONTAL,0,0,0,0,0,0,0,0,0,1,0,,,,,,,,,
2023-05-03 00:00:00,10:02:00,COM VÍTIMA,AREIAS,AV DR JOSE RUFINO,,,COLISÃO FRONTAL,1,1,0,0,0,0,0,0,0,1,0,,,,,,,,,
2023-05-04 00:00:00,06:26:00,SEM VÍTIMA,BOA VIAGEM,RUA WALDEMAR NERY CARNEIRO MONTEIRO,,,COLISÃO LATERAL,2,0,0,0,0,0,0,0,0,0,0,,,,,,,,,
2023-05-04 00:00:00,07:08:00,COM VÍTIMA,SANTO AMARO,AV CRUZ CABUGA,,,COLISÃO LATERAL,1,1,0,0,0,0,0,0,0,1,0,,,,,,,,,
2023-05-04 00:00:00,08:05:00,COM VÍTIMA,CAMPO GRANDE,RUA ESBERARD,,CIDADE,COLISÃO LATERAL,2,0,0,0,0,0,0,0,0,2,0,,,,,,,,,
2023-05-04 00:00:00,08:55:00,COM VÍTIMA,MACAXEIRA,AV NORTE MIGUEL ARRAES DE ALENCAR,,,COLISÃO TRASEIRA,0,1,0,0,0,1,0,0,0,2,0,,,,,,,,,
2023-05-04 00:00:00,10:07:00,SEM VÍTIMA,SÃO JOSÉ,RUA DA CONCORDIA,180,CIDADE,COLISÃO TRASEIRA,2,1,0,0,0,0,0,0,0,0,0,,,,,,,,,
2023-05-04 00:00:00,10:56:00,COM VÍTIMA,CAMPO GRANDE,RUA ODORICO MENDES,,,COLISÃO FRONTAL,1,1,0,0,0,0,0,0,0,1,0,,,,,,,,,
2023-05-04 00:00:00,12:36:00,COM VÍTIMA,MADALENA,RUA JOSE OSORIO,,,COLISÃO LATERAL,0,0,0,0,0,0,0,0,0,1,0,,,,,,,,,
2023-05-04 00:00:00,04:51:00,SEM VÍTIMA,IBURA,AV MARECHAL MASCARENHAS DE MORAES,,SUBURBIO,COLISÃO LATERAL,1,0,0,0,0,0,0,1,0,0,0,,,,,,,,,
2023-05-04 00:00:00,05:02:00,SEM VÍTIMA,BOA VIAGEM,RUA BRUNO VELOSO,,CIDADE,,2,1,0,0,0,0,0,0,0,0,0,,,,,,,,,
2023-05-04 00:00:00,05:11:00,COM VÍTIMA,BOA VIAGEM,AV ENGENHEIRO DOMINGOS FERREIRA,,,COLISÃO TRASEIRA,2,1,0,0,0,0,0,0,0,1,0,,,,,,,,,
2023-05-04 00:00:00,05:16:00,COM VÍTIMA,VARZEA,RUA RIBEIRO PESSOA,,,COLISÃO FRONTAL,1,1,0,0,0,0,0,0,0,1,0,,,,,,,,,
2023-05-04 00:00:00,05:17:00,SEM VÍTIMA,JARDIM SAO PAULO,RUA LEANDRO BARRETO,,,COLISÃO TRASEIRA,2,0,0,0,0,0,1,0,0,0,0,,,,,,,,,
2023-05-04 00:00:00,05:46:00,COM VÍTIMA,AGUA FRIA,EST VELHA DE AGUA FRIA,,,COLISÃO LATERAL,0,1,0,0,0,1,0,0,0,1,0,,,,,,,,,
2023-05-04 00:00:00,06:30:00,COM VÍTIMA,PORTO DA MADEIRA,RUA DALVA DE OLIVEIRA,,,COLISÃO LATERAL,1,1,0,0,0,0,0,0,0,2,0,,,,,,,,,
2023-05-05 00:00:00,07:21:00,COM VÍTIMA,CAMPO GRANDE,RUA JERONIMO VILELA,642,,COLISÃO FRONTAL,0,1,0,0,0,0,1,0,0,1,0,,,,,,,,,
2023-05-05 00:00:00,07:31:00,SEM VÍTIMA,CORDEIRO,AV CAXANGA,,CIDADE,COLISÃO TRASEIRA,1,0,0,0,0,0,0,1,0,0,0,,,,,,,,,
2023-05-05 00:00:00,08:21:00,COM VÍTIMA,BEBERIBE,AV BEBERIBE,,,COLISÃO TRASEIRA,0,1,0,0,0,1,0,0,0,1,0,,,,,,,,,
2023-05-05 00:00:00,08:25:00,COM VÍTIMA,SANTO AMARO,AV GOVERNADOR AGAMENON MAGALHAES,,,COLISÃO TRASEIRA,1,1,0,0,0,0,0,0,0,1,0,,,,,,,,,
2023-05-05 00:00:00,09:35:00,SEM VÍTIMA,TORROES,AV ENGENHEIRO ABDIAS DE CARVALHO,,CIDADE,COLISÃO TRASEIRA,2,0,0,0,0,0,0,0,0,0,0,,,,,,,,,
2023-05-05 00:00:00,01:40:00,COM VÍTIMA,TAMARINEIRA,AV CONS ROSA E SILVA,214,,COLISÃO LATERAL,1,1,0,0,0,0,0,0,0,1,0,,,,,,,,,
2023-05-05 00:00:00,01:33:00,COM VÍTIMA,CAXANGA,AV CAXANGA,,,COLISÃO TRASEIRA,1,1,0,0,0,0,0,0,0,1,0,,,,,,,,,
2023-05-05 00:00:00,03:47:00,SEM VÍTIMA,COQUEIRAL,RUA TUTOIA,,CIDADE,,1,0,0,0,0,0,0,1,0,0,0,,,,,,,,,
2023-05-05 00:00:00,05:57:00,COM VÍTIMA,TORRE,RUA JOAO TUDE DE MELO,,,COLISÃO LATERAL,1,1,0,0,0,0,0,0,0,1,0,,,,,,,,,
2023-05-05 00:00:00,06:15:00,COM VÍTIMA,SAN MARTIN,RUA DELMIRO GOUVEIA,,,COLISÃO COM CICLISTA,1,0,0,1,0,0,0,0,0,1,0,,,,,,,,,
2023-05-05 00:00:00,06:47:00,COM VÍTIMA,BOA VIAGEM,AV ENGENHEIRO DOMINGOS FERREIRA,,,COLISÃO LATERAL,0,0,0,0,0,0,0,2,0,1,0,,,,,,,,,
2023-05-06 00:00:00,09:26:00,COM VÍTIMA,AFOGADOS,EST DOS REMEDIOS,,,COLISÃO COM CICLISTA,1,0,0,1,0,0,0,0,0,1,0,,,,,,,,,
2023-05-06 00:00:00,05:24:00,COM VÍTIMA,AFOGADOS,RUA SAO MIGUEL,,,COLISÃO FRONTAL,1,1,0,0,0,0,0,0,0,1,0,,,,,,,,,
2023-05-06 00:00:00,06:37:00,COM VÍTIMA,CASA AMARELA,AV NORTE MIGUEL ARRAES DE ALENCAR,,,COLISÃO FRONTAL,1,1,0,0,0,0,0,0,0,1,0,,,,,,,,,
2023-05-06 00:00:00,08:51:00,COM VÍTIMA,JARDIM SAO PAULO,RUA LEANDRO BARRETO,,,COLISÃO FRONTAL,0,1,0,0,0,0,0,0,0,1,0,,,,,,,,,
2023-05-07 00:00:00,06:55:00,VÍTIMA FATAL,DERBY,AV GOVERNADOR AGAMENON MAGALHAES,,,ATROPELAMENTO DE PESSOA,1,0,0,0,1,0,0,0,0,0,1,,,,,,,,,
2023-05-07 00:00:00,07:00:00,COM VÍTIMA,BOA VIAGEM,RUA DES JOAO PAES,,,COLISÃO FRONTAL,1,1,0,0,0,0,0,0,0,1,0,,,,,,,,,
2023-05-07 00:00:00,07:47:00,SEM VÍTIMA,BOA VIAGEM,RUA PADRE CARAPUCEIRO,,CIDADE,COLISÃO LATERAL,3,0,0,0,0,0,0,0,0,0,0,,,,,,,,,
2023-05-07 00:00:00,08:45:00,SEM VÍTIMA,ILHA DO LEITE,PTE JOSE DE BARROS LIMA,,JOANA BEZERRA/DERBY,CAPOTAMENTO,0,0,0,0,0,0,0,0,0,0,0,,,,,,,,,
2023-05-07 00:00:00,10:21:00,COM VÍTIMA,VARZEA,RUA TORRES HOMEM,,,COLISÃO LATERAL,1,1,0,0,0,0,0,0,0,1,0,,,,,,,,,
2023-05-07 00:00:00,12:11:00,COM VÍTIMA,IMBIRIBEIRA,AV MARECHAL MASCARENHAS DE MORAES,287,CIDADE,TOMBAMENTO,0,1,0,0,0,0,0,0,0,1,0,,,,,,,,,
2023-05-07 00:00:00,05:05:00,COM VÍTIMA,CASA AMARELA,RUA PADRE LEMOS,,,COLISÃO LATERAL,1,1,0,0,0,0,0,0,0,1,0,,,,,,,,,
2023-05-07 00:00:00,07:28:00,COM VÍTIMA,BOA VIAGEM,RUA SETUBAL,,CIDADE,COLISÃO FRONTAL,1,1,0,0,0,0,0,0,0,1,0,,,,,,,,,
2023-05-07 00:00:00,07:36:00,COM VÍTIMA,CASA FORTE,AV DEZESSETE DE AGOSTO,,,COLISÃO TRANSVERSAL,1,1,0,0,0,0,0,0,0,1,0,,,,,,,,,
2023-05-08 00:00:00,05:27:00,SEM VÍTIMA,ARRUDA,AV BEBERIBE,,,COLISÃO LATERAL,2,0,0,0,0,0,0,0,0,0,0,,,,,,,,,
2023-05-08 00:00:00,07:53:00,COM VÍTIMA,AREIAS,AV RECIFE,,,COLISÃO TRASEIRA,1,1,0,0,0,0,0,0,0,2,0,,,,,,,,,
2023-05-08 00:00:00,09:53:00,COM VÍTIMA,CASA AMARELA,RUA JORGE DE ALBUQUERQUE,,,COLISÃO LATERAL,1,1,0,0,0,0,0,0,0,1,0,,,,,,,,,
2023-05-08 00:00:00,11:19:00,COM VÍTIMA,JORDAO,AV JULIO CESAR,,,COLISÃO FRONTAL,0,1,0,0,1,0,0,0,0,1,0,,,,,,,,,
2023-05-08 00:00:00,11:40:00,COM VÍTIMA,IPUTINGA,AV MAURICIO DE NASSAU,,,COLISÃO FRONTAL,1,0,0,0,1,0,0,0,0,1,0,,,,,,,,,
2023-05-08 00:00:00,03:23:00,COM VÍTIMA,SANTO AMARO,VDO ENG ROBERTO PEREIRA DE CARVALHO,,,COLISÃO TRASEIRA,3,0,0,0,0,1,0,0,0,1,0,,,,,,,,,
2023-05-08 00:00:00,11:24:00,SEM VÍTIMA,CASA FORTE,AV DEZESSETE DE AGOSTO,469,SUBURBIO,,1,1,0,0,0,0,0,0,0,0,0,,,,,,,,,
2023-05-09 00:00:00,04:56:00,COM VÍTIMA,PRADO,AV ENGENHEIRO ABDIAS DE CARVALHO,,,COLISÃO TRANSVERSAL,3,1,0,0,0,0,0,0,0,1,0,,,,,,,,,
2023-05-09 00:00:00,08:55:00,COM VÍTIMA,DOIS IRMAOS,RUA MANUEL DE MEDEIROS,,,COLISÃO TRASEIRA,1,1,0,0,0,0,0,0,0,1,0,,,,,,,,,
2023-05-09 00:00:00,04:19:00,COM VÍTIMA,DOIS UNIDOS,RUA VILA FLOR,,,ATROPELAMENTO DE PESSOA,0,0,0,0,1,0,1,0,0,1,0,,,,,,,,,
2023-05-09 00:00:00,04:29:00,COM VÍTIMA,TAMARINEIRA,RUA VISCONDE DE ABAETE,,,COLISÃO LATERAL,1,1,0,0,0,0,0,0,0,1,0,,,,,,,,,
2023-05-09 00:00:00,04:52:00,SEM VÍTIMA,SANTO AMARO,AV VISCONDE DE SUASSUNA,,,COLISÃO LATERAL,1,1,0,0,0,0,0,0,0,0,0,,,,,,,,,
2023-05-09 00:00:00,11:08:00,COM VÍTIMA,CAXANGA,AV CAXANGA,,SUBURBIO,COLISÃO TRASEIRA,0,1,0,0,0,0,0,0,0,2,0,,,,,,,,,
2023-05-10 00:00:00,07:32:00,COM VÍTIMA,SANTO AMARO,RUA DOS PALMARES,,,COLISÃO LATERAL,1,2,0,0,0,0,0,0,0,2,0,,,,,,,,,
2023-05-10 00:00:00,07:53:00,COM VÍTIMA,DERBY,AV GOVERNADOR AGAMENON MAGALHAES,,,QUEDA,0,1,0,0,0,0,0,0,0,1,0,,,,,,,,,
2023-05-10 00:00:00,07:58:00,COM VÍTIMA,IPSEP,RUA DO CANAL,518,,COLISÃO FRONTAL,2,1,0,0,0,0,0,0,0,1,0,,,,,,,,,
2023-05-10 00:00:00,08:18:00,SEM VÍTIMA,TORRE,RUA JOSE BONIFACIO,487,,,1,0,0,0,0,0,1,0,0,0,0,,,,,,,,,
2023-05-10 00:00:00,10:23:00,COM VÍTIMA,TEJIPIO,AV DR JOSE RUFINO,,,COLISÃO TRANSVERSAL,0,2,0,0,0,0,0,0,0,1,0,,,,,,,,,
2023-05-10 00:00:00,10:35:00,COM VÍTIMA,SAO JOSE,C SANTA RITA,76,,QUEDA,0,1,0,0,0,0,0,0,0,1,0,,,,,,,,,
2023-05-10 00:00:00,11:11:00,COM VÍTIMA,TAMARINEIRA,AV NORTE MIGUEL ARRAES DE ALENCAR,62,TORRE,COLISÃO LATERAL,0,2,0,0,0,0,0,0,0,1,0,,,,,,,,,
2023-05-10 00:00:00,11:16:00,SEM VÍTIMA,AFOGADOS,RUA SAO MIGUEL,53,,COLISÃO LATERAL,2,0,0,0,0,0,1,0,0,0,0,,,,,,,,,
2023-05-10 00:00:00,03:01:00,SEM VÍTIMA,,AV GOVERNADOR AGAMENON MAGALHAES,,,,1,0,0,0,0,0,0,1,0,0,0,,,,,,,,,
2023-05-10 00:00:00,04:06:00,COM VÍTIMA,ARRUDA,AV BEBERIBE,64,,COLISÃO LATERAL,0,1,0,0,0,1,0,0,0,1,0,,,,,,,,,
2023-05-10 00:00:00,04:56:00,SEM VÍTIMA,ENGENHO DO MEIO,AV VISCONDE DE SAO LEOPOLDO,,,COLISÃO TRASEIRA,1,0,0,0,0,0,1,0,0,0,0,,,,,,,,,
2023-05-10 00:00:00,06:33:00,COM VÍTIMA,MADALENA,RUA BENFICA,,,COLISÃO LATERAL,0,2,0,0,0,0,0,0,0,1,0,,,,,,,,,
2023-05-10 00:00:00,08:20:00,COM VÍTIMA,AFOGADOS,RUA SAO MIGUEL,,,COLISÃO LATERAL,1,1,0,0,0,0,0,0,0,1,0,,,,,,,,,
2023-05-11 00:00:00,07:59:00,COM VÍTIMA,MADALENA,AV ENGENHEIRO ABDIAS DE CARVALHO,,,COLISÃO LATERAL,1,1,0,0,0,0,0,0,0,1,0,,,,,,,,,
2023-05-11 00:00:00,08:25:00,COM VÍTIMA,SAN MARTIN,AV GENERAL SAN MARTIN,,,COLISÃO FRONTAL,1,1,0,0,0,0,0,0,0,1,0,,,,,,,,,