data,hora,natureza,bairro,endereco,num_semaforo,sentido_via,tipo,auto,moto,ciclom,ciclista,pedestre,onibus,caminhao,viatura,outros,vitimas,vitimasfatais,acidente_verificado,tempo_clima,sinalizacao,condicao_via,conservacao_via,situacao_placa,velocidade_max_via,mao_direcao,divisao_via1
2023-05-11 00:00:00,09:35:00,COM VÍTIMA,AFOGADOS,LARGO DA PAZ,,,ATROPELAMENTO DE PESSOA,0,0,0,0,1,1,0,0,0,1,0,,,,,,,,,
2023-05-11 00:00:00,09:45:00,COM VÍTIMA,ILHA DO RETIRO,AV ENGENHEIRO ABDIAS DE CARVALHO,,,ATROPELAMENTO DE PESSOA,0,1,0,0,0,0,0,0,0,1,0,,,,,,,,,
2023-05-11 00:00:00,10:21:00,SEM VÍTIMA,AFOGADOS,RUA DA PAZ,,SUBURBIO,,2,0,0,0,0,0,1,0,0,0,0,,,,,,,,,
2023-05-11 00:00:00,11:25:00,SEM VÍTIMA,PAISSANDU,AV GOVERNADOR AGAMENON MAGALHAES,69,SUBURBIO,,0,1,0,0,0,0,0,1,0,0,0,,,,,,,,,
2023-05-11 00:00:00,11:34:00,COM VÍTIMA,BARRO,AV DR JOSE RUFINO,,,ATROPELAMENTO DE PESSOA,0,1,0,0,1,0,0,0,0,1,0,,,,,,,,,
2023-05-11 00:00:00,06:11:00,COM VÍTIMA,ESPINHEIRO,RUA DR VICENTE MEIRA,,,COLISÃO LATERAL,1,1,0,0,0,0,0,0,0,1,0,,,,,,,,,
2023-05-11 00:00:00,06:27:00,COM VÍTIMA,CASA FORTE,AV DEZESSETE DE AGOSTO,,,ATROPELAMENTO DE PESSOA,1,0,0,0,1,0,0,0,0,1,0,,,,,,,,,
2023-05-11 00:00:00,08:14:00,COM VÍTIMA,ESTANCIA,AV RECIFE,,,COLISÃO FRONTAL,0,2,0,0,0,0,0,0,0,1,0,,,,,,,,,
2023-05-11 00:00:00,10:00:00,SEM VÍTIMA,IMBIRIBEIRA,AV SUL,,,COLISÃO FRONTAL,3,0,0,0,0,0,0,0,0,0,0,,,,,,,,,
2023-05-11 00:00:00,10:40:00,COM VÍTIMA,IPUTINGA,AV MAURICIO DE NASSAU,,,COLISÃO FRONTAL,1,1,0,0,0,0,0,0,0,1,0,,,,,,,,,
2023-05-12 00:00:00,07:23:00,COM VÍTIMA,BOA VIAGEM,AVENIDA CELSO FURTADO (VIA MANGUE),,,COLISÃO TRASEIRA,1,1,0,0,0,0,0,0,0,1,0,,,,,,,,,
2023-05-12 00:00:00,07:38:00,COM VÍTIMA,BOA VIAGEM,RUA PROFESSOR JOAO MEDEIROS,,,COLISÃO LATERAL,2,1,0,0,0,0,0,0,0,1,0,,,,,,,,,
2023-05-12 00:00:00,08:17:00,COM VÍTIMA,MADALENA,AV ENGENHEIRO ABDIAS DE CARVALHO,,,COLISÃO TRASEIRA,2,2,0,0,0,0,0,0,0,3,0,,,,,,,,,
2023-05-12 00:00:00,08:29:00,COM VÍTIMA,CASA FORTE,AV DEZESSETE DE AGOSTO,,,COLISÃO LATERAL,1,1,0,0,0,0,0,0,0,1,0,,,,,,,,,
2023-05-12 00:00:00,05:37:00,COM VÍTIMA,TORRE,RUA JOSE DE HOLANDA,,,COLISÃO TRASEIRA,1,1,0,0,0,0,0,0,0,1,0,,,,,,,,,
2023-05-12 00:00:00,05:46:00,COM VÍTIMA,MADALENA,RUA BARTOLOMEU DE GUSMAO,,,ATROPELAMENTO DE PESSOA,1,0,0,0,1,0,0,0,0,1,0,,,,,,,,,
2023-05-12 00:00:00,06:44:00,COM VÍTIMA,DERBY,RUA JENER DE SOUZA,,CIDADE,COLISÃO LATERAL,1,1,0,0,0,0,0,0,0,1,0,,,,,,,,,
2023-05-12 00:00:00,07:32:00,COM VÍTIMA,IPSEP,RUA JEAN EMILE FAVRE,,,COLISÃO TRANSVERSAL,1,1,0,0,0,0,0,0,0,1,0,,,,,,,,,
2023-05-12 00:00:00,08:46:00,COM VÍTIMA,IBURA,AV DOIS RIOS,443,,COLISÃO TRANSVERSAL,0,1,0,0,0,0,0,1,0,1,0,,,,,,,,,
2023-05-13 00:00:00,02:31:00,VÍTIMA FATAL,SAN MARTIN,AV ENGENHEIRO ABDIAS DE CARVALHO,687,CIDADE,COLISÃO TRANSVERSAL,1,1,0,0,0,0,0,0,0,1,1,,,,,,,,,
2023-05-13 00:00:00,08:45:00,COM VÍTIMA,IMBIRIBEIRA,AV MARECHAL MASCARENHAS DE MORAES,,,COLISÃO TRASEIRA,1,1,0,0,0,0,0,0,0,1,0,,,,,,,,,
2023-05-13 00:00:00,10:07:00,COM VÍTIMA,CASA FORTE,AV DEZESSETE DE AGOSTO,,,COLISÃO FRONTAL,1,1,0,0,0,0,0,0,0,1,0,,,,,,,,,
2023-05-13 00:00:00,12:44:00,COM VÍTIMA,ARRUDA,AV NORTE MIGUEL ARRAES DE ALENCAR,364,,COLISÃO FRONTAL,0,1,0,0,1,0,0,0,0,2,0,,,,,,,,,
2023-05-13 00:00:00,01:08:00,COM VÍTIMA,CASA AMARELA,AV NORTE MIGUEL ARRAES DE ALENCAR,,,COLISÃO COM CICLISTA,0,1,0,1,0,0,0,0,0,2,0,,,,,,,,,
2023-05-13 00:00:00,11:02:00,SEM VÍTIMA,SANTO ANTONIO,TRV DO ARSENAL DE GUERRA,,,CHOQUE,1,0,0,0,0,0,0,0,0,0,0,,,,,,,,,
2023-05-14 00:00:00,01:51:00,VÍTIMA FATAL,IBURA,RUA DO CAMPO,,,ATROPELAMENTO DE PESSOA,0,0,0,0,1,0,0,0,0,0,1,,,,,,,,,
2023-05-14 00:00:00,04:41:00,SEM VÍTIMA,TAMARINEIRA,RUA SAO VICENTE,,,CAPOTAMENTO,2,0,0,0,0,0,0,0,0,0,0,,,,,,,,,
2023-05-14 00:00:00,04:12:00,COM VÍTIMA,SANTO AMARO,AV GOVERNADOR AGAMENON MAGALHAES,,BOA VIAGEM,CHOQUE,1,1,0,0,0,0,0,0,0,1,0,,,,,,,,,
2023-05-14 00:00:00,04:44:00,COM VÍTIMA,VARZEA,AV CAXANGA,231,CIDADE,COLISÃO TRASEIRA,1,2,0,0,0,0,0,0,0,1,0,,,,,,,,,
2023-05-14 00:00:00,06:10:00,COM VÍTIMA,ESTANCIA,AV TAPAJOS,,,COLISÃO FRONTAL,1,1,0,0,0,0,0,0,0,1,0,,,,,,,,,
2023-05-14 00:00:00,07:48:00,SEM VÍTIMA,BEBERIBE,AV BEBERIBE,388,SUBURBIO,COLISÃO TRANSVERSAL,2,0,0,0,0,0,0,0,0,0,0,,,,,,,,,
2023-05-15 00:00:00,09:45:00,SEM VÍTIMA,BOA VISTA,RUA DA AURORA,,SUBURBIO,,1,1,0,0,0,0,0,0,0,0,0,,,,,,,,,
2023-05-15 00:00:00,09:59:00,COM VÍTIMA,IPSEP,AV RECIFE,,,COLISÃO FRONTAL,1,1,0,0,0,0,0,0,0,1,0,,,,,,,,,
2023-05-15 00:00:00,11:56:00,SEM VÍTIMA,AFOGADOS,RUA COSME VIANA,,SUBURBIO,COLISÃO TRASEIRA,2,0,0,0,0,0,0,0,0,0,0,,,,,,,,,
2023-05-15 00:00:00,12:06:00,SEM VÍTIMA,SANTO AMARO,RUA AURORA,,CIDADE,,1,0,0,0,0,0,1,0,0,0,0,,,,,,,,,
2023-05-16 00:00:00,09:28:00,COM VÍTIMA,ROSARINHO,AV NORTE MIGUEL ARRAES DE ALENCAR,,,QUEDA,0,1,0,0,0,0,0,0,0,1,0,,,,,,,,,
2023-05-16 00:00:00,09:58:00,COM VÍTIMA,PINA,AV HERCULANO BANDEIRA,,,COLISÃO LATERAL,1,1,0,0,0,0,0,0,0,1,0,,,,,,,,,
2023-05-16 00:00:00,01:54:00,COM VÍTIMA,CASA FORTE,RUA IRMA MARIA DAVID,,,COLISÃO TRANSVERSAL,1,1,0,0,0,0,0,0,0,1,0,,,,,,,,,
2023-05-16 00:00:00,02:04:00,SEM VÍTIMA,BOA VISTA,RUA HENRIQUE DIAS,68,,,1,0,0,0,0,1,0,0,0,0,0,,,,,,,,,
2023-05-16 00:00:00,02:45:00,SEM VÍTIMA,SAO JOSE,AV SUL,,CIDADE,COLISÃO TRASEIRA,2,0,0,0,0,0,0,0,0,0,0,,,,,,,,,
2023-05-16 00:00:00,05:13:00,COM VÍTIMA,BOA VIAGEM,RUA DEZ DE JULHO,,,COLISÃO FRONTAL,1,1,0,0,0,0,0,0,0,1,0,,,,,,,,,
2023-05-16 00:00:00,05:26:00,COM VÍTIMA,IPSEP,AV RECIFE,,,COLISÃO LATERAL,1,1,0,0,0,0,0,0,0,1,0,,,,,,,,,
2023-05-16 00:00:00,11:25:00,COM VÍTIMA,TORRE,RUA REAL DA TORRE,,,ATROPELAMENTO DE PESSOA,1,0,0,0,1,0,0,0,0,1,0,,,,,,,,,
2023-05-17 00:00:00,10:19:00,COM VÍTIMA,PINA,AVENIDA CELSO FURTADO (VIA MANGUE),,,COLISÃO TRASEIRA,1,1,0,0,0,0,0,0,0,1,0,,,,,,,,,
2023-05-17 00:00:00,01:24:00,COM VÍTIMA,AFOGADOS,RUA SAO MIGUEL,,,COLISÃO FRONTAL,1,1,0,0,0,0,0,0,0,1,0,,,,,,,,,
2023-05-17 00:00:00,02:15:00,SEM VÍTIMA,DOIS IRMAOS,RUA DOIS IRMAOS,416,,COLISÃO TRANSVERSAL,1,0,0,0,0,0,1,0,0,0,0,,,,,,,,,
2023-05-17 00:00:00,03:36:00,COM VÍTIMA,IPSEP,AV RECIFE,,,COLISÃO LATERAL,1,1,0,0,0,0,0,0,0,1,0,,,,,,,,,
2023-05-17 00:00:00,05:48:00,COM VÍTIMA,IPSEP,AV PRESIDENTE DUTRA,,,COLISÃO COM CICLISTA,0,1,0,1,0,0,0,0,0,2,0,,,,,,,,,
2023-05-17 00:00:00,09:41:00,COM VÍTIMA,CASA FORTE,AV DEZESSETE DE AGOSTO,,,COLISÃO LATERAL,1,1,0,0,0,0,0,0,0,1,0,,,,,,,,,
2023-05-18 00:00:00,06:54:00,COM VÍTIMA,PINA,AV HERCULANO BANDEIRA,,,COLISÃO LATERAL,0,0,0,0,0,0,0,0,0,1,0,,,,,,,,,
2023-05-18 00:00:00,08:43:00,COM VÍTIMA,BONGI,RUA ISAAC MARKMAN,,,COLISÃO COM CICLISTA,1,0,0,1,0,0,0,0,0,1,0,,,,,,,,,
2023-05-18 00:00:00,09:40:00,COM VÍTIMA,BOA VIAGEM,AV ENGENHEIRO DOMINGOS FERREIRA,,,COLISÃO FRONTAL,2,0,0,0,0,0,0,0,0,1,0,,,,,,,,,
2023-05-18 00:00:00,11:34:00,SEM VÍTIMA,IPSEP,RUA BLUMENAU,,,COLISÃO TRASEIRA,1,1,0,0,0,0,0,0,0,0,0,,,,,,,,,
2023-05-18 00:00:00,12:39:00,COM VÍTIMA,VARZEA,RUA MARECHAL MANOEL LUIS OSORIO,,,COLISÃO LATERAL,1,1,0,0,0,0,0,0,0,2,0,,,,,,,,,
2023-05-18 00:00:00,02:09:00,COM VÍTIMA,IBURA,AV QUEIXARAMOBIM,,,ATROPELAMENTO DE PESSOA,1,0,0,0,1,0,0,0,0,1,0,,,,,,,,,
2023-05-18 00:00:00,02:17:00,SEM VÍTIMA,ENCRUZILHADA,RUA DR JOSE MARIA,,CIDADE,,1,0,0,0,0,0,0,1,0,0,0,,,,,,,,,
2023-05-18 00:00:00,08:00:00,COM VÍTIMA,CASA AMARELA,RUA DA HARMONIA,,,COLISÃO LATERAL,1,1,0,0,0,0,0,0,0,1,0,,,,,,,,,
2023-05-18 00:00:00,08:04:00,COM VÍTIMA,MANGUEIRA,RUA VINTE E UM DE ABRIL,,,COLISÃO FRONTAL,1,1,0,0,0,0,0,0,0,1,0,,,,,,,,,
2023-05-19 00:00:00,06:12:00,COM VÍTIMA,AFOGADOS,RUA SAO MIGUEL,,,COLISÃO LATERAL,0,1,0,0,0,1,0,0,0,2,0,,,,,,,,,
2023-05-19 00:00:00,06:43:00,VÍTIMA FATAL,CAXANGA,AV AFONSO OLINDENSE,,,ATROPELAMENTO DE PESSOA,0,0,0,0,1,1,0,0,0,0,1,,,,,,,,,
2023-05-19 00:00:00,08:58:00,SEM VÍTIMA,DERBY,AV GOVERNADOR AGAMENON MAGALHAES,,SUBURBIO,CHOQUE,0,0,0,0,0,0,1,0,0,0,0,,,,,,,,,
2023-05-19 00:00:00,10:49:00,COM VÍTIMA,IMBIRIBEIRA,RUA ARQUITETO LUIZ NUNES,,,COLISÃO LATERAL,1,1,0,0,0,0,0,0,0,1,0,,,,,,,,,
2023-05-19 00:00:00,11:34:00,COM VÍTIMA,MADALENA,RUA JOSE OSORIO,,,COLISÃO LATERAL,1,1,0,0,0,0,0,0,0,2,0,,,,,,,,,
2023-05-19 00:00:00,11:47:00,COM VÍTIMA,IBURA,AV RECIFE,,,COLISÃO FRONTAL,1,1,0,0,0,0,0,0,0,2,0,,,,,,,,,
2023-05-19 00:00:00,04:20:00,SEM VÍTIMA,APIPUCOS,AV DEZESSETE DE AGOSTO,370,SUBURBIO,COLISÃO TRASEIRA,1,0,0,0,0,1,0,0,0,0,0,,,,,,,,,
2023-05-19 00:00:00,04:58:00,COM VÍTIMA,SAN MARTIN,AV GENERAL SAN MARTIN,,,COLISÃO LATERAL,1,1,0,0,0,0,0,0,0,1,0,,,,,,,,,
2023-05-20 00:00:00,12:44:00,COM VÍTIMA,IMBIRIBEIRA,AV MARECHAL MASCARENHAS DE MORAES,,SUBURBIO,COLISÃO FRONTAL,0,1,0,0,0,0,1,0,0,1,0,,,,,,,,,
2023-05-20 00:00:00,04:32:00,COM VÍTIMA,MADALENA,AV VISCONDE DE ALBUQUERQUE,51,,COLISÃO LATERAL,2,0,0,0,0,0,0,0,0,1,0,,,,,,,,,
2023-05-20 00:00:00,08:28:00,COM VÍTIMA,FUNDAO,AV BEBERIBE,,,ATROPELAMENTO DE PESSOA,1,0,0,0,1,0,0,0,0,1,0,,,,,,,,,
2023-05-20 00:00:00,04:05:00,COM VÍTIMA,GRACAS,AV CONS ROSA E SILVA,,,COLISÃO TRASEIRA,2,0,0,0,0,0,0,0,0,1,0,,,,,,,,,
2023-05-20 00:00:00,05:16:00,COM VÍTIMA,CAMPO GRANDE,RUA ODORICO MENDES,,,COLISÃO COM CICLISTA,0,1,0,1,0,0,0,0,0,1,0,,,,,,,,,
2023-05-20 00:00:00,05:19:00,COM VÍTIMA,AFOGADOS,AV CENTRAL,,,ATROPELAMENTO DE PESSOA,0,1,0,0,1,0,0,0,0,1,0,,,,,,,,,
2023-05-20 00:00:00,05:49:00,COM VÍTIMA,IMBIRIBEIRA,AV GENERAL MAC ARTHUR,,,COLISÃO TRASEIRA,1,1,0,0,0,0,0,0,0,1,0,,,,,,,,,
2023-05-20 00:00:00,11:38:00,COM VÍTIMA,CASA FORTE,AV FLOR DE SANTANA,,,COLISÃO TRASEIRA,1,1,0,0,0,0,0,0,0,1,0,,,,,,,,,
2023-05-21 00:00:00,01:26:00,COM VÍTIMA,ESPINHEIRO,RUA AMELIA,,,COLISÃO TRANSVERSAL,2,0,0,0,0,0,0,0,0,1,0,,,,,,,,,
2023-05-21 00:00:00,05:43:00,SEM VÍTIMA,,AV ENGENHEIRO ABDIAS DE CARVALHO,52,SUBURBIO,CHOQUE,1,0,0,0,0,0,0,0,0,0,0,,,,,,,,,
2023-05-21 00:00:00,09:28:00,COM VÍTIMA,CASA AMARELA,AV NORTE MIGUEL ARRAES DE ALENCAR,,,QUEDA,0,1,0,0,0,0,0,0,0,2,0,,,,,,,,,
2023-05-21 00:00:00,06:06:00,COM VÍTIMA,SAO JOSE,AV SUL,,,COLISÃO COM CICLISTA,0,0,0,1,0,1,0,0,0,1,0,,,,,,,,,
2023-05-21 00:00:00,10:26:00,COM VÍTIMA,CAMPO GRANDE,RUA JERONIMO VILELA,,,COLISÃO LATERAL,1,1,0,0,0,0,0,0,0,1,0,,,,,,,,,
2023-05-22 00:00:00,12:19:00,COM VÍTIMA,SANTO ANTONIO,AV MARTINS DE BARROS,,,ATROPELAMENTO DE PESSOA,0,0,0,0,1,1,0,0,0,1,0,,,,,,,,,
2023-05-22 00:00:00,06:15:00,COM VÍTIMA,SAO JOSE,AV SUL,,CIDADE,COLISÃO COM CICLISTA,0,0,1,1,0,0,0,0,0,1,0,,,,,,,,,
2023-05-22 00:00:00,08:29:00,COM VÍTIMA,ILHA JOANA BEZERRA,VDO PAPA JOAO PAULO II,,,COLISÃO TRASEIRA,0,2,0,0,0,0,0,0,0,2,0,,,,,,,,,
2023-05-22 00:00:00,08:35:00,COM VÍTIMA,ESPINHEIRO,AV GOVERNADOR AGAMENON MAGALHAES,,,COLISÃO LATERAL,1,1,0,0,0,0,0,0,0,1,0,,,,,,,,,
2023-05-22 00:00:00,09:38:00,COM VÍTIMA,BOA VIAGEM,AV BOA VIAGEM,,,COLISÃO TRASEIRA,1,1,0,0,0,0,0,0,0,1,0,,,,,,,,,
2023-05-22 00:00:00,10:41:00,COM VÍTIMA,VARZEA,RUA PROFESSOR ANTONIO COELHO,,,COLISÃO LATERAL,1,1,0,0,0,0,0,0,0,2,0,,,,,,,,,
2023-05-22 00:00:00,01:03:00,SEM VÍTIMA,AFOGADOS,RUA SAO MIGUEL,,,COLISÃO TRASEIRA,2,0,0,0,0,0,0,1,0,0,0,,,,,,,,,
2023-05-22 00:00:00,01:17:00,SEM VÍTIMA,GRACAS,PTE RIVALDO DE CARVALHO,173,SUBURBIO,COLISÃO TRASEIRA,1,0,0,0,0,1,0,0,0,0,0,,,,,,,,,
2023-05-22 00:00:00,01:26:00,COM VÍTIMA,BOA VIAGEM,AV CONSELHEIRO AGUIAR,,,COLISÃO LATERAL,1,1,0,0,0,0,0,0,0,1,0,,,,,,,,,
2023-05-22 00:00:00,03:34:00,SEM VÍTIMA,IPSEP,RUA VIRGINIA HERACLIO,,,COLISÃO TRASEIRA,2,0,0,0,0,0,0,0,0,0,0,,,,,,,,,
2023-05-22 00:00:00,04:39:00,COM VÍTIMA,SAO JOSE,RUA SAO JOAO,,,COLISÃO FRONTAL,1,1,0,0,0,0,0,0,0,1,0,,,,,,,,,
2023-05-22 00:00:00,07:10:00,COM VÍTIMA,AGUA FRIA,EST VELHA DE AGUA FRIA,,,COLISÃO FRONTAL,0,2,0,0,0,0,0,0,0,2,0,,,,,,,,,
2023-05-22 00:00:00,07:57:00,COM VÍTIMA,TORRE,RUA PADRE ANCHIETA,,,COLISÃO LATERAL,1,1,0,0,0,0,0,0,0,1,0,,,,,,,,,
2023-05-23 00:00:00,06:52:00,COM VÍTIMA,AREIAS,AV RECIFE,,,COLISÃO TRASEIRA,1,0,0,0,0,0,1,0,0,1,0,,,,,,,,,
2023-05-23 00:00:00,07:25:00,COM VÍTIMA,PARNAMIRIM,RUA ABRAHAM LINCOLN,,,COLISÃO TRASEIRA,1,1,0,0,0,0,0,0,0,2,0,,,,,,,,,
2023-05-23 00:00:00,08:13:00,COM VÍTIMA,MADALENA,RUA MENEZES DRUMOND,,,COLISÃO LATERAL,1,1,0,0,0,0,0,0,0,1,0,,,,,,,,,
2023-05-23 00:00:00,11:17:00,SEM VÍTIMA,IMBIRIBEIRA,AV MARECHAL MASCARENHAS DE MORAES,,,COLISÃO LATERAL,2,0,0,0,0,0,1,0,0,0,0,,,,,,,,,
2023-05-23 00:00:00,11:46:00,COM VÍTIMA,BOA VIAGEM,RUA DONA MAGINA PONTUAL,,,COLISÃO LATERAL,1,1,0,0,0,0,0,0,0,1,0,,,,,,,,,
2023-05-23 00:00:00,11:59:00,COM VÍTIMA,GRACAS,RUA GUILHERME PINTO,,,COLISÃO LATERAL,1,1,0,0,0,0,0,0,0,1,0,,,,,,,,,
2023-05-23 00:00:00,02:30:00,COM VÍTIMA,IMBIRIBEIRA,AV MARECHAL MASCARENHAS DE MORAES,,,COLISÃO TRASEIRA,1,0,0,0,0,0,1,0,0,1,0,,,,,,,,,
2023-05-23 00:00:00,02:56:00,COM VÍTIMA,ARRUDA,RUA RAMIZ GALVAO,,,COLISÃO LATERAL,2,0,0,0,0,0,0,0,0,1,0,,,,,,,,,
2023-05-23 00:00:00,03:09:00,COM VÍTIMA,TORRE,AV BEIRA RIO,,,COLISÃO FRONTAL,2,1,0,0,0,0,0,0,0,1,0,,,,,,,,,
2023-05-23 00:00:00,03:36:00,COM VÍTIMA,MACAXEIRA,AV NORTE MIGUEL ARRAES DE ALENCAR,296,,QUEDA,0,1,0,0,0,0,0,0,0,1,0,,,,,,,,,
2023-05-23 00:00:00,04:22:00,COM VÍTIMA,CAXANGA,AV CAXANGA,,,QUEDA,0,0,0,0,0,0,0,0,0,1,0,,,,,,,,,
2023-05-23 00:00:00,06:02:00,SEM VÍTIMA,CASA AMARELA,RUA CONS NABUCO,,,COLISÃO LATERAL,2,0,0,0,0,0,0,0,0,0,0,,,,,,,,,
2023-05-23 00:00:00,06:04:00,COM VÍTIMA,IMBIRIBEIRA,RUA ARQUITETO LUIZ NUNES,,,COLISÃO FRONTAL,1,1,0,0,0,0,0,0,0,1,0,,,,,,,,,
2023-05-23 00:00:00,09:02:00,SEM VÍTIMA,GRACAS,RUA DAS GRACAS,562,CIDADE,COLISÃO TRASEIRA,2,0,0,0,0,0,0,0,0,0,0,,,,,,,,,
2023-05-23 00:00:00,10:51:00,COM VÍTIMA,JARDIM SAO PAULO,PRC DO JARDIM SAO PAULO,,,CHOQUE,1,0,0,0,0,0,0,0,0,2,0,,,,,,,,,
2023-05-24 00:00:00,09:30:00,COM VÍTIMA,BAIRRO DO RECIFE,AV NORTE MIGUEL ARRAES DE ALENCAR,,,COLISÃO FRONTAL,1,1,0,0,0,0,0,0,0,1,0,,,,,,,,,
2023-05-24 00:00:00,03:25:00,COM VÍTIMA,TORRE,RUA MARCOS ANDRE,,,COLISÃO LATERAL,1,1,0,0,0,0,0,0,0,2,0,,,,,,,,,
2023-05-24 00:00:00,05:36:00,SEM VÍTIMA,GRACAS,RUA JORNALISTA PAULO BITTENCOURT,,,,0,1,0,0,0,0,0,1,0,0,0,,,,,,,,,
2023-05-24 00:00:00,07:44:00,SEM VÍTIMA,MANGABEIRA,AV NORTE MIGUEL ARRAES DE ALENCAR,364,CIDADE,,1,0,0,0,0,0,1,0,0,0,0,,,,,,,,,
2023-05-25 00:00:00,08:10:00,COM VÍTIMA,AGUA FRIA,RUA ALTO SANTA TEREZA,,,COLISÃO FRONTAL,1,1,0,0,0,0,0,0,0,2,0,,,,,,,,,
2023-05-25 00:00:00,09:51:00,SEM VÍTIMA,MADALENA,EST DOS REMEDIOS,,,COLISÃO TRASEIRA,1,0,0,0,0,0,1,0,0,0,0,,,,,,,,,
2023-05-25 00:00:00,11:06:00,COM VÍTIMA,SANTO AMARO,AV CRUZ CABUGA,,,COLISÃO LATERAL,1,1,0,0,0,0,0,0,0,1,0,,,,,,,,,
2023-05-25 00:00:00,01:17:00,COM VÍTIMA,VARZEA,RUA VALE DO SIRIJI,,,COLISÃO FRONTAL,2,0,0,0,0,0,0,0,0,2,0,,,,,,,,,
2023-05-25 00:00:00,02:18:00,COM VÍTIMA,IMBIRIBEIRA,RUA ARQUITETO LUIZ NUNES,,,COLISÃO LATERAL,1,1,0,0,0,0,0,0,0,1,0,,,,,,,,,
2023-05-25 00:00:00,02:43:00,VÍTIMA FATAL,AREIAS,RUA IPOJUCA,,,COLISÃO FRONTAL,0,1,0,0,0,0,1,0,0,0,1,,,,,,,,,
2023-05-25 00:00:00,04:06:00,SEM VÍTIMA,PINA,AV ANTONIO DE GOES,,CIDADE,COLISÃO TRANSVERSAL,1,0,0,0,0,1,0,0,0,0,0,,,,,,,,,
2023-05-25 00:00:00,06:09:00,COM VÍTIMA,TORREAO,RUA FREI MIGUELINHO,,,COLISÃO LATERAL,3,0,0,0,0,0,0,0,0,1,0,,,,,,,,,
2023-05-25 00:00:00,06:39:00,COM VÍTIMA,IMBIRIBEIRA,AV MARECHAL MASCARENHAS DE MORAES,,,QUEDA,0,0,0,0,0,0,0,0,0,1,0,,,,,,,,,
2023-05-25 00:00:00,08:12:00,COM VÍTIMA,GRACAS,RUA JOAO RAMOS,,,COLISÃO LATERAL,1,1,0,0,0,0,0,0,0,2,0,,,,,,,,,
2023-05-25 00:00:00,10:07:00,COM VÍTIMA,CAXANGA,RUA RIBEIRO PESSOA,,,COLISÃO LATERAL,0,2,0,0,0,0,0,0,0,2,0,,,,,,,,,
2023-05-26 00:00:00,12:12:00,COM VÍTIMA,DOIS UNIDOS,AV HILDEBRANDO DE VASCONCELOS,,,COLISÃO LATERAL,1,1,0,0,0,0,0,0,0,1,0,,,,,,,,,
2023-05-26 00:00:00,12:39:00,SEM VÍTIMA,TORRE,RUA JOAO TUDE DE MELO,,,TOMBAMENTO,0,0,0,0,0,0,0,0,0,0,0,,,,,,,,,
2023-05-26 00:00:00,03:32:00,COM VÍTIMA,ROSARINHO,RUA DR JOSE MARIA,,,COLISÃO LATERAL,0,0,0,0,0,0,0,0,0,1,0,,,,,,,,,
2023-05-26 00:00:00,08:03:00,COM VÍTIMA,ARRUDA,RUA MARQUES DE BAIPENDI,495,,COLISÃO LATERAL,1,1,0,0,0,0,0,0,0,2,0,,,,,,,,,
2023-05-26 00:00:00,08:12:00,COM VÍTIMA,IPSEP,AV RECIFE,,,COLISÃO TRASEIRA,1,1,0,0,0,0,0,0,0,1,0,,,,,,,,,
2023-05-26 00:00:00,12:57:00,SEM VÍTIMA,VARZEA,AV CAXANGA,230,CIDADE,COLISÃO TRANSVERSAL,1,0,0,0,0,0,0,1,0,0,0,,,,,,,,,
2023-05-26 00:00:00,05:07:00,COM VÍTIMA,IMBIRIBEIRA,AV MARECHAL MASCARENHAS DE MORAES,,,COLISÃO LATERAL,1,1,0,0,0,0,0,0,0,1,0,,,,,,,,,
2023-05-26 00:00:00,05:20:00,COM VÍTIMA,BAIRRO DO RECIFE,AV ALFREDO LISBOA,,,COLISÃO LATERAL,1,1,0,0,0,0,0,0,0,1,0,,,,,,,,,
2023-05-26 00:00:00,09:36:00,SEM VÍTIMA,BAIRRO DO RECIFE,PTE CONDE MAURICIO DE NASSAU,,SUBURBIO,COLISÃO TRASEIRA,0,1,0,0,0,0,0,1,0,0,0,,,,,,,,,
2023-05-26 00:00:00,09:50:00,COM VÍTIMA,BOA VIAGEM,RUA PADRE LEANDRO CAMELO,190,,COLISÃO LATERAL,0,2,0,0,0,0,0,0,0,1,0,,,,,,,,,
2023-05-27 00:00:00,01:11:00,COM VÍTIMA,ARRUDA,RUA DA REGENERACAO,,,COLISÃO LATERAL,1,1,0,0,0,0,0,0,0,1,0,,,,,,,,,
2023-05-27 00:00:00,04:01:00,SEM VÍTIMA,DERBY,AV GOVERNADOR AGAMENON MAGALHAES,,,CAPOTAMENTO,1,0,0,0,0,0,0,0,0,0,0,,,,,,,,,
2023-05-27 00:00:00,07:28:00,COM VÍTIMA,IMBIRIBEIRA,AV MARECHAL MASCARENHAS DE MORAES,,SUBURBIO,COLISÃO TRASEIRA,1,1,0,0,0,0,0,0,0,1,0,,,,,,,,,
2023-05-27 00:00:00,07:49:00,COM VÍTIMA,SANTO AMARO,AV CRUZ CABUGA,,SUBURBIO,COLISÃO LATERAL,1,1,0,0,0,0,0,0,0,1,0,,,,,,,,,
2023-05-27 00:00:00,10:35:00,SEM VÍTIMA,IBURA,AV RIO LARGO,,SUBURBIO,COLISÃO FRONTAL,2,0,0,0,0,0,0,0,0,0,0,,,,,,,,,
2023-05-28 00:00:00,12:43:00,COM VÍTIMA,IBURA,AV DOIS RIOS,,,COLISÃO FRONTAL,0,2,0,0,0,0,0,0,0,1,0,,,,,,,,,
2023-05-28 00:00:00,02:08:00,COM VÍTIMA,BOA VIAGEM,RUA DEZ DE JULHO,,,COLISÃO LATERAL,1,1,0,0,0,0,0,0,0,1,0,,,,,,,,,
2023-05-28 00:00:00,06:24:00,COM VÍTIMA,BOA VIAGEM,RUA VISCONDE DE JEQUITINHONHA,,,ATROPELAMENTO DE PESSOA,1,0,0,0,1,0,0,0,0,1,0,,,,,,,,,
2023-05-28 00:00:00,09:42:00,COM VÍTIMA,VASCO DA GAMA,RUA VASCO DA GAMA,,,COLISÃO FRONTAL,1,1,0,0,0,0,0,0,0,1,0,,,,,,,,,
2023-05-28 00:00:00,09:48:00,COM VÍTIMA,MANGABEIRA,AV NORTE MIGUEL ARRAES DE ALENCAR,,,COLISÃO TRASEIRA,1,1,0,0,0,0,0,0,0,1,0,,,,,,,,,
2023-05-29 00:00:00,07:50:00,COM VÍTIMA,NOVA DESCOBERTA,AV VEREADOR OTACILIO AZEVEDO,,,COLISÃO FRONTAL,1,1,0,0,0,0,0,0,0,1,0,,,,,,,,,
2023-05-29 00:00:00,07:52:00,SEM VÍTIMA,ILHA DO RETIRO,RUA SENADOR FABIO DE BARROS,,CIDADE,COLISÃO TRANSVERSAL,1,0,0,0,0,0,0,1,0,0,0,,,,,,,,,
2023-05-29 00:00:00,10:34:00,SEM VÍTIMA,,AV DOM PEDRO I - IMPERADOR,,,COLISÃO TRASEIRA,2,0,0,0,0,0,0,0,0,0,0,,,,,,,,,
2023-05-29 00:00:00,02:18:00,SEM VÍTIMA,IPSEP,RUA ARGEMIRO MIRANDA,,,,1,0,0,0,0,0,1,0,0,0,0,,,,,,,,,
2023-05-29 00:00:00,03:38:00,COM VÍTIMA,GRACAS,AV RUI BARBOSA,,,COLISÃO TRASEIRA,1,1,0,0,0,0,0,0,0,2,0,,,,,,,,,
2023-05-29 00:00:00,04:39:00,SEM VÍTIMA,ESPINHEIRO,AV GOVERNADOR AGAMENON MAGALHAES,173,SUBURBIO,COLISÃO TRANSVERSAL,2,0,0,0,0,0,0,0,0,0,0,,,,,,,,,
2023-05-29 00:00:00,05:14:00,COM VÍTIMA,APIPUCOS,RUA DO MUSSU,,,COLISÃO FRONTAL,1,1,0,0,0,0,0,0,0,2,0,,,,,,,,,
2023-05-30 00:00:00,12:22:00,SEM VÍTIMA,JARDIM SAO PAULO,RUA BRAGANCA,,,COLISÃO TRANSVERSAL,2,0,0,0,0,0,0,0,0,0,0,,,,,,,,,
2023-05-30 00:00:00,08:36:00,COM VÍTIMA,IMBIRIBEIRA,AV MARECHAL MASCARENHAS DE MORAES,,,COLISÃO FRONTAL,0,2,0,0,0,0,0,0,0,2,0,,,,,,,,,
2023-05-30 00:00:00,01:33:00,SEM VÍTIMA,PARNAMIRIM,RUA DES GOIS CAVALCANTE,295,SUBURBIO,,1,0,0,0,0,1,0,0,0,0,0,,,,,,,,,