data,hora,natureza,bairro,endereco,num_semaforo,sentido_via,tipo,auto,moto,ciclom,ciclista,pedestre,onibus,caminhao,viatura,outros,vitimas,vitimasfatais,acidente_verificado,tempo_clima,sinalizacao,condicao_via,conservacao_via,situacao_placa,velocidade_max_via,mao_direcao,divisao_via1
2023-05-30 00:00:00,04:10:00,COM VÍTIMA,SAO JOSE,RUA FLORIANO PEIXOTO,,,COLISÃO LATERAL,0,2,0,0,0,0,0,0,0,1,0,,,,,,,,,
2023-05-30 00:00:00,04:44:00,COM VÍTIMA,CAMPO GRANDE,RUA ODORICO MENDES,,,COLISÃO LATERAL,0,0,0,0,0,0,0,0,0,2,0,,,,,,,,,
2023-05-30 00:00:00,05:47:00,COM VÍTIMA,ARRUDA,RUA RAUL POMPEIA,,,COLISÃO LATERAL,1,1,0,0,0,0,0,0,0,2,0,,,,,,,,,
2023-05-30 00:00:00,06:22:00,COM VÍTIMA,BARRO,AV CENTRAL,,,ATROPELAMENTO DE PESSOA,0,0,0,0,1,1,0,0,0,1,0,,,,,,,,,
2023-05-30 00:00:00,07:59:00,COM VÍTIMA,JARDIM SAO PAULO,RUA MANOEL INACIO,,,ATROPELAMENTO DE PESSOA,0,0,0,0,0,1,0,0,0,1,0,,,,,,,,,
2023-05-30 00:00:00,08:04:00,COM VÍTIMA,BOA VIAGEM,RUA SA E SOUZA,,,COLISÃO LATERAL,0,2,0,0,0,0,0,0,0,1,0,,,,,,,,,
2023-05-31 00:00:00,07:09:00,COM VÍTIMA,PINA,AVENIDA CELSO FURTADO (VIA MANGUE),,,COLISÃO LATERAL,1,1,0,0,0,0,0,0,0,1,0,,,,,,,,,
2023-05-31 00:00:00,07:16:00,COM VÍTIMA,PINA,AVENIDA CELSO FURTADO (VIA MANGUE),,,CHOQUE,1,0,0,0,0,0,0,0,0,1,0,,,,,,,,,
2023-05-31 00:00:00,07:27:00,COM VÍTIMA,BEBERIBE,AV BEBERIBE,,,COLISÃO LATERAL,1,1,0,0,0,0,0,0,0,1,0,,,,,,,,,
2023-05-31 00:00:00,08:17:00,COM VÍTIMA,BOA VISTA,RUA DAS NINFAS,,,COLISÃO LATERAL,0,2,0,0,0,0,0,0,0,2,0,,,,,,,,,
2023-05-31 00:00:00,10:00:00,COM VÍTIMA,BOA VIAGEM,RUA ERNESTO DE PAULA SANTOS,,,COLISÃO LATERAL,1,1,0,0,0,0,0,0,0,1,0,,,,,,,,,
2023-05-31 00:00:00,10:17:00,COM VÍTIMA,PINA,AVENIDA CELSO FURTADO (VIA MANGUE),,,QUEDA,0,1,0,0,0,0,0,0,0,1,0,,,,,,,,,
2023-05-31 00:00:00,03:54:00,COM VÍTIMA,SANTO AMARO,AV VISCONDE DE SUASSUNA,172,,COLISÃO LATERAL,1,1,0,0,0,0,0,0,0,2,0,,,,,,,,,
2023-05-31 00:00:00,04:43:00,COM VÍTIMA,PINA,AVENIDA CELSO FURTADO (VIA MANGUE),,,COLISÃO TRASEIRA,1,1,0,0,0,0,0,0,0,1,0,,,,,,,,,
2023-05-31 00:00:00,11:18:00,COM VÍTIMA,CIDADE UNIVERSITARIA,RUA GENERAL POLIDORO,,,COLISÃO LATERAL,1,1,0,0,0,0,0,0,0,2,0,,,,,,,,,
2023-06-01 00:00:00,07:19:00,COM VÍTIMA,BOA VIAGEM,AV ENGENHEIRO DOMINGOS FERREIRA,297,,COLISÃO FRONTAL,1,1,0,0,0,0,0,0,0,1,0,,,,,,,,,
2023-06-01 00:00:00,08:21:00,COM VÍTIMA,JORDAO,AV MARIA IRENE,,,ATROPELAMENTO DE PESSOA,0,1,0,0,1,0,0,0,0,1,0,,,,,,,,,
2023-06-01 00:00:00,09:26:00,COM VÍTIMA,AFOGADOS,RUA SAO MIGUEL,,,COLISÃO TRANSVERSAL,1,1,0,0,0,0,0,0,0,1,0,,,,,,,,,
2023-06-01 00:00:00,10:38:00,COM VÍTIMA,BOA VIAGEM,RUA VISCONDE DE JEQUITINHONHA,,,COLISÃO LATERAL,1,1,0,0,0,1,0,0,0,1,0,,,,,,,,,
2023-06-01 00:00:00,10:51:00,COM VÍTIMA,BOA VIAGEM,RUA BALTAZAR PASSOS,,,COLISÃO LATERAL,1,1,0,0,0,0,0,0,0,1,0,,,,,,,,,
2023-06-01 00:00:00,11:47:00,COM VÍTIMA,IMBIRIBEIRA,AV CENTENARIO ALBERTO SANTOS DUMONT,,,COLISÃO FRONTAL,1,1,0,0,0,0,0,0,0,1,0,,,,,,,,,
2023-06-01 00:00:00,12:14:00,COM VÍTIMA,IBURA,AV DOIS RIOS,,,COLISÃO LATERAL,1,1,0,0,0,0,0,0,0,1,0,,,,,,,,,
2023-06-01 00:00:00,12:21:00,COM VÍTIMA,BOA VIAGEM,AV ENGENHEIRO DOMINGOS FERREIRA,,,COLISÃO TRASEIRA,0,2,0,0,0,0,0,0,0,1,0,,,,,,,,,
2023-06-01 00:00:00,01:53:00,COM VÍTIMA,SANTO AMARO,RUA AURORA,,,CHOQUE,0,1,0,0,0,0,0,0,0,1,0,,,,,,,,,
2023-06-01 00:00:00,02:16:00,COM VÍTIMA,SANTO AMARO,AV PREFEITO ARTUR LIMA CAVALCANTI,,,COLISÃO LATERAL,0,0,0,0,0,0,0,0,0,1,0,,,,,,,,,
2023-06-01 00:00:00,02:16:00,COM VÍTIMA,AFOGADOS,RUA SAO MIGUEL,,,COLISÃO TRASEIRA,1,1,0,0,0,0,0,0,0,1,0,,,,,,,,,
2023-06-01 00:00:00,05:34:00,COM VÍTIMA,JORDAO,RUA SAGRES,,,QUEDA,0,1,0,0,0,0,0,0,0,1,0,,,,,,,,,
2023-06-01 00:00:00,07:31:00,COM VÍTIMA,AFOGADOS,AV SUL,,,COLISÃO FRONTAL,0,0,0,1,0,1,0,0,0,1,0,,,,,,,,,
2023-06-01 00:00:00,09:12:00,SEM VÍTIMA,TOTO,AV LIBERDADE,,,COLISÃO LATERAL,0,1,0,0,0,0,0,1,0,0,0,,,,,,,,,
2023-06-01 00:00:00,11:36:00,SEM VÍTIMA,BOA VIAGEM,RUA DEZ DE JULHO,,,COLISÃO FRONTAL,2,0,0,0,0,0,0,0,0,0,0,,,,,,,,,
2023-06-02 00:00:00,09:06:00,COM VÍTIMA,AREIAS,RUA CORONEL LAMENHA,,,COLISÃO LATERAL,0,1,0,0,0,0,0,0,0,1,0,,,,,,,,,
2023-06-02 00:00:00,09:19:00,COM VÍTIMA,MADALENA,AV VISCONDE DE ALBUQUERQUE,,,COLISÃO LATERAL,1,1,0,0,0,0,0,0,0,1,0,,,,,,,,,
2023-06-02 00:00:00,09:41:00,SEM VÍTIMA,MADALENA,EST DOS REMEDIOS,,,,1,0,0,0,0,0,0,1,0,0,0,,,,,,,,,
2023-06-02 00:00:00,10:30:00,COM VÍTIMA,TAMARINEIRA,RUA CONEGO BARATA,,,COLISÃO LATERAL,0,0,0,0,0,0,0,0,0,1,0,,,,,,,,,
2023-06-02 00:00:00,10:44:00,COM VÍTIMA,MADALENA,AV CAXANGA,,,COLISÃO LATERAL,1,1,0,0,0,0,0,0,0,1,0,,,,,,,,,
2023-06-02 00:00:00,10:59:00,COM VÍTIMA,DERBY,AV GOVERNADOR AGAMENON MAGALHAES,,,ATROPELAMENTO DE PESSOA,1,0,0,0,1,0,0,0,0,1,0,,,,,,,,,
2023-06-02 00:00:00,12:11:00,COM VÍTIMA,BOA VISTA,AV MONTEVIDEU,,,COLISÃO LATERAL,1,1,0,0,0,0,0,0,0,1,0,,,,,,,,,
2023-06-02 00:00:00,01:22:00,COM VÍTIMA,BOA VIAGEM,AV ENGENHEIRO DOMINGOS FERREIRA,,,COLISÃO LATERAL,0,0,0,0,0,0,0,0,0,1,0,,,,,,,,,
2023-06-02 00:00:00,02:26:00,COM VÍTIMA,TORREAO,AV NORTE MIGUEL ARRAES DE ALENCAR,,,COLISÃO LATERAL,0,1,0,0,0,0,0,0,0,1,0,,,,,,,,,
2023-06-02 00:00:00,03:35:00,COM VÍTIMA,CORREGO DO JENIPAPO,AV DA RECUPERACAO,,,QUEDA,0,1,0,0,0,0,0,0,0,1,0,,,,,,,,,
2023-06-02 00:00:00,03:56:00,COM VÍTIMA,AFLITOS,AV CONS ROSA E SILVA,,,COLISÃO TRASEIRA,1,1,0,0,0,0,0,0,0,1,0,,,,,,,,,
2023-06-02 00:00:00,04:20:00,COM VÍTIMA,IMBIRIBEIRA,AV MARECHAL MASCARENHAS DE MORAES,,,COLISÃO LATERAL,0,2,0,0,0,0,0,0,0,2,0,,,,,,,,,
2023-06-02 00:00:00,04:30:00,COM VÍTIMA,AFOGADOS,RUA TABAIARES,,,COLISÃO LATERAL,1,1,0,0,0,0,0,0,0,1,0,,,,,,,,,
2023-06-02 00:00:00,04:39:00,COM VÍTIMA,ILHA DO RETIRO,RUA TABAIARES,,,COLISÃO LATERAL,1,1,0,0,0,0,0,0,0,1,0,,,,,,,,,
2023-06-02 00:00:00,04:41:00,COM VÍTIMA,TAMARINEIRA,AV NORTE MIGUEL ARRAES DE ALENCAR,,,COLISÃO LATERAL,1,1,0,0,0,0,0,0,0,1,0,,,,,,,,,
2023-06-02 00:00:00,04:57:00,COM VÍTIMA,IMBIRIBEIRA,AV MARECHAL MASCARENHAS DE MORAES,,,COLISÃO TRASEIRA,0,2,0,0,0,0,0,0,0,2,0,,,,,,,,,
2023-06-02 00:00:00,05:02:00,COM VÍTIMA,CASA AMARELA,AV NORTE MIGUEL ARRAES DE ALENCAR,,,COLISÃO LATERAL,1,1,0,0,0,0,0,0,0,1,0,,,,,,,,,
2023-06-02 00:00:00,05:31:00,COM VÍTIMA,VARZEA,RUA GASTAO VIDIGAL,,,COLISÃO LATERAL,1,1,0,0,0,0,0,0,0,1,0,,,,,,,,,
2023-06-02 00:00:00,07:49:00,COM VÍTIMA,IBURA,AV SANTA FE,,,ATROPELAMENTO DE PESSOA,0,1,0,0,1,0,0,0,0,1,0,,,,,,,,,
2023-06-02 00:00:00,09:38:00,COM VÍTIMA,PINA,AV HERCULANO BANDEIRA,,,COLISÃO LATERAL,1,1,0,0,0,0,0,0,0,1,0,,,,,,,,,
2023-06-03 00:00:00,06:54:00,COM VÍTIMA,TORROES,AV ENGENHEIRO ABDIAS DE CARVALHO,,,COLISÃO FRONTAL,0,0,0,0,0,0,0,0,0,1,0,,,,,,,,,
2023-06-03 00:00:00,07:51:00,COM VÍTIMA,CASA AMARELA,RUA PAULA BATISTA,,,COLISÃO LATERAL,1,1,0,0,0,0,0,0,0,1,0,,,,,,,,,
2023-06-03 00:00:00,09:43:00,COM VÍTIMA,TEJIPIO,AV DR JOSE RUFINO,,,COLISÃO LATERAL,1,1,0,0,0,0,0,0,0,1,0,,,,,,,,,
2023-06-03 00:00:00,10:12:00,COM VÍTIMA,VARZEA,RUA MARIO CAMPELO,,,COLISÃO FRONTAL,2,0,0,0,0,0,0,0,0,1,0,,,,,,,,,
2023-06-03 00:00:00,11:53:00,COM VÍTIMA,CAMPO GRANDE,AV GOVERNADOR AGAMENON MAGALHAES,,,ATROPELAMENTO DE PESSOA,1,0,0,0,1,0,0,0,0,2,0,,,,,,,,,
2023-06-03 00:00:00,12:09:00,COM VÍTIMA,TORROES,RUA WASHINGTON DUARTE ESPINDOLA,,,COLISÃO FRONTAL,2,0,0,0,0,0,0,0,0,1,0,,,,,,,,,
2023-06-03 00:00:00,12:11:00,COM VÍTIMA,AREIAS,AV RECIFE,,,COLISÃO LATERAL,1,1,0,0,0,0,0,0,0,1,0,,,,,,,,,
2023-06-03 00:00:00,12:35:00,COM VÍTIMA,TORROES,AV ENGENHEIRO ABDIAS DE CARVALHO,,,ATROPELAMENTO DE PESSOA,0,0,0,0,1,0,1,0,0,1,0,,,,,,,,,
2023-06-03 00:00:00,03:12:00,COM VÍTIMA,ROSARINHO,AV NORTE MIGUEL ARRAES DE ALENCAR,81,SUBURBIO,COLISÃO LATERAL,0,1,0,0,0,0,1,0,0,1,0,,,,,,,,,
2023-06-03 00:00:00,04:12:00,VÍTIMA FATAL,TORRE,RUA JOSE BONIFACIO,,,ATROPELAMENTO DE PESSOA,0,0,0,0,1,0,0,0,0,1,1,,,,,,,,,
2023-06-03 00:00:00,06:39:00,COM VÍTIMA,BOA VIAGEM,RUA DEZ DE JULHO,,,COLISÃO LATERAL,1,1,0,0,0,0,0,0,0,1,0,,,,,,,,,
2023-06-03 00:00:00,06:43:00,SEM VÍTIMA,IBURA,AV DOIS RIOS,,,COLISÃO TRASEIRA,2,0,0,0,0,0,0,0,0,0,0,,,,,,,,,
2023-06-04 00:00:00,09:09:00,COM VÍTIMA,JARDIM SAO PAULO,RUA LORENA,,,COLISÃO LATERAL,1,1,0,0,0,0,0,0,0,1,0,,,,,,,,,
2023-06-04 00:00:00,09:22:00,SEM VÍTIMA,IBURA,AV DOIS RIOS,,,COLISÃO TRANSVERSAL,1,1,0,0,0,0,0,0,0,0,0,,,,,,,,,
2023-06-04 00:00:00,09:28:00,COM VÍTIMA,CABANGA,RUA DILERMANO REIS,,,COLISÃO LATERAL,1,1,0,0,0,0,0,0,0,1,0,,,,,,,,,
2023-06-04 00:00:00,09:45:00,COM VÍTIMA,BEBERIBE,AV BEBERIBE,,,ATROPELAMENTO DE PESSOA,0,1,0,0,1,0,0,0,0,1,0,,,,,,,,,
2023-06-04 00:00:00,12:51:00,COM VÍTIMA,BEBERIBE,AV BEBERIBE,,,COLISÃO LATERAL,0,1,0,0,0,0,0,0,0,1,0,,,,,,,,,
2023-06-04 00:00:00,02:25:00,SEM VÍTIMA,SANTO AMARO,AV CRUZ CABUGA,171,CIDADE,COLISÃO LATERAL,1,0,0,0,0,0,1,0,0,0,0,,,,,,,,,
2023-06-04 00:00:00,04:20:00,COM VÍTIMA,BOA VISTA,AV CONDE DA BOA VISTA,,,COLISÃO LATERAL,0,0,0,0,0,0,0,0,0,1,0,,,,,,,,,
2023-06-04 00:00:00,04:21:00,COM VÍTIMA,TEJIPIO,AV DR JOSE RUFINO,,,COLISÃO LATERAL,1,0,0,0,0,0,0,0,0,1,0,,,,,,,,,
2023-06-04 00:00:00,07:35:00,COM VÍTIMA,JORDAO,RUA DR ALVARO FERRAZ,,,ATROPELAMENTO DE PESSOA,1,0,0,0,1,0,0,0,0,1,0,,,,,,,,,
2023-06-04 00:00:00,07:44:00,COM VÍTIMA,BEBERIBE,AV BEBERIBE,,,COLISÃO LATERAL,1,1,0,0,0,0,0,0,0,1,0,,,,,,,,,
2023-06-05 00:00:00,07:28:00,COM VÍTIMA,AFOGADOS,RUA COSME VIANA,,,COLISÃO LATERAL,1,1,0,0,0,0,0,0,0,1,0,,,,,,,,,
2023-06-05 00:00:00,07:45:00,COM VÍTIMA,ENCRUZILHADA,AV BEBERIBE,,,COLISÃO FRONTAL,2,1,0,0,0,0,0,0,0,1,0,,,,,,,,,
2023-06-05 00:00:00,07:53:00,COM VÍTIMA,IMBIRIBEIRA,AV MARECHAL MASCARENHAS DE MORAES,,,COLISÃO FRONTAL,1,1,0,0,0,0,0,0,0,1,0,,,,,,,,,
2023-06-05 00:00:00,07:55:00,COM VÍTIMA,IBURA,AV PRESIDENTE DUTRA,,,COLISÃO FRONTAL,1,1,0,0,0,0,0,0,0,2,0,,,,,,,,,
2023-06-05 00:00:00,08:51:00,VÍTIMA FATAL,IMBIRIBEIRA,AV MARECHAL MASCARENHAS DE MORAES,,,CHOQUE,0,1,0,0,0,0,0,0,0,1,1,,,,,,,,,
2023-06-05 00:00:00,12:05:00,COM VÍTIMA,BOA VIAGEM,RUA ANTONIO FALCAO,,,COLISÃO LATERAL,1,1,0,0,0,0,0,0,0,2,0,,,,,,,,,
2023-06-05 00:00:00,01:00:00,COM VÍTIMA,IMBIRIBEIRA,RUA ARQUITETO LUIZ NUNES,,,COLISÃO LATERAL,0,0,0,0,0,0,0,0,0,1,0,,,,,,,,,
2023-06-05 00:00:00,01:13:00,COM VÍTIMA,TORRE,RUA PIO IX,,,COLISÃO LATERAL,1,1,0,0,0,0,0,0,0,1,0,,,,,,,,,
2023-06-05 00:00:00,02:04:00,COM VÍTIMA,IMBIRIBEIRA,RUA ARQUITETO LUIZ NUNES,,,COLISÃO LATERAL,1,1,0,0,0,0,0,0,0,1,0,,,,,,,,,
2023-06-05 00:00:00,02:11:00,COM VÍTIMA,MADALENA,RUA DEMOCRITO DE SOUZA FILHO,,,COLISÃO LATERAL,0,0,0,0,0,0,0,0,0,1,0,,,,,,,,,
2023-06-05 00:00:00,04:07:00,COM VÍTIMA,TAMARINEIRA,AV NORTE MIGUEL ARRAES DE ALENCAR,,,COLISÃO LATERAL,1,1,0,0,0,0,0,0,0,2,0,,,,,,,,,
2023-06-05 00:00:00,04:39:00,COM VÍTIMA,IBURA,RUA DR BENIGNO JORDAO DE VASCONCELOS,,,COLISÃO LATERAL,0,0,0,0,0,0,0,0,0,3,0,,,,,,,,,
2023-06-05 00:00:00,05:43:00,COM VÍTIMA,CASA AMARELA,RUA MAJOR NEREU GUERRA,,,COLISÃO LATERAL,1,1,0,0,0,0,0,0,0,2,0,,,,,,,,,
2023-06-05 00:00:00,05:49:00,COM VÍTIMA,IMBIRIBEIRA,AV PINHEIROS,,,COLISÃO FRONTAL,1,1,0,0,0,0,0,0,0,1,0,,,,,,,,,
2023-06-05 00:00:00,06:58:00,COM VÍTIMA,IMBIRIBEIRA,AV MARECHAL MASCARENHAS DE MORAES,385,,COLISÃO TRASEIRA,1,1,0,0,0,0,0,0,0,2,0,,,,,,,,,
2023-06-05 00:00:00,11:36:00,COM VÍTIMA,AFLITOS,AV CONS ROSA E SILVA,,,COLISÃO TRASEIRA,1,1,0,0,0,0,0,0,0,1,0,,,,,,,,,
2023-06-06 00:00:00,07:01:00,COM VÍTIMA,MACAXEIRA,AV NORTE MIGUEL ARRAES DE ALENCAR,,,QUEDA,0,1,0,0,0,0,0,0,0,1,0,,,,,,,,,
2023-06-06 00:00:00,08:44:00,COM VÍTIMA,ILHA DO RETIRO,EST DOS REMEDIOS,,,COLISÃO COM CICLISTA,0,0,0,1,0,1,0,0,0,1,0,,,,,,,,,
2023-06-06 00:00:00,09:11:00,COM VÍTIMA,AREIAS,AV TAPAJOS,,,COLISÃO LATERAL,0,2,0,0,0,0,0,0,0,2,0,,,,,,,,,
2023-06-06 00:00:00,09:12:00,COM VÍTIMA,LINHA DO TIRO,RUA PROFESSOR JOSE AMARINO DOS REIS,,,COLISÃO LATERAL,1,1,0,0,0,0,0,0,0,2,0,,,,,,,,,
2023-06-06 00:00:00,10:11:00,COM VÍTIMA,CAXANGA,AV CAXANGA,,,COLISÃO TRASEIRA,0,2,0,0,0,0,0,0,0,1,0,,,,,,,,,
2023-06-06 00:00:00,10:31:00,COM VÍTIMA,BARRO,AV DR JOSE RUFINO,,,COLISÃO LATERAL,0,3,0,0,0,0,0,0,0,1,0,,,,,,,,,
2023-06-06 00:00:00,10:45:00,COM VÍTIMA,GRACAS,RUA DAS CREOULAS,,,COLISÃO TRASEIRA,1,1,0,0,0,0,0,0,0,1,0,,,,,,,,,
2023-06-06 00:00:00,01:28:00,COM VÍTIMA,IPUTINGA,AV CAXANGA,,,COLISÃO LATERAL,1,1,0,0,0,0,0,0,0,1,0,,,,,,,,,
2023-06-06 00:00:00,01:28:00,COM VÍTIMA,PONTO DE PARADA,RUA MEM DE SA,,,COLISÃO LATERAL,1,1,0,0,0,0,0,0,0,2,0,,,,,,,,,
2023-06-06 00:00:00,02:57:00,SEM VÍTIMA,CAMPO GRANDE,EST DE BELEM,504,CIDADE,COLISÃO TRASEIRA,2,0,0,0,0,0,0,1,0,0,0,,,,,,,,,
2023-06-06 00:00:00,04:27:00,COM VÍTIMA,ESTANCIA,AV RECIFE,,,COLISÃO TRASEIRA,0,2,0,0,0,0,0,0,0,2,0,,,,,,,,,
2023-06-06 00:00:00,11:59:00,COM VÍTIMA,PINA,PTE GOVERNADOR PAULO GUERRA,,,TOMBAMENTO,1,0,0,0,0,0,0,0,0,1,0,,,,,,,,,
2023-06-07 00:00:00,08:50:00,COM VÍTIMA,AFOGADOS,RUA COSME VIANA,,,COLISÃO COM CICLISTA,0,1,0,1,0,0,0,0,0,1,0,,,,,,,,,
2023-06-07 00:00:00,10:11:00,COM VÍTIMA,BOA VIAGEM,AV CONSELHEIRO AGUIAR,,,CHOQUE,1,0,0,0,0,0,0,0,0,1,0,,,,,,,,,
2023-06-07 00:00:00,11:16:00,SEM VÍTIMA,SAO JOSE,C SANTA RITA,473,CIDADE,COLISÃO TRASEIRA,2,0,0,0,0,0,0,0,0,0,0,,,,,,,,,
2023-06-07 00:00:00,11:54:00,COM VÍTIMA,AFOGADOS,AV SUL,,,QUEDA,0,1,0,0,0,0,0,0,0,2,0,,,,,,,,,
2023-06-07 00:00:00,02:34:00,SEM VÍTIMA,SAN MARTIN,AV RECIFE,,SUBURBIO,COLISÃO TRASEIRA,2,0,0,0,0,0,0,1,0,0,0,,,,,,,,,
2023-06-07 00:00:00,04:44:00,COM VÍTIMA,BOA VIAGEM,AV ENGENHEIRO DOMINGOS FERREIRA,,,COLISÃO TRASEIRA,1,1,0,0,0,0,0,0,0,1,0,,,,,,,,,
2023-06-07 00:00:00,04:55:00,SEM VÍTIMA,SANTO AMARO,AV NORTE MIGUEL ARRAES DE ALENCAR,243,,COLISÃO TRASEIRA,0,0,0,0,0,0,1,1,0,0,0,,,,,,,,,
2023-06-07 00:00:00,06:06:00,COM VÍTIMA,ILHA DO RETIRO,AV ENGENHEIRO ABDIAS DE CARVALHO,,,ATROPELAMENTO DE PESSOA,0,1,0,0,1,0,0,0,0,1,0,,,,,,,,,
2023-06-07 00:00:00,06:19:00,COM VÍTIMA,AGUA FRIA,EST VELHA DE AGUA FRIA,,,COLISÃO COM CICLISTA,0,1,0,1,0,0,0,0,0,2,0,,,,,,,,,
2023-06-08 00:00:00,04:24:00,COM VÍTIMA,MADALENA,AV JOSE GONCALVES DE MEDEIROS,353,,COLISÃO TRANSVERSAL,1,0,0,0,0,1,0,0,0,1,0,,,,,,,,,
2023-06-08 00:00:00,07:24:00,COM VÍTIMA,IBURA,AV DOIS RIOS,,,COLISÃO FRONTAL,2,1,0,0,0,0,0,0,0,1,0,,,,,,,,,
2023-06-08 00:00:00,10:12:00,COM VÍTIMA,JARDIM SAO PAULO,RUA LEANDRO BARRETO,,,COLISÃO LATERAL,1,1,0,0,0,0,0,0,0,1,0,,,,,,,,,
2023-06-08 00:00:00,11:18:00,SEM VÍTIMA,ILHA DO LEITE,AV GOVERNADOR AGAMENON MAGALHAES,,SUBURBIO,COLISÃO TRASEIRA,2,0,0,0,0,0,0,0,0,0,0,,,,,,,,,
2023-06-08 00:00:00,11:47:00,COM VÍTIMA,ESPINHEIRO,RUA BUENOS AYRES,,,COLISÃO TRASEIRA,1,1,0,0,0,0,0,0,0,1,0,,,,,,,,,
2023-06-08 00:00:00,01:24:00,COM VÍTIMA,CORDEIRO,AV GENERAL SAN MARTIN,,,COLISÃO LATERAL,1,1,0,0,0,0,0,0,0,1,0,,,,,,,,,
2023-06-08 00:00:00,01:28:00,SEM VÍTIMA,BOA VISTA,AV GOVERNADOR AGAMENON MAGALHAES,37,CIDADE,COLISÃO TRASEIRA,1,0,0,0,0,0,0,1,0,0,0,,,,,,,,,
2023-06-08 00:00:00,02:39:00,COM VÍTIMA,GRACAS,RUA AMELIA,,,COLISÃO LATERAL,1,1,0,0,0,0,0,0,0,1,0,,,,,,,,,
2023-06-08 00:00:00,05:10:00,COM VÍTIMA,COHAB,RUA SOLDADO VIRGILIO LUCIO,,,COLISÃO FRONTAL,0,1,0,0,0,0,0,0,0,1,0,,,,,,,,,
2023-06-08 00:00:00,06:14:00,COM VÍTIMA,BOA VIAGEM,RUA ERNESTO DE PAULA SANTOS,,,COLISÃO FRONTAL,1,1,0,0,0,0,0,0,0,1,0,,,,,,,,,
2023-06-08 00:00:00,06:44:00,COM VÍTIMA,CAXANGA,AV CAXANGA,,SUBURBIO,COLISÃO LATERAL,1,1,0,0,0,0,0,0,0,1,0,,,,,,,,,
2023-06-08 00:00:00,07:00:00,COM VÍTIMA,IMBIRIBEIRA,AV MARECHAL MASCARENHAS DE MORAES,225,,COLISÃO LATERAL,1,1,0,0,0,0,0,0,0,1,0,,,,,,,,,
2023-06-08 00:00:00,07:09:00,COM VÍTIMA,APIPUCOS,RUA DOIS IRMAOS,,,COLISÃO LATERAL,1,1,0,0,0,0,0,0,0,1,0,,,,,,,,,
2023-06-08 00:00:00,10:29:00,SEM VÍTIMA,CASA AMARELA,AV NORTE MIGUEL ARRAES DE ALENCAR,96,CIDADE,COLISÃO TRASEIRA,1,0,0,0,0,0,0,1,0,0,0,,,,,,,,,
2023-06-08 00:00:00,10:37:00,COM VÍTIMA,CASA AMARELA,RUA PAULA BATISTA,136,,COLISÃO FRONTAL,0,1,0,0,0,1,0,0,0,1,0,,,,,,,,,
2023-06-09 00:00:00,08:15:00,COM VÍTIMA,ZUMBI,RUA CONS THEODORO,,,COLISÃO FRONTAL,1,1,0,0,0,0,0,0,0,1,0,,,,,,,,,
2023-06-09 00:00:00,09:41:00,SEM VÍTIMA,SANTO AMARO,AV DR JAYME DA FONTE,,,COLISÃO FRONTAL,3,0,0,0,0,0,0,0,0,0,0,,,,,,,,,
2023-06-09 00:00:00,11:30:00,COM VÍTIMA,SAO JOSE,RUA TOBIAS BARRETO,,,,0,1,0,0,0,0,0,0,0,1,0,,,,,,,,,
2023-06-09 00:00:00,11:32:00,COM VÍTIMA,BOA VIAGEM,AV ENGENHEIRO DOMINGOS FERREIRA,,,COLISÃO FRONTAL,1,1,0,0,0,0,0,0,0,1,0,,,,,,,,,
2023-06-09 00:00:00,01:14:00,COM VÍTIMA,MACAXEIRA,AV NORTE MIGUEL ARRAES DE ALENCAR,,,COLISÃO TRASEIRA,1,1,0,0,0,0,0,0,0,1,0,,,,,,,,,
2023-06-09 00:00:00,01:30:00,COM VÍTIMA,PINA,RUA TOME GIBSON,,,COLISÃO LATERAL,1,1,0,0,0,0,0,0,0,1,0,,,,,,,,,
2023-06-09 00:00:00,02:54:00,COM VÍTIMA,BAIRRO DO RECIFE,CAIS DO APOLO,,,ATROPELAMENTO DE PESSOA,0,0,0,0,1,1,0,0,0,1,0,,,,,,,,,
2023-06-09 00:00:00,03:00:00,COM VÍTIMA,CAXANGA,AV CAXANGA,,,COLISÃO LATERAL,1,1,0,0,0,0,0,0,0,1,0,,,,,,,,,
2023-06-09 00:00:00,05:53:00,COM VÍTIMA,IMBIRIBEIRA,RUA ARQUITETO LUIZ NUNES,,,ATROPELAMENTO DE PESSOA,0,1,0,0,1,0,0,0,0,1,0,,,,,,,,,
2023-06-09 00:00:00,09:36:00,COM VÍTIMA,TORRE,RUA MARQUES DE MARICA,317,,COLISÃO TRANSVERSAL,1,1,0,0,0,0,0,0,0,1,0,,,,,,,,,
2023-06-09 00:00:00,10:10:00,COM VÍTIMA,SANTO AMARO,AV CRUZ CABUGA,171,,COLISÃO TRANSVERSAL,1,1,0,0,0,0,0,0,0,1,0,,,,,,,,,
2023-06-09 00:00:00,11:14:00,COM VÍTIMA,TORREAO,AV NORTE MIGUEL ARRAES DE ALENCAR,56,,COLISÃO TRANSVERSAL,2,0,0,0,0,0,0,0,0,2,0,,,,,,,,,
2023-06-10 00:00:00,12:14:00,COM VÍTIMA,CASA FORTE,AV DEZESSETE DE AGOSTO,,SU,COLISÃO TRANSVERSAL,1,1,0,0,0,0,0,0,0,1,0,,,,,,,,,
2023-06-10 00:00:00,04:06:00,SEM VÍTIMA,IMBIRIBEIRA,RUA ENGENHEIRO JOSE BRANDAO CAVALCANTE,,,COLISÃO FRONTAL,2,0,0,0,0,0,0,0,0,0,0,,,,,,,,,
2023-06-10 00:00:00,06:20:00,COM VÍTIMA,SAO JOSE,RUA PADRE FLORIANO,,,CHOQUE,1,0,0,0,0,0,0,0,0,1,0,,,,,,,,,
2023-06-10 00:00:00,06:32:00,COM VÍTIMA,ESTANCIA,RUA ROCHA POMBO,,,QUEDA,0,1,0,0,0,0,0,0,0,1,0,,,,,,,,,
2023-06-10 00:00:00,08:07:00,COM VÍTIMA,AREIAS,AV DR JOSE RUFINO,,,COLISÃO TRASEIRA,2,1,0,0,0,0,0,0,0,2,0,,,,,,,,,
2023-06-10 00:00:00,08:09:00,COM VÍTIMA,BEBERIBE,AV BEBERIBE,,,COLISÃO LATERAL,1,1,0,0,0,0,0,0,0,1,0,,,,,,,,,
2023-06-10 00:00:00,09:17:00,COM VÍTIMA,BOA VIAGEM,RUA BALTAZAR PASSOS,,,QUEDA,0,1,0,0,0,0,0,0,0,1,0,,,,,,,,,
2023-06-10 00:00:00,09:21:00,COM VÍTIMA,IMBIRIBEIRA,AV MARECHAL MASCARENHAS DE MORAES,,,COLISÃO TRASEIRA,0,2,0,0,0,0,0,0,0,4,0,,,,,,,,,
2023-06-10 00:00:00,09:26:00,COM VÍTIMA,ILHA DO RETIRO,EST DOS REMEDIOS,390,,COLISÃO LATERAL,1,1,0,0,0,0,0,0,0,2,0,,,,,,,,,
2023-06-10 00:00:00,09:51:00,COM VÍTIMA,MADALENA,TUNEL DA ABOLICAO,,,COLISÃO LATERAL,0,2,0,0,0,0,0,0,0,1,0,,,,,,,,,
2023-06-10 00:00:00,11:06:00,COM VÍTIMA,CASA AMARELA,RUA PAULA BATISTA,,,COLISÃO LATERAL,2,1,0,0,0,0,0,0,0,1,0,,,,,,,,,
2023-06-10 00:00:00,11:37:00,COM VÍTIMA,ESPINHEIRO,AV GOVERNADOR AGAMENON MAGALHAES,,,QUEDA,0,1,0,0,0,0,0,0,0,1,0,,,,,,,,,
2023-06-10 00:00:00,11:39:00,COM VÍTIMA,CASA AMARELA,RUA PAULA BATISTA,,,COLISÃO LATERAL,0,0,0,0,0,0,0,0,0,1,0,,,,,,,,,
2023-06-10 00:00:00,11:57:00,COM VÍTIMA,IMBIRIBEIRA,AV MARECHAL MASCARENHAS DE MORAES,,,COLISÃO FRONTAL,1,1,0,0,0,0,0,0,0,2,0,,,,,,,,,
2023-06-10 00:00:00,12:14:00,COM VÍTIMA,ENCRUZILHADA,AV BEBERIBE,,,COLISÃO TRASEIRA,1,1,0,0,0,0,0,0,0,1,0,,,,,,,,,