data,hora,natureza,bairro,endereco,num_semaforo,sentido_via,tipo,auto,moto,ciclom,ciclista,pedestre,onibus,caminhao,viatura,outros,vitimas,vitimasfatais,acidente_verificado,tempo_clima,sinalizacao,condicao_via,conservacao_via,situacao_placa,velocidade_max_via,mao_direcao,divisao_via1
2023-06-10 00:00:00,01:11:00,COM VÍTIMA,IMBIRIBEIRA,AV MARECHAL MASCARENHAS DE MORAES,,,CHOQUE,0,1,0,0,0,0,0,0,0,1,0,,,,,,,,,
2023-06-10 00:00:00,01:17:00,COM VÍTIMA,CASA FORTE,RUA LEONARDO BEZERRA CAVALCANTE,,,COLISÃO LATERAL,1,1,0,0,0,0,0,0,0,2,0,,,,,,,,,
2023-06-10 00:00:00,01:48:00,COM VÍTIMA,AGUA FRIA,AV BEBERIBE,,,COLISÃO LATERAL,1,1,0,0,0,0,0,0,0,1,0,,,,,,,,,
2023-06-10 00:00:00,01:53:00,COM VÍTIMA,IBURA,AV DOIS RIOS,323,,COLISÃO LATERAL,1,1,0,0,0,0,0,0,0,1,0,,,,,,,,,
2023-06-10 00:00:00,04:13:00,COM VÍTIMA,CAMPO GRANDE,EST DE BELEM,,,COLISÃO LATERAL,1,1,0,0,0,0,0,0,0,1,0,,,,,,,,,
2023-06-11 00:00:00,12:32:00,COM VÍTIMA,BARRO,RUA PADRE DIOGO RODRIGUES,,,COLISÃO TRANSVERSAL,1,1,0,0,0,0,0,0,0,1,0,,,,,,,,,
2023-06-11 00:00:00,04:57:00,SEM VÍTIMA,ALTO SANTA TERESINHA,AV ANIBAL BENEVOLO,,SUBURBIO,,1,0,0,0,0,0,0,1,0,0,0,,,,,,,,,
2023-06-11 00:00:00,05:49:00,SEM VÍTIMA,DOIS IRMAOS,RUA DOIS IRMAOS,,CIDADE,COLISÃO TRASEIRA,2,0,0,0,0,0,0,0,0,0,0,,,,,,,,,
2023-06-11 00:00:00,07:30:00,COM VÍTIMA,TEJIPIO,AV PADRE IBIAPINA,,,COLISÃO FRONTAL,0,1,0,0,0,0,0,0,0,1,0,,,,,,,,,
2023-06-11 00:00:00,07:53:00,SEM VÍTIMA,IMBIRIBEIRA,AV MARECHAL MASCARENHAS DE MORAES,,SUBURBIO,,2,0,0,0,0,0,0,0,0,0,0,,,,,,,,,
2023-06-11 00:00:00,08:08:00,COM VÍTIMA,TEJIPIO,AV PADRE IBIAPINA,,,COLISÃO LATERAL,1,1,0,0,0,0,0,0,0,1,0,,,,,,,,,
2023-06-11 00:00:00,08:13:00,SEM VÍTIMA,DERBY,AV GOVERNADOR AGAMENON MAGALHAES,68,SUBURBIO,CHOQUE,1,0,0,0,0,0,0,0,0,0,0,,,,,,,,,
2023-06-12 00:00:00,12:50:00,SEM VÍTIMA,SANTO ANTONIO,AV DANTAS BARRETO,15,,COLISÃO LATERAL,0,0,0,0,0,1,0,0,1,0,0,,,,,,,,,
2023-06-12 00:00:00,08:57:00,SEM VÍTIMA,COELHOS,RUA DOS COELHOS,,CIDADE,,1,0,0,0,0,1,0,0,0,0,0,,,,,,,,,
2023-06-12 00:00:00,09:23:00,COM VÍTIMA,SAO JOSE,AV SUL,,,COLISÃO TRASEIRA,0,0,0,0,0,0,0,0,0,1,0,,,,,,,,,
2023-06-12 00:00:00,10:02:00,COM VÍTIMA,CORDEIRO,RUA AMALIA,,,COLISÃO COM CICLISTA,0,1,0,1,0,0,0,0,0,1,0,,,,,,,,,
2023-06-12 00:00:00,01:07:00,COM VÍTIMA,BOA VISTA,RUA JOAO FERNANDES VIEIRA,,,COLISÃO FRONTAL,0,1,0,0,0,0,0,0,0,1,0,,,,,,,,,
2023-06-12 00:00:00,02:37:00,COM VÍTIMA,PINA,AV HERCULANO BANDEIRA,,,COLISÃO LATERAL,1,1,0,0,0,0,0,0,0,1,0,,,,,,,,,
2023-06-12 00:00:00,03:05:00,COM VÍTIMA,PINA,AV HERCULANO BANDEIRA,,,COLISÃO LATERAL,1,1,0,0,0,0,0,0,0,1,0,,,,,,,,,
2023-06-12 00:00:00,03:29:00,COM VÍTIMA,MADALENA,AV JOSE GONCALVES DE MEDEIROS,,,COLISÃO FRONTAL,1,1,0,0,0,0,0,0,0,1,0,,,,,,,,,
2023-06-12 00:00:00,06:36:00,COM VÍTIMA,ILHA DO RETIRO,EST DOS REMEDIOS,,,COLISÃO LATERAL,1,1,0,0,0,0,0,0,0,1,0,,,,,,,,,
2023-06-12 00:00:00,09:07:00,COM VÍTIMA,IPUTINGA,AV CAXANGA,,CIDADE,ATROPELAMENTO DE PESSOA,1,0,0,0,1,0,0,0,0,1,0,,,,,,,,,
2023-06-13 00:00:00,07:22:00,COM VÍTIMA,IMBIRIBEIRA,AV MARECHAL MASCARENHAS DE MORAES,,,COLISÃO TRASEIRA,0,1,0,0,0,1,0,0,0,1,0,,,,,,,,,
2023-06-13 00:00:00,08:02:00,COM VÍTIMA,JORDAO,RUA NOVA CANAA,,,ATROPELAMENTO DE PESSOA,0,1,0,0,2,0,0,0,0,3,0,,,,,,,,,
2023-06-13 00:00:00,08:21:00,COM VÍTIMA,IMBIRIBEIRA,AV MARECHAL MASCARENHAS DE MORAES,,,COLISÃO TRASEIRA,1,1,0,0,0,0,0,0,0,1,0,,,,,,,,,
2023-06-13 00:00:00,09:14:00,COM VÍTIMA,PRADO,RUA ALFREDO PEREIRA BORBA,,,COLISÃO FRONTAL,0,1,0,0,0,0,0,0,0,1,0,,,,,,,,,
2023-06-13 00:00:00,09:28:00,COM VÍTIMA,CASA AMARELA,AV NORTE MIGUEL ARRAES DE ALENCAR,,,ATROPELAMENTO DE PESSOA,0,1,0,0,1,0,0,0,0,1,0,,,,,,,,,
2023-06-13 00:00:00,12:57:00,COM VÍTIMA,ARRUDA,RUA ZEFERINO AGRA,,,COLISÃO LATERAL,0,2,0,0,0,0,0,0,0,1,0,,,,,,,,,
2023-06-13 00:00:00,02:01:00,COM VÍTIMA,SANTO AMARO,AV CRUZ CABUGA,,RECIFE,COLISÃO TRASEIRA,0,1,0,0,0,1,0,0,0,1,0,,,,,,,,,
2023-06-13 00:00:00,06:18:00,COM VÍTIMA,VASCO DA GAMA,RUA DOIS DE FEVEREIRO,,,ATROPELAMENTO DE PESSOA,1,0,0,0,1,0,0,0,0,1,0,,,,,,,,,
2023-06-13 00:00:00,07:25:00,COM VÍTIMA,IPUTINGA,PRC BOM PASTOR,,,COLISÃO COM CICLISTA,1,0,0,1,0,0,0,0,0,1,0,,,,,,,,,
2023-06-13 00:00:00,09:43:00,COM VÍTIMA,ESTANCIA,AV RECIFE,,,COLISÃO TRASEIRA,0,2,0,0,0,0,0,0,0,3,0,,,,,,,,,
2023-06-14 00:00:00,08:37:00,COM VÍTIMA,SANTO AMARO,RUA AURORA,243,CIDADE,COLISÃO LATERAL,1,1,0,0,0,0,0,0,0,1,0,,,,,,,,,
2023-06-14 00:00:00,08:01:00,COM VÍTIMA,AFOGADOS,RUA VINTE E UM DE ABRIL,,,COLISÃO TRASEIRA,0,2,0,0,0,0,0,0,0,3,0,,,,,,,,,
2023-06-14 00:00:00,08:43:00,COM VÍTIMA,PRADO,RUA CARLOS GOMES,,,COLISÃO TRASEIRA,1,1,0,0,0,0,0,0,0,1,0,,,,,,,,,
2023-06-14 00:00:00,09:15:00,COM VÍTIMA,MACAXEIRA,AV NORTE MIGUEL ARRAES DE ALENCAR,671,,COLISÃO LATERAL,0,1,0,0,0,1,0,0,0,1,0,,,,,,,,,
2023-06-14 00:00:00,09:59:00,COM VÍTIMA,ESTANCIA,RUA MORAIS E SILVA,,,COLISÃO LATERAL,1,1,0,0,0,0,0,0,0,1,0,,,,,,,,,
2023-06-14 00:00:00,10:01:00,COM VÍTIMA,IPSEP,RUA MACHADO DE ASSIS,,,COLISÃO LATERAL,0,1,0,0,0,0,0,0,0,5,0,,,,,,,,,
2023-06-14 00:00:00,10:09:00,COM VÍTIMA,VARZEA,AV CAXANGA,,,QUEDA,0,1,0,0,0,0,0,0,0,1,0,,,,,,,,,
2023-06-14 00:00:00,10:17:00,COM VÍTIMA,CASA AMARELA,AV NORTE MIGUEL ARRAES DE ALENCAR,,,COLISÃO FRONTAL,0,1,0,0,0,0,0,0,0,1,0,,,,,,,,,
2023-06-14 00:00:00,10:23:00,SEM VÍTIMA,BOA VISTA,RUA DO PRINCIPE,,CIDADE,COLISÃO TRASEIRA,1,0,0,0,0,0,0,1,0,0,0,,,,,,,,,
2023-06-14 00:00:00,11:21:00,COM VÍTIMA,SANTO AMARO,AV JOAO DE BARROS,,,COLISÃO LATERAL,0,0,0,0,0,0,0,0,0,1,0,,,,,,,,,
2023-06-14 00:00:00,11:32:00,COM VÍTIMA,BOA VISTA,AV JOAO DE BARROS,,,COLISÃO LATERAL,0,2,0,0,0,0,0,0,0,1,0,,,,,,,,,
2023-06-14 00:00:00,01:22:00,COM VÍTIMA,PRADO,AV ENGENHEIRO ABDIAS DE CARVALHO,,,ATROPELAMENTO DE PESSOA,1,1,0,0,1,0,0,0,0,1,0,,,,,,,,,
2023-06-14 00:00:00,02:29:00,COM VÍTIMA,CORDEIRO,AV CAXANGA,,,COLISÃO COM CICLISTA,0,0,0,1,0,0,0,0,0,1,0,,,,,,,,,
2023-06-14 00:00:00,03:46:00,SEM VÍTIMA,PRADO,RUA RODRIGUES DE MENDONCA,,,COLISÃO TRANSVERSAL,1,0,0,0,0,0,0,1,0,0,0,,,,,,,,,
2023-06-14 00:00:00,06:33:00,COM VÍTIMA,BOA VIAGEM,AV CONSELHEIRO AGUIAR,,,COLISÃO TRASEIRA,1,1,0,0,0,0,0,0,0,1,0,,,,,,,,,
2023-06-14 00:00:00,09:23:00,SEM VÍTIMA,VARZEA,RUA JOSE EDUARDO MOURA,,SUBURBIO,CHOQUE,1,0,0,0,0,0,1,0,0,0,0,,,,,,,,,
2023-06-15 00:00:00,07:24:00,COM VÍTIMA,CAMPO GRANDE,RUA MARQUES DE ABRANTES,,,COLISÃO LATERAL,1,1,0,0,0,0,0,0,0,1,0,,,,,,,,,
2023-06-15 00:00:00,08:30:00,COM VÍTIMA,TORREAO,AV NORTE MIGUEL ARRAES DE ALENCAR,,,COLISÃO TRASEIRA,1,1,0,0,0,0,0,0,0,1,0,,,,,,,,,
2023-06-15 00:00:00,10:08:00,SEM VÍTIMA,NOVA DESCOBERTA,AV NORTE MIGUEL ARRAES DE ALENCAR,65,CIDADE,COLISÃO TRASEIRA,1,1,0,0,0,0,0,0,0,0,0,,,,,,,,,
2023-06-15 00:00:00,02:28:00,COM VÍTIMA,SANCHO,RUA APRIGIO GUIMARAES,,,COLISÃO LATERAL,0,0,0,0,0,0,0,0,0,1,0,,,,,,,,,
2023-06-15 00:00:00,02:33:00,COM VÍTIMA,IPSEP,AV RECIFE,,,COLISÃO TRASEIRA,1,1,0,0,0,0,0,0,0,1,0,,,,,,,,,
2023-06-15 00:00:00,04:13:00,COM VÍTIMA,CAXANGA,AV CAXANGA,,,QUEDA,0,1,0,0,0,0,0,0,0,1,0,,,,,,,,,
2023-06-15 00:00:00,06:05:00,COM VÍTIMA,SAO JOSE,RUA FLORIANO PEIXOTO,,,QUEDA,1,0,0,0,0,1,0,0,0,1,0,,,,,,,,,
2023-06-15 00:00:00,06:14:00,COM VÍTIMA,CORDEIRO,RUA PROFESSOR JOAQUIM XAVIER DE BRITO,,,COLISÃO FRONTAL,1,1,0,0,0,0,0,0,0,1,0,,,,,,,,,
2023-06-15 00:00:00,07:41:00,COM VÍTIMA,DERBY,AV GOVERNADOR AGAMENON MAGALHAES,,,COLISÃO TRASEIRA,1,1,0,0,0,0,0,0,0,1,0,,,,,,,,,
2023-06-15 00:00:00,07:47:00,COM VÍTIMA,SAN MARTIN,RUA OUREM,,,COLISÃO LATERAL,1,1,0,0,0,0,0,0,0,1,0,,,,,,,,,
2023-06-16 00:00:00,06:12:00,COM VÍTIMA,CASA AMARELA,AV NORTE MIGUEL ARRAES DE ALENCAR,,CIDADE,QUEDA,0,1,0,0,0,0,0,0,0,1,0,,,,,,,,,
2023-06-16 00:00:00,06:59:00,COM VÍTIMA,SAO JOSE,C SANTA RITA,,,ATROPELAMENTO DE PESSOA,0,0,0,0,1,1,0,0,0,1,0,,,,,,,,,
2023-06-16 00:00:00,07:40:00,COM VÍTIMA,GUABIRABA,EST DA MUMBECA,,,CHOQUE,0,1,0,0,0,0,0,0,0,1,0,,,,,,,,,
2023-06-16 00:00:00,07:46:00,COM VÍTIMA,JARDIM SAO PAULO,RUA LORENA,,,COLISÃO LATERAL,1,1,0,0,0,0,0,0,0,1,0,,,,,,,,,
2023-06-16 00:00:00,09:44:00,COM VÍTIMA,TORROES,AV ENGENHEIRO ABDIAS DE CARVALHO,,CIDADE,COLISÃO COM CICLISTA,0,1,0,1,0,0,0,0,0,3,0,,,,,,,,,
2023-06-16 00:00:00,11:28:00,COM VÍTIMA,SAO JOSE,AV CENTRAL,,,COLISÃO COM CICLISTA,0,0,0,1,0,1,0,0,0,1,0,,,,,,,,,
2023-06-16 00:00:00,12:07:00,COM VÍTIMA,SANTO AMARO,RUA FREI CASSIMIRO,,,COLISÃO FRONTAL,1,1,0,0,0,0,0,0,0,1,0,,,,,,,,,
2023-06-16 00:00:00,12:43:00,SEM VÍTIMA,AFOGADOS,RUA DA PAZ,,,COLISÃO LATERAL,2,0,0,0,0,0,0,0,0,0,0,,,,,,,,,
2023-06-16 00:00:00,01:25:00,COM VÍTIMA,AFOGADOS,RUA VINTE E UM DE ABRIL,,,COLISÃO LATERAL,0,0,0,0,0,0,0,0,0,1,0,,,,,,,,,
2023-06-16 00:00:00,01:26:00,COM VÍTIMA,JOANA BEZERRA,AV CENTRAL,,,COLISÃO COM CICLISTA,0,0,0,1,0,1,0,0,0,1,0,,,,,,,,,
2023-06-16 00:00:00,01:37:00,COM VÍTIMA,SANTO AMARO,RUA FREI CASSIMIRO,,,COLISÃO LATERAL,0,0,0,0,0,0,0,0,0,1,0,,,,,,,,,
2023-06-16 00:00:00,03:13:00,COM VÍTIMA,BOA VISTA,RUA DOS COELHOS,,,COLISÃO LATERAL,1,1,0,0,0,0,0,0,0,1,0,,,,,,,,,
2023-06-16 00:00:00,03:51:00,COM VÍTIMA,BOA VIAGEM,RUA FAUSTINO PORTO,,,COLISÃO TRASEIRA,2,0,0,0,0,0,0,0,0,1,0,,,,,,,,,
2023-06-16 00:00:00,03:53:00,COM VÍTIMA,CAMPO GRANDE,EST DE BELEM,,,ATROPELAMENTO DE PESSOA,0,0,0,0,0,0,0,0,0,1,0,,,,,,,,,
2023-06-16 00:00:00,04:15:00,COM VÍTIMA,SANTO AMARO,RUA DO POMBAL,,,COLISÃO LATERAL,1,1,0,0,0,0,0,0,0,1,0,,,,,,,,,
2023-06-16 00:00:00,04:24:00,COM VÍTIMA,SANTO AMARO,AV CRUZ CABUGA,,,COLISÃO TRASEIRA,1,1,0,0,0,0,0,0,0,1,0,,,,,,,,,
2023-06-16 00:00:00,04:38:00,COM VÍTIMA,FUNDAO,AV BEBERIBE,,,ATROPELAMENTO DE PESSOA,1,0,0,0,1,0,0,0,0,1,0,,,,,,,,,
2023-06-16 00:00:00,04:38:00,COM VÍTIMA,BOA VISTA,AV CRUZ CABUGA,,,COLISÃO LATERAL,1,1,0,0,0,0,0,0,0,1,0,,,,,,,,,
2023-06-16 00:00:00,05:02:00,COM VÍTIMA,VARZEA,AV PROFESSOR LUIZ FREIRE,,,ATROPELAMENTO DE PESSOA,1,0,0,0,1,0,0,0,0,1,0,,,,,,,,,
2023-06-16 00:00:00,04:42:00,COM VÍTIMA,BOA VISTA,RUA DO HOSPICIO,,,QUEDA,0,1,0,0,0,0,0,0,0,2,0,,,,,,,,,
2023-06-16 00:00:00,05:26:00,COM VÍTIMA,TORRE,RUA DOM MANOEL DA COSTA,,,CHOQUE,0,1,0,0,0,0,0,0,0,1,0,,,,,,,,,
2023-06-16 00:00:00,05:45:00,COM VÍTIMA,IMBIRIBEIRA,AV MARECHAL MASCARENHAS DE MORAES,,,COLISÃO LATERAL,1,1,0,0,0,0,0,0,0,1,0,,,,,,,,,
2023-06-16 00:00:00,07:16:00,COM VÍTIMA,AFLITOS,AV CONS ROSA E SILVA,,,COLISÃO LATERAL,1,1,0,0,0,0,0,0,0,1,0,,,,,,,,,
2023-06-16 00:00:00,10:17:00,VÍTIMA FATAL,GUABIRABA,EST DOS MACACOS,,,CHOQUE,0,1,0,0,0,0,0,0,0,0,1,,,,,,,,,
2023-06-17 00:00:00,08:18:00,COM VÍTIMA,VARZEA,AV CAXANGA,,CIDADE,COLISÃO LATERAL,1,1,0,0,0,0,0,0,0,1,0,,,,,,,,,
2023-06-17 00:00:00,12:52:00,SEM VÍTIMA,AFOGADOS,RUA JACIRA,,,COLISÃO TRANSVERSAL,1,0,0,0,0,1,0,0,0,0,0,,,,,,,,,
2023-06-17 00:00:00,01:06:00,COM VÍTIMA,ENCRUZILHADA,RUA FERNANDO CESAR,,,COLISÃO LATERAL,1,1,0,0,0,0,0,0,0,1,0,,,,,,,,,
2023-06-17 00:00:00,03:13:00,COM VÍTIMA,ENCRUZILHADA,AV BEBERIBE,,,COLISÃO TRASEIRA,1,1,0,0,0,1,0,0,0,1,0,,,,,,,,,
2023-06-17 00:00:00,03:36:00,COM VÍTIMA,BOA VIAGEM,RUA AMARO ALBINO PIMENTEL,,,COLISÃO LATERAL,1,1,0,0,0,0,0,0,0,1,0,,,,,,,,,
2023-06-17 00:00:00,04:35:00,COM VÍTIMA,PINA,RUA ABREU ALBANO,,,COLISÃO LATERAL,1,1,0,0,0,0,0,0,0,1,0,,,,,,,,,
2023-06-17 00:00:00,06:45:00,COM VÍTIMA,PINA,AV ANTONIO DE GOES,,,COLISÃO LATERAL,1,1,0,0,0,0,0,0,0,1,0,,,,,,,,,
2023-06-17 00:00:00,10:23:00,COM VÍTIMA,IPUTINGA,AV MAURICIO DE NASSAU,,,COLISÃO FRONTAL,1,1,0,0,0,0,0,0,0,2,0,,,,,,,,,
2023-06-18 00:00:00,03:28:00,SEM VÍTIMA,ENGENHO DO MEIO,RUA ANTONIO CURADO,,,CHOQUE,2,0,0,0,0,0,0,0,0,0,0,,,,,,,,,
2023-06-18 00:00:00,04:02:00,SEM VÍTIMA,PARNAMIRIM,RUA DR JOAO SANTOS FILHO,,,TOMBAMENTO,0,0,0,0,0,0,0,0,0,0,0,,,,,,,,,
2023-06-18 00:00:00,12:52:00,COM VÍTIMA,BOA VISTA,RUA GENERAL JOAQUIM INACIO,,,COLISÃO TRASEIRA,1,0,0,0,0,0,0,1,0,1,0,,,,,,,,,
2023-06-18 00:00:00,03:41:00,COM VÍTIMA,CORDEIRO,RUA TAMBORIL,,,COLISÃO TRASEIRA,1,1,0,0,0,0,0,0,0,1,0,,,,,,,,,
2023-06-18 00:00:00,03:56:00,COM VÍTIMA,BOA VIAGEM,AV BOA VIAGEM,,,COLISÃO TRASEIRA,1,2,0,0,0,0,0,0,0,1,0,,,,,,,,,
2023-06-18 00:00:00,07:04:00,COM VÍTIMA,DOIS UNIDOS,AV HILDEBRANDO DE VASCONCELOS,,,COLISÃO FRONTAL,1,1,0,0,0,0,0,0,0,1,0,,,,,,,,,
2023-06-18 00:00:00,08:51:00,COM VÍTIMA,DOIS UNIDOS,AV HILDEBRANDO DE VASCONCELOS,,,COLISÃO LATERAL,1,1,0,0,0,0,0,0,0,1,0,,,,,,,,,
2023-06-18 00:00:00,09:19:00,COM VÍTIMA,SANTO AMARO,AV NORTE MIGUEL ARRAES DE ALENCAR,97,,COLISÃO LATERAL,0,1,0,1,0,0,0,0,0,1,0,,,,,,,,,
2023-06-18 00:00:00,11:47:00,COM VÍTIMA,CORDEIRO,RUA GOMES TABORDA,,,COLISÃO TRANSVERSAL,1,1,0,0,0,0,0,0,0,1,0,,,,,,,,,
2023-06-19 00:00:00,05:43:00,SEM VÍTIMA,SAN MARTIN,AV CONSUL VILARES FRAGOSO,,SUBURBIO,CHOQUE,1,0,0,0,0,0,0,0,0,0,0,,,,,,,,,
2023-06-19 00:00:00,07:24:00,COM VÍTIMA,DOIS IRMAOS,PRQ DE DOIS IRMAOS,,,COLISÃO TRASEIRA,0,1,0,0,0,1,0,0,0,1,0,,,,,,,,,
2023-06-19 00:00:00,10:44:00,COM VÍTIMA,BOA VIAGEM,AV DOM JOAO VI,,,COLISÃO LATERAL,0,2,0,0,0,0,0,0,0,1,0,,,,,,,,,
2023-06-19 00:00:00,11:38:00,COM VÍTIMA,IMBIRIBEIRA,AV MARECHAL MASCARENHAS DE MORAES,,,COLISÃO TRASEIRA,1,1,0,0,0,0,0,0,0,1,0,,,,,,,,,
2023-06-19 00:00:00,12:25:00,COM VÍTIMA,ENCRUZILHADA,AV BEBERIBE,,,COLISÃO LATERAL,0,0,0,0,0,0,0,0,0,1,0,,,,,,,,,
2023-06-19 00:00:00,01:36:00,COM VÍTIMA,BOA VIAGEM,RUA BRUNO VELOSO,,,COLISÃO LATERAL,1,1,0,0,0,0,0,0,0,1,0,,,,,,,,,
2023-06-19 00:00:00,03:27:00,COM VÍTIMA,PINA,AVENIDA CELSO FURTADO (VIA MANGUE),,,QUEDA,0,1,0,0,0,0,0,0,0,1,0,,,,,,,,,
2023-06-19 00:00:00,05:06:00,COM VÍTIMA,COHAB,RUA CAPITAO VICENTE CURADO,,,ATROPELAMENTO DE PESSOA,2,0,0,0,1,0,0,0,0,1,0,,,,,,,,,
2023-06-19 00:00:00,05:07:00,COM VÍTIMA,PINA,AV ANTONIO DE GOES,,,COLISÃO TRASEIRA,1,1,0,0,0,0,0,0,0,1,0,,,,,,,,,
2023-06-19 00:00:00,05:11:00,SEM VÍTIMA,GRACAS,AV GOVERNADOR AGAMENON MAGALHAES,173,SUBURBIO,,1,0,0,0,0,0,0,1,0,0,0,,,,,,,,,
2023-06-19 00:00:00,05:42:00,SEM VÍTIMA,IMBIRIBEIRA,AV GENERAL MAC ARTHUR,,SUBURBIO,COLISÃO TRANSVERSAL,0,1,0,0,0,0,0,1,0,0,0,,,,,,,,,
2023-06-19 00:00:00,07:05:00,COM VÍTIMA,BOA VIAGEM,AVENIDA CELSO FURTADO (VIA MANGUE),,,COLISÃO TRASEIRA,1,1,0,0,0,0,0,0,0,1,0,,,,,,,,,
2023-06-19 00:00:00,07:38:00,COM VÍTIMA,MACAXEIRA,AV NORTE MIGUEL ARRAES DE ALENCAR,,,COLISÃO FRONTAL,1,1,0,0,0,0,0,0,0,1,0,,,,,,,,,
2023-06-19 00:00:00,08:27:00,COM VÍTIMA,BOA VISTA,RUA DA AURORA,,,COLISÃO COM CICLISTA,1,0,0,1,0,0,0,0,0,1,0,,,,,,,,,
2023-06-19 00:00:00,09:08:00,SEM VÍTIMA,IPUTINGA,RUA SANTA LUZIA,,SUBURBIO,CHOQUE,1,0,0,0,0,0,0,0,0,0,0,,,,,,,,,
2023-06-19 00:00:00,09:25:00,COM VÍTIMA,ARRUDA,RUA DESENHISTA EULINO SANTOS,,,CAPOTAMENTO,1,1,0,0,0,0,0,0,0,3,0,,,,,,,,,
2023-06-19 00:00:00,10:45:00,COM VÍTIMA,BOA VIAGEM,AV ANTONIO TORRES GALVAO,,,COLISÃO COM CICLISTA,1,0,0,1,0,0,0,0,0,1,0,,,,,,,,,
2023-06-20 00:00:00,06:28:00,COM VÍTIMA,PORTO DA MADEIRA,RUA DALVA DE OLIVEIRA,,,COLISÃO LATERAL,1,1,0,0,0,0,0,0,0,2,0,,,,,,,,,
2023-06-20 00:00:00,07:26:00,COM VÍTIMA,IBURA,RUA RIO XINGU,,,CHOQUE,0,1,0,0,0,0,0,0,0,1,0,,,,,,,,,
2023-06-20 00:00:00,08:11:00,COM VÍTIMA,PINA,AVENIDA CELSO FURTADO (VIA MANGUE),,,COLISÃO LATERAL,1,1,0,0,0,0,0,0,0,1,0,,,,,,,,,
2023-06-20 00:00:00,08:09:00,COM VÍTIMA,BOA VIAGEM,RUA PROFESSOR EDUARDO WANDERLEY FILHO,,,COLISÃO TRANSVERSAL,0,0,0,0,0,0,0,0,0,1,0,,,,,,,,,
2023-06-20 00:00:00,09:08:00,COM VÍTIMA,APIPUCOS,RUA DE APIPUCOS,,CIDADE,COLISÃO TRASEIRA,1,1,0,0,0,0,0,0,0,1,0,,,,,,,,,
2023-06-20 00:00:00,09:29:00,COM VÍTIMA,AREIAS,AV DR JOSE RUFINO,,,COLISÃO LATERAL,0,1,0,0,0,0,1,0,0,2,0,,,,,,,,,
2023-06-20 00:00:00,09:41:00,COM VÍTIMA,DERBY,PRC DO DERBY,,,COLISÃO TRASEIRA,1,1,0,0,0,0,0,0,0,1,0,,,,,,,,,
2023-06-20 00:00:00,09:49:00,COM VÍTIMA,IPSEP,AV RECIFE,,,,0,0,0,0,0,0,0,0,0,1,0,,,,,,,,,
2023-06-20 00:00:00,10:05:00,COM VÍTIMA,PRADO,RUA PADRE TEOFILO TWORZ,,,COLISÃO LATERAL,1,1,0,0,0,0,0,0,0,1,0,,,,,,,,,
2023-06-20 00:00:00,11:08:00,SEM VÍTIMA,PAISSANDU,AV GOVERNADOR AGAMENON MAGALHAES,,,COLISÃO TRASEIRA,0,1,0,0,0,1,0,0,0,0,0,,,,,,,,,
2023-06-20 00:00:00,02:06:00,COM VÍTIMA,PINA,AV HERCULANO BANDEIRA,,,COLISÃO TRASEIRA,2,0,0,0,0,0,0,0,0,1,0,,,,,,,,,
2023-06-20 00:00:00,02:51:00,COM VÍTIMA,IMBIRIBEIRA,AV MARECHAL MASCARENHAS DE MORAES,,CIDADE,ATROPELAMENTO DE PESSOA,0,0,0,0,1,1,0,0,0,1,0,,,,,,,,,
2023-06-20 00:00:00,03:01:00,COM VÍTIMA,IPSEP,RUA BLUMENAU,,,COLISÃO LATERAL,1,1,0,0,0,0,0,0,0,1,0,,,,,,,,,
2023-06-20 00:00:00,03:20:00,COM VÍTIMA,BOA VISTA,RUA DA AURORA,90,,COLISÃO COM CICLISTA,0,1,0,1,0,0,0,0,0,2,0,,,,,,,,,
2023-06-20 00:00:00,05:13:00,SEM VÍTIMA,BOA VISTA,AV GOVERNADOR AGAMENON MAGALHAES,,,COLISÃO TRASEIRA,2,0,0,0,0,0,0,0,0,0,0,,,,,,,,,
2023-06-20 00:00:00,05:24:00,COM VÍTIMA,SANTO ANTONIO,RUA PADRE MUNIZ,,,QUEDA,0,1,0,0,0,0,0,0,0,1,0,,,,,,,,,
2023-06-20 00:00:00,07:03:00,SEM VÍTIMA,SAO JOSE,AV DANTAS BARRETO,,,CHOQUE,0,0,0,0,0,0,1,0,0,0,0,,,,,,,,,
2023-06-20 00:00:00,11:45:00,SEM VÍTIMA,TORRE,RUA CONDE DE IRAJA,,,COLISÃO TRANSVERSAL,0,0,0,0,0,0,0,0,0,0,0,,,,,,,,,
2023-06-21 00:00:00,06:25:00,COM VÍTIMA,IPUTINGA,AV CAXANGA,,,COLISÃO LATERAL,1,0,0,1,0,0,0,0,0,1,0,,,,,,,,,
2023-06-21 00:00:00,07:34:00,COM VÍTIMA,BOA VIAGEM,AVENIDA CELSO FURTADO (VIA MANGUE),,,QUEDA,0,0,0,0,0,0,0,0,0,1,0,,,,,,,,,
2023-06-21 00:00:00,07:37:00,COM VÍTIMA,PINA,AVENIDA CELSO FURTADO (VIA MANGUE),,,COLISÃO TRASEIRA,1,1,0,0,0,0,0,0,0,1,0,,,,,,,,,
2023-06-21 00:00:00,07:40:00,COM VÍTIMA,DOIS IRMAOS,RUA MANUEL DE MEDEIROS,,,,0,0,0,0,0,0,0,0,0,1,0,,,,,,,,,
2023-06-21 00:00:00,07:45:00,COM VÍTIMA,CASA FORTE,RUA JORGE GOMES DE SA,,,QUEDA,0,0,0,0,0,0,0,0,0,1,0,,,,,,,,,
2023-06-21 00:00:00,07:59:00,COM VÍTIMA,SANTO AMARO,RUA TREZE DE MAIO,,,COLISÃO FRONTAL,0,1,0,0,0,0,1,0,0,1,0,,,,,,,,,
2023-06-21 00:00:00,08:00:00,COM VÍTIMA,PINA,AVENIDA CELSO FURTADO (VIA MANGUE),,,COLISÃO LATERAL,1,1,0,0,0,0,0,0,0,1,0,,,,,,,,,
2023-06-21 00:00:00,08:09:00,COM VÍTIMA,DERBY,AV GOVERNADOR AGAMENON MAGALHAES,,BOA VIAGEM,COLISÃO TRASEIRA,0,2,0,0,0,0,0,0,0,1,0,,,,,,,,,
2023-06-21 00:00:00,08:11:00,COM VÍTIMA,CASA AMARELA,RUA DA HARMONIA,,,,0,0,0,0,0,0,0,0,0,1,0,,,,,,,,,
2023-06-21 00:00:00,08:47:00,COM VÍTIMA,CORDEIRO,RUA MANOEL ESTEVAO DA COSTA,,,COLISÃO LATERAL,1,1,0,0,0,0,0,0,0,1,0,,,,,,,,,
2023-06-21 00:00:00,02:18:00,COM VÍTIMA,BARRO,AV CENTRAL,,,COLISÃO FRONTAL,1,1,0,0,0,0,0,0,0,1,0,,,,,,,,,
2023-06-21 00:00:00,02:44:00,COM VÍTIMA,ROSARINHO,AV NORTE MIGUEL ARRAES DE ALENCAR,,,COLISÃO LATERAL,1,1,0,0,0,0,0,0,0,1,0,,,,,,,,,
2023-06-21 00:00:00,03:46:00,SEM VÍTIMA,ILHA DO LEITE,AV GOVERNADOR AGAMENON MAGALHAES,672,,,1,0,0,0,0,0,1,0,0,0,0,,,,,,,,,
2023-06-21 00:00:00,05:02:00,COM VÍTIMA,CASA AMARELA,EST DO ARRAIAL,,,ATROPELAMENTO DE PESSOA,0,1,0,0,1,0,0,0,0,1,0,,,,,,,,,
2023-06-21 00:00:00,06:16:00,SEM VÍTIMA,JORDAO,AV MARIA IRENE,,,COLISÃO TRASEIRA,2,0,0,0,0,0,0,0,0,0,0,,,,,,,,,
2023-06-21 00:00:00,06:23:00,COM VÍTIMA,DOIS IRMAOS,AV LUIZ ANTONIO DE ARAUJO,,,COLISÃO FRONTAL,1,1,0,0,0,0,0,0,0,1,0,,,,,,,,,
2023-06-21 00:00:00,06:26:00,SEM VÍTIMA,BOA VIAGEM,AVENIDA CELSO FURTADO (VIA MANGUE),,SUBURBIO,,2,1,0,0,0,0,0,0,0,0,0,,,,,,,,,
2023-06-21 00:00:00,06:28:00,COM VÍTIMA,GRACAS,RUA AMELIA,,,QUEDA,0,1,0,0,0,0,0,0,0,1,0,,,,,,,,,
2023-06-21 00:00:00,06:59:00,COM VÍTIMA,CAXANGA,AV CAXANGA,,CIDADE,COLISÃO TRASEIRA,1,1,0,0,0,0,0,0,0,2,0,,,,,,,,,