data,hora,natureza,bairro,endereco,num_semaforo,sentido_via,tipo,auto,moto,ciclom,ciclista,pedestre,onibus,caminhao,viatura,outros,vitimas,vitimasfatais,acidente_verificado,tempo_clima,sinalizacao,condicao_via,conservacao_via,situacao_placa,velocidade_max_via,mao_direcao,divisao_via1
2023-06-21 00:00:00,07:43:00,COM VÍTIMA,PARNAMIRIM,AV RUI BARBOSA,,,COLISÃO FRONTAL,1,1,0,0,0,0,0,0,0,1,0,,,,,,,,,
2023-06-21 00:00:00,07:47:00,COM VÍTIMA,BOA VISTA,RUA GERVASIO PIRES,,,COLISÃO LATERAL,1,1,0,0,0,0,0,0,0,1,0,,,,,,,,,
2023-06-22 00:00:00,08:18:00,COM VÍTIMA,CORDEIRO,EST DO FORTE DO ARRAIAL N. DO B. JESUS,,,COLISÃO LATERAL,1,1,0,0,0,0,0,0,0,1,0,,,,,,,,,
2023-06-22 00:00:00,10:52:00,COM VÍTIMA,SAO JOSE,AV SUL,,,ATROPELAMENTO DE PESSOA,1,0,0,0,1,0,0,0,0,1,0,,,,,,,,,
2023-06-22 00:00:00,11:16:00,COM VÍTIMA,AREIAS,AV RECIFE,,,COLISÃO LATERAL,1,1,0,0,0,0,0,0,0,1,0,,,,,,,,,
2023-06-22 00:00:00,11:28:00,COM VÍTIMA,SAO JOSE,AV SUL,,,ATROPELAMENTO DE PESSOA,1,0,0,0,1,0,0,0,0,1,0,,,,,,,,,
2023-06-22 00:00:00,11:34:00,COM VÍTIMA,AREIAS,AV RECIFE,,,COLISÃO LATERAL,0,0,0,0,0,0,0,0,0,1,0,,,,,,,,,
2023-06-22 00:00:00,01:06:00,COM VÍTIMA,PARNAMIRIM,RUA FERREIRA LOPES,,,COLISÃO TRASEIRA,1,1,0,0,0,0,0,0,0,1,0,,,,,,,,,
2023-06-22 00:00:00,01:21:00,COM VÍTIMA,MADALENA,RUA JOSE OSORIO,,,QUEDA,0,1,0,0,0,0,0,0,0,1,0,,,,,,,,,
2023-06-22 00:00:00,01:27:00,COM VÍTIMA,JOANA BEZERRA,PTE JOSE DE BARROS LIMA,,,COLISÃO LATERAL,1,1,0,0,0,0,0,0,0,1,0,,,,,,,,,
2023-06-22 00:00:00,04:32:00,COM VÍTIMA,AGUA FRIA,RUA CORREGO DO DEODATO,,,ATROPELAMENTO DE PESSOA,0,1,0,0,1,0,0,0,0,1,0,,,,,,,,,
2023-06-22 00:00:00,04:49:00,COM VÍTIMA,CASA AMARELA,EST DO ARRAIAL,,,ATROPELAMENTO DE PESSOA,0,1,0,0,1,0,0,0,0,1,0,,,,,,,,,
2023-06-22 00:00:00,04:55:00,COM VÍTIMA,PAISSANDU,AV GOVERNADOR AGAMENON MAGALHAES,,SUBURBIO,COLISÃO LATERAL,1,1,0,0,0,0,0,0,0,2,0,,,,,,,,,
2023-06-22 00:00:00,06:08:00,SEM VÍTIMA,SAN MARTIN,AV ENGENHEIRO ABDIAS DE CARVALHO,,CIDADE,COLISÃO TRASEIRA,2,0,0,0,0,0,0,1,0,0,0,,,,,,,,,
2023-06-22 00:00:00,06:16:00,COM VÍTIMA,MADALENA,RUA BENFICA,,CIDADE,COLISÃO LATERAL,2,1,0,0,0,0,0,0,0,1,0,,,,,,,,,
2023-06-22 00:00:00,07:52:00,COM VÍTIMA,CORDEIRO,AV GENERAL SAN MARTIN,,,COLISÃO LATERAL,1,1,0,0,0,0,0,0,0,1,0,,,,,,,,,
2023-06-22 00:00:00,08:17:00,COM VÍTIMA,SANTO AMARO,AV PREFEITO ARTUR LIMA CAVALCANTI,,,COLISÃO TRASEIRA,1,1,0,0,0,0,0,0,0,2,0,,,,,,,,,
2023-06-22 00:00:00,08:29:00,SEM VÍTIMA,SANTO ANTONIO,RUA CAMBOA DO CARMO,,CIDADE,CHOQUE,0,0,0,0,0,0,0,1,0,0,0,,,,,,,,,
2023-06-23 00:00:00,05:43:00,SEM VÍTIMA,DOIS IRMAOS,AV DA RECUPERACAO,416,SUBURBIO,CAPOTAMENTO,1,0,0,0,0,0,0,0,0,0,0,,,,,,,,,
2023-06-23 00:00:00,11:01:00,COM VÍTIMA,CASA AMARELA,AV NORTE MIGUEL ARRAES DE ALENCAR,,,COLISÃO TRASEIRA,2,0,0,0,0,0,0,0,0,1,0,,,,,,,,,
2023-06-23 00:00:00,06:58:00,COM VÍTIMA,CASA AMARELA,RUA FERREIRA LOPES,,,ATROPELAMENTO DE PESSOA,0,1,0,0,1,0,0,0,0,2,0,,,,,,,,,
2023-06-23 00:00:00,07:29:00,COM VÍTIMA,BOA VIAGEM,RUA CAMBOIM,,,COLISÃO LATERAL,1,1,0,0,0,0,0,0,0,2,0,,,,,,,,,
2023-06-23 00:00:00,08:39:00,COM VÍTIMA,BOA VIAGEM,AV BOA VIAGEM,,,COLISÃO LATERAL,0,2,0,0,0,0,0,0,0,1,0,,,,,,,,,
2023-06-23 00:00:00,09:22:00,COM VÍTIMA,IBURA,AV DOIS RIOS,351,,COLISÃO LATERAL,1,1,0,0,0,0,0,0,0,1,0,,,,,,,,,
2023-06-24 00:00:00,01:03:00,COM VÍTIMA,TEJIPIO,AV DR JOSE RUFINO,208,,COLISÃO FRONTAL,1,1,0,0,0,0,0,0,0,1,0,,,,,,,,,
2023-06-24 00:00:00,12:47:00,COM VÍTIMA,ROSARINHO,AV SANTOS DUMONT,,,COLISÃO LATERAL,1,1,0,0,0,0,0,0,0,1,0,,,,,,,,,
2023-06-24 00:00:00,01:51:00,SEM VÍTIMA,CAJUEIRO,AV BEBERIBE,,,CHOQUE,0,0,0,0,0,0,0,0,0,0,0,,,,,,,,,
2023-06-24 00:00:00,02:45:00,COM VÍTIMA,CASA AMARELA,RUA BELA VISTA,,,COLISÃO LATERAL,1,1,0,0,0,0,0,0,0,1,0,,,,,,,,,
2023-06-24 00:00:00,03:19:00,COM VÍTIMA,BOA VIAGEM,AV BOA VIAGEM,,,COLISÃO LATERAL,1,1,0,0,0,0,0,0,0,1,0,,,,,,,,,
2023-06-24 00:00:00,07:15:00,COM VÍTIMA,AREIAS,AV DR JOSE RUFINO,,,COLISÃO FRONTAL,1,1,0,0,0,0,0,0,0,1,0,,,,,,,,,
2023-06-25 00:00:00,12:16:00,COM VÍTIMA,BOA VIAGEM,RUA ERNESTO DE PAULA SANTOS,330,,COLISÃO LATERAL,0,0,0,0,0,0,0,0,0,1,0,,,,,,,,,
2023-06-25 00:00:00,09:41:00,COM VÍTIMA,MADALENA,RUA BENFICA,,,COLISÃO LATERAL,1,1,0,0,0,0,0,0,0,1,0,,,,,,,,,
2023-06-25 00:00:00,10:56:00,COM VÍTIMA,IBURA,AV PERNAMBUCO,,,COLISÃO LATERAL,1,1,0,0,0,0,0,0,0,2,0,,,,,,,,,
2023-06-25 00:00:00,02:12:00,COM VÍTIMA,IPSEP,AV SALDANHA MARINHO,,,COLISÃO LATERAL,0,1,0,0,0,0,0,0,0,1,0,,,,,,,,,
2023-06-25 00:00:00,03:23:00,COM VÍTIMA,JARDIM SAO PAULO,RUA ARLINDO SA,,,COLISÃO LATERAL,1,1,0,0,0,0,0,0,0,2,0,,,,,,,,,
2023-06-26 00:00:00,07:02:00,COM VÍTIMA,CASA AMARELA,RUA ALEXANDRINO,,,,0,0,0,0,0,0,0,0,0,1,0,,,,,,,,,
2023-06-26 00:00:00,07:58:00,SEM VÍTIMA,AFOGADOS,RUA SAO MATEUS,,,COLISÃO LATERAL,1,1,0,0,0,0,0,0,0,0,0,,,,,,,,,
2023-06-26 00:00:00,08:44:00,COM VÍTIMA,JOANA BEZERRA,VDO PAPA JOAO PAULO II,,SUB,TOMBAMENTO,0,1,0,0,0,0,0,0,0,1,0,,,,,,,,,
2023-06-26 00:00:00,09:54:00,COM VÍTIMA,IMBIRIBEIRA,AV MARECHAL MASCARENHAS DE MORAES,,,ATROPELAMENTO DE PESSOA,0,1,0,0,1,0,0,0,0,1,0,,,,,,,,,
2023-06-26 00:00:00,11:15:00,COM VÍTIMA,SAO JOSE,PRC SERGIO LORETO,,,TOMBAMENTO,0,1,0,0,0,0,0,0,0,1,0,,,,,,,,,
2023-06-26 00:00:00,12:14:00,COM VÍTIMA,ROSARINHO,AV NORTE MIGUEL ARRAES DE ALENCAR,,,COLISÃO LATERAL,0,1,0,0,0,0,0,0,0,1,0,,,,,,,,,
2023-06-26 00:00:00,01:08:00,COM VÍTIMA,TORRE,RUA REAL DA TORRE,,,COLISÃO FRONTAL,1,1,0,0,0,0,0,0,0,1,0,,,,,,,,,
2023-06-26 00:00:00,01:10:00,SEM VÍTIMA,PINA,AV HERCULANO BANDEIRA,,,COLISÃO TRASEIRA,2,0,0,0,0,0,0,0,0,0,0,,,,,,,,,
2023-06-26 00:00:00,03:03:00,COM VÍTIMA,TAMARINEIRA,RUA CONEGO BARATA,,,COLISÃO COM CICLISTA,0,0,0,1,0,1,0,0,0,1,0,,,,,,,,,
2023-06-26 00:00:00,03:14:00,COM VÍTIMA,AGUA FRIA,AV BEBERIBE,,,,0,0,0,0,0,0,0,0,0,1,0,,,,,,,,,
2023-06-26 00:00:00,07:24:00,SEM VÍTIMA,AREIAS,RUA ERNESTO NAZARETH,,SUBURBIO,,1,0,0,0,0,0,1,0,0,0,0,,,,,,,,,
2023-06-27 00:00:00,06:58:00,COM VÍTIMA,BONGI,RUA DR JOAO COSTA,,,COLISÃO LATERAL,1,1,0,0,0,0,0,0,0,1,0,,,,,,,,,
2023-06-27 00:00:00,07:42:00,COM VÍTIMA,IPUTINGA,EST DO BARBALHO,,,ATROPELAMENTO DE PESSOA,1,0,0,0,1,0,0,0,0,1,0,,,,,,,,,
2023-06-27 00:00:00,12:12:00,COM VÍTIMA,AGUA FRIA,RUA DA REGENERACAO,,,QUEDA,0,1,0,0,0,0,0,0,0,1,0,,,,,,,,,
2023-06-27 00:00:00,12:46:00,SEM VÍTIMA,PINA,AV ENGENHEIRO DOMINGOS FERREIRA,,SUBURBIO,,1,0,0,0,0,0,1,0,0,0,0,,,,,,,,,
2023-06-27 00:00:00,05:24:00,COM VÍTIMA,IPSEP,RUA PROFESSOR JOSE VICENTE,,,COLISÃO FRONTAL,1,0,0,0,0,1,0,0,0,1,0,,,,,,,,,
2023-06-27 00:00:00,09:28:00,COM VÍTIMA,AFOGADOS,RUA SAO MIGUEL,,,COLISÃO LATERAL,0,0,0,0,0,0,0,0,0,1,0,,,,,,,,,
2023-06-28 00:00:00,07:51:00,COM VÍTIMA,AREIAS,RUA IPOJUCA,,,COLISÃO LATERAL,1,1,0,0,0,0,0,0,0,1,0,,,,,,,,,
2023-06-28 00:00:00,08:05:00,COM VÍTIMA,IMBIRIBEIRA,RUA ARQUITETO LUIZ NUNES,,,COLISÃO LATERAL,1,1,0,0,0,0,0,0,0,2,0,,,,,,,,,
2023-06-28 00:00:00,09:45:00,COM VÍTIMA,AREIAS,AV TENENTE FELIPE BANDEIRA DE MELO,,,COLISÃO LATERAL,1,1,0,0,0,0,0,0,0,1,0,,,,,,,,,
2023-06-28 00:00:00,10:16:00,SEM VÍTIMA,MADALENA,RUA BENFICA,,,COLISÃO TRASEIRA,2,0,0,0,0,0,0,0,0,0,0,,,,,,,,,
2023-06-28 00:00:00,11:24:00,COM VÍTIMA,BOA VIAGEM,RUA PROFESSOR JOAO MEDEIROS,,,COLISÃO LATERAL,1,1,0,0,0,0,0,0,0,1,0,,,,,,,,,
2023-06-28 00:00:00,05:04:00,COM VÍTIMA,SANTO AMARO,AV CRUZ CABUGA,,,QUEDA,0,1,0,0,0,0,0,0,0,1,0,,,,,,,,,
2023-06-28 00:00:00,05:19:00,COM VÍTIMA,BOA VIAGEM,AV FERNANDO SIMOES BARBOSA,,,COLISÃO LATERAL,1,1,0,0,0,0,0,0,0,1,0,,,,,,,,,
2023-06-29 00:00:00,07:36:00,COM VÍTIMA,MADALENA,AV BEIRA RIO,,,COLISÃO LATERAL,1,1,0,0,0,0,0,0,0,1,0,,,,,,,,,
2023-06-29 00:00:00,08:22:00,COM VÍTIMA,ARRUDA,RUA DO MACHADO,,,COLISÃO TRASEIRA,0,2,0,0,0,0,0,0,0,2,0,,,,,,,,,
2023-06-29 00:00:00,03:11:00,COM VÍTIMA,ESTANCIA,AV RECIFE,,,COLISÃO FRONTAL,1,1,0,0,0,0,0,0,0,1,0,,,,,,,,,
2023-06-29 00:00:00,03:19:00,COM VÍTIMA,CASA AMARELA,EST DO ARRAIAL,,,COLISÃO FRONTAL,1,0,0,1,0,0,0,0,0,1,0,,,,,,,,,
2023-06-29 00:00:00,07:35:00,SEM VÍTIMA,PINA,AVENIDA CELSO FURTADO (VIA MANGUE),,,CHOQUE,1,0,0,0,0,0,0,0,0,0,0,,,,,,,,,
2023-06-30 00:00:00,07:01:00,COM VÍTIMA,IPUTINGA,AV CAXANGA,,,ATROPELAMENTO DE PESSOA,0,1,0,0,1,0,0,0,0,1,0,,,,,,,,,
2023-06-30 00:00:00,08:13:00,COM VÍTIMA,ESPINHEIRO,AV CONS ROSA E SILVA,,,COLISÃO FRONTAL,1,0,0,0,0,1,0,0,0,1,0,,,,,,,,,
2023-06-30 00:00:00,09:10:00,SEM VÍTIMA,PINA,RUA JOSE PAES DE BARROS,,CIDADE,CHOQUE,1,0,0,0,0,0,1,0,0,0,0,,,,,,,,,
2023-06-30 00:00:00,04:31:00,COM VÍTIMA,AREIAS,RUA IPOJUCA,,,COLISÃO LATERAL,1,1,0,0,0,0,0,0,0,1,0,,,,,,,,,
2023-06-30 00:00:00,11:31:00,COM VÍTIMA,ESTANCIA,AV DR JOSE RUFINO,,SUBURBIO,CHOQUE,0,1,0,0,0,0,0,0,0,1,0,,,,,,,,,
2023-06-30 00:00:00,11:37:00,SEM VÍTIMA,IBURA,RUA EXP FRANCISCO VITORIANO,,,COLISÃO TRASEIRA,1,1,0,0,0,0,0,0,0,0,0,,,,,,,,,
2023-07-01 00:00:00,05:56:00,COM VÍTIMA,IMBIRIBEIRA,AV MARECHAL MASCARENHAS DE MORAES,,SUBURBIO,COLISÃO FRONTAL,1,0,0,0,0,1,0,0,0,1,0,,,,,,,,,
2023-07-01 00:00:00,11:16:00,SEM VÍTIMA,SANCHO,AV LIBERDADE,,SUBURBIO,COLISÃO FRONTAL,2,0,0,0,0,0,0,0,0,0,0,,,,,,,,,
2023-07-02 00:00:00,03:31:00,COM VÍTIMA,VARZEA,AV PROFESSOR ARTUR DE SA,,SUBURBIO,COLISÃO TRASEIRA,1,1,0,0,0,0,0,0,0,1,0,,,,,,,,,
2023-07-02 00:00:00,10:39:00,COM VÍTIMA,PINA,AV HERCULANO BANDEIRA,660,,ATROPELAMENTO DE PESSOA,1,0,0,0,1,0,0,0,0,1,0,,,,,,,,,
2023-07-02 00:00:00,11:04:00,COM VÍTIMA,CABANGA,PTE GOVERNADOR PAULO GUERRA,,SUBURBIO,COLISÃO LATERAL,0,2,0,0,0,0,0,0,0,1,0,,,,,,,,,
2023-07-02 00:00:00,03:07:00,SEM VÍTIMA,BOA VIAGEM,AV CONSELHEIRO AGUIAR,,,,0,0,0,0,0,0,0,0,0,0,0,,,,,,,,,
2023-07-02 00:00:00,03:07:00,SEM VÍTIMA,AFOGADOS,,,,,0,0,0,0,0,0,0,0,0,0,0,,,,,,,,,
2023-07-02 00:00:00,10:53:00,SEM VÍTIMA,BOA VISTA,RUA DO HOSPICIO,,,CHOQUE,1,0,0,0,0,0,0,0,0,0,0,,,,,,,,,
2023-07-03 00:00:00,02:15:00,COM VÍTIMA,IPUTINGA,AV CAXANGA,,,COLISÃO TRANSVERSAL,1,0,1,0,0,0,0,0,0,1,0,,,,,,,,,
2023-07-03 00:00:00,06:36:00,COM VÍTIMA,IPUTINGA,RUA RODRIGUES FERREIRA,,,COLISÃO TRASEIRA,1,2,0,0,0,0,0,0,0,2,0,,,,,,,,,
2023-07-03 00:00:00,08:46:00,COM VÍTIMA,BAIRRO DO RECIFE,AV MILITAR,,,QUEDA,0,0,0,0,0,0,0,0,0,1,0,,,,,,,,,
2023-07-03 00:00:00,09:22:00,COM VÍTIMA,SANTO AMARO,AV CRUZ CABUGA,,,COLISÃO FRONTAL,0,0,0,0,0,0,0,0,0,1,0,,,,,,,,,
2023-07-03 00:00:00,09:33:00,COM VÍTIMA,MADALENA,RUA CONDE DE IRAJA,,,COLISÃO FRONTAL,1,1,0,0,0,0,0,0,0,2,0,,,,,,,,,
2023-07-03 00:00:00,10:27:00,COM VÍTIMA,CASA FORTE,AV DEZESSETE DE AGOSTO,,,COLISÃO COM CICLISTA,1,0,0,1,0,0,0,0,0,1,0,,,,,,,,,
2023-07-03 00:00:00,10:52:00,COM VÍTIMA,VARZEA,RUA GASTAO VIDIGAL,,,QUEDA,0,1,0,0,0,0,0,0,0,1,0,,,,,,,,,
2023-07-03 00:00:00,12:40:00,SEM VÍTIMA,ARRUDA,RUA DO MACHADO,,SUBURBIO,COLISÃO TRANSVERSAL,2,0,0,0,0,0,0,0,0,0,0,,,,,,,,,
2023-07-03 00:00:00,01:27:00,COM VÍTIMA,TORRE,RUA CONDE DE IRAJA,,,COLISÃO COM CICLISTA,1,0,0,1,0,0,0,0,0,1,0,,,,,,,,,
2023-07-03 00:00:00,02:17:00,COM VÍTIMA,CAMPO GRANDE,RUA ODORICO MENDES,,,COLISÃO LATERAL,1,1,0,0,0,0,0,0,0,1,0,,,,,,,,,
2023-07-03 00:00:00,03:20:00,SEM VÍTIMA,IMBIRIBEIRA,AV GENERAL MAC ARTHUR,,,COLISÃO LATERAL,2,1,0,0,0,0,0,0,0,0,0,,,,,,,,,
2023-07-03 00:00:00,03:48:00,COM VÍTIMA,BOA VIAGEM,AV BOA VIAGEM,,,COLISÃO TRASEIRA,1,1,0,0,0,0,0,0,0,1,0,,,,,,,,,
2023-07-03 00:00:00,04:36:00,COM VÍTIMA,ARRUDA,EST VELHA DE AGUA FRIA,,,COLISÃO FRONTAL,1,1,0,0,0,0,0,0,0,1,0,,,,,,,,,
2023-07-03 00:00:00,05:49:00,COM VÍTIMA,ILHA DO RETIRO,AV BEIRA RIO,,,COLISÃO LATERAL,1,1,0,0,0,0,0,0,0,1,0,,,,,,,,,
2023-07-03 00:00:00,06:15:00,SEM VÍTIMA,BOA VIAGEM,RUA BARAO DE SOUZA LEAO,,,COLISÃO LATERAL,2,0,0,0,0,0,0,0,0,0,0,,,,,,,,,
2023-07-03 00:00:00,06:25:00,COM VÍTIMA,SANTO AMARO,RUA DA AURORA,,,COLISÃO LATERAL,1,1,0,0,0,0,0,0,0,1,0,,,,,,,,,
2023-07-03 00:00:00,06:43:00,COM VÍTIMA,TOTO,RUA ONZE DE AGOSTO,,,COLISÃO LATERAL,0,2,0,0,0,0,0,0,0,2,0,,,,,,,,,
2023-07-04 00:00:00,06:20:00,COM VÍTIMA,MADALENA,RUA JOSE BONIFACIO,,,COLISÃO FRONTAL,2,0,0,0,0,0,0,0,0,1,0,,,,,,,,,
2023-07-04 00:00:00,07:56:00,SEM VÍTIMA,IPUTINGA,AV CAXANGA,,SUBURBIO,COLISÃO TRANSVERSAL,2,0,0,0,0,0,0,0,0,0,0,,,,,,,,,
2023-07-04 00:00:00,08:00:00,COM VÍTIMA,AGUA FRIA,AV BEBERIBE,,,COLISÃO LATERAL,0,2,0,0,0,0,0,0,0,2,0,,,,,,,,,
2023-07-04 00:00:00,08:31:00,COM VÍTIMA,ILHA JOANA BEZERRA,VIADUTO CAPITAO TEMUDO,,,COLISÃO LATERAL,0,2,0,0,0,0,0,0,0,1,0,,,,,,,,,
2023-07-04 00:00:00,09:33:00,COM VÍTIMA,SANTO ANTONIO,AV DANTAS BARRETO,,,COLISÃO LATERAL,0,1,0,0,0,1,0,0,0,1,0,,,,,,,,,
2023-07-04 00:00:00,10:34:00,COM VÍTIMA,MACAXEIRA,AV NORTE MIGUEL ARRAES DE ALENCAR,,,COLISÃO TRASEIRA,0,1,0,0,0,0,1,0,0,1,0,,,,,,,,,
2023-07-04 00:00:00,12:11:00,COM VÍTIMA,ENGENHO DO MEIO,RUA MANOEL ESTEVAO DA COSTA,,,COLISÃO LATERAL,1,1,0,0,0,0,0,0,0,1,0,,,,,,,,,
2023-07-04 00:00:00,12:15:00,COM VÍTIMA,IPUTINGA,RUA CONEGO LUIZ GONZAGA DO MONTE,,,COLISÃO LATERAL,0,1,0,0,0,0,0,0,0,1,0,,,,,,,,,
2023-07-04 00:00:00,02:31:00,COM VÍTIMA,ESPINHEIRO,RUA CONS PORTELA,,,COLISÃO LATERAL,1,0,1,0,0,0,0,0,0,1,0,,,,,,,,,
2023-07-04 00:00:00,03:20:00,COM VÍTIMA,IPSEP,AV RECIFE,,,COLISÃO LATERAL,1,1,0,0,0,0,0,0,0,1,0,,,,,,,,,
2023-07-04 00:00:00,09:50:00,COM VÍTIMA,SAO JOSE,AV SUL,,,COLISÃO FRONTAL,0,2,0,0,0,0,0,0,0,2,0,,,,,,,,,
2023-07-05 00:00:00,08:24:00,COM VÍTIMA,BOA VISTA,RUA MARQUES AMORIM,,,COLISÃO LATERAL,1,1,0,0,0,0,0,0,0,2,0,,,,,,,,,
2023-07-05 00:00:00,08:30:00,COM VÍTIMA,CORDEIRO,AV CAXANGA,,CIDADE,COLISÃO TRASEIRA,1,1,0,0,0,0,0,0,0,1,0,,,,,,,,,
2023-07-05 00:00:00,02:41:00,COM VÍTIMA,CAXANGA,AV CAXANGA,,,COLISÃO LATERAL,1,1,0,0,0,0,0,0,0,1,0,,,,,,,,,
2023-07-05 00:00:00,02:41:00,SEM VÍTIMA,BOA VISTA,AV GOVERNADOR AGAMENON MAGALHAES,,SUBURBIO,COLISÃO TRASEIRA,1,0,0,0,0,0,0,1,0,0,0,,,,,,,,,
2023-07-05 00:00:00,06:54:00,COM VÍTIMA,IMBIRIBEIRA,RUA JOSE DA SILVA LUCENA,,,COLISÃO FRONTAL,1,1,0,0,0,0,0,0,0,1,0,,,,,,,,,
2023-07-05 00:00:00,07:33:00,SEM VÍTIMA,PINA,RUA CONSUL JOSEPH NOUJAIM,658,SUBURBIO,,2,0,0,0,0,0,0,0,0,0,0,,,,,,,,,
2023-07-06 00:00:00,05:17:00,COM VÍTIMA,GRACAS,RUA RICARDO HARDMAN,,,COLISÃO LATERAL,2,0,0,0,0,0,0,0,0,1,0,,,,,,,,,
2023-07-06 00:00:00,07:54:00,COM VÍTIMA,BOA VIAGEM,AV MARECHAL JUAREZ TAVORA,,,COLISÃO LATERAL,1,1,0,0,0,0,0,0,0,1,0,,,,,,,,,
2023-07-06 00:00:00,04:07:00,COM VÍTIMA,PINA,PTE GOVERNADOR PAULO GUERRA,,,COLISÃO TRASEIRA,1,1,0,0,0,0,0,0,0,1,0,,,,,,,,,
2023-07-06 00:00:00,06:45:00,COM VÍTIMA,IBURA,RUA PINTOR AGENOR DE ALBUQUERQUE CESAR,,,COLISÃO FRONTAL,1,1,0,0,0,0,0,0,0,1,0,,,,,,,,,
2023-07-06 00:00:00,07:38:00,COM VÍTIMA,SANTO AMARO,AV CRUZ CABUGA,,,COLISÃO LATERAL,0,0,0,0,0,0,0,0,0,1,0,,,,,,,,,
2023-07-07 00:00:00,08:26:00,SEM VÍTIMA,TORRE,RUA JOSE BONIFACIO,,,COLISÃO LATERAL,2,0,0,0,0,0,0,0,0,0,0,,,,,,,,,
2023-07-07 00:00:00,01:45:00,COM VÍTIMA,TORRE,RUA MARQUES DE MARICA,,,COLISÃO LATERAL,1,1,0,0,0,0,0,0,0,1,0,,,,,,,,,
2023-07-07 00:00:00,01:51:00,COM VÍTIMA,COELHOS,RUA DOS COELHOS,,,QUEDA,0,1,0,0,0,0,0,0,0,1,0,,,,,,,,,
2023-07-07 00:00:00,03:43:00,COM VÍTIMA,BEBERIBE,AV BEBERIBE,,,COLISÃO FRONTAL,1,1,0,0,0,0,0,0,0,1,0,,,,,,,,,
2023-07-07 00:00:00,03:54:00,COM VÍTIMA,DERBY,AV GOVERNADOR AGAMENON MAGALHAES,,BOA VIAGEM,QUEDA,0,1,0,0,0,0,0,0,0,1,0,,,,,,,,,
2023-07-07 00:00:00,03:58:00,SEM VÍTIMA,AFOGADOS,RUA SAO MIGUEL,333,SUBURBIO,COLISÃO TRANSVERSAL,0,1,0,0,0,0,0,1,0,0,0,,,,,,,,,
2023-07-07 00:00:00,06:36:00,SEM VÍTIMA,CASA FORTE,RUA LEONARDO BEZERRA CAVALCANTE,,,COLISÃO FRONTAL,1,1,0,0,0,0,0,0,0,0,0,,,,,,,,,
2023-07-07 00:00:00,07:10:00,SEM VÍTIMA,ESTANCIA,RUA CONEGO XAVIER PEDROZA,,SUBURBIO,,1,1,0,0,0,0,0,0,0,0,0,,,,,,,,,
2023-07-08 00:00:00,08:16:00,COM VÍTIMA,IBURA,LAD DA COHAB,,,,0,1,0,0,0,0,0,0,0,1,0,,,,,,,,,
2023-07-08 00:00:00,11:36:00,SEM VÍTIMA,SANTO AMARO,AV GOVERNADOR AGAMENON MAGALHAES,,CIDADE,,1,0,0,0,0,0,0,1,0,0,0,,,,,,,,,
2023-07-08 00:00:00,12:43:00,SEM VÍTIMA,AGUA FRIA,AV BEBERIBE,187,CIDADE,COLISÃO TRASEIRA,0,1,0,0,0,0,0,1,0,0,0,,,,,,,,,
2023-07-08 00:00:00,02:31:00,COM VÍTIMA,BOA VIAGEM,RUA BARAO DE SOUZA LEAO,,,COLISÃO TRASEIRA,1,1,0,0,0,0,0,0,0,1,0,,,,,,,,,
2023-07-08 00:00:00,02:32:00,COM VÍTIMA,CAMPO GRANDE,EST DE BELEM,26,,CHOQUE,0,0,0,0,0,0,0,0,0,1,0,,,,,,,,,
2023-07-08 00:00:00,03:50:00,COM VÍTIMA,ESTANCIA,AV DR JOSE RUFINO,,,COLISÃO TRANSVERSAL,1,1,0,0,0,0,0,0,0,1,0,,,,,,,,,
2023-07-08 00:00:00,04:33:00,SEM VÍTIMA,TORRE,RUA JORNALISTA LUIZ TEIXEIRA,,SUBURBIO,COLISÃO TRANSVERSAL,1,0,0,0,0,0,0,1,0,0,0,,,,,,,,,
2023-07-09 00:00:00,01:38:00,SEM VÍTIMA,SAN MARTIN,RUA APULCRO DE ASSUNCAO,,,CHOQUE,0,0,0,0,0,0,0,0,0,0,0,,,,,,,,,
2023-07-09 00:00:00,02:46:00,COM VÍTIMA,PARNAMIRIM,RUA SEBASTIAO MALTA ARCOVERDE,,,COLISÃO TRANSVERSAL,2,0,0,0,0,0,0,0,0,2,0,,,,,,,,,
2023-07-09 00:00:00,10:39:00,SEM VÍTIMA,SANTO AMARO,RUA DA AMIZADE,,SUBURBIO,CHOQUE,1,0,0,0,0,0,0,0,0,0,0,,,,,,,,,
2023-07-09 00:00:00,12:09:00,COM VÍTIMA,BOA VIAGEM,RUA FRANCISCO DA CUNHA,,,COLISÃO FRONTAL,1,1,0,0,0,0,0,0,0,1,0,,,,,,,,,
2023-07-09 00:00:00,12:15:00,COM VÍTIMA,CACOTE,AV RECIFE,,,COLISÃO TRASEIRA,2,0,0,0,0,0,0,0,0,1,0,,,,,,,,,
2023-07-10 00:00:00,06:51:00,COM VÍTIMA,BOA VIAGEM,RUA ERNESTO DE PAULA SANTOS,,,COLISÃO LATERAL,1,1,0,0,0,0,0,0,0,1,0,,,,,,,,,
2023-07-10 00:00:00,07:17:00,COM VÍTIMA,BAIRRO DO RECIFE,AV RIO BRANCO,19,,ATROPELAMENTO DE PESSOA,0,0,0,0,1,1,0,0,0,1,0,,,,,,,,,
2023-07-10 00:00:00,11:28:00,COM VÍTIMA,MADALENA,AV BEIRA RIO,,,COLISÃO LATERAL,1,1,0,0,0,0,0,0,0,1,0,,,,,,,,,
2023-07-10 00:00:00,01:19:00,SEM VÍTIMA,SANTO AMARO,AV GOVERNADOR AGAMENON MAGALHAES,49,,,1,0,0,0,0,1,0,0,0,0,0,,,,,,,,,
2023-07-10 00:00:00,02:26:00,COM VÍTIMA,AREIAS,AV RECIFE,,SUBURBIO,COLISÃO TRASEIRA,1,1,0,0,0,0,0,0,0,1,0,,,,,,,,,
2023-07-10 00:00:00,05:11:00,COM VÍTIMA,CORDEIRO,AV GENERAL SAN MARTIN,,,COLISÃO COM CICLISTA,1,0,0,1,0,0,0,0,0,1,0,,,,,,,,,
2023-07-10 00:00:00,07:01:00,COM VÍTIMA,JAQUEIRA,AV RUI BARBOSA,,,COLISÃO LATERAL,1,1,0,0,0,0,0,0,0,1,0,,,,,,,,,
2023-07-10 00:00:00,10:13:00,COM VÍTIMA,MADALENA,RUA REAL DA TORRE,,,COLISÃO LATERAL,0,2,0,0,0,0,0,0,0,2,0,,,,,,,,,
2023-07-11 00:00:00,07:41:00,COM VÍTIMA,BOA VISTA,RUA BARAO DE SAO BORJA,,,COLISÃO LATERAL,2,0,0,0,0,0,0,0,0,3,0,,,,,,,,,
2023-07-11 00:00:00,08:10:00,COM VÍTIMA,IBURA,AV DOIS RIOS,,,COLISÃO LATERAL,1,1,0,0,0,0,0,0,0,1,0,,,,,,,,,
2023-07-11 00:00:00,08:12:00,COM VÍTIMA,VARZEA,AV AFONSO OLINDENSE,,,COLISÃO COM CICLISTA,1,0,0,1,0,0,0,0,0,1,0,,,,,,,,,
2023-07-11 00:00:00,08:42:00,COM VÍTIMA,BEBERIBE,AV BEBERIBE,,,COLISÃO LATERAL,1,1,0,0,0,0,0,0,0,1,0,,,,,,,,,
2023-07-11 00:00:00,09:08:00,SEM VÍTIMA,AFOGADOS,RUA PADRE TEOFILO TWORZ,,CIDADE,COLISÃO TRASEIRA,2,0,0,0,0,0,0,0,0,0,0,,,,,,,,,
2023-07-11 00:00:00,11:05:00,COM VÍTIMA,AFOGADOS,RUA DA PAZ,,,ATROPELAMENTO DE PESSOA,0,1,0,0,2,0,0,0,0,2,0,,,,,,,,,
2023-07-11 00:00:00,11:32:00,COM VÍTIMA,TAMARINEIRA,AV NORTE MIGUEL ARRAES DE ALENCAR,,,COLISÃO LATERAL,0,1,0,0,0,0,1,0,0,1,0,,,,,,,,,
2023-07-11 00:00:00,12:13:00,COM VÍTIMA,IMBIRIBEIRA,RUA ARQUITETO LUIZ NUNES,,,COLISÃO FRONTAL,1,1,0,0,0,0,0,0,0,1,0,,,,,,,,,
2023-07-11 00:00:00,12:15:00,COM VÍTIMA,ARRUDA,RUA SETE PECADOS,,,COLISÃO LATERAL,0,1,0,0,0,0,0,0,0,1,0,,,,,,,,,
2023-07-11 00:00:00,01:34:00,COM VÍTIMA,BOA VISTA,AV JOAO DE BARROS,,,COLISÃO FRONTAL,1,1,0,0,0,0,0,0,0,2,0,,,,,,,,,