data,hora,natureza,bairro,endereco,num_semaforo,sentido_via,tipo,auto,moto,ciclom,ciclista,pedestre,onibus,caminhao,viatura,outros,vitimas,vitimasfatais,acidente_verificado,tempo_clima,sinalizacao,condicao_via,conservacao_via,situacao_placa,velocidade_max_via,mao_direcao,divisao_via1
2023-07-11 00:00:00,05:03:00,COM VÍTIMA,ARRUDA,AV BEBERIBE,,SUBURBIO,COLISÃO COM CICLISTA,0,1,0,1,0,0,0,0,0,1,0,,,,,,,,,
2023-07-11 00:00:00,05:42:00,COM VÍTIMA,MADALENA,AV CAXANGA,,,COLISÃO LATERAL,0,2,0,0,0,0,0,0,0,2,0,,,,,,,,,
2023-07-11 00:00:00,06:20:00,COM VÍTIMA,ENCRUZILHADA,AV NORTE MIGUEL ARRAES DE ALENCAR,,,ATROPELAMENTO DE PESSOA,0,0,0,1,0,1,0,0,0,1,0,,,,,,,,,
2023-07-11 00:00:00,07:05:00,SEM VÍTIMA,SAO JOSE,PTE GIRATORIA,,SUBURBIO,COLISÃO TRASEIRA,3,0,0,0,0,0,0,0,0,0,0,,,,,,,,,
2023-07-12 00:00:00,08:32:00,COM VÍTIMA,MUSTARDINHA,RUA NETO CAMPELO JUNIOR,,,QUEDA,0,1,0,0,0,0,0,0,0,1,0,,,,,,,,,
2023-07-12 00:00:00,09:19:00,COM VÍTIMA,CABANGA,AV ANTONIO DE GOES,,,,0,1,0,0,0,0,0,0,0,1,0,,,,,,,,,
2023-07-12 00:00:00,11:38:00,COM VÍTIMA,ARRUDA,RUA DA REGENERACAO,,,COLISÃO LATERAL,0,2,0,0,0,0,0,0,0,2,0,,,,,,,,,
2023-07-12 00:00:00,11:45:00,COM VÍTIMA,BOA VIAGEM,AV ENGENHEIRO DOMINGOS FERREIRA,,,ATROPELAMENTO DE PESSOA,1,0,0,0,1,0,0,0,0,1,0,,,,,,,,,
2023-07-12 00:00:00,11:45:00,SEM VÍTIMA,BOA VISTA,RUA BARAO DE SAO BORJA,,CIDADE,,1,0,0,0,0,1,0,0,0,0,0,,,,,,,,,
2023-07-12 00:00:00,01:06:00,SEM VÍTIMA,ESPINHEIRO,RUA VENEZUELA,,CIDADE,CHOQUE,2,0,0,0,0,0,0,0,0,0,0,,,,,,,,,
2023-07-12 00:00:00,03:08:00,COM VÍTIMA,CASA FORTE,AV DEZESSETE DE AGOSTO,,,COLISÃO TRASEIRA,1,1,0,0,0,0,0,0,0,1,0,,,,,,,,,
2023-07-12 00:00:00,06:05:00,SEM VÍTIMA,SANTO AMARO,AV GOVERNADOR AGAMENON MAGALHAES,684,SUBURBIO,COLISÃO TRASEIRA,1,0,0,0,0,0,0,1,0,0,0,,,,,,,,,
2023-07-12 00:00:00,07:47:00,COM VÍTIMA,MACAXEIRA,AV NORTE MIGUEL ARRAES DE ALENCAR,,,COLISÃO LATERAL,0,0,0,0,0,0,0,0,0,1,0,,,,,,,,,
2023-07-12 00:00:00,09:47:00,COM VÍTIMA,ROSARINHO,AV SANTOS DUMONT,,,COLISÃO LATERAL,1,1,0,0,0,0,0,0,0,1,0,,,,,,,,,
2023-07-13 00:00:00,12:45:00,COM VÍTIMA,SAO JOSE,AV DANTAS BARRETO,,,COLISÃO LATERAL,0,0,0,0,0,2,0,0,0,3,0,,,,,,,,,
2023-07-13 00:00:00,07:42:00,COM VÍTIMA,ILHA JOANA BEZERRA,RUA AGUA DOCE,,,COLISÃO LATERAL,1,1,0,0,0,0,0,0,0,2,0,,,,,,,,,
2023-07-13 00:00:00,08:41:00,COM VÍTIMA,SAN MARTIN,AV ENGENHEIRO ABDIAS DE CARVALHO,,,QUEDA,0,1,0,0,0,0,0,0,0,1,0,,,,,,,,,
2023-07-13 00:00:00,09:50:00,COM VÍTIMA,IPUTINGA,AV CAXANGA,,,COLISÃO LATERAL,0,1,0,0,0,0,1,0,0,1,0,,,,,,,,,
2023-07-13 00:00:00,10:23:00,COM VÍTIMA,BOA VIAGEM,AV BOA VIAGEM,,,COLISÃO LATERAL,1,1,0,0,0,0,0,0,0,1,0,,,,,,,,,
2023-07-13 00:00:00,11:07:00,SEM VÍTIMA,CABANGA,RUA CAMUTANGA,,,CHOQUE,0,0,0,0,0,0,0,1,0,0,0,,,,,,,,,
2023-07-13 00:00:00,02:11:00,COM VÍTIMA,IBURA,AV RECIFE,,,COLISÃO LATERAL,0,0,0,0,0,0,0,0,0,1,0,,,,,,,,,
2023-07-13 00:00:00,02:57:00,COM VÍTIMA,ARRUDA,AV PROFESSOR JOSE DOS ANJOS,,,COLISÃO FRONTAL,1,0,0,0,0,0,0,1,0,2,0,,,,,,,,,
2023-07-13 00:00:00,05:58:00,COM VÍTIMA,BOA VIAGEM,AV ENGENHEIRO DOMINGOS FERREIRA,,,COLISÃO COM CICLISTA,0,1,0,1,0,0,0,0,0,2,0,,,,,,,,,
2023-07-13 00:00:00,08:31:00,COM VÍTIMA,AGUA FRIA,EST VELHA DE AGUA FRIA,,,COLISÃO FRONTAL,1,2,0,0,0,0,0,0,0,2,0,,,,,,,,,
2023-07-13 00:00:00,10:32:00,COM VÍTIMA,VARZEA,RUA MARIO CAMPELO,,,COLISÃO TRANSVERSAL,1,1,0,0,0,0,0,0,0,1,0,,,,,,,,,
2023-07-14 00:00:00,06:21:00,COM VÍTIMA,VASCO DA GAMA,AV NORTE MIGUEL ARRAES DE ALENCAR,,,COLISÃO TRANSVERSAL,1,1,0,0,0,0,0,0,0,1,0,,,,,,,,,
2023-07-14 00:00:00,08:55:00,SEM VÍTIMA,SAO JOSE,TRV DO FORTE,199,SUBURBIO,COLISÃO TRASEIRA,1,1,0,0,0,0,0,0,0,0,0,,,,,,,,,
2023-07-14 00:00:00,01:04:00,COM VÍTIMA,BOA VISTA,RUA HENRIQUE DIAS,,,COLISÃO LATERAL,1,0,0,0,0,0,0,0,0,1,0,,,,,,,,,
2023-07-14 00:00:00,03:50:00,COM VÍTIMA,IBURA,AV DOIS RIOS,,,ATROPELAMENTO DE PESSOA,0,1,0,0,1,0,0,0,0,1,0,,,,,,,,,
2023-07-14 00:00:00,05:03:00,SEM VÍTIMA,BOA VIAGEM,AV RECIFE,,,COLISÃO TRASEIRA,2,0,0,0,0,0,0,0,0,0,0,,,,,,,,,
2023-07-14 00:00:00,07:05:00,COM VÍTIMA,CAMPO GRANDE,RUA JERONIMO VILELA,,,COLISÃO LATERAL,1,1,0,0,0,0,0,0,0,1,0,,,,,,,,,
2023-07-14 00:00:00,08:12:00,COM VÍTIMA,CAXANGA,AV CAXANGA,,,COLISÃO LATERAL,0,1,0,1,0,0,0,0,0,2,0,,,,,,,,,
2023-07-14 00:00:00,08:41:00,COM VÍTIMA,PARNAMIRIM,AV DEZESSETE DE AGOSTO,,,COLISÃO FRONTAL,2,1,0,0,0,0,0,0,0,1,0,,,,,,,,,
2023-07-15 00:00:00,12:51:00,COM VÍTIMA,TAMARINEIRA,EST DO ARRAIAL,,,COLISÃO TRANSVERSAL,1,1,0,0,0,0,0,0,0,2,0,,,,,,,,,
2023-07-15 00:00:00,02:10:00,SEM VÍTIMA,SANTO AMARO,AV GOVERNADOR AGAMENON MAGALHAES,49,SUBURBIO,,2,0,0,0,0,0,0,0,0,0,0,,,,,,,,,
2023-07-15 00:00:00,07:03:00,COM VÍTIMA,AFOGADOS,RUA SAO MIGUEL,,,COLISÃO LATERAL,1,2,0,0,0,0,0,0,0,1,0,,,,,,,,,
2023-07-15 00:00:00,08:53:00,COM VÍTIMA,SANTO AMARO,AV GOVERNADOR AGAMENON MAGALHAES,,,,0,1,0,0,0,0,0,0,0,1,0,,,,,,,,,
2023-07-15 00:00:00,12:19:00,COM VÍTIMA,AFOGADOS,RUA SAO MIGUEL,,,COLISÃO LATERAL,1,1,0,0,0,0,0,0,0,1,0,,,,,,,,,
2023-07-15 00:00:00,04:43:00,SEM VÍTIMA,IMBIRIBEIRA,RUA PRESIDENTE NILO PECANHA,,,,0,0,0,0,0,0,0,0,0,0,0,,,,,,,,,
2023-07-15 00:00:00,07:59:00,COM VÍTIMA,IPSEP,AV RECIFE,,,COLISÃO TRANSVERSAL,1,1,0,0,0,0,0,0,0,1,0,,,,,,,,,
2023-07-15 00:00:00,08:07:00,COM VÍTIMA,LINHA DO TIRO,RUA URIEL DE HOLANDA,,,COLISÃO LATERAL,1,1,0,0,0,0,0,0,0,1,0,,,,,,,,,
2023-07-15 00:00:00,08:42:00,COM VÍTIMA,BOA VIAGEM,AV ENGENHEIRO DOMINGOS FERREIRA,550,,COLISÃO TRASEIRA,1,1,0,0,0,0,0,0,0,1,0,,,,,,,,,
2023-07-16 00:00:00,03:58:00,SEM VÍTIMA,SANTO AMARO,RUA ODORICO MENDES,,CIDADE,CHOQUE,1,0,0,0,0,0,0,0,0,0,0,,,,,,,,,
2023-07-16 00:00:00,06:02:00,COM VÍTIMA,AFOGADOS,AV SUL,,SUBURBIO,COLISÃO LATERAL,0,1,0,0,0,1,0,0,0,1,0,,,,,,,,,
2023-07-16 00:00:00,06:17:00,SEM VÍTIMA,BOA VIAGEM,AV ENGENHEIRO DOMINGOS FERREIRA,550,SUBURBIO,CHOQUE,1,0,0,0,0,0,0,0,0,0,0,,,,,,,,,
2023-07-16 00:00:00,11:09:00,COM VÍTIMA,CAMPO GRANDE,RUA FARIAS NEVES,,,COLISÃO TRANSVERSAL,1,1,0,0,0,0,0,0,0,2,0,,,,,,,,,
2023-07-16 00:00:00,03:16:00,SEM VÍTIMA,ALTO JOSE BONIFACIO,AV NORTE MIGUEL ARRAES DE ALENCAR,,CIDADE,COLISÃO TRASEIRA,1,0,0,0,0,0,0,1,0,0,0,,,,,,,,,
2023-07-16 00:00:00,06:32:00,COM VÍTIMA,ARRUDA,RUA DAS MOCAS,,,COLISÃO LATERAL,1,1,0,0,0,0,0,0,0,2,0,,,,,,,,,
2023-07-16 00:00:00,07:39:00,COM VÍTIMA,CAMPINA DO BARRETO,RUA DAS MOCAS,,,COLISÃO LATERAL,1,1,0,0,0,0,0,0,0,1,0,,,,,,,,,
2023-07-16 00:00:00,09:31:00,COM VÍTIMA,MUSTARDINHA,AV MANOEL GONCALVES DA LUZ,,,COLISÃO FRONTAL,1,1,0,0,0,0,0,0,0,1,0,,,,,,,,,
2023-05-17 00:00:00,02:39:00,COM VÍTIMA,IMBIRIBEIRA,AV MARECHAL MASCARENHAS DE MORAES,,,ATROPELAMENTO DE PESSOA,0,1,0,0,1,0,0,0,0,3,0,,,,,,,,,
2023-07-17 00:00:00,07:33:00,COM VÍTIMA,IMBIRIBEIRA,AV MARECHAL MASCARENHAS DE MORAES,,,COLISÃO LATERAL,1,1,0,0,0,0,0,0,0,1,0,,,,,,,,,
2023-07-17 00:00:00,08:32:00,COM VÍTIMA,AFOGADOS,AV SUL,,CIDADE,COLISÃO TRASEIRA,1,1,0,0,0,0,0,0,0,2,0,,,,,,,,,
2023-07-17 00:00:00,08:38:00,COM VÍTIMA,BOA VIAGEM,RUA ERNESTO DE PAULA SANTOS,,,COLISÃO FRONTAL,1,1,0,0,0,0,0,0,0,1,0,,,,,,,,,
2023-07-17 00:00:00,08:39:00,COM VÍTIMA,BAIRRO DO RECIFE,CAIS DO APOLO,,,COLISÃO LATERAL,0,1,0,0,0,0,1,0,0,1,0,,,,,,,,,
2023-07-17 00:00:00,08:46:00,COM VÍTIMA,CASA FORTE,EST DAS UBAIAS,,,COLISÃO FRONTAL,1,1,0,0,0,0,0,0,0,1,0,,,,,,,,,
2023-07-17 00:00:00,08:48:00,COM VÍTIMA,ALTO JOSE DO PINHO,COR DO BARTOLOMEU,,,COLISÃO FRONTAL,1,1,0,0,0,0,0,0,0,1,0,,,,,,,,,
2023-07-17 00:00:00,09:10:00,COM VÍTIMA,IPSEP,AV RECIFE,,,COLISÃO LATERAL,0,2,0,0,0,0,0,0,0,2,0,,,,,,,,,
2023-07-17 00:00:00,09:38:00,COM VÍTIMA,CAXANGA,AV CAXANGA,,CIDADE,COLISÃO TRASEIRA,0,1,0,0,0,0,0,0,0,1,0,,,,,,,,,
2023-07-17 00:00:00,10:53:00,COM VÍTIMA,ARRUDA,AV BEBERIBE,,,COLISÃO LATERAL,1,1,0,0,0,0,0,0,0,1,0,,,,,,,,,
2023-07-17 00:00:00,12:56:00,COM VÍTIMA,PINA,AV HERCULANO BANDEIRA,,,COLISÃO FRONTAL,0,1,0,0,0,0,0,0,0,1,0,,,,,,,,,
2023-07-17 00:00:00,01:51:00,COM VÍTIMA,CAXANGA,AV CAXANGA,,,ATROPELAMENTO DE PESSOA,0,1,0,0,1,0,0,0,0,1,0,,,,,,,,,
2023-07-17 00:00:00,02:47:00,COM VÍTIMA,NOVA DESCOBERTA,AV VEREADOR OTACILIO AZEVEDO,,,COLISÃO LATERAL,1,1,0,0,0,0,0,0,0,2,0,,,,,,,,,
2023-07-17 00:00:00,03:20:00,COM VÍTIMA,CORDEIRO,AV CAXANGA,,,COLISÃO TRASEIRA,1,1,0,0,0,0,0,0,0,1,0,,,,,,,,,
2023-07-17 00:00:00,06:26:00,COM VÍTIMA,VARZEA,RUA DELMIRO GOUVEIA,,,COLISÃO TRASEIRA,1,1,0,0,0,0,0,0,0,2,0,,,,,,,,,
2023-07-17 00:00:00,06:39:00,COM VÍTIMA,BARRO,RUA ANDRE DE ALBUQUERQUE,,,COLISÃO FRONTAL,1,1,0,0,0,0,0,0,0,1,0,,,,,,,,,
2023-07-17 00:00:00,07:31:00,SEM VÍTIMA,SANTO AMARO,RUA FREI CASSIMIRO,,,COLISÃO LATERAL,3,0,0,0,0,0,0,0,0,0,0,,,,,,,,,
2023-07-17 00:00:00,07:58:00,COM VÍTIMA,DOIS IRMAOS,RUA MANUEL DE MEDEIROS,,,COLISÃO LATERAL,0,0,0,0,0,0,0,0,0,2,0,,,,,,,,,
2023-07-18 00:00:00,07:36:00,COM VÍTIMA,BOA VIAGEM,RUA DOS NAVEGANTES,,,COLISÃO LATERAL,1,1,0,0,0,0,0,0,0,1,0,,,,,,,,,
2023-07-18 00:00:00,09:23:00,COM VÍTIMA,IPUTINGA,EST DO BARBALHO,,,COLISÃO LATERAL,1,1,0,0,0,0,0,0,0,1,0,,,,,,,,,
2023-07-18 00:00:00,09:42:00,COM VÍTIMA,BOA VIAGEM,AV ENGENHEIRO DOMINGOS FERREIRA,,,COLISÃO LATERAL,1,1,0,0,0,0,0,0,0,2,0,,,,,,,,,
2023-07-18 00:00:00,11:10:00,COM VÍTIMA,PINA,AVENIDA CELSO FURTADO (VIA MANGUE),,,COLISÃO TRASEIRA,1,1,0,0,0,0,0,0,0,1,0,,,,,,,,,
2023-07-18 00:00:00,11:53:00,COM VÍTIMA,ILHA DO RETIRO,AV ENGENHEIRO ABDIAS DE CARVALHO,,,COLISÃO LATERAL,1,1,0,0,0,0,0,0,0,1,0,,,,,,,,,
2023-07-18 00:00:00,12:45:00,COM VÍTIMA,CAXANGA,AV CAXANGA,,,COLISÃO LATERAL,0,2,0,0,0,0,0,0,0,3,0,,,,,,,,,
2023-07-18 00:00:00,01:19:00,SEM VÍTIMA,VARZEA,AV AFONSO OLINDENSE,,SUBURBIO,,1,1,0,0,0,0,0,0,0,0,0,,,,,,,,,
2023-07-18 00:00:00,01:48:00,COM VÍTIMA,AGUA FRIA,AV ANIBAL BENEVOLO,,,COLISÃO LATERAL,0,0,0,0,0,0,0,0,0,1,0,,,,,,,,,
2023-07-18 00:00:00,02:18:00,COM VÍTIMA,TORRE,RUA JOSE BONIFACIO,,,COLISÃO LATERAL,0,0,0,0,0,0,0,0,0,1,0,,,,,,,,,
2023-07-18 00:00:00,02:25:00,COM VÍTIMA,MADALENA,AV VISCONDE DE ALBUQUERQUE,,,COLISÃO LATERAL,1,1,0,0,0,0,0,0,0,1,0,,,,,,,,,
2023-07-18 00:00:00,03:44:00,COM VÍTIMA,BONGI,AV ENGENHEIRO ABDIAS DE CARVALHO,,,COLISÃO LATERAL,0,0,0,0,0,0,0,0,0,1,0,,,,,,,,,
2023-07-18 00:00:00,03:48:00,SEM VÍTIMA,SANTO ANTONIO,RUA IMPERADOR PEDRO SEGUNDO,,,COLISÃO TRASEIRA,1,0,0,0,0,0,0,1,0,0,0,,,,,,,,,
2023-07-18 00:00:00,03:51:00,COM VÍTIMA,IMBIRIBEIRA,AV MARECHAL MASCARENHAS DE MORAES,,,COLISÃO LATERAL,0,0,0,0,0,0,0,0,0,1,0,,,,,,,,,
2023-07-18 00:00:00,04:12:00,COM VÍTIMA,PRADO,AV ENGENHEIRO ABDIAS DE CARVALHO,,,CHOQUE,0,1,0,0,0,0,0,0,0,1,0,,,,,,,,,
2023-07-18 00:00:00,02:59:00,COM VÍTIMA,ESTANCIA,RUA SAO MIGUEL,,,COLISÃO LATERAL,1,2,0,0,0,0,0,0,0,3,0,,,,,,,,,
2023-07-18 00:00:00,05:48:00,COM VÍTIMA,JORDAO,AV JULIO CESAR,,,COLISÃO LATERAL,0,0,1,0,0,0,0,0,0,1,0,,,,,,,,,
2023-07-18 00:00:00,06:12:00,COM VÍTIMA,ARRUDA,RUA DAS MOCAS,,,COLISÃO LATERAL,1,2,0,0,0,0,0,0,0,1,0,,,,,,,,,
2023-07-18 00:00:00,08:51:00,COM VÍTIMA,DOIS UNIDOS,AV HILDEBRANDO DE VASCONCELOS,,,COLISÃO LATERAL,1,1,0,0,0,0,0,0,0,2,0,,,,,,,,,
2023-07-18 00:00:00,10:46:00,COM VÍTIMA,ESTANCIA,AV DR JOSE RUFINO,,,COLISÃO TRANSVERSAL,1,1,0,0,0,0,0,0,0,1,0,,,,,,,,,
2023-07-19 00:00:00,07:00:00,COM VÍTIMA,BOA VIAGEM,RUA DEZ DE JULHO,,,COLISÃO LATERAL,2,0,0,0,0,0,0,0,0,1,0,,,,,,,,,
2023-07-19 00:00:00,07:50:00,COM VÍTIMA,GRACAS,AV RUI BARBOSA,,,COLISÃO FRONTAL,0,1,0,0,0,0,0,0,0,1,0,,,,,,,,,
2023-07-19 00:00:00,09:09:00,SEM VÍTIMA,NOVA DESCOBERTA,AV CHAGAS FERREIRA,,,COLISÃO FRONTAL,0,1,0,0,0,0,0,0,0,0,0,,,,,,,,,
2023-07-19 00:00:00,10:15:00,COM VÍTIMA,BOA VISTA,RUA DO PRINCIPE,,,COLISÃO FRONTAL,0,1,0,0,0,0,0,0,0,1,0,,,,,,,,,
2023-07-19 00:00:00,11:35:00,COM VÍTIMA,AFOGADOS,RUA SAO MIGUEL,,,COLISÃO LATERAL,1,1,0,0,0,0,0,0,0,1,0,,,,,,,,,
2023-07-19 00:00:00,11:42:00,COM VÍTIMA,AFOGADOS,RUA SAO MIGUEL,,,COLISÃO LATERAL,1,1,0,0,0,0,0,0,0,1,0,,,,,,,,,
2023-07-19 00:00:00,11:56:00,COM VÍTIMA,VASCO DA GAMA,RUA ALTO DO EUCALIPTO,,,COLISÃO LATERAL,0,1,0,0,0,0,0,0,0,1,0,,,,,,,,,
2023-07-19 00:00:00,01:53:00,SEM VÍTIMA,AFOGADOS,RUA QUITERIO INACIO DE MELLO,,SUBURBIO,COLISÃO TRASEIRA,2,1,0,0,0,0,0,0,0,0,0,,,,,,,,,
2023-07-19 00:00:00,04:49:00,COM VÍTIMA,VASCO DA GAMA,RUA ALTO TREZE DE MAIO,,,COLISÃO LATERAL,0,0,0,0,0,0,0,0,0,1,0,,,,,,,,,
2023-07-19 00:00:00,06:05:00,COM VÍTIMA,SAO JOSE,AV DANTAS BARRETO,,,ATROPELAMENTO DE PESSOA,0,0,0,0,1,1,0,0,0,1,0,,,,,,,,,
2023-07-19 00:00:00,08:39:00,COM VÍTIMA,BOA VIAGEM,AV ENGENHEIRO DOMINGOS FERREIRA,,,COLISÃO TRANSVERSAL,1,1,0,0,0,0,0,0,0,1,0,,,,,,,,,
2023-07-20 00:00:00,01:15:00,COM VÍTIMA,LINHA DO TIRO,RUA SODRELANDIA,,,COLISÃO LATERAL,1,1,0,0,0,0,0,0,0,1,0,,,,,,,,,
2023-07-20 00:00:00,01:50:00,SEM VÍTIMA,ENCRUZILHADA,AV NORTE MIGUEL ARRAES DE ALENCAR,665,,CHOQUE,1,0,0,0,0,0,0,0,0,0,0,,,,,,,,,
2023-07-20 00:00:00,11:32:00,COM VÍTIMA,BOA VIAGEM,RUA DEZ DE JULHO,,,CHOQUE,1,0,0,0,0,0,0,0,0,1,0,,,,,,,,,
2023-07-20 00:00:00,03:23:00,COM VÍTIMA,SANCHO,RUA APRIGIO GUIMARAES,,,COLISÃO FRONTAL,1,1,0,0,0,0,0,0,0,1,0,,,,,,,,,
2023-07-20 00:00:00,06:33:00,COM VÍTIMA,IPUTINGA,RUA LEAL DE BARROS,,,COLISÃO FRONTAL,0,1,0,0,0,0,0,0,0,1,0,,,,,,,,,
2023-07-20 00:00:00,07:35:00,COM VÍTIMA,IMBIRIBEIRA,AV MARECHAL MASCARENHAS DE MORAES,,,COLISÃO FRONTAL,2,1,0,0,0,0,0,0,0,1,0,,,,,,,,,
2023-07-21 00:00:00,06:39:00,SEM VÍTIMA,IBURA,RUA CASSIANO LEITE,,SUBURBIO,CHOQUE,0,0,0,0,0,0,1,0,0,0,0,,,,,,,,,
2023-07-21 00:00:00,07:18:00,COM VÍTIMA,IBURA,AV DOIS RIOS,,,COLISÃO FRONTAL,0,1,0,0,0,0,0,0,0,1,0,,,,,,,,,
2023-07-21 00:00:00,01:47:00,COM VÍTIMA,ILHA DO RETIRO,RUA BENFICA,,SUBURBIO,COLISÃO TRASEIRA,1,0,0,0,0,0,1,0,0,1,0,,,,,,,,,
2023-07-21 00:00:00,03:36:00,COM VÍTIMA,TAMARINEIRA,EST VELHA DE AGUA FRIA,,,COLISÃO LATERAL,1,1,0,0,0,0,0,0,0,1,0,,,,,,,,,
2023-07-21 00:00:00,04:16:00,COM VÍTIMA,IPUTINGA,AV MAURICIO DE NASSAU,,,ATROPELAMENTO DE PESSOA,1,0,0,0,1,0,0,0,0,0,0,,,,,,,,,
2023-07-21 00:00:00,05:14:00,COM VÍTIMA,IMBIRIBEIRA,RUA JOAQUIM BANDEIRA,,,COLISÃO LATERAL,0,0,0,0,0,0,0,0,0,1,0,,,,,,,,,
2023-07-21 00:00:00,07:11:00,COM VÍTIMA,PINA,AV ANTONIO DE GOES,,,COLISÃO COM CICLISTA,1,0,0,1,0,0,0,0,0,1,0,,,,,,,,,
2023-07-21 00:00:00,07:24:00,COM VÍTIMA,VARZEA,RUA DONA INES CORREA DE ARAUJO,,,COLISÃO TRASEIRA,1,1,0,0,0,0,0,0,0,2,0,,,,,,,,,
2023-07-21 00:00:00,07:29:00,COM VÍTIMA,VARZEA,RUA DEPUTADO JOSE FRANCISCO DE MELO CAVALCANTI,,,COLISÃO FRONTAL,1,1,0,0,0,0,0,0,0,1,0,,,,,,,,,
2023-07-21 00:00:00,11:02:00,COM VÍTIMA,MUSTARDINHA,AV MANOEL GONCALVES DA LUZ,,,COLISÃO LATERAL,1,1,0,0,0,0,0,0,0,1,0,,,,,,,,,
2023-07-22 00:00:00,08:33:00,SEM VÍTIMA,TORRE,RUA DIANOPOLIS,589,,,1,0,0,0,0,0,0,0,0,0,0,,,,,,,,,
2023-07-22 00:00:00,08:48:00,COM VÍTIMA,BOMBA DO HEMETERIO,RUA CHA DE ALEGRIA,589,,COLISÃO LATERAL,0,0,1,0,0,0,0,0,0,1,0,,,,,,,,,
2023-07-22 00:00:00,08:54:00,COM VÍTIMA,CORDEIRO,AV INACIO MONTEIRO,,,COLISÃO LATERAL,0,1,0,0,0,0,0,0,0,1,0,,,,,,,,,
2023-07-22 00:00:00,09:00:00,COM VÍTIMA,BOA VIAGEM,AVENIDA CELSO FURTADO (VIA MANGUE),,CIDADE,ATROPELAMENTO DE PESSOA,1,0,0,0,1,0,0,0,0,1,0,,,,,,,,,
2023-07-22 00:00:00,09:58:00,COM VÍTIMA,AREIAS,AV RECIFE,85,,CHOQUE,1,0,0,0,0,0,0,0,0,1,0,,,,,,,,,
2023-07-22 00:00:00,11:51:00,COM VÍTIMA,JAQUEIRA,AV RUI BARBOSA,452,CIDADE,COLISÃO LATERAL,0,2,0,0,0,0,0,0,0,2,0,,,,,,,,,
2023-07-22 00:00:00,12:12:00,COM VÍTIMA,SAO JOSE,C SANTA RITA,,,COLISÃO LATERAL,0,1,0,0,0,0,0,0,0,1,0,,,,,,,,,
2023-07-22 00:00:00,12:21:00,COM VÍTIMA,VASCO DA GAMA,AV NORTE MIGUEL ARRAES DE ALENCAR,,,COLISÃO LATERAL,1,1,0,0,0,0,0,0,0,1,0,,,,,,,,,
2023-07-22 00:00:00,12:34:00,SEM VÍTIMA,SAN MARTIN,AV ENGENHEIRO ABDIAS DE CARVALHO,687,CIDADE,COLISÃO TRASEIRA,1,1,0,0,0,0,0,0,0,0,0,,,,,,,,,
2023-07-22 00:00:00,02:36:00,COM VÍTIMA,ROSARINHO,RUA DR JOSE MARIA,,,COLISÃO LATERAL,0,0,0,0,0,0,0,0,0,1,0,,,,,,,,,
2023-07-22 00:00:00,06:17:00,COM VÍTIMA,BOA VISTA,AV GOVERNADOR AGAMENON MAGALHAES,,SUBURBIO,COLISÃO LATERAL,0,1,0,0,0,0,0,0,0,1,0,,,,,,,,,
2023-07-22 00:00:00,07:10:00,SEM VÍTIMA,NOVA DESCOBERTA,RUA NOVA DESCOBERTA,,SUBURBIO,,0,0,0,0,0,0,1,1,0,0,0,,,,,,,,,
2023-07-22 00:00:00,07:54:00,COM VÍTIMA,MUSTARDINHA,RUA JOSE MOREIRA REIS,,,COLISÃO LATERAL,0,1,0,0,0,0,0,0,0,1,0,,,,,,,,,
2023-07-22 00:00:00,09:37:00,COM VÍTIMA,IMBIRIBEIRA,AV MARECHAL MASCARENHAS DE MORAES,,,COLISÃO COM CICLISTA,1,0,0,1,0,0,0,0,0,1,0,,,,,,,,,
2023-07-22 00:00:00,09:37:00,COM VÍTIMA,IMBIRIBEIRA,AV MARECHAL MASCARENHAS DE MORAES,,,COLISÃO LATERAL,2,0,0,0,0,0,0,0,0,1,0,,,,,,,,,
2023-07-22 00:00:00,10:02:00,COM VÍTIMA,AREIAS,AV DR JOSE RUFINO,,,COLISÃO LATERAL,0,1,0,0,0,0,0,0,0,1,0,,,,,,,,,
2023-07-22 00:00:00,10:27:00,COM VÍTIMA,DERBY,RUA HENRIQUE DIAS,,,COLISÃO LATERAL,0,1,0,0,0,0,0,0,0,1,0,,,,,,,,,
2023-07-23 00:00:00,12:56:00,COM VÍTIMA,CORDEIRO,RUA GOMES TABORDA,,,COLISÃO LATERAL,0,0,0,0,0,0,0,0,0,1,0,,,,,,,,,
2023-07-23 00:00:00,12:13:00,COM VÍTIMA,IBURA,RUA RIO XINGU,,,COLISÃO LATERAL,0,0,0,0,0,0,0,0,0,1,0,,,,,,,,,
2023-07-23 00:00:00,03:26:00,COM VÍTIMA,IPSEP,RUA BLUMENAU,,,COLISÃO LATERAL,1,1,0,0,0,0,0,0,0,1,0,,,,,,,,,
2023-07-23 00:00:00,06:43:00,COM VÍTIMA,SANTO AMARO,RUA DA AURORA,,,TOMBAMENTO,0,1,0,0,0,0,0,0,0,1,0,,,,,,,,,
2023-07-23 00:00:00,07:02:00,COM VÍTIMA,PAISSANDU,AV GOVERNADOR AGAMENON MAGALHAES,,,COLISÃO TRANSVERSAL,1,1,0,0,0,0,0,0,0,1,0,,,,,,,,,
2023-07-23 00:00:00,07:10:00,COM VÍTIMA,BARRO,AV DR JOSE RUFINO,,,COLISÃO LATERAL,1,1,0,0,0,0,0,0,0,1,0,,,,,,,,,
2023-07-23 00:00:00,08:49:00,SEM VÍTIMA,ALTO JOSE DO PINHO,COR DO BARTOLOMEU,,SUBURBIO,COLISÃO FRONTAL,1,0,0,0,0,1,0,0,0,0,0,,,,,,,,,
2023-07-23 00:00:00,09:45:00,COM VÍTIMA,GRACAS,RUA ALBERTO PAIVA,,,COLISÃO FRONTAL,1,1,0,0,0,0,0,0,0,1,0,,,,,,,,,
2023-07-24 00:00:00,01:21:00,COM VÍTIMA,SAO JOSE,RUA BRACO DO NORTE,,,COLISÃO LATERAL,1,1,0,0,0,0,0,0,0,1,0,,,,,,,,,
2023-07-24 00:00:00,05:37:00,COM VÍTIMA,TOTO,RUA ONZE DE AGOSTO,,,COLISÃO COM CICLISTA,0,0,0,1,0,1,0,0,0,1,0,,,,,,,,,
2023-07-24 00:00:00,06:37:00,COM VÍTIMA,SAO JOSE,RUA DO FORTE,,,CHOQUE,1,0,0,0,0,0,0,0,0,1,0,,,,,,,,,
2023-07-24 00:00:00,07:06:00,COM VÍTIMA,IMBIRIBEIRA,AV MARECHAL MASCARENHAS DE MORAES,,,COLISÃO TRASEIRA,0,1,0,0,0,1,0,0,0,1,0,,,,,,,,,
2023-07-24 00:00:00,07:54:00,COM VÍTIMA,JOANA BEZERRA,AV ADVOGADO JOSE PAULO CAVALCANTI,,,COLISÃO LATERAL,1,1,0,0,0,0,0,0,0,2,0,,,,,,,,,
2023-07-24 00:00:00,09:04:00,COM VÍTIMA,IMBIRIBEIRA,AV MARECHAL MASCARENHAS DE MORAES,,,COLISÃO LATERAL,0,2,0,0,0,0,0,0,0,2,0,,,,,,,,,
2023-07-24 00:00:00,11:25:00,COM VÍTIMA,CASA FORTE,RUA IRMA LUCIA,,,ATROPELAMENTO DE PESSOA,1,0,0,0,1,0,0,0,0,1,0,,,,,,,,,
2023-07-24 00:00:00,02:00:00,COM VÍTIMA,NOVA DESCOBERTA,AV VEREADOR OTACILIO AZEVEDO,,,COLISÃO LATERAL,0,0,0,0,0,0,0,0,0,1,0,,,,,,,,,
2023-07-24 00:00:00,02:07:00,COM VÍTIMA,AFOGADOS,RUA SAO MIGUEL,,,COLISÃO TRASEIRA,1,1,0,0,0,0,0,0,0,1,0,,,,,,,,,
2023-07-24 00:00:00,02:13:00,COM VÍTIMA,BOA VIAGEM,RUA GENERAL EDSON AMANCIO RAMALHO,,,COLISÃO LATERAL,0,0,0,0,0,0,0,0,0,1,0,,,,,,,,,
2023-07-24 00:00:00,03:02:00,COM VÍTIMA,BREJO DE BEBERIBE,AV VEREADOR OTACILIO AZEVEDO,,,ATROPELAMENTO DE PESSOA,0,1,0,0,1,0,0,0,0,1,0,,,,,,,,,
2023-07-24 00:00:00,03:57:00,COM VÍTIMA,BAIRRO DO RECIFE,CAIS DO APOLO,,,COLISÃO LATERAL,0,0,0,0,0,0,0,0,0,1,0,,,,,,,,,