data,hora,natureza,bairro,endereco,num_semaforo,sentido_via,tipo,auto,moto,ciclom,ciclista,pedestre,onibus,caminhao,viatura,outros,vitimas,vitimasfatais,acidente_verificado,tempo_clima,sinalizacao,condicao_via,conservacao_via,situacao_placa,velocidade_max_via,mao_direcao,divisao_via1
2023-07-24 00:00:00,04:31:00,COM VÍTIMA,ESPINHEIRO,AV JOAO DE BARROS,,,COLISÃO LATERAL,0,0,0,0,0,0,0,0,0,1,0,,,,,,,,,
2023-07-24 00:00:00,05:19:00,SEM VÍTIMA,AFOGADOS,PTE DO MOTOCOLOMBO,,,COLISÃO LATERAL,2,0,0,0,0,0,0,0,0,0,0,,,,,,,,,
2023-07-24 00:00:00,06:27:00,SEM VÍTIMA,AFOGADOS,RUA DA PAZ,,SUBURBIO,COLISÃO TRASEIRA,1,0,0,0,0,0,0,1,0,0,0,,,,,,,,,
2023-07-24 00:00:00,06:55:00,COM VÍTIMA,BOA VIAGEM,AV ENGENHEIRO DOMINGOS FERREIRA,,,COLISÃO COM CICLISTA,1,0,0,1,0,0,0,0,0,1,0,,,,,,,,,
2023-07-24 00:00:00,07:45:00,COM VÍTIMA,AGUA FRIA,RUA DA REGENERACAO,,,COLISÃO FRONTAL,0,0,0,0,0,0,0,0,0,1,0,,,,,,,,,
2023-07-24 00:00:00,10:17:00,COM VÍTIMA,IMBIRIBEIRA,RUA JOAQUIM BANDEIRA,,,COLISÃO FRONTAL,1,1,0,0,0,0,0,0,0,1,0,,,,,,,,,
2023-07-24 00:00:00,10:22:00,COM VÍTIMA,IBURA,AV DOM HELDER CAMARA,,,COLISÃO FRONTAL,1,1,0,0,0,0,0,0,0,1,0,,,,,,,,,
2023-07-24 00:00:00,11:19:00,COM VÍTIMA,DOIS UNIDOS,RUA EPAMINONDAS MENDONCA,,,COLISÃO LATERAL,0,0,0,0,0,1,0,0,0,1,0,,,,,,,,,
2023-07-25 00:00:00,07:28:00,COM VÍTIMA,CIDADE UNIVERSITARIA,AV DOS ECONOMISTAS,,,COLISÃO FRONTAL,0,1,0,0,0,0,0,0,0,1,0,,,,,,,,,
2023-07-25 00:00:00,07:42:00,COM VÍTIMA,JARDIM SAO PAULO,RUA LEANDRO BARRETO,,,COLISÃO FRONTAL,0,1,0,0,0,0,0,0,0,1,0,,,,,,,,,
2023-07-25 00:00:00,09:56:00,SEM VÍTIMA,LINHA DO TIRO,RUA URIEL DE HOLANDA,,,COLISÃO TRASEIRA,2,0,0,0,0,1,0,0,0,0,0,,,,,,,,,
2023-07-25 00:00:00,10:46:00,COM VÍTIMA,AREIAS,RUA CAPITAO ESTEVAO FERNANDES,,,COLISÃO LATERAL,1,1,0,0,0,0,0,0,0,2,0,,,,,,,,,
2023-07-25 00:00:00,11:26:00,COM VÍTIMA,AFLITOS,AV CONS ROSA E SILVA,,,COLISÃO LATERAL,0,1,0,0,0,0,0,0,0,1,0,,,,,,,,,
2023-07-25 00:00:00,11:37:00,COM VÍTIMA,BOA VIAGEM,AV ANTONIO TORRES GALVAO,,,COLISÃO TRASEIRA,2,0,0,0,0,0,0,0,0,1,0,,,,,,,,,
2023-07-25 00:00:00,12:04:00,COM VÍTIMA,CAMPO GRANDE,RUA ODORICO MENDES,,,COLISÃO LATERAL,0,1,0,0,0,0,0,0,0,1,0,,,,,,,,,
2023-07-25 00:00:00,12:14:00,COM VÍTIMA,TORRE,RUA CONDE DE IRAJA,,,COLISÃO LATERAL,0,0,0,0,0,0,0,0,0,1,0,,,,,,,,,
2023-07-25 00:00:00,01:14:00,COM VÍTIMA,IBURA,AV RIO SAO FRANCISCO,,,COLISÃO LATERAL,0,0,0,0,0,0,0,0,0,1,0,,,,,,,,,
2023-07-25 00:00:00,01:21:00,COM VÍTIMA,MADALENA,RUA JOAO IVO DA SILVA,,,QUEDA,0,0,0,0,0,0,0,0,0,1,0,,,,,,,,,
2023-07-25 00:00:00,02:15:00,COM VÍTIMA,ARRUDA,AV BEBERIBE,,,COLISÃO LATERAL,0,0,0,0,0,0,0,0,0,1,0,,,,,,,,,
2023-07-25 00:00:00,03:27:00,COM VÍTIMA,ARRUDA,AV BEBERIBE,,,COLISÃO TRANSVERSAL,1,1,0,0,0,0,0,0,0,2,0,,,,,,,,,
2023-07-25 00:00:00,04:22:00,COM VÍTIMA,MACAXEIRA,RUA ANITA,,,ATROPELAMENTO DE PESSOA,1,0,0,0,1,0,0,0,0,1,0,,,,,,,,,
2023-07-25 00:00:00,04:51:00,SEM VÍTIMA,SAN MARTIN,AV GENERAL SAN MARTIN,,,COLISÃO LATERAL,2,0,0,0,0,0,0,0,0,0,0,,,,,,,,,
2023-07-25 00:00:00,05:25:00,COM VÍTIMA,SANTO AMARO,RUA ARNOBIO MARQUES,,,COLISÃO LATERAL,0,0,0,0,0,0,0,0,0,1,0,,,,,,,,,
2023-07-25 00:00:00,05:56:00,COM VÍTIMA,TORRE,RUA MARCOS ANDRE,,,COLISÃO LATERAL,0,0,0,0,0,0,0,0,0,1,0,,,,,,,,,
2023-07-25 00:00:00,06:34:00,SEM VÍTIMA,TORRE,RUA ANTONIO MACHADO,,,COLISÃO TRASEIRA,2,0,0,0,0,0,0,0,0,0,0,,,,,,,,,
2023-07-25 00:00:00,07:04:00,COM VÍTIMA,SANTO AMARO,AV GOVERNADOR AGAMENON MAGALHAES,,SUBURBIO,QUEDA,0,1,0,0,0,0,0,0,0,1,0,,,,,,,,,
2023-07-25 00:00:00,09:38:00,COM VÍTIMA,COHAB,AV SANTOS,,,COLISÃO LATERAL,1,1,0,0,0,0,0,0,0,1,0,,,,,,,,,
2023-07-26 00:00:00,12:51:00,SEM VÍTIMA,COHAB,AV SANTA FE,,,TOMBAMENTO,0,0,0,0,0,0,1,0,0,0,0,,,,,,,,,
2023-07-26 00:00:00,05:32:00,COM VÍTIMA,SANTO AMARO,AV CRUZ CABUGA,,,COLISÃO TRANSVERSAL,1,1,0,0,0,0,0,0,0,1,0,,,,,,,,,
2023-07-26 00:00:00,06:15:00,COM VÍTIMA,IMBIRIBEIRA,AV PINHEIROS,,,QUEDA,0,1,0,0,0,0,0,0,0,1,0,,,,,,,,,
2023-07-26 00:00:00,08:27:00,COM VÍTIMA,SANTO AMARO,AV CRUZ CABUGA,,,COLISÃO FRONTAL,1,1,0,0,0,0,0,0,0,1,0,,,,,,,,,
2023-07-26 00:00:00,08:27:00,COM VÍTIMA,BAIRRO DO RECIFE,C SANTA RITA,,,COLISÃO FRONTAL,2,0,0,0,0,0,0,0,0,1,0,,,,,,,,,
2023-07-26 00:00:00,09:47:00,COM VÍTIMA,AGUA FRIA,AV BEBERIBE,,,CHOQUE,1,0,0,0,0,1,0,0,0,1,0,,,,,,,,,
2023-07-26 00:00:00,09:58:00,COM VÍTIMA,SITIO DOS PINTOS,RUA MANUEL DE MEDEIROS,,,COLISÃO TRASEIRA,1,1,0,0,0,0,0,0,0,1,0,,,,,,,,,
2023-07-26 00:00:00,10:13:00,COM VÍTIMA,LINHA DO TIRO,RUA URIEL DE HOLANDA,,,COLISÃO LATERAL,0,0,1,0,0,0,0,0,0,1,0,,,,,,,,,
2023-07-26 00:00:00,10:37:00,SEM VÍTIMA,BOA VISTA,RUA DO SOL,,,COLISÃO LATERAL,1,0,0,0,0,0,0,1,0,0,0,,,,,,,,,
2023-07-26 00:00:00,10:42:00,COM VÍTIMA,SANTO AMARO,AV GOVERNADOR AGAMENON MAGALHAES,,,COLISÃO LATERAL,0,1,0,0,0,0,0,0,0,1,0,,,,,,,,,
2023-07-26 00:00:00,10:45:00,COM VÍTIMA,ENCRUZILHADA,RUA FERNANDO CESAR,,,COLISÃO FRONTAL,0,1,0,0,0,0,0,0,0,1,0,,,,,,,,,
2023-07-26 00:00:00,11:29:00,COM VÍTIMA,AREIAS,AV RECIFE,494,,COLISÃO TRANSVERSAL,0,1,0,0,0,0,0,0,0,1,0,,,,,,,,,
2023-07-26 00:00:00,11:34:00,VÍTIMA FATAL,SANTO AMARO,RUA DO POMBAL,,,COLISÃO FRONTAL,1,1,0,0,0,0,0,0,0,0,1,,,,,,,,,
2023-07-26 00:00:00,12:02:00,COM VÍTIMA,SANTO AMARO,AV GOVERNADOR AGAMENON MAGALHAES,,,COLISÃO FRONTAL,1,1,0,0,0,0,0,0,0,1,0,,,,,,,,,
2023-07-26 00:00:00,12:22:00,COM VÍTIMA,SANTO AMARO,AV GOVERNADOR AGAMENON MAGALHAES,,,COLISÃO TRASEIRA,0,1,0,0,0,0,0,0,0,1,0,,,,,,,,,
2023-07-26 00:00:00,03:01:00,COM VÍTIMA,SOLEDADE,AV JOAO DE BARROS,,,COLISÃO TRASEIRA,3,0,0,0,0,0,0,0,0,1,0,,,,,,,,,
2023-07-26 00:00:00,04:25:00,COM VÍTIMA,SANTO ANTONIO,PRC DA REPUBLICA,,,ATROPELAMENTO DE PESSOA,0,1,0,1,0,0,0,0,0,1,0,,,,,,,,,
2023-07-26 00:00:00,07:11:00,COM VÍTIMA,CORDEIRO,RUA PAES CABRAL,,,COLISÃO TRANSVERSAL,1,1,0,0,0,0,0,0,0,1,0,,,,,,,,,
2023-07-26 00:00:00,08:31:00,COM VÍTIMA,JARDIM SAO PAULO,RUA LEANDRO BARRETO,,,COLISÃO LATERAL,0,1,0,0,0,0,0,0,0,1,0,,,,,,,,,
2023-07-26 00:00:00,09:05:00,SEM VÍTIMA,JOANA BEZERRA,RUA CABO EUTROPIO,,,CHOQUE,0,0,0,0,0,0,0,1,0,0,0,,,,,,,,,
2023-07-26 00:00:00,09:09:00,COM VÍTIMA,SAN MARTIN,RUA BONIFACIO DE ANDRADE,,,COLISÃO TRANSVERSAL,0,1,0,0,0,0,0,0,0,1,0,,,,,,,,,
2023-07-26 00:00:00,09:10:00,COM VÍTIMA,MADALENA,RUA JOAO IVO DA SILVA,,,COLISÃO LATERAL,0,1,0,0,0,0,0,0,0,1,0,,,,,,,,,
2023-07-26 00:00:00,09:26:00,SEM VÍTIMA,GRACAS,RUA JOAQUIM NABUCO,,,COLISÃO LATERAL,1,1,0,0,0,0,0,0,0,0,0,,,,,,,,,
2023-07-26 00:00:00,10:09:00,SEM VÍTIMA,ENGENHO DO MEIO,RUA DR MIGUEL VIEIRA FERREIRA,,,COLISÃO TRANSVERSAL,2,0,0,0,0,0,0,0,0,0,0,,,,,,,,,
2023-07-27 00:00:00,03:05:00,COM VÍTIMA,IBURA,AV DOIS RIOS,,,CAPOTAMENTO,1,0,0,0,0,0,0,0,0,3,0,,,,,,,,,
2023-07-27 00:00:00,06:07:00,COM VÍTIMA,PINA,PTE VICE PRESIDENTE JOSE ALENCAR,,,,0,1,0,0,0,0,0,1,0,1,0,,,,,,,,,
2023-07-27 00:00:00,07:03:00,COM VÍTIMA,TAMARINEIRA,EST DO ARRAIAL,,,COLISÃO LATERAL,0,2,0,0,0,0,0,0,0,1,0,,,,,,,,,
2023-07-27 00:00:00,07:04:00,COM VÍTIMA,ARRUDA,RUA DAS MOCAS,,,COLISÃO LATERAL,0,1,0,0,0,0,0,0,0,1,0,,,,,,,,,
2023-07-27 00:00:00,07:20:00,COM VÍTIMA,BOA VIAGEM,AV BOA VIAGEM,,,COLISÃO FRONTAL,0,1,0,0,0,0,0,0,0,1,0,,,,,,,,,
2023-07-27 00:00:00,08:27:00,COM VÍTIMA,ESTANCIA,AV DR JOSE RUFINO,,,COLISÃO LATERAL,1,1,0,0,0,0,0,0,0,1,0,,,,,,,,,
2023-07-27 00:00:00,08:59:00,COM VÍTIMA,SANTO AMARO,AV GOVERNADOR AGAMENON MAGALHAES,,,COLISÃO LATERAL,0,2,0,0,0,0,0,0,0,2,0,,,,,,,,,
2023-07-27 00:00:00,10:32:00,COM VÍTIMA,BOA VIAGEM,AVENIDA CELSO FURTADO (VIA MANGUE),,,QUEDA,0,1,0,0,0,0,0,0,0,1,0,,,,,,,,,
2023-07-27 00:00:00,10:47:00,COM VÍTIMA,VARZEA,RUA BRASUELA,,,COLISÃO LATERAL,1,0,0,0,0,0,0,0,0,1,0,,,,,,,,,
2023-07-27 00:00:00,10:55:00,COM VÍTIMA,TORRE,RUA PROFESSOR TRAJANO DE MENDONCA,,,COLISÃO FRONTAL,0,1,0,0,0,0,0,0,0,1,0,,,,,,,,,
2023-07-27 00:00:00,11:12:00,COM VÍTIMA,MORRO DA CONCEICAO,COR DO BARTOLOMEU,,,COLISÃO LATERAL,0,1,0,0,0,0,0,0,0,1,0,,,,,,,,,
2023-07-27 00:00:00,11:23:00,COM VÍTIMA,AREIAS,AV DR JOSE RUFINO,,,ATROPELAMENTO DE PESSOA,0,1,0,0,1,0,0,0,0,1,0,,,,,,,,,
2023-07-27 00:00:00,11:23:00,COM VÍTIMA,MACAXEIRA,AV NORTE MIGUEL ARRAES DE ALENCAR,,,COLISÃO TRASEIRA,0,0,0,0,0,1,1,0,0,1,0,,,,,,,,,
2023-07-27 00:00:00,03:39:00,COM VÍTIMA,BONGI,EST DO BONGI,,,COLISÃO LATERAL,0,0,0,0,0,0,0,0,0,1,0,,,,,,,,,
2023-07-27 00:00:00,04:23:00,COM VÍTIMA,ARRUDA,RUA BOLIVAR,,,COLISÃO LATERAL,0,0,0,0,0,0,0,0,0,1,0,,,,,,,,,
2023-07-27 00:00:00,06:13:00,COM VÍTIMA,PINA,AV HERCULANO BANDEIRA,,,COLISÃO TRASEIRA,1,1,0,0,0,0,0,0,0,1,0,,,,,,,,,
2023-07-27 00:00:00,06:26:00,COM VÍTIMA,IMBIRIBEIRA,AV ENGENHEIRO ALVES DE SOUZA,,,COLISÃO LATERAL,1,1,0,0,0,0,0,0,0,1,0,,,,,,,,,
2023-07-27 00:00:00,06:50:00,COM VÍTIMA,CORDEIRO,AV INACIO MONTEIRO,,,COLISÃO LATERAL,1,1,0,0,0,0,0,0,0,1,0,,,,,,,,,
2023-07-27 00:00:00,08:48:00,COM VÍTIMA,IPSEP,AV RECIFE,,,COLISÃO LATERAL,1,1,0,0,0,0,0,0,0,1,0,,,,,,,,,
2023-07-28 00:00:00,07:48:00,COM VÍTIMA,IMBIRIBEIRA,AV MARECHAL MASCARENHAS DE MORAES,,,COLISÃO FRONTAL,0,1,0,0,0,0,0,0,0,1,0,,,,,,,,,
2023-07-28 00:00:00,09:02:00,COM VÍTIMA,BAIRRO DO RECIFE,CAIS DO APOLO,340,CIDADE,TOMBAMENTO,0,1,0,0,0,0,0,0,0,1,0,,,,,,,,,
2023-07-28 00:00:00,12:51:00,SEM VÍTIMA,BOA VIAGEM,AV BOA VIAGEM,,,COLISÃO TRASEIRA,2,2,0,0,0,0,0,0,0,0,0,,,,,,,,,
2023-07-28 00:00:00,02:11:00,COM VÍTIMA,BRASILIA TEIMOSA,AV BRASILIA FORMOSA,,,ATROPELAMENTO DE PESSOA,0,1,0,0,1,0,0,0,0,1,0,,,,,,,,,
2023-07-28 00:00:00,02:21:00,COM VÍTIMA,SAO JOSE,AV DANTAS BARRETO,54,,ATROPELAMENTO DE PESSOA,1,0,0,0,1,0,0,0,0,1,0,,,,,,,,,
2023-07-28 00:00:00,02:35:00,SEM VÍTIMA,AREIAS,AV RECIFE,,,COLISÃO TRASEIRA,1,0,0,0,0,0,1,0,0,0,0,,,,,,,,,
2023-07-28 00:00:00,04:07:00,VÍTIMA FATAL,CAXANGA,AV CAXANGA,,,COLISÃO LATERAL,0,1,0,0,0,1,0,0,0,0,1,,,,,,,,,
2023-07-28 00:00:00,04:15:00,COM VÍTIMA,IBURA,RUA SANTA LEOPOLDINA,,,COLISÃO LATERAL,0,1,0,0,0,0,0,0,0,1,0,,,,,,,,,
2023-07-28 00:00:00,08:16:00,COM VÍTIMA,VARZEA,RUA GENERAL POLIDORO,,,COLISÃO FRONTAL,0,0,0,0,0,0,0,0,0,1,0,,,,,,,,,
2023-07-28 00:00:00,10:19:00,COM VÍTIMA,HIPODROMO,RUA MARQUES DE BAIPENDI,,,COLISÃO LATERAL,0,1,0,0,0,0,0,0,0,1,0,,,,,,,,,
2023-07-29 00:00:00,05:11:00,SEM VÍTIMA,IMBIRIBEIRA,AV MARECHAL MASCARENHAS DE MORAES,,,COLISÃO TRASEIRA,1,1,0,0,0,0,0,0,0,0,0,,,,,,,,,
2023-07-29 00:00:00,10:57:00,COM VÍTIMA,SANTO AMARO,AV GOVERNADOR AGAMENON MAGALHAES,,,COLISÃO FRONTAL,0,1,0,0,0,0,0,0,0,1,0,,,,,,,,,
2023-07-29 00:00:00,02:25:00,COM VÍTIMA,BOA VIAGEM,RUA SIDERAL,,,COLISÃO LATERAL,0,0,0,0,0,0,0,0,0,1,0,,,,,,,,,
2023-07-29 00:00:00,07:07:00,COM VÍTIMA,TAMARINEIRA,RUA CONEGO BARATA,,,COLISÃO TRANSVERSAL,0,2,0,0,0,0,0,0,0,1,0,,,,,,,,,
2023-07-29 00:00:00,07:16:00,COM VÍTIMA,MADALENA,RUA JOAO IVO DA SILVA,,,COLISÃO TRANSVERSAL,1,1,0,0,0,0,0,0,0,2,0,,,,,,,,,
2023-07-29 00:00:00,08:05:00,COM VÍTIMA,ARRUDA,RUA DAS MOCAS,,,COLISÃO LATERAL,1,1,0,0,0,0,0,0,0,1,0,,,,,,,,,
2023-07-29 00:00:00,09:12:00,SEM VÍTIMA,IBURA,AV DOIS RIOS,,,COLISÃO TRASEIRA,2,0,0,0,0,0,0,0,0,0,0,,,,,,,,,
2023-07-30 00:00:00,12:16:00,COM VÍTIMA,MANGABEIRA,AV NORTE MIGUEL ARRAES DE ALENCAR,,SUBURBIO,COLISÃO LATERAL,0,1,0,0,0,0,0,0,0,1,0,,,,,,,,,
2023-07-30 00:00:00,12:18:00,COM VÍTIMA,ALTO SANTA TERESINHA,AV ANIBAL BENEVOLO,,,COLISÃO LATERAL,0,1,0,0,0,0,0,0,0,1,0,,,,,,,,,
2023-07-30 00:00:00,12:52:00,COM VÍTIMA,JORDAO,RUA NOVA CANAA,,,COLISÃO FRONTAL,1,1,0,0,0,0,0,0,0,2,0,,,,,,,,,
2023-07-30 00:00:00,05:49:00,COM VÍTIMA,BOA VIAGEM,RUA CAMBOIM,,SUBURBIO,COLISÃO FRONTAL,1,1,0,0,0,0,0,0,0,1,0,,,,,,,,,
2023-07-30 00:00:00,07:33:00,COM VÍTIMA,BOA VIAGEM,RUA CAMBOIM,,,COLISÃO LATERAL,0,1,0,0,0,0,0,0,0,1,0,,,,,,,,,
2023-07-30 00:00:00,08:09:00,COM VÍTIMA,VARZEA,AV AFONSO OLINDENSE,,,COLISÃO LATERAL,1,1,0,0,0,0,0,0,0,1,0,,,,,,,,,
2023-07-30 00:00:00,08:16:00,COM VÍTIMA,VASCO DA GAMA,RUA VASCO DA GAMA,,,COLISÃO LATERAL,0,1,0,0,0,0,0,0,0,1,0,,,,,,,,,
2023-07-30 00:00:00,10:24:00,COM VÍTIMA,BOA VIAGEM,RUA ATLANTICO,,,COLISÃO FRONTAL,3,0,0,0,0,0,0,0,0,1,0,,,,,,,,,
2023-07-30 00:00:00,11:32:00,COM VÍTIMA,IPUTINGA,1TR SANTA LUCIA,,,COLISÃO LATERAL,0,1,0,0,0,0,0,0,0,1,0,,,,,,,,,
2023-07-31 00:00:00,08:08:00,COM VÍTIMA,SANTO ANTONIO,RUA IMPERADOR PEDRO SEGUNDO,,,COLISÃO LATERAL,1,1,0,0,0,0,0,0,0,1,0,,,,,,,,,
2023-07-31 00:00:00,09:10:00,COM VÍTIMA,AREIAS,RUA CARUARU,,,COLISÃO LATERAL,1,1,0,0,0,0,0,0,0,1,0,,,,,,,,,
2023-07-31 00:00:00,09:51:00,COM VÍTIMA,SANTO AMARO,RUA TREZE DE MAIO,,,COLISÃO LATERAL,1,1,0,0,0,0,0,0,0,1,0,,,,,,,,,
2023-07-31 00:00:00,10:08:00,COM VÍTIMA,ILHA DO LEITE,AV GOVERNADOR AGAMENON MAGALHAES,,,COLISÃO LATERAL,0,1,0,0,0,0,0,0,0,1,0,,,,,,,,,
2023-07-31 00:00:00,02:48:00,COM VÍTIMA,SANTO AMARO,RUA TREZE DE MAIO,,,COLISÃO LATERAL,0,0,0,0,0,0,0,0,0,1,0,,,,,,,,,
2023-07-31 00:00:00,03:01:00,COM VÍTIMA,SANTO AMARO,AV CRUZ CABUGA,,,COLISÃO LATERAL,0,0,0,0,0,0,0,0,0,1,0,,,,,,,,,
2023-07-31 00:00:00,05:59:00,COM VÍTIMA,IBURA,RUA RIO UNA,,,COLISÃO LATERAL,0,0,0,0,0,0,0,0,0,1,0,,,,,,,,,
2023-07-31 00:00:00,06:16:00,COM VÍTIMA,IMBIRIBEIRA,AV MARECHAL MASCARENHAS DE MORAES,,,ATROPELAMENTO DE PESSOA,0,1,0,0,1,0,0,0,0,1,0,,,,,,,,,
2023-07-31 00:00:00,06:23:00,COM VÍTIMA,IBURA,AV JORNALISTA COSTA PORTO,,,COLISÃO LATERAL,0,0,0,0,0,0,0,0,0,1,0,,,,,,,,,
2023-07-31 00:00:00,07:22:00,COM VÍTIMA,BAIRRO DO RECIFE,AV ALFREDO LISBOA,,,COLISÃO LATERAL,3,1,0,0,0,0,0,0,0,1,0,,,,,,,,,
2023-07-31 00:00:00,07:48:00,COM VÍTIMA,AREIAS,AV TAPAJOS,,,COLISÃO LATERAL,1,1,0,0,0,0,0,0,0,1,0,,,,,,,,,
2023-07-31 00:00:00,08:49:00,COM VÍTIMA,TAMARINEIRA,RUA CONEGO BARATA,,,COLISÃO LATERAL,1,1,0,0,0,0,0,0,0,1,0,,,,,,,,,
2023-07-31 00:00:00,09:22:00,COM VÍTIMA,ARRUDA,AV PROFESSOR JOSE DOS ANJOS,,,COLISÃO TRASEIRA,0,2,0,0,0,0,0,0,0,1,0,,,,,,,,,
2023-07-31 00:00:00,09:23:00,COM VÍTIMA,VARZEA,RUA CASSILANDIA,,,COLISÃO LATERAL,1,1,0,0,0,0,0,0,0,1,0,,,,,,,,,
2023-07-31 00:00:00,10:32:00,COM VÍTIMA,SANTO AMARO,AV GOVERNADOR AGAMENON MAGALHAES,,,ATROPELAMENTO DE PESSOA,1,0,0,0,1,0,0,0,0,1,0,,,,,,,,,
2023-07-31 00:00:00,10:49:00,COM VÍTIMA,CASA AMARELA,EST DO ARRAIAL,,,COLISÃO LATERAL,1,1,0,0,0,0,0,0,0,1,0,,,,,,,,,
2023-08-01 00:00:00,12:40:00,COM VÍTIMA,CASA AMARELA,EST DO ARRAIAL,,,COLISÃO LATERAL,1,1,0,0,0,0,0,0,0,1,0,,,,,,,,,
2023-08-01 00:00:00,07:42:00,COM VÍTIMA,JARDIM SAO PAULO,AV RECIFE,704,BOA VIAGEM,COLISÃO FRONTAL,0,1,0,0,0,1,0,0,0,1,0,,,,,,,,,
2023-08-01 00:00:00,08:44:00,COM VÍTIMA,BOA VIAGEM,AV FERNANDO SIMOES BARBOSA,,,QUEDA,0,1,0,0,0,0,0,0,0,1,0,,,,,,,,,
2023-08-01 00:00:00,09:11:00,SEM VÍTIMA,ARRUDA,RUA SAO BENTO,,,COLISÃO LATERAL,0,0,0,0,0,1,1,0,0,0,0,,,,,,,,,
2023-08-01 00:00:00,11:50:00,SEM VÍTIMA,IPSEP,AV RECIFE,,,ENGAVETAMENTO,4,0,0,0,0,0,0,0,0,0,0,,,,,,,,,
2023-08-01 00:00:00,01:18:00,COM VÍTIMA,BARRO,AV DR JOSE RUFINO,,,COLISÃO LATERAL,0,0,0,0,0,0,0,0,0,1,0,,,,,,,,,
2023-08-01 00:00:00,02:19:00,COM VÍTIMA,ILHA DO LEITE,RUA FRANCISCO ALVES,,,COLISÃO LATERAL,1,1,0,0,0,0,0,0,0,1,0,,,,,,,,,
2023-08-01 00:00:00,02:19:00,COM VÍTIMA,ESPINHEIRO,AV GOVERNADOR AGAMENON MAGALHAES,,,COLISÃO LATERAL,1,1,0,0,0,0,0,0,0,1,0,,,,,,,,,
2023-08-01 00:00:00,02:30:00,SEM VÍTIMA,AGUA FRIA,EST VELHA DE AGUA FRIA,,,COLISÃO LATERAL,1,0,0,0,0,0,0,1,0,0,0,,,,,,,,,
2023-08-01 00:00:00,04:30:00,COM VÍTIMA,BOA VISTA,AV JOAO DE BARROS,,,COLISÃO LATERAL,0,0,0,0,0,0,0,0,0,1,0,,,,,,,,,
2023-08-01 00:00:00,05:14:00,SEM VÍTIMA,ALTO SANTA TERESINHA,RUA ALTO JOSE BONIFACIO,,,COLISÃO TRASEIRA,2,0,0,0,0,0,0,0,0,0,0,,,,,,,,,
2023-08-01 00:00:00,05:15:00,COM VÍTIMA,IBURA,AV RECIFE,,,COLISÃO LATERAL,0,0,0,0,0,0,0,0,0,1,0,,,,,,,,,
2023-08-01 00:00:00,06:53:00,COM VÍTIMA,CAXANGA,AV CAXANGA,,,COLISÃO LATERAL,0,0,0,0,0,0,0,0,0,1,0,,,,,,,,,
2023-08-01 00:00:00,07:28:00,COM VÍTIMA,CAMPO GRANDE,RUA JERONIMO VILELA,,,ATROPELAMENTO DE PESSOA,0,1,0,0,0,0,0,0,0,1,0,,,,,,,,,
2023-08-02 00:00:00,07:00:00,COM VÍTIMA,TORROES,AV ENGENHEIRO ABDIAS DE CARVALHO,,,COLISÃO FRONTAL,0,1,0,0,0,0,0,0,0,1,0,,,,,,,,,
2023-08-02 00:00:00,08:43:00,COM VÍTIMA,ILHA DO RETIRO,RUA TABAIARES,,,ATROPELAMENTO DE PESSOA,1,0,0,0,1,0,0,0,0,1,0,,,,,,,,,
2023-08-02 00:00:00,09:33:00,COM VÍTIMA,SOLEDADE,RUA DO PRINCIPE,,,COLISÃO FRONTAL,0,1,0,0,0,0,0,0,0,1,0,,,,,,,,,
2023-08-02 00:00:00,10:23:00,COM VÍTIMA,IPSEP,AV SALDANHA MARINHO,,,COLISÃO LATERAL,1,1,0,0,0,0,0,0,0,1,0,,,,,,,,,
2023-08-02 00:00:00,12:25:00,COM VÍTIMA,NOVA DESCOBERTA,RUA CORREGO DA AREIA,,,QUEDA,0,1,0,0,0,0,0,0,0,1,0,,,,,,,,,
2023-08-02 00:00:00,12:47:00,COM VÍTIMA,CURADO,BR 101 (DENTRO DA CEASA),,,COLISÃO LATERAL,1,2,0,0,1,0,0,0,0,2,0,,,,,,,,,
2023-08-02 00:00:00,02:03:00,SEM VÍTIMA,SANTO ANTONIO,AV MARTINS DE BARROS,,,COLISÃO LATERAL,1,0,0,0,0,0,1,0,0,0,0,,,,,,,,,
2023-08-02 00:00:00,02:47:00,SEM VÍTIMA,BOA VISTA,RUA JOAO FERNANDES VIEIRA,,,COLISÃO LATERAL,1,0,0,0,0,0,0,1,0,0,0,,,,,,,,,
2023-08-02 00:00:00,03:15:00,COM VÍTIMA,SAO JOSE,AV SUL,,,COLISÃO TRASEIRA,0,2,0,0,0,0,0,0,0,1,0,,,,,,,,,
2023-08-02 00:00:00,03:21:00,SEM VÍTIMA,BOA VISTA,AV GOVERNADOR AGAMENON MAGALHAES,,,COLISÃO LATERAL,1,0,0,0,0,0,0,1,0,0,0,,,,,,,,,
2023-08-02 00:00:00,03:27:00,COM VÍTIMA,CASA AMARELA,AV NORTE MIGUEL ARRAES DE ALENCAR,,,COLISÃO LATERAL,0,0,0,0,0,0,0,0,0,1,0,,,,,,,,,
2023-08-02 00:00:00,03:31:00,COM VÍTIMA,ESPINHEIRO,RUA SAO SALVADOR,,,ATROPELAMENTO DE PESSOA,1,0,0,0,1,0,0,0,0,1,0,,,,,,,,,
2023-08-02 00:00:00,03:35:00,COM VÍTIMA,CASA FORTE,AV DEZESSETE DE AGOSTO,,,COLISÃO LATERAL,0,0,0,0,0,0,0,0,0,1,0,,,,,,,,,
2023-08-02 00:00:00,04:35:00,COM VÍTIMA,DOIS UNIDOS,AV HILDEBRANDO DE VASCONCELOS,,,QUEDA,0,0,0,0,0,0,0,0,0,1,0,,,,,,,,,
2023-08-02 00:00:00,06:52:00,COM VÍTIMA,IPSEP,AV RECIFE,,,COLISÃO LATERAL,0,1,0,0,0,0,0,0,0,1,0,,,,,,,,,
2023-08-02 00:00:00,07:52:00,COM VÍTIMA,CAXANGA,RUA RIBEIRO PESSOA,,,COLISÃO FRONTAL,0,1,0,0,0,1,0,0,0,1,0,,,,,,,,,
2023-08-02 00:00:00,08:02:00,COM VÍTIMA,CORDEIRO,RUA DR JOAO LACERDA,,,COLISÃO TRANSVERSAL,0,1,0,0,0,0,0,0,0,1,0,,,,,,,,,
2023-08-02 00:00:00,08:04:00,COM VÍTIMA,MADALENA,RUA JOSE OSORIO,,,COLISÃO TRANSVERSAL,0,1,0,0,0,0,0,0,0,1,0,,,,,,,,,
2023-08-03 00:00:00,01:33:00,COM VÍTIMA,PARNAMIRIM,AV PARNAMIRIM,10,,COLISÃO TRANSVERSAL,2,0,0,0,0,0,0,0,0,1,0,,,,,,,,,
2023-08-03 00:00:00,07:47:00,COM VÍTIMA,SAO JOSE,AV SUL,,,COLISÃO LATERAL,1,1,0,0,0,0,0,0,0,1,0,,,,,,,,,
2023-08-03 00:00:00,07:54:00,COM VÍTIMA,ESPINHEIRO,AV GOVERNADOR AGAMENON MAGALHAES,,,COLISÃO TRASEIRA,1,1,0,0,0,0,0,0,0,1,0,,,,,,,,,
2023-08-03 00:00:00,08:03:00,COM VÍTIMA,ENCRUZILHADA,RUA DONA ELVIRA,,,COLISÃO FRONTAL,1,1,0,0,0,0,0,0,0,1,0,,,,,,,,,
2023-08-03 00:00:00,08:27:00,COM VÍTIMA,JOANA BEZERRA,VIADUTO CAPITAO TEMUDO,,,COLISÃO LATERAL,1,1,0,0,0,0,0,0,0,1,0,,,,,,,,,
2023-08-03 00:00:00,08:37:00,COM VÍTIMA,SAO JOSE,PTE SEIS DE MARCO,,,COLISÃO FRONTAL,0,1,0,0,0,0,0,0,0,1,0,,,,,,,,,
2023-08-03 00:00:00,09:23:00,COM VÍTIMA,IMBIRIBEIRA,AV SUL,,,COLISÃO COM CICLISTA,1,0,0,1,0,0,0,0,0,1,0,,,,,,,,,
2023-08-03 00:00:00,09:50:00,COM VÍTIMA,BOA VISTA,AV GOVERNADOR AGAMENON MAGALHAES,,,COLISÃO TRASEIRA,1,1,0,0,0,0,0,0,0,1,0,,,,,,,,,
2023-08-03 00:00:00,10:21:00,COM VÍTIMA,SANTO AMARO,RUA DA AURORA,,,COLISÃO TRASEIRA,1,1,0,0,0,0,0,0,0,1,0,,,,,,,,,
2023-08-03 00:00:00,12:11:00,COM VÍTIMA,VASCO DA GAMA,AV VEREADOR OTACILIO AZEVEDO,,,COLISÃO LATERAL,1,1,0,0,0,0,0,0,0,1,0,,,,,,,,,