data,hora,natureza,bairro,endereco,num_semaforo,sentido_via,tipo,auto,moto,ciclom,ciclista,pedestre,onibus,caminhao,viatura,outros,vitimas,vitimasfatais,acidente_verificado,tempo_clima,sinalizacao,condicao_via,conservacao_via,situacao_placa,velocidade_max_via,mao_direcao,divisao_via1
2023-08-03 00:00:00,12:55:00,COM VÍTIMA,SANTO AMARO,AV MARIO MELO,171,,COLISÃO LATERAL,2,1,0,0,0,0,0,0,0,1,0,,,,,,,,,
2023-08-03 00:00:00,01:57:00,COM VÍTIMA,BOA VIAGEM,RUA DEZ DE JULHO,,,COLISÃO LATERAL,1,1,0,0,0,0,0,0,0,1,0,,,,,,,,,
2023-08-03 00:00:00,02:47:00,COM VÍTIMA,DOIS IRMAOS,RUA DOIS IRMAOS,,,COLISÃO LATERAL,1,1,0,0,0,0,0,0,0,1,0,,,,,,,,,
2023-08-03 00:00:00,03:15:00,COM VÍTIMA,IMBIRIBEIRA,AV GENERAL MAC ARTHUR,,,COLISÃO TRASEIRA,1,1,0,0,0,0,0,0,0,1,0,,,,,,,,,
2023-08-03 00:00:00,03:36:00,SEM VÍTIMA,MADALENA,AV ENGENHEIRO ABDIAS DE CARVALHO,,,COLISÃO LATERAL,1,0,0,0,0,0,0,1,0,0,0,,,,,,,,,
2023-08-03 00:00:00,05:06:00,COM VÍTIMA,IMBIRIBEIRA,AV MARECHAL MASCARENHAS DE MORAES,,,TOMBAMENTO,0,1,0,0,0,0,0,0,0,1,0,,,,,,,,,
2023-08-03 00:00:00,06:42:00,COM VÍTIMA,MADALENA,RUA BENFICA,,,COLISÃO LATERAL,0,1,0,0,0,0,0,1,0,1,0,,,,,,,,,
2023-08-03 00:00:00,09:58:00,COM VÍTIMA,SANTO AMARO,AV CRUZ CABUGA,,,COLISÃO LATERAL,0,1,0,0,0,0,0,0,0,1,0,,,,,,,,,
2023-08-03 00:00:00,09:58:00,COM VÍTIMA,ENCRUZILHADA,AV BEBERIBE,,,COLISÃO LATERAL,0,1,0,0,0,0,0,0,0,1,0,,,,,,,,,
2023-08-04 00:00:00,06:33:00,COM VÍTIMA,IPUTINGA,AV MAURICIO DE NASSAU,,,QUEDA,0,1,0,0,0,0,0,0,0,1,0,,,,,,,,,
2023-08-04 00:00:00,08:33:00,COM VÍTIMA,SANTO AMARO,RUA DOS PALMARES,,,COLISÃO FRONTAL,0,2,0,0,0,0,0,0,0,1,0,,,,,,,,,
2023-08-04 00:00:00,09:18:00,COM VÍTIMA,ARRUDA,AV PROFESSOR JOSE DOS ANJOS,,,ATROPELAMENTO DE PESSOA,0,1,0,0,1,0,0,0,0,1,0,,,,,,,,,
2023-08-04 00:00:00,09:32:00,COM VÍTIMA,SANTO AMARO,AV NORTE MIGUEL ARRAES DE ALENCAR,,,COLISÃO TRANSVERSAL,0,1,0,0,0,0,0,0,0,1,0,,,,,,,,,
2023-08-04 00:00:00,09:37:00,COM VÍTIMA,NOVA DESCOBERTA,RUA NOVA DESCOBERTA,,,COLISÃO FRONTAL,0,1,0,0,0,0,0,0,0,1,0,,,,,,,,,
2023-08-04 00:00:00,09:41:00,COM VÍTIMA,BAIRRO DO RECIFE,CAIS DO APOLO,,,COLISÃO TRASEIRA,1,1,0,0,0,0,0,0,0,1,0,,,,,,,,,
2023-08-04 00:00:00,11:34:00,COM VÍTIMA,ROSARINHO,AV SANTOS DUMONT,,,COLISÃO FRONTAL,0,1,0,0,0,0,0,0,0,1,0,,,,,,,,,
2023-08-04 00:00:00,02:41:00,COM VÍTIMA,BOA VISTA,AV CONDE DA BOA VISTA,,,COLISÃO LATERAL,0,0,0,0,0,0,0,0,0,1,0,,,,,,,,,
2023-08-04 00:00:00,04:24:00,COM VÍTIMA,CASA AMARELA,RUA PADRE LEMOS,,,ATROPELAMENTO DE PESSOA,0,1,0,0,1,0,0,0,0,1,0,,,,,,,,,
2023-08-04 00:00:00,06:10:00,COM VÍTIMA,IMBIRIBEIRA,RUA GENERAL GOES MONTEIRO,,,COLISÃO LATERAL,0,0,0,0,0,0,0,0,0,1,0,,,,,,,,,
2023-08-04 00:00:00,06:15:00,COM VÍTIMA,SOLEDADE,AV JOAO DE BARROS,,CIDADE,ATROPELAMENTO DE PESSOA,0,0,0,0,1,0,0,0,0,1,0,,,,,,,,,
2023-08-04 00:00:00,06:42:00,COM VÍTIMA,BOA VIAGEM,AV ARMINDO MOURA,,,COLISÃO LATERAL,1,1,0,0,0,0,0,0,0,1,0,,,,,,,,,
2023-08-04 00:00:00,09:32:00,COM VÍTIMA,IPUTINGA,AV CAXANGA,,,COLISÃO TRANSVERSAL,1,1,0,0,0,0,0,0,0,1,0,,,,,,,,,
2023-08-04 00:00:00,11:08:00,COM VÍTIMA,VARZEA,RUA GENERAL POLIDORO,,,COLISÃO FRONTAL,1,1,0,0,0,0,0,0,0,1,0,,,,,,,,,
2023-08-05 00:00:00,01:45:00,COM VÍTIMA,VASCO DA GAMA,RUA VASCO DA GAMA,,,COLISÃO LATERAL,0,1,0,0,0,0,0,0,0,1,0,,,,,,,,,
2023-08-05 00:00:00,10:24:00,COM VÍTIMA,IMBIRIBEIRA,RUA DEZ DE JULHO,,,COLISÃO LATERAL,0,1,0,0,0,0,0,0,0,1,0,,,,,,,,,
2023-08-05 00:00:00,10:58:00,COM VÍTIMA,TEJIPIO,AV DR JOSE RUFINO,,,COLISÃO LATERAL,0,1,0,0,0,0,0,0,0,1,0,,,,,,,,,
2023-08-05 00:00:00,11:59:00,COM VÍTIMA,MADALENA,RUA COMENDADOR BENTO AGUIAR,,,COLISÃO LATERAL,0,1,0,0,0,0,0,0,0,1,0,,,,,,,,,
2023-08-05 00:00:00,11:59:00,COM VÍTIMA,CORDEIRO,AV CAXANGA,,,COLISÃO LATERAL,0,1,0,0,0,0,0,0,0,1,0,,,,,,,,,
2023-08-05 00:00:00,12:53:00,COM VÍTIMA,BEBERIBE,AV BEBERIBE,,,COLISÃO LATERAL,0,0,0,0,0,0,0,0,0,1,0,,,,,,,,,
2023-08-05 00:00:00,03:43:00,COM VÍTIMA,CAMPO GRANDE,RUA FRANKLIN TAVORA,,,COLISÃO LATERAL,0,0,0,0,0,0,0,0,0,1,0,,,,,,,,,
2023-08-05 00:00:00,06:16:00,COM VÍTIMA,TORRE,RUA JOSE BONIFACIO,,,COLISÃO LATERAL,0,0,0,0,0,0,0,0,0,1,0,,,,,,,,,
2023-08-05 00:00:00,06:39:00,COM VÍTIMA,BOA VIAGEM,RUA DES JOAO PAES,,,COLISÃO FRONTAL,0,0,0,0,0,0,0,0,0,1,0,,,,,,,,,
2023-08-06 00:00:00,07:53:00,COM VÍTIMA,BOA VIAGEM,RUA RIBEIRO DE BRITO,,,COLISÃO FRONTAL,0,1,0,0,0,0,0,0,0,1,0,,,,,,,,,
2023-08-06 00:00:00,08:22:00,COM VÍTIMA,TORRE,RUA CONDE DE IRAJA,,,COLISÃO LATERAL,2,0,0,0,0,0,0,0,0,1,0,,,,,,,,,
2023-08-06 00:00:00,09:34:00,COM VÍTIMA,VARZEA,RUA FRANCISCO TORRES,,,COLISÃO FRONTAL,0,1,0,0,0,0,0,0,0,1,0,,,,,,,,,
2023-08-06 00:00:00,12:54:00,SEM VÍTIMA,JARDIM SAO PAULO,AV RECIFE,705,,COLISÃO TRASEIRA,2,0,0,0,0,0,0,1,0,0,0,,,,,,,,,
2023-08-06 00:00:00,03:03:00,COM VÍTIMA,COHAB,AV SAO PAULO,,,TOMBAMENTO,0,0,0,0,0,0,0,0,0,1,0,,,,,,,,,
2023-08-06 00:00:00,06:06:00,SEM VÍTIMA,ESTANCIA,AV DR JOSE RUFINO,,,COLISÃO FRONTAL,2,0,0,0,0,0,0,0,0,0,0,,,,,,,,,
2023-08-06 00:00:00,07:10:00,COM VÍTIMA,COQUEIRAL,RUA LINHA NOVA,,,COLISÃO FRONTAL,1,1,0,0,0,0,0,0,0,1,0,,,,,,,,,
2023-08-06 00:00:00,09:50:00,COM VÍTIMA,PINA,AV ENGENHEIRO DOMINGOS FERREIRA,,,COLISÃO LATERAL,1,1,0,0,0,0,0,0,0,1,0,,,,,,,,,
2023-08-06 00:00:00,10:29:00,COM VÍTIMA,BOMBA DO HEMETERIO,RUA BOMBA DO HEMETERIO,,,COLISÃO LATERAL,1,1,0,0,0,0,0,0,0,1,0,,,,,,,,,
2023-08-06 00:00:00,11:38:00,COM VÍTIMA,IBURA,,,,COLISÃO LATERAL,1,1,0,0,0,0,0,0,0,1,0,,,,,,,,,
2023-08-07 00:00:00,07:03:00,COM VÍTIMA,CASA AMARELA,AV NORTE MIGUEL ARRAES DE ALENCAR,,,COLISÃO LATERAL,0,1,0,0,0,0,0,0,0,1,0,,,,,,,,,
2023-08-07 00:00:00,07:45:00,COM VÍTIMA,JARDIM SAO PAULO,AV LIBERDADE,,,COLISÃO TRANSVERSAL,0,1,0,0,0,0,0,0,0,1,0,,,,,,,,,
2023-08-07 00:00:00,08:47:00,COM VÍTIMA,BOA VIAGEM,AV BOA VIAGEM,,,COLISÃO TRASEIRA,1,1,0,0,0,0,0,0,0,1,0,,,,,,,,,
2023-08-07 00:00:00,10:37:00,COM VÍTIMA,IMBIRIBEIRA,AV MARECHAL MASCARENHAS DE MORAES,,,ATROPELAMENTO DE PESSOA,1,0,0,0,1,0,0,0,0,1,0,,,,,,,,,
2023-08-07 00:00:00,11:54:00,COM VÍTIMA,IBURA,AV DOIS RIOS,,,COLISÃO LATERAL,1,1,0,0,0,0,0,0,0,1,0,,,,,,,,,
2023-08-07 00:00:00,06:27:00,COM VÍTIMA,LINHA DO TIRO,RUA SANTA MERCEDES,,,COLISÃO FRONTAL,0,1,0,0,0,0,0,0,0,1,0,,,,,,,,,
2023-08-07 00:00:00,06:42:00,COM VÍTIMA,IPSEP,RUA PROFESSOR JOSE VICENTE,,,COLISÃO FRONTAL,0,1,0,0,0,0,0,0,0,1,0,,,,,,,,,
2023-08-07 00:00:00,08:33:00,COM VÍTIMA,IPUTINGA,AV MAURICIO DE NASSAU,246,,COLISÃO LATERAL,0,1,0,1,0,0,0,0,0,1,0,,,,,,,,,
2023-08-08 00:00:00,07:21:00,COM VÍTIMA,SAN MARTIN,AV GENERAL SAN MARTIN,,,COLISÃO LATERAL,0,1,0,0,0,0,0,0,0,1,0,,,,,,,,,
2023-08-08 00:00:00,07:37:00,COM VÍTIMA,BOA VIAGEM,AVENIDA CELSO FURTADO (VIA MANGUE),,,COLISÃO TRASEIRA,0,0,0,0,0,0,0,0,0,1,0,,,,,,,,,
2023-08-08 00:00:00,07:43:00,COM VÍTIMA,CASA FORTE,RUA LEONARDO BEZERRA CAVALCANTE,,,COLISÃO LATERAL,1,1,0,0,0,0,0,0,0,1,0,,,,,,,,,
2023-08-08 00:00:00,07:55:00,COM VÍTIMA,SAN MARTIN,AV GENERAL SAN MARTIN,,,COLISÃO LATERAL,0,1,0,0,0,0,0,0,0,1,0,,,,,,,,,
2023-08-08 00:00:00,08:00:00,COM VÍTIMA,IBURA,AV DOIS RIOS,,,COLISÃO LATERAL,0,1,0,0,0,0,0,0,0,1,0,,,,,,,,,
2023-08-08 00:00:00,08:15:00,COM VÍTIMA,PINA,AV ENGENHEIRO DOMINGOS FERREIRA,,,COLISÃO LATERAL,1,1,0,0,0,0,0,0,0,1,0,,,,,,,,,
2023-08-08 00:00:00,10:07:00,COM VÍTIMA,BAIRRO DO RECIFE,AV BARBOSA LIMA,,,COLISÃO LATERAL,0,1,0,0,0,0,0,0,0,1,0,,,,,,,,,
2023-08-08 00:00:00,10:06:00,COM VÍTIMA,SAN MARTIN,AV JOAO CABRAL DE MELO NETO,250,,COLISÃO LATERAL,0,2,0,0,0,0,0,0,0,1,0,,,,,,,,,
2023-08-08 00:00:00,03:01:00,COM VÍTIMA,BEBERIBE,AV BEBERIBE,,,COLISÃO LATERAL,0,1,0,0,0,0,0,0,0,1,0,,,,,,,,,
2023-08-08 00:00:00,04:20:00,COM VÍTIMA,BOA VISTA,RUA DA AURORA,,,COLISÃO TRASEIRA,0,2,0,0,0,0,0,0,0,1,0,,,,,,,,,
2023-08-08 00:00:00,04:32:00,COM VÍTIMA,IBURA,AV DOIS RIOS,,,COLISÃO LATERAL,0,1,0,0,0,0,0,0,0,1,0,,,,,,,,,
2023-08-08 00:00:00,04:33:00,COM VÍTIMA,SAO JOSE,RUA IMPERADOR PEDRO SEGUNDO,,,COLISÃO LATERAL,0,1,0,0,0,0,0,0,0,1,0,,,,,,,,,
2023-08-08 00:00:00,04:38:00,COM VÍTIMA,SAO JOSE,RUA IMPERIAL,510,,COLISÃO LATERAL,0,1,0,0,0,0,1,0,0,1,0,,,,,,,,,
2023-08-08 00:00:00,04:51:00,COM VÍTIMA,BOA VIAGEM,AV DOM JOAO VI,,,COLISÃO LATERAL,1,1,0,0,0,0,0,0,0,1,0,,,,,,,,,
2023-08-08 00:00:00,06:10:00,COM VÍTIMA,GRACAS,RUA AMELIA,,,COLISÃO LATERAL,0,1,0,0,0,0,0,0,0,1,0,,,,,,,,,
2023-08-08 00:00:00,06:48:00,COM VÍTIMA,IPSEP,AV RECIFE,393,,COLISÃO TRASEIRA,0,2,0,0,0,0,0,0,0,1,0,,,,,,,,,
2023-08-08 00:00:00,08:52:00,COM VÍTIMA,BOA VIAGEM,RUA FELIX DE BRITO E MELO,,,COLISÃO FRONTAL,1,1,0,0,0,0,0,0,0,1,0,,,,,,,,,
2023-08-08 00:00:00,10:49:00,COM VÍTIMA,TORROES,RUA IRANI,,,COLISÃO LATERAL,1,1,0,0,0,0,0,0,0,1,0,,,,,,,,,
2023-08-09 00:00:00,06:36:00,COM VÍTIMA,MACAXEIRA,AV NORTE MIGUEL ARRAES DE ALENCAR,,,ATROPELAMENTO DE PESSOA,0,0,0,0,0,1,0,0,0,1,0,,,,,,,,,
2023-08-09 00:00:00,07:23:00,COM VÍTIMA,VARZEA,AV AFONSO OLINDENSE,,,COLISÃO LATERAL,1,1,0,0,0,0,0,0,0,1,0,,,,,,,,,
2023-08-09 00:00:00,07:25:00,COM VÍTIMA,BONGI,AV ENGENHEIRO ABDIAS DE CARVALHO,,CIDADE,COLISÃO LATERAL,0,1,0,0,0,0,0,0,0,1,0,,,,,,,,,
2023-08-09 00:00:00,07:39:00,COM VÍTIMA,IPUTINGA,AV MARIO ALVARES PEREIRA DE LYRA,,,COLISÃO LATERAL,1,1,0,0,0,0,0,0,0,1,0,,,,,,,,,
2023-08-09 00:00:00,08:33:00,COM VÍTIMA,AREIAS,AV DR JOSE RUFINO,,,COLISÃO LATERAL,0,1,0,0,0,0,0,0,0,1,0,,,,,,,,,
2023-08-09 00:00:00,10:55:00,SEM VÍTIMA,PINA,AV REPUBLICA DO LIBANO,,,COLISÃO FRONTAL,1,0,0,0,0,0,1,0,0,0,0,,,,,,,,,
2023-08-09 00:00:00,12:32:00,COM VÍTIMA,SANTO AMARO,AV DR JAYME DA FONTE,,,ATROPELAMENTO DE PESSOA,1,0,0,0,1,0,0,0,0,1,0,,,,,,,,,
2023-08-09 00:00:00,12:52:00,COM VÍTIMA,ARRUDA,RUA DO MACHADO,,,COLISÃO FRONTAL,0,1,0,0,0,0,0,0,0,1,0,,,,,,,,,
2023-08-09 00:00:00,02:01:00,COM VÍTIMA,AFOGADOS,RUA SAO MIGUEL,,,COLISÃO LATERAL,1,1,0,0,0,0,0,0,0,1,0,,,,,,,,,
2023-08-09 00:00:00,02:39:00,COM VÍTIMA,BOA VIAGEM,RUA JOAO DIAS MARTINS,,,COLISÃO LATERAL,0,1,0,0,0,0,0,0,0,1,0,,,,,,,,,
2023-08-09 00:00:00,02:48:00,COM VÍTIMA,BOA VIAGEM,RUA JOAO DIAS MARTINS,,,COLISÃO FRONTAL,1,1,0,0,0,0,0,0,0,1,0,,,,,,,,,
2023-08-09 00:00:00,07:09:00,COM VÍTIMA,CABANGA,VIADUTO CAPITAO TEMUDO,,,COLISÃO TRASEIRA,0,0,0,0,0,0,0,0,0,1,0,,,,,,,,,
2023-08-09 00:00:00,07:16:00,COM VÍTIMA,CORDEIRO,AV INACIO MONTEIRO,,,COLISÃO LATERAL,1,1,0,0,0,0,0,0,0,1,0,,,,,,,,,
2023-08-09 00:00:00,07:33:00,COM VÍTIMA,ILHA DO LEITE,RUA FRANCISCO ALVES,,,COLISÃO FRONTAL,1,1,0,0,0,0,0,0,0,1,0,,,,,,,,,
2023-08-10 00:00:00,09:58:00,SEM VÍTIMA,SANTO AMARO,AV GOVERNADOR AGAMENON MAGALHAES,,,COLISÃO LATERAL,1,0,0,0,0,0,0,1,0,0,0,,,,,,,,,
2023-08-10 00:00:00,10:02:00,COM VÍTIMA,SANTO ANTONIO,RUA FLORIANO PEIXOTO,,,COLISÃO FRONTAL,0,1,0,0,0,0,0,0,0,1,0,,,,,,,,,
2023-08-10 00:00:00,11:23:00,COM VÍTIMA,TORRE,RUA REAL DA TORRE,,,COLISÃO LATERAL,1,1,0,0,0,0,0,0,0,1,0,,,,,,,,,
2023-08-10 00:00:00,01:26:00,SEM VÍTIMA,CASA AMARELA,AV NORTE MIGUEL ARRAES DE ALENCAR,,,COLISÃO LATERAL,0,0,0,0,0,0,1,1,0,0,0,,,,,,,,,
2023-08-10 00:00:00,04:08:00,COM VÍTIMA,TORROES,AV ENGENHEIRO ABDIAS DE CARVALHO,,,COLISÃO LATERAL,1,2,0,0,0,0,0,0,0,2,0,,,,,,,,,
2023-08-10 00:00:00,06:03:00,COM VÍTIMA,IMBIRIBEIRA,AV MARECHAL MASCARENHAS DE MORAES,,,COLISÃO LATERAL,0,1,0,0,0,0,0,0,0,1,0,,,,,,,,,
2023-08-10 00:00:00,08:02:00,COM VÍTIMA,AREIAS,AV DR JOSE RUFINO,,,COLISÃO LATERAL,0,1,0,0,0,0,0,0,0,1,0,,,,,,,,,
2023-08-10 00:00:00,08:31:00,COM VÍTIMA,ZUMBI,RUA TOMAZ GONZAGA,,,COLISÃO LATERAL,0,1,0,0,0,0,0,0,0,1,0,,,,,,,,,
2023-08-11 00:00:00,03:59:00,SEM VÍTIMA,MADALENA,RUA MENEZES DRUMOND,,,COLISÃO TRASEIRA,3,0,0,0,0,0,0,1,0,0,0,,,,,,,,,
2023-08-11 00:00:00,07:55:00,COM VÍTIMA,IBURA,RUA DR BENIGNO JORDAO DE VASCONCELOS,,,COLISÃO FRONTAL,0,1,0,0,0,0,0,0,0,1,0,,,,,,,,,
2023-08-11 00:00:00,07:59:00,SEM VÍTIMA,AREIAS,AV RECIFE,,SUBURBIO,COLISÃO LATERAL,1,0,0,0,0,0,1,0,0,0,0,,,,,,,,,
2023-08-11 00:00:00,10:45:00,COM VÍTIMA,MORRO DA CONCEICAO,RUA ITACOATIARA,,,COLISÃO FRONTAL,0,1,0,0,0,0,0,0,0,1,0,,,,,,,,,
2023-08-11 00:00:00,10:55:00,COM VÍTIMA,MADALENA,RUA REAL DA TORRE,,,COLISÃO LATERAL,0,1,0,0,0,0,0,0,0,1,0,,,,,,,,,
2023-08-11 00:00:00,12:11:00,COM VÍTIMA,BOMBA DO HEMETERIO,RUA BOMBA DO HEMETERIO,,,COLISÃO LATERAL,0,1,0,0,0,0,0,0,0,1,0,,,,,,,,,
2023-08-11 00:00:00,12:44:00,COM VÍTIMA,CABANGA,AV ENGENHEIRO JOSE ESTELITA,,,COLISÃO LATERAL,1,0,0,0,0,0,0,0,0,1,0,,,,,,,,,
2023-08-11 00:00:00,02:32:00,COM VÍTIMA,AFOGADOS,RUA SAO MIGUEL,,,COLISÃO LATERAL,0,1,0,0,0,0,0,0,0,1,0,,,,,,,,,
2023-08-11 00:00:00,02:54:00,COM VÍTIMA,IMBIRIBEIRA,AV GENERAL MAC ARTHUR,,,COLISÃO LATERAL,1,0,0,0,0,0,0,0,0,1,0,,,,,,,,,
2023-08-11 00:00:00,05:05:00,COM VÍTIMA,IMBIRIBEIRA,RUA ARQUITETO LUIZ NUNES,,,COLISÃO LATERAL,0,1,0,0,0,0,1,0,0,1,0,,,,,,,,,
2023-08-11 00:00:00,05:34:00,COM VÍTIMA,PAISSANDU,AV ENGENHEIRO ABDIAS DE CARVALHO,,SUBURBIO,COLISÃO LATERAL,0,2,0,0,0,0,0,0,0,3,0,,,,,,,,,
2023-08-11 00:00:00,09:45:00,COM VÍTIMA,ESPINHEIRO,RUA DO ESPINHEIRO,,,COLISÃO LATERAL,1,1,0,0,0,0,0,0,0,1,0,,,,,,,,,
2023-08-11 00:00:00,10:48:00,SEM VÍTIMA,BOA VIAGEM,RUA DR LUIZ INACIO PESSOA DE MELO,,,COLISÃO FRONTAL,2,0,0,0,0,0,0,0,0,0,0,,,,,,,,,
2023-08-12 00:00:00,07:20:00,COM VÍTIMA,AFOGADOS,RUA SANTA EDWIRGES,,,COLISÃO LATERAL,1,1,0,0,0,0,0,0,0,1,0,,,,,,,,,
2023-08-12 00:00:00,10:09:00,COM VÍTIMA,VARZEA,RUA ABATIA,,,COLISÃO FRONTAL,0,1,0,0,0,0,0,0,0,1,0,,,,,,,,,
2023-08-12 00:00:00,10:33:00,SEM VÍTIMA,LINHA DO TIRO,RUA SODRELANDIA,,,COLISÃO FRONTAL,1,1,0,0,0,0,0,0,0,0,0,,,,,,,,,
2023-08-12 00:00:00,12:28:00,COM VÍTIMA,CABANGA,VDO PAPA JOAO PAULO II,,BOA VIAGEM,COLISÃO LATERAL,1,1,0,0,0,0,0,0,0,1,0,,,,,,,,,
2023-08-12 00:00:00,12:36:00,COM VÍTIMA,SANTO AMARO,RUA DOIS DE JULHO,,,COLISÃO LATERAL,1,1,0,0,0,0,0,0,0,1,0,,,,,,,,,
2023-08-12 00:00:00,01:35:00,COM VÍTIMA,ILHA DO LEITE,RUA HENRIQUE DIAS,,,COLISÃO TRASEIRA,2,0,0,0,0,0,0,0,0,2,0,,,,,,,,,
2023-08-12 00:00:00,02:08:00,COM VÍTIMA,CASA AMARELA,AV NORTE MIGUEL ARRAES DE ALENCAR,,CIDADE,COLISÃO TRASEIRA,1,3,0,0,0,0,0,0,0,2,0,,,,,,,,,
2023-08-12 00:00:00,03:41:00,COM VÍTIMA,GRACAS,AV RUI BARBOSA,,,COLISÃO LATERAL,0,1,0,0,0,0,0,0,0,1,0,,,,,,,,,
2023-08-12 00:00:00,04:25:00,COM VÍTIMA,DOIS IRMAOS,RUA DOIS IRMAOS,,,COLISÃO LATERAL,0,0,0,0,0,0,0,0,0,1,0,,,,,,,,,
2023-08-12 00:00:00,04:27:00,COM VÍTIMA,JORDAO,AV DONA CARENTINA,,,COLISÃO LATERAL,0,0,0,0,0,0,0,0,0,1,0,,,,,,,,,
2023-08-12 00:00:00,08:48:00,COM VÍTIMA,JORDAO,AV DONA CARENTINA,,,COLISÃO LATERAL,0,1,0,0,0,0,0,0,0,1,0,,,,,,,,,
2023-08-12 00:00:00,10:46:00,COM VÍTIMA,IMBIRIBEIRA,AV MARECHAL MASCARENHAS DE MORAES,,,COLISÃO LATERAL,1,1,0,0,0,0,0,0,0,1,0,,,,,,,,,
2023-08-13 00:00:00,12:03:00,COM VÍTIMA,IPSEP,AV SALDANHA MARINHO,,,COLISÃO LATERAL,0,1,0,0,0,0,0,0,0,1,0,,,,,,,,,
2023-08-13 00:00:00,04:00:00,SEM VÍTIMA,BOA VIAGEM,AV BOA VIAGEM,,,COLISÃO TRASEIRA,0,0,0,0,0,0,0,0,0,0,0,,,,,,,,,
2023-08-13 00:00:00,05:26:00,COM VÍTIMA,SANTO AMARO,AV CRUZ CABUGA,,,COLISÃO LATERAL,1,1,0,0,0,0,0,0,0,1,0,,,,,,,,,
2023-08-13 00:00:00,09:41:00,COM VÍTIMA,IMBIRIBEIRA,AV MARECHAL MASCARENHAS DE MORAES,,,COLISÃO LATERAL,0,1,0,0,0,0,0,0,0,1,0,,,,,,,,,
2023-08-13 00:00:00,12:30:00,COM VÍTIMA,BOMBA DO HEMETERIO,RUA BOMBA DO HEMETERIO,,,COLISÃO LATERAL,0,0,0,0,0,0,0,0,0,1,0,,,,,,,,,
2023-08-13 00:00:00,01:42:00,COM VÍTIMA,JOANA BEZERRA,RUA JARAGUARI,,,COLISÃO LATERAL,0,1,0,0,0,0,0,0,0,1,0,,,,,,,,,
2023-08-13 00:00:00,05:31:00,COM VÍTIMA,CASA AMARELA,EST DO ARRAIAL,,,COLISÃO LATERAL,0,1,0,0,0,0,0,0,0,1,0,,,,,,,,,
2023-08-13 00:00:00,07:40:00,COM VÍTIMA,JARDIM SAO PAULO,AV SAO PAULO,,,COLISÃO FRONTAL,1,1,0,0,0,0,0,0,0,1,0,,,,,,,,,
2023-08-14 00:00:00,07:01:00,COM VÍTIMA,BOA VIAGEM,AV DES JOSE NEVES,,,COLISÃO LATERAL,0,1,0,0,0,0,0,0,0,1,0,,,,,,,,,
2023-08-14 00:00:00,07:15:00,SEM VÍTIMA,BOA VIAGEM,AV ENGENHEIRO DOMINGOS FERREIRA,550,SUBURBIO,COLISÃO TRANSVERSAL,1,1,0,0,0,0,0,0,0,0,0,,,,,,,,,
2023-08-14 00:00:00,07:50:00,COM VÍTIMA,JIQUIA,AV DR JOSE RUFINO,,,COLISÃO FRONTAL,1,1,0,0,0,0,0,0,0,1,0,,,,,,,,,
2023-08-14 00:00:00,07:53:00,COM VÍTIMA,SANTO AMARO,AV GOVERNADOR AGAMENON MAGALHAES,,,ATROPELAMENTO DE PESSOA,1,0,0,0,1,0,0,0,0,1,0,,,,,,,,,
2023-08-14 00:00:00,07:58:00,COM VÍTIMA,SAO JOSE,AV SUL,,,QUEDA,0,1,0,0,0,0,0,0,0,1,0,,,,,,,,,
2023-08-14 00:00:00,08:53:00,COM VÍTIMA,SANTO AMARO,AV NORTE MIGUEL ARRAES DE ALENCAR,,,COLISÃO LATERAL,0,1,0,0,0,0,0,0,0,1,0,,,,,,,,,
2023-08-14 00:00:00,09:17:00,COM VÍTIMA,SAO JOSE,RUA DAS CALCADAS,,,COLISÃO LATERAL,0,1,0,0,0,0,0,0,0,1,0,,,,,,,,,
2023-08-14 00:00:00,09:20:00,COM VÍTIMA,BOA VIAGEM,AV ENGENHEIRO DOMINGOS FERREIRA,,,COLISÃO LATERAL,0,1,0,0,0,0,0,0,0,1,0,,,,,,,,,
2023-08-14 00:00:00,09:50:00,COM VÍTIMA,TORRE,RUA SOUZA BANDEIRA,,,COLISÃO LATERAL,0,1,0,0,0,0,0,0,0,1,0,,,,,,,,,
2023-08-14 00:00:00,10:11:00,COM VÍTIMA,ARRUDA,RUA CLARA,,,COLISÃO FRONTAL,0,1,0,0,0,0,0,0,0,1,0,,,,,,,,,
2023-08-14 00:00:00,10:23:00,COM VÍTIMA,CASA AMARELA,RUA ARNOLDO MAGALHAES,,,COLISÃO FRONTAL,0,1,0,0,0,0,0,0,0,1,0,,,,,,,,,
2023-08-14 00:00:00,12:00:00,COM VÍTIMA,VARZEA,AV JOAQUIM RIBEIRO,0,,COLISÃO LATERAL,0,1,0,0,0,0,0,0,0,1,0,,,,,,,,,
2023-08-14 00:00:00,12:00:00,COM VÍTIMA,CAXANGA,RUA RIBEIRO PESSOA,,SUBURBIO,COLISÃO FRONTAL,1,1,0,0,0,0,0,0,0,1,0,,,,,,,,,
2023-08-14 00:00:00,12:53:00,COM VÍTIMA,TAMARINEIRA,EST DO ARRAIAL,,,COLISÃO FRONTAL,0,1,0,0,0,0,0,0,0,1,0,,,,,,,,,
2023-08-14 00:00:00,02:28:00,COM VÍTIMA,ESPINHEIRO,AV JOAO DE BARROS,,,QUEDA,0,1,0,0,0,0,0,0,0,1,0,,,,,,,,,
2023-08-14 00:00:00,03:37:00,SEM VÍTIMA,SANTO AMARO,AV MARIO MELO,,,COLISÃO LATERAL,0,1,0,0,0,0,0,1,0,0,0,,,,,,,,,
2023-08-14 00:00:00,03:49:00,COM VÍTIMA,CASA FORTE,AV DEZESSETE DE AGOSTO,,,COLISÃO LATERAL,0,1,0,0,0,0,0,0,0,1,0,,,,,,,,,
2023-08-14 00:00:00,05:46:00,COM VÍTIMA,BONGI,RUA ISAAC MARKMAN,,,COLISÃO LATERAL,0,0,0,0,0,0,0,0,0,1,0,,,,,,,,,
2023-08-14 00:00:00,05:46:00,COM VÍTIMA,SANTO AMARO,AV GOVERNADOR AGAMENON MAGALHAES,,,COLISÃO LATERAL,0,1,0,0,0,0,0,0,0,1,0,,,,,,,,,
2023-08-14 00:00:00,05:46:00,COM VÍTIMA,CAXANGA,AV CAXANGA,,,COLISÃO LATERAL,0,0,0,0,0,0,0,0,0,1,0,,,,,,,,,
2023-08-14 00:00:00,06:46:00,COM VÍTIMA,BAIRRO DO RECIFE,RUA DO BRUM,,,COLISÃO LATERAL,0,1,0,0,0,0,0,0,0,1,0,,,,,,,,,
2023-08-15 00:00:00,06:40:00,COM VÍTIMA,CORDEIRO,RUA JORNALISTA TRAJANO CHACON,,,COLISÃO LATERAL,0,1,0,0,0,1,0,0,0,1,0,,,,,,,,,
2023-08-15 00:00:00,09:29:00,COM VÍTIMA,IPSEP,AV RECIFE,,,COLISÃO TRASEIRA,0,1,0,0,0,0,0,0,0,1,0,,,,,,,,,
2023-08-15 00:00:00,09:45:00,COM VÍTIMA,AFOGADOS,RUA VINTE E UM DE ABRIL,,,COLISÃO TRASEIRA,0,2,0,0,0,0,0,0,0,1,0,,,,,,,,,
2023-08-15 00:00:00,09:51:00,COM VÍTIMA,AFOGADOS,RUA VINTE E UM DE ABRIL,,,COLISÃO LATERAL,1,1,0,0,0,0,0,0,0,1,0,,,,,,,,,
2023-08-15 00:00:00,11:31:00,SEM VÍTIMA,BAIRRO DO RECIFE,RUA DO OBSERVATORIO,,,COLISÃO TRASEIRA,1,0,0,0,0,0,0,1,0,0,0,,,,,,,,,
2023-08-15 00:00:00,11:39:00,COM VÍTIMA,IMBIRIBEIRA,AV MARECHAL MASCARENHAS DE MORAES,,,COLISÃO LATERAL,0,1,0,0,0,0,0,0,0,1,0,,,,,,,,,
2023-08-15 00:00:00,01:35:00,COM VÍTIMA,JOANA BEZERRA,VDO PAPA JOAO PAULO II,,,COLISÃO TRASEIRA,1,1,0,0,0,0,0,0,0,1,0,,,,,,,,,
2023-08-15 00:00:00,02:43:00,SEM VÍTIMA,SAO JOSE,RUA FLORIANO PEIXOTO,,CIDADE,COLISÃO TRASEIRA,2,0,0,0,0,0,0,0,0,0,0,,,,,,,,,