data,hora,natureza,bairro,endereco,num_semaforo,sentido_via,tipo,auto,moto,ciclom,ciclista,pedestre,onibus,caminhao,viatura,outros,vitimas,vitimasfatais,acidente_verificado,tempo_clima,sinalizacao,condicao_via,conservacao_via,situacao_placa,velocidade_max_via,mao_direcao,divisao_via1
2023-08-15 00:00:00,02:49:00,SEM VÍTIMA,SAO JOSE,RUA PASSO DA PATRIA,,,COLISÃO TRASEIRA,1,0,0,0,0,0,0,1,0,0,0,,,,,,,,,
2023-08-15 00:00:00,04:14:00,COM VÍTIMA,GRACAS,RUA DO FUTURO,,,COLISÃO LATERAL,1,1,0,0,0,0,0,0,0,1,0,,,,,,,,,
2023-08-15 00:00:00,06:17:00,SEM VÍTIMA,MADALENA,AV CAXANGA,,SUBURBIO,COLISÃO,0,0,0,0,0,1,0,1,0,0,0,,,,,,,,,
2023-08-15 00:00:00,06:43:00,COM VÍTIMA,BOA VISTA,RUA JOAO LIRA,,,ATROPELAMENTO DE PESSOA,1,0,0,0,1,0,0,0,0,1,0,,,,,,,,,
2023-08-15 00:00:00,09:55:00,COM VÍTIMA,IMBIRIBEIRA,VIADUTO TANCREDO NEVES,,,COLISÃO TRASEIRA,1,1,0,0,0,0,0,0,0,1,0,,,,,,,,,
2023-08-15 00:00:00,10:12:00,COM VÍTIMA,SAN MARTIN,RUA OUREM,,,COLISÃO LATERAL,0,1,0,0,0,0,0,0,0,1,0,,,,,,,,,
2023-08-15 00:00:00,10:42:00,COM VÍTIMA,JOANA BEZERRA,RUA JARAGUARI,,,ATROPELAMENTO DE PESSOA,0,0,0,0,1,1,0,0,0,1,0,,,,,,,,,
2023-08-16 00:00:00,01:20:00,COM VÍTIMA,CAXANGA,AV JOAQUIM RIBEIRO,,,COLISÃO LATERAL,0,0,0,0,0,0,0,0,0,1,0,,,,,,,,,
2023-08-16 00:00:00,06:54:00,COM VÍTIMA,SANTO AMARO,AV GOVERNADOR AGAMENON MAGALHAES,,,COLISÃO LATERAL,0,1,0,0,0,0,0,0,0,1,0,,,,,,,,,
2023-08-16 00:00:00,08:05:00,COM VÍTIMA,TAMARINEIRA,RUA CONEGO BARATA,61,,COLISÃO FRONTAL,1,1,0,0,0,0,0,0,0,1,0,,,,,,,,,
2023-08-16 00:00:00,10:45:00,COM VÍTIMA,BOA VISTA,RUA DA SOLEDADE,,,COLISÃO FRONTAL,2,0,0,0,0,0,0,0,0,1,0,,,,,,,,,
2023-08-16 00:00:00,12:45:00,COM VÍTIMA,MUSTARDINHA,AV MANOEL GONCALVES DA LUZ,,,COLISÃO FRONTAL,1,1,0,0,0,0,0,0,0,1,0,,,,,,,,,
2023-08-16 00:00:00,12:55:00,COM VÍTIMA,CAMPO GRANDE,RUA FARIAS NEVES,,,COLISÃO LATERAL,1,1,0,0,0,0,0,0,0,2,0,,,,,,,,,
2023-08-16 00:00:00,03:50:00,COM VÍTIMA,IMBIRIBEIRA,AV MARECHAL MASCARENHAS DE MORAES,,,COLISÃO LATERAL,0,1,0,0,0,0,0,0,0,1,0,,,,,,,,,
2023-08-16 00:00:00,04:09:00,COM VÍTIMA,IMBIRIBEIRA,AV MARECHAL MASCARENHAS DE MORAES,,,COLISÃO LATERAL,0,0,0,0,0,0,0,0,0,1,0,,,,,,,,,
2023-08-16 00:00:00,04:18:00,COM VÍTIMA,ARRUDA,AV BEBERIBE,,,COLISÃO LATERAL,1,1,0,0,0,0,0,0,0,1,0,,,,,,,,,
2023-08-16 00:00:00,04:47:00,COM VÍTIMA,IMBIRIBEIRA,AV PINHEIROS,,,COLISÃO LATERAL,0,1,0,0,0,0,0,0,0,1,0,,,,,,,,,
2023-08-16 00:00:00,05:05:00,COM VÍTIMA,DOIS IRMAOS,RUA MANUEL DE MEDEIROS,,,COLISÃO LATERAL,0,0,0,0,0,0,0,0,0,1,0,,,,,,,,,
2023-08-16 00:00:00,07:17:00,COM VÍTIMA,NOVA DESCOBERTA,AV VEREADOR OTACILIO AZEVEDO,,,COLISÃO FRONTAL,1,1,0,0,0,0,0,0,0,1,0,,,,,,,,,
2023-08-16 00:00:00,07:21:00,COM VÍTIMA,ESPINHEIRO,AV GOVERNADOR AGAMENON MAGALHAES,,,COLISÃO FRONTAL,1,1,0,0,0,0,0,0,0,1,0,,,,,,,,,
2023-08-16 00:00:00,11:39:00,COM VÍTIMA,JARDIM SAO PAULO,,,,COLISÃO FRONTAL,0,1,0,0,0,0,0,0,0,1,0,,,,,,,,,
2023-08-17 00:00:00,01:41:00,COM VÍTIMA,CASA AMARELA,EST DO ARRAIAL,,,COLISÃO LATERAL,0,1,0,0,0,0,1,0,0,1,0,,,,,,,,,
2023-08-17 00:00:00,02:01:00,COM VÍTIMA,CURADO,,,,COLISÃO FRONTAL,1,1,0,0,0,0,0,0,0,1,0,,,,,,,,,
2023-08-17 00:00:00,02:13:00,COM VÍTIMA,SANTO AMARO,AV NORTE MIGUEL ARRAES DE ALENCAR,36,,COLISÃO LATERAL,1,1,0,0,0,0,0,0,0,1,0,,,,,,,,,
2023-08-17 00:00:00,02:45:00,COM VÍTIMA,SANTO AMARO,RUA DA AURORA,,,CHOQUE,1,0,0,0,0,0,0,0,0,1,0,,,,,,,,,
2023-08-17 00:00:00,06:45:00,COM VÍTIMA,VARZEA,RUA PROFESSOR ANTONIO COELHO,,,COLISÃO LATERAL,2,0,0,0,0,0,0,0,0,1,0,,,,,,,,,
2023-08-17 00:00:00,07:21:00,COM VÍTIMA,SANTO AMARO,AV CRUZ CABUGA,,,ATROPELAMENTO DE PESSOA,0,1,0,0,1,0,0,0,0,1,0,,,,,,,,,
2023-08-17 00:00:00,07:43:00,COM VÍTIMA,ARRUDA,AV BEBERIBE,,,COLISÃO FRONTAL,1,1,0,0,0,0,0,0,0,1,0,,,,,,,,,
2023-08-17 00:00:00,10:25:00,COM VÍTIMA,SANTO AMARO,AV CRUZ CABUGA,,,COLISÃO LATERAL,0,1,0,0,0,1,0,0,0,1,0,,,,,,,,,
2023-08-17 00:00:00,11:03:00,SEM VÍTIMA,CASA AMARELA,EST DO ARRAIAL,,,COLISÃO LATERAL,2,0,0,0,0,0,0,0,0,0,0,,,,,,,,,
2023-08-17 00:00:00,11:16:00,COM VÍTIMA,AGUA FRIA,EST VELHA DE AGUA FRIA,,,COLISÃO LATERAL,0,1,0,0,0,0,0,0,0,1,0,,,,,,,,,
2023-08-17 00:00:00,01:11:00,COM VÍTIMA,BOA VISTA,AV CONDE DA BOA VISTA,,,COLISÃO LATERAL,0,1,0,0,0,0,0,0,0,1,0,,,,,,,,,
2023-08-17 00:00:00,02:33:00,COM VÍTIMA,TORRE,RUA MARQUES DE MARICA,,,COLISÃO LATERAL,0,1,0,0,0,0,0,0,0,1,0,,,,,,,,,
2023-08-17 00:00:00,05:09:00,COM VÍTIMA,CORREGO DO JENIPAPO,AV DA RECUPERACAO,,,COLISÃO TRASEIRA,1,1,0,0,0,0,0,0,0,1,0,,,,,,,,,
2023-08-17 00:00:00,09:17:00,COM VÍTIMA,IMBIRIBEIRA,RUA ITACARI,,,COLISÃO TRANSVERSAL,0,1,0,0,0,0,0,0,0,1,0,,,,,,,,,
2023-08-17 00:00:00,09:19:00,COM VÍTIMA,BOA VIAGEM,AV BOA VIAGEM,,,COLISÃO LATERAL,1,1,0,0,0,0,0,0,0,1,0,,,,,,,,,
2023-08-17 00:00:00,10:41:00,COM VÍTIMA,BOA VIAGEM,RUA CRUZEIRO DO FORTE,,,COLISÃO LATERAL,1,1,0,0,0,0,0,0,0,1,0,,,,,,,,,
2023-08-18 00:00:00,07:23:00,COM VÍTIMA,ENCRUZILHADA,AV BEBERIBE,,,COLISÃO FRONTAL,0,1,0,0,0,0,0,0,0,1,0,,,,,,,,,
2023-08-18 00:00:00,07:38:00,COM VÍTIMA,CAMPO GRANDE,RUA ODORICO MENDES,,,COLISÃO FRONTAL,0,0,0,0,0,0,0,0,0,1,0,,,,,,,,,
2023-08-18 00:00:00,07:59:00,COM VÍTIMA,JARDIM SAO PAULO,AV LIBERDADE,,,COLISÃO LATERAL,0,1,0,0,0,0,0,0,0,1,0,,,,,,,,,
2023-08-18 00:00:00,08:00:00,COM VÍTIMA,ESTANCIA,AV RECIFE,,,COLISÃO LATERAL,0,1,0,0,0,0,0,0,0,1,0,,,,,,,,,
2023-08-18 00:00:00,08:37:00,COM VÍTIMA,TEJIPIO,AV LIBERDADE,,,COLISÃO TRANSVERSAL,1,1,0,0,0,0,0,0,0,1,0,,,,,,,,,
2023-08-18 00:00:00,09:21:00,COM VÍTIMA,IPSEP,AV RECIFE,,,COLISÃO TRASEIRA,0,1,0,0,0,0,0,0,0,1,0,,,,,,,,,
2023-08-18 00:00:00,11:05:00,COM VÍTIMA,BARRO,AV DR JOSE RUFINO,,,COLISÃO LATERAL,0,1,0,0,0,0,0,0,0,1,0,,,,,,,,,
2023-08-18 00:00:00,11:44:00,COM VÍTIMA,VASCO DA GAMA,RUA PIRIZAL,,,QUEDA,0,1,0,0,0,0,0,0,0,1,0,,,,,,,,,
2023-08-18 00:00:00,12:24:00,COM VÍTIMA,MADALENA,RUA JOSE OSORIO,,,COLISÃO LATERAL,1,1,0,0,0,0,0,0,0,1,0,,,,,,,,,
2023-08-18 00:00:00,12:27:00,COM VÍTIMA,CORDEIRO,AV MAURICIO DE NASSAU,,,COLISÃO FRONTAL,1,1,0,0,0,0,0,0,0,1,0,,,,,,,,,
2023-08-18 00:00:00,12:54:00,COM VÍTIMA,AFOGADOS,EST DOS REMEDIOS,,,COLISÃO LATERAL,0,1,0,0,0,0,0,0,0,1,0,,,,,,,,,
2023-08-18 00:00:00,01:00:00,COM VÍTIMA,BOA VISTA,RUA DO RIACHUELO,,,COLISÃO LATERAL,0,2,0,0,0,0,0,0,0,2,0,,,,,,,,,
2023-08-18 00:00:00,01:17:00,COM VÍTIMA,BOA VIAGEM,RUA PADRE CABRAL,,,COLISÃO LATERAL,0,1,0,0,0,0,0,0,0,1,0,,,,,,,,,
2023-08-18 00:00:00,01:29:00,SEM VÍTIMA,JARDIM SAO PAULO,AV RECIFE,,,COLISÃO LATERAL,0,2,0,0,0,0,0,0,0,0,0,,,,,,,,,
2023-08-18 00:00:00,01:59:00,COM VÍTIMA,PINA,AV REPUBLICA DO LIBANO,,,COLISÃO FRONTAL,1,1,0,0,0,0,0,0,0,1,0,,,,,,,,,
2023-08-18 00:00:00,02:20:00,COM VÍTIMA,PINA,RUA NOGUEIRA DE SOUZA,,,COLISÃO LATERAL,0,0,0,0,0,0,0,0,0,1,0,,,,,,,,,
2023-08-18 00:00:00,04:22:00,COM VÍTIMA,BOA VIAGEM,AV DES JOSE NEVES,,,COLISÃO LATERAL,1,0,0,0,0,0,0,0,0,1,0,,,,,,,,,
2023-08-18 00:00:00,04:23:00,COM VÍTIMA,BOA VIAGEM,AV DES JOSE NEVES,,,COLISÃO TRASEIRA,2,0,0,0,0,0,0,0,0,1,0,,,,,,,,,
2023-08-18 00:00:00,05:07:00,COM VÍTIMA,ARRUDA,RUA ANA MAURICIA WANDERLEY,,,COLISÃO LATERAL,0,0,0,0,0,0,0,0,0,1,0,,,,,,,,,
2023-08-18 00:00:00,05:12:00,COM VÍTIMA,BOA VISTA,RUA DO RIACHUELO,,,COLISÃO LATERAL,0,0,0,0,0,0,0,0,0,1,0,,,,,,,,,
2023-08-18 00:00:00,07:45:00,COM VÍTIMA,SANTO AMARO,AV GOVERNADOR AGAMENON MAGALHAES,,,COLISÃO LATERAL,0,1,0,0,0,0,0,0,0,1,0,,,,,,,,,
2023-08-18 00:00:00,08:19:00,COM VÍTIMA,VARZEA,RUA GENERAL POLIDORO,,,COLISÃO LATERAL,1,1,0,0,0,0,0,0,0,1,0,,,,,,,,,
2023-08-18 00:00:00,09:04:00,SEM VÍTIMA,AREIAS,AV DR JOSE RUFINO,44,CIDADE,COLISÃO LATERAL,0,1,0,0,0,0,0,1,0,0,0,,,,,,,,,
2023-08-18 00:00:00,10:20:00,COM VÍTIMA,IPUTINGA,AV HISTORIAD JORDAO EMERENCIANO,,,COLISÃO LATERAL,0,1,0,0,0,0,0,0,0,1,0,,,,,,,,,
2023-08-19 00:00:00,12:09:00,SEM VÍTIMA,TORROES,AV ENGENHEIRO ABDIAS DE CARVALHO,,SUBURBIO,CHOQUE,2,0,0,0,0,0,0,1,0,0,0,,,,,,,,,
2023-08-19 00:00:00,09:19:00,SEM VÍTIMA,IMBIRIBEIRA,AV MARECHAL MASCARENHAS DE MORAES,289,SUBURBIO,COLISÃO,1,0,0,0,0,0,1,0,0,0,0,,,,,,,,,
2023-08-19 00:00:00,12:03:00,COM VÍTIMA,TORREAO,AV GOVERNADOR AGAMENON MAGALHAES,,,COLISÃO LATERAL,1,1,0,0,0,0,0,0,0,2,0,,,,,,,,,
2023-08-19 00:00:00,12:28:00,COM VÍTIMA,ARRUDA,AV BEBERIBE,,,COLISÃO LATERAL,0,1,0,0,0,0,0,0,0,1,0,,,,,,,,,
2023-08-19 00:00:00,02:21:00,COM VÍTIMA,IMBIRIBEIRA,AV MARECHAL MASCARENHAS DE MORAES,,,CAPOTAMENTO,1,0,0,0,0,0,0,0,0,1,0,,,,,,,,,
2023-08-19 00:00:00,02:58:00,COM VÍTIMA,AFOGADOS,RUA SAO MIGUEL,,,COLISÃO LATERAL,0,0,0,0,0,0,0,0,0,1,0,,,,,,,,,
2023-08-19 00:00:00,03:27:00,COM VÍTIMA,BOA VIAGEM,RUA VISCONDE DE JEQUITINHONHA,,,COLISÃO LATERAL,1,1,0,0,0,0,0,0,0,1,0,,,,,,,,,
2023-08-19 00:00:00,06:20:00,COM VÍTIMA,BARRO,AV DR JOSE RUFINO,,,COLISÃO LATERAL,0,1,0,0,0,0,0,0,0,1,0,,,,,,,,,
2023-08-19 00:00:00,06:21:00,COM VÍTIMA,SANTO AMARO,RUA DA AURORA,,,COLISÃO LATERAL,0,1,0,0,0,0,0,0,0,1,0,,,,,,,,,
2023-08-19 00:00:00,06:30:00,COM VÍTIMA,CAXANGA,AV CAXANGA,,,COLISÃO COM CICLISTA,1,0,0,1,0,0,0,0,0,1,0,,,,,,,,,
2023-08-19 00:00:00,06:56:00,COM VÍTIMA,PAISSANDU,RUA PAISSANDU,69,,COLISÃO TRANSVERSAL,1,1,0,0,0,0,0,0,0,1,0,,,,,,,,,
2023-08-19 00:00:00,07:28:00,COM VÍTIMA,BOA VIAGEM,RUA COSMORAMA,,,COLISÃO FRONTAL,1,1,0,0,0,0,0,0,0,1,0,,,,,,,,,
2023-08-19 00:00:00,07:36:00,COM VÍTIMA,SAN MARTIN,AV GENERAL SAN MARTIN,,,COLISÃO TRANSVERSAL,0,1,0,0,0,0,0,0,0,1,0,,,,,,,,,
2023-08-19 00:00:00,09:25:00,COM VÍTIMA,TORRE,RUA MELQUISEDEQUE DE LIMA,,,COLISÃO LATERAL,0,1,0,0,0,0,0,0,0,1,0,,,,,,,,,
2023-08-20 00:00:00,01:38:00,COM VÍTIMA,BOA VIAGEM,RUA VISCONDE DE JEQUITINHONHA,,,COLISÃO FRONTAL,0,0,0,0,0,0,0,0,0,1,0,,,,,,,,,
2023-08-20 00:00:00,12:00:00,COM VÍTIMA,IMBIRIBEIRA,RUA MARIA VICENTINA DA SILVA,,,COLISÃO TRASEIRA,1,0,0,0,0,1,0,0,0,1,0,,,,,,,,,
2023-08-20 00:00:00,01:41:00,COM VÍTIMA,BOA VISTA,AV GOVERNADOR AGAMENON MAGALHAES,6861,,COLISÃO LATERAL,0,1,0,0,0,0,0,0,0,1,0,,,,,,,,,
2023-08-20 00:00:00,04:03:00,COM VÍTIMA,BOA VIAGEM,RUA JOAO CARDOSO AIRES,574,,COLISÃO LATERAL,1,1,0,0,0,0,0,0,0,1,0,,,,,,,,,
2023-08-20 00:00:00,05:26:00,COM VÍTIMA,IBURA,RUA PARNARAMA,,,COLISÃO LATERAL,0,1,0,0,0,0,0,0,0,1,0,,,,,,,,,
2023-08-20 00:00:00,09:40:00,COM VÍTIMA,CAXANGA,AV CAXANGA,,,ATROPELAMENTO DE PESSOA,2,0,0,0,2,0,0,0,0,2,0,,,,,,,,,
2023-08-20 00:00:00,10:27:00,COM VÍTIMA,SANTO AMARO,AV GOVERNADOR AGAMENON MAGALHAES,,,COLISÃO LATERAL,0,1,0,0,0,0,0,0,0,1,0,,,,,,,,,
2023-08-20 00:00:00,10:40:00,COM VÍTIMA,MADALENA,RUA JOSE OSORIO,50,,COLISÃO LATERAL,0,2,0,0,0,0,0,0,0,1,0,,,,,,,,,
2023-08-21 00:00:00,06:22:00,COM VÍTIMA,IBURA,RUA RIO XINGU,,,COLISÃO LATERAL,0,1,0,0,0,0,0,0,8,1,0,,,,,,,,,
2023-08-21 00:00:00,06:37:00,COM VÍTIMA,APIPUCOS,RUA DE APIPUCOS,540,,COLISÃO LATERAL,1,1,0,0,0,0,0,0,0,1,0,,,,,,,,,
2023-08-21 00:00:00,07:11:00,COM VÍTIMA,IMBIRIBEIRA,AVENIDA CELSO FURTADO (VIA MANGUE),,,QUEDA,0,1,0,0,0,0,0,0,0,2,0,,,,,,,,,
2023-08-21 00:00:00,07:16:00,COM VÍTIMA,BOA VISTA,RUA GONCALVES MAIA,,,COLISÃO FRONTAL,0,1,0,0,0,0,0,0,0,1,0,,,,,,,,,
2023-08-21 00:00:00,07:44:00,SEM VÍTIMA,BOA VIAGEM,RUA VISCONDE DE JEQUITINHONHA,,SUBURBIO,COLISÃO TRASEIRA,3,0,0,0,0,0,0,0,0,0,0,,,,,,,,,
2023-08-21 00:00:00,09:32:00,COM VÍTIMA,IMBIRIBEIRA,AV MARECHAL MASCARENHAS DE MORAES,,,COLISÃO LATERAL,1,0,0,0,0,0,0,0,0,1,0,,,,,,,,,
2023-08-21 00:00:00,09:44:00,COM VÍTIMA,IMBIRIBEIRA,AV MARECHAL MASCARENHAS DE MORAES,,,COLISÃO TRASEIRA,2,0,0,0,0,0,0,0,0,1,0,,,,,,,,,
2023-08-21 00:00:00,10:03:00,COM VÍTIMA,JOANA BEZERRA,VIADUTO CAPITAO TEMUDO,,,COLISÃO FRONTAL,0,1,0,0,0,0,0,0,0,1,0,,,,,,,,,
2023-08-21 00:00:00,10:09:00,COM VÍTIMA,SANTO AMARO,AV GOVERNADOR AGAMENON MAGALHAES,,,COLISÃO LATERAL,0,1,0,0,0,0,0,0,0,1,0,,,,,,,,,
2023-08-21 00:00:00,10:19:00,COM VÍTIMA,SANTO AMARO,AV CRUZ CABUGA,,,COLISÃO TRASEIRA,1,1,0,0,0,0,0,0,0,1,0,,,,,,,,,
2023-08-21 00:00:00,10:23:00,COM VÍTIMA,PRADO,AV ENGENHEIRO ABDIAS DE CARVALHO,,,COLISÃO LATERAL,0,1,0,0,0,0,0,0,0,1,0,,,,,,,,,
2023-08-21 00:00:00,10:56:00,COM VÍTIMA,TAMARINEIRA,AV CONS ROSA E SILVA,,,COLISÃO LATERAL,1,0,0,1,0,0,0,0,0,1,0,,,,,,,,,
2023-08-21 00:00:00,11:06:00,COM VÍTIMA,IPUTINGA,AV CAXANGA,,,COLISÃO FRONTAL,0,1,0,0,0,0,0,0,0,1,0,,,,,,,,,
2023-08-21 00:00:00,01:19:00,COM VÍTIMA,ILHA DO RETIRO,AV ENGENHEIRO ABDIAS DE CARVALHO,,,COLISÃO TRASEIRA,1,1,0,0,0,0,0,0,0,1,0,,,,,,,,,
2023-08-21 00:00:00,04:34:00,COM VÍTIMA,AGUA FRIA,RUA NAZARE,,,COLISÃO LATERAL,0,1,0,0,0,0,0,0,0,1,0,,,,,,,,,
2023-08-21 00:00:00,12:00:00,COM VÍTIMA,BONGI,AV ENGENHEIRO ABDIAS DE CARVALHO,,,CHOQUE,1,0,0,0,0,0,0,0,0,1,0,,,,,,,,,
2023-08-21 00:00:00,06:25:00,COM VÍTIMA,BOA VIAGEM,AV CONSELHEIRO AGUIAR,,,COLISÃO LATERAL,1,1,0,0,0,0,0,0,0,1,0,,,,,,,,,
2023-08-21 00:00:00,06:51:00,COM VÍTIMA,MANGABEIRA,AV NORTE MIGUEL ARRAES DE ALENCAR,,,COLISÃO LATERAL,0,0,0,0,0,0,0,0,0,1,0,,,,,,,,,
2023-08-21 00:00:00,08:31:00,COM VÍTIMA,MADALENA,RUA REAL DA TORRE,,,COLISÃO LATERAL,1,1,0,0,0,0,0,0,0,1,0,,,,,,,,,
2023-08-21 00:00:00,08:31:00,COM VÍTIMA,BOA VISTA,RUA DOM BOSCO,,,COLISÃO LATERAL,1,1,0,0,0,0,0,0,0,1,0,,,,,,,,,
2023-08-21 00:00:00,09:04:00,COM VÍTIMA,SANTO AMARO,AV GOVERNADOR AGAMENON MAGALHAES,,SUBURBIO,COLISÃO LATERAL,0,2,0,0,0,0,0,0,0,1,0,,,,,,,,,
2023-08-21 00:00:00,09:18:00,COM VÍTIMA,BARRO,AV DR JOSE RUFINO,,,COLISÃO FRONTAL,0,0,0,0,0,0,0,0,0,1,0,,,,,,,,,
2023-08-22 00:00:00,03:16:00,SEM VÍTIMA,SAO JOSE,RUA REALEZA,,CIDADE,CHOQUE,1,0,0,0,0,0,0,0,0,0,0,,,,,,,,,
2023-08-22 00:00:00,06:54:00,COM VÍTIMA,SAN MARTIN,AV JOAO CABRAL DE MELO NETO,,,COLISÃO LATERAL,1,1,0,0,0,0,0,0,0,1,0,,,,,,,,,
2023-08-22 00:00:00,07:16:00,COM VÍTIMA,IBURA,AV SANTOS,,,COLISÃO LATERAL,0,1,0,0,0,0,0,0,0,1,0,,,,,,,,,
2023-08-22 00:00:00,08:32:00,COM VÍTIMA,SAN MARTIN,AV GENERAL SAN MARTIN,,,COLISÃO LATERAL,1,1,0,0,0,0,0,0,0,1,0,,,,,,,,,
2023-08-22 00:00:00,09:24:00,SEM VÍTIMA,SANTO AMARO,RUA TREZE DE MAIO,,,COLISÃO,1,0,0,0,0,0,0,1,0,0,0,,,,,,,,,
2023-08-22 00:00:00,10:41:00,COM VÍTIMA,MADALENA,AV CAXANGA,,,COLISÃO FRONTAL,0,1,0,0,0,0,0,0,0,1,0,,,,,,,,,
2023-08-22 00:00:00,10:49:00,SEM VÍTIMA,BOA VIAGEM,AV CONSELHEIRO AGUIAR,,,COLISÃO FRONTAL,2,1,0,0,0,0,0,0,0,0,0,,,,,,,,,
2023-08-22 00:00:00,01:51:00,COM VÍTIMA,BOA VIAGEM,AV VINTE DE JANEIRO,,,COLISÃO LATERAL,0,1,0,0,0,0,0,0,0,1,0,,,,,,,,,
2023-08-22 00:00:00,03:34:00,COM VÍTIMA,SANTO AMARO,AV GOVERNADOR AGAMENON MAGALHAES,,,COLISÃO LATERAL,1,1,0,0,0,0,1,0,0,1,0,,,,,,,,,
2023-08-22 00:00:00,04:15:00,SEM VÍTIMA,AFOGADOS,RUA NICOLAU PEREIRA,73,CIDADE,COLISÃO,1,0,0,0,0,0,0,1,0,0,0,,,,,,,,,
2023-08-22 00:00:00,04:25:00,COM VÍTIMA,MADALENA,AV CAXANGA,,,COLISÃO FRONTAL,2,1,0,1,0,0,0,0,0,1,0,,,,,,,,,
2023-08-22 00:00:00,06:31:00,COM VÍTIMA,BOA VIAGEM,RUA RIBEIRO DE BRITO,,,COLISÃO LATERAL,1,1,0,0,0,0,0,0,0,1,0,,,,,,,,,
2023-08-22 00:00:00,10:41:00,COM VÍTIMA,BOA VISTA,RUA DO PROGRESSO,,,COLISÃO FRONTAL,2,0,0,0,0,0,0,0,0,1,0,,,,,,,,,
2023-08-23 00:00:00,08:10:00,COM VÍTIMA,AREIAS,AV DR JOSE RUFINO,,,COLISÃO LATERAL,0,1,0,0,0,0,0,0,0,1,0,,,,,,,,,
2023-08-23 00:00:00,08:11:00,COM VÍTIMA,CASA AMARELA,AV NORTE MIGUEL ARRAES DE ALENCAR,,,COLISÃO LATERAL,0,1,0,0,0,0,0,0,0,1,0,,,,,,,,,
2023-08-23 00:00:00,08:11:00,COM VÍTIMA,MACAXEIRA,AV NORTE MIGUEL ARRAES DE ALENCAR,,,COLISÃO LATERAL,0,1,0,0,0,0,0,0,0,1,0,,,,,,,,,
2023-08-23 00:00:00,09:57:00,COM VÍTIMA,BEBERIBE,AV BEBERIBE,,,COLISÃO LATERAL,0,1,0,0,0,0,0,0,0,1,0,,,,,,,,,
2023-08-23 00:00:00,12:57:00,COM VÍTIMA,CASA AMARELA,AV PEDRO ALLAIN,,,COLISÃO LATERAL,0,0,1,0,0,0,0,0,0,1,0,,,,,,,,,
2023-08-23 00:00:00,03:11:00,COM VÍTIMA,ILHA DO RETIRO,RUA TABAIARES,,,COLISÃO LATERAL,0,1,0,0,0,0,0,0,0,1,0,,,,,,,,,
2023-08-23 00:00:00,03:14:00,COM VÍTIMA,ILHA DO LEITE,RUA FRANCISCO ALVES,,,COLISÃO LATERAL,0,1,0,0,0,0,0,0,0,1,0,,,,,,,,,
2023-08-23 00:00:00,04:31:00,COM VÍTIMA,IMBIRIBEIRA,VIADUTO TANCREDO NEVES,,,COLISÃO FRONTAL,1,1,0,0,0,0,0,0,0,1,0,,,,,,,,,
2023-08-23 00:00:00,06:23:00,SEM VÍTIMA,BOA VIAGEM,RUA ERNESTO DE PAULA SANTOS,,CIDADE,COLISÃO,1,0,0,0,0,0,1,0,0,0,0,,,,,,,,,
2023-08-23 00:00:00,07:30:00,COM VÍTIMA,IPSEP,AV RECIFE,393,,COLISÃO LATERAL,0,1,0,0,0,0,0,0,0,1,0,,,,,,,,,
2023-08-23 00:00:00,08:35:00,SEM VÍTIMA,SANTO AMARO,RUA ISRAEL FONSECA,,SUBURBIO,COLISÃO,1,1,0,0,0,0,0,0,0,0,0,,,,,,,,,
2023-08-23 00:00:00,10:38:00,COM VÍTIMA,BOA VIAGEM,AV CONSELHEIRO AGUIAR,,,COLISÃO TRASEIRA,1,1,0,0,0,0,0,0,0,1,0,,,,,,,,,
2023-08-24 00:00:00,12:02:00,COM VÍTIMA,PINA,AV HERCULANO BANDEIRA,,,COLISÃO LATERAL,1,1,0,0,0,0,0,0,0,1,0,,,,,,,,,
2023-08-24 00:00:00,06:06:00,COM VÍTIMA,SANTO AMARO,AV MARIO MELO,171,,COLISÃO TRANSVERSAL,0,2,0,0,0,0,0,0,0,2,0,,,,,,,,,
2023-08-24 00:00:00,12:49:00,SEM VÍTIMA,SANTO AMARO,RUA DO POMBAL,,SUBURBIO,COLISÃO,1,0,0,0,0,0,0,0,0,0,0,,,,,,,,,
2023-08-24 00:00:00,12:56:00,COM VÍTIMA,JORDAO,AV MARIA IRENE,,,COLISÃO FRONTAL,1,1,0,0,0,0,0,0,0,2,0,,,,,,,,,
2023-08-24 00:00:00,01:23:00,COM VÍTIMA,DOIS IRMAOS,RUA MANUEL DE MEDEIROS,,,COLISÃO LATERAL,0,1,0,0,0,0,0,0,0,1,0,,,,,,,,,
2023-08-24 00:00:00,06:07:00,COM VÍTIMA,DOIS IRMAOS,AV DA RECUPERACAO,,,COLISÃO LATERAL,0,0,0,0,0,0,0,0,0,1,0,,,,,,,,,
2023-08-24 00:00:00,06:44:00,COM VÍTIMA,IMBIRIBEIRA,RUA ITAJAI,,,COLISÃO LATERAL,0,1,0,0,0,0,0,0,0,1,0,,,,,,,,,
2023-08-24 00:00:00,07:18:00,COM VÍTIMA,CABANGA,AV ENGENHEIRO JOSE ESTELITA,,CIDADE,COLISÃO LATERAL,0,1,0,0,0,0,0,0,0,2,0,,,,,,,,,
2023-08-24 00:00:00,08:57:00,COM VÍTIMA,IBURA,AV DOIS RIOS,,,COLISÃO FRONTAL,1,1,0,0,0,0,0,0,0,2,0,,,,,,,,,
2023-08-24 00:00:00,10:06:00,COM VÍTIMA,IBURA,AV DOIS RIOS,,,COLISÃO LATERAL,0,1,0,0,0,0,0,0,0,1,0,,,,,,,,,
2023-08-25 00:00:00,12:21:00,COM VÍTIMA,SANTO AMARO,AV GOVERNADOR AGAMENON MAGALHAES,,,COLISÃO TRASEIRA,0,2,0,0,0,0,0,0,0,2,0,,,,,,,,,
2023-08-25 00:00:00,06:29:00,COM VÍTIMA,MACAXEIRA,AV NORTE MIGUEL ARRAES DE ALENCAR,,,COLISÃO LATERAL,0,1,0,0,0,0,0,0,0,1,0,,,,,,,,,
2023-08-25 00:00:00,08:01:00,SEM VÍTIMA,DOIS UNIDOS,AV HILDEBRANDO DE VASCONCELOS,,,COLISÃO LATERAL,1,0,0,0,0,1,0,0,0,0,0,,,,,,,,,
2023-08-25 00:00:00,08:30:00,COM VÍTIMA,CASA AMARELA,AV NORTE MIGUEL ARRAES DE ALENCAR,,,COLISÃO LATERAL,1,0,0,1,0,0,0,0,0,1,0,,,,,,,,,
2023-08-25 00:00:00,08:56:00,SEM VÍTIMA,BOA VISTA,RUA DA SAUDADE,308,,COLISÃO TRASEIRA,3,0,0,0,0,0,0,0,0,0,0,,,,,,,,,
2023-08-25 00:00:00,11:16:00,COM VÍTIMA,BOA VIAGEM,RUA ANTONIO FALCAO,,,COLISÃO LATERAL,0,1,0,0,0,0,0,0,0,1,0,,,,,,,,,
2023-08-25 00:00:00,11:31:00,COM VÍTIMA,IMBIRIBEIRA,RUA DUQUE ESTRADA,,,COLISÃO LATERAL,0,1,0,0,0,0,0,0,0,1,0,,,,,,,,,
2023-08-25 00:00:00,01:50:00,COM VÍTIMA,BOA VISTA,RUA PRINCESA IZABEL,,,COLISÃO LATERAL,1,1,0,0,0,0,0,0,0,1,0,,,,,,,,,
2023-08-25 00:00:00,02:26:00,COM VÍTIMA,IMBIRIBEIRA,RUA ITAJUBA,,,COLISÃO LATERAL,0,1,0,0,0,0,0,0,0,1,0,,,,,,,,,
2023-08-25 00:00:00,04:26:00,COM VÍTIMA,AFOGADOS,AV SUL,,,COLISÃO LATERAL,1,0,0,1,0,0,0,0,0,1,0,,,,,,,,,
2023-08-25 00:00:00,05:58:00,COM VÍTIMA,NOVA DESCOBERTA,AV VEREADOR OTACILIO AZEVEDO,,,COLISÃO LATERAL,0,1,0,0,0,0,0,0,0,1,0,,,,,,,,,
2023-08-25 00:00:00,06:12:00,COM VÍTIMA,SANTO AMARO,AV GOVERNADOR AGAMENON MAGALHAES,,,COLISÃO LATERAL,0,0,0,0,0,0,0,0,0,1,0,,,,,,,,,
2023-08-25 00:00:00,06:25:00,COM VÍTIMA,ARRUDA,AV BEBERIBE,,,COLISÃO LATERAL,0,0,0,1,0,1,0,0,0,1,0,,,,,,,,,