data,hora,natureza,bairro,endereco,num_semaforo,sentido_via,tipo,auto,moto,ciclom,ciclista,pedestre,onibus,caminhao,viatura,outros,vitimas,vitimasfatais,acidente_verificado,tempo_clima,sinalizacao,condicao_via,conservacao_via,situacao_placa,velocidade_max_via,mao_direcao,divisao_via1
2023-08-25 00:00:00,07:25:00,COM VÍTIMA,MADALENA,RUA JOSE OSORIO,,,COLISÃO FRONTAL,0,2,0,0,0,0,0,0,0,2,0,,,,,,,,,
2023-08-25 00:00:00,08:30:00,COM VÍTIMA,VASCO DA GAMA,RUA DOIS DE FEVEREIRO,,,COLISÃO LATERAL,0,1,0,0,0,0,0,0,0,1,0,,,,,,,,,
2023-08-25 00:00:00,08:36:00,SEM VÍTIMA,LINHA DO TIRO,AV ANIBAL BENEVOLO,,CIDADE,COLISÃO,0,1,0,0,0,0,0,1,0,0,0,,,,,,,,,
2023-08-25 00:00:00,11:27:00,COM VÍTIMA,BARRO,AV DR JOSE RUFINO,,,COLISÃO TRANSVERSAL,0,1,0,0,0,0,0,0,0,1,0,,,,,,,,,
2023-08-26 00:00:00,05:09:00,COM VÍTIMA,CAMPO GRANDE,AV GOVERNADOR AGAMENON MAGALHAES,,CIDADE,COLISÃO FRONTAL,1,1,0,0,0,0,0,0,0,1,0,,,,,,,,,
2023-08-26 00:00:00,07:17:00,COM VÍTIMA,ESPINHEIRO,AV GOVERNADOR AGAMENON MAGALHAES,,,COLISÃO TRASEIRA,1,1,0,0,0,0,0,0,0,1,0,,,,,,,,,
2023-08-26 00:00:00,08:16:00,COM VÍTIMA,SANTO AMARO,AV GOVERNADOR AGAMENON MAGALHAES,49,,COLISÃO LATERAL,1,1,0,0,0,0,0,0,0,1,0,,,,,,,,,
2023-08-26 00:00:00,12:00:00,SEM VÍTIMA,AFLITOS,AV CONS ROSA E SILVA,,SUBURBIO,COLISÃO,1,0,0,0,0,0,0,1,0,0,0,,,,,,,,,
2023-08-26 00:00:00,12:09:00,COM VÍTIMA,ENCRUZILHADA,AV NORTE MIGUEL ARRAES DE ALENCAR,,,COLISÃO TRASEIRA,1,2,0,0,0,0,0,0,0,2,0,,,,,,,,,
2023-08-26 00:00:00,03:22:00,COM VÍTIMA,JARDIM SAO PAULO,RUA DR DEVALDO BORGES,,,COLISÃO LATERAL,0,1,0,0,0,0,0,0,0,1,0,,,,,,,,,
2023-08-26 00:00:00,03:59:00,COM VÍTIMA,AFOGADOS,RUA SAO MIGUEL,,,COLISÃO FRONTAL,1,1,0,0,0,0,0,0,0,1,0,,,,,,,,,
2023-08-26 00:00:00,04:03:00,SEM VÍTIMA,SANTO AMARO,AV GOVERNADOR AGAMENON MAGALHAES,465,SUBURBIO,COLISÃO,1,0,0,0,0,0,0,1,0,0,0,,,,,,,,,
2023-08-26 00:00:00,06:18:00,COM VÍTIMA,AGUA FRIA,RUA CORONEL URBANO RIBEIRO DE SENA,,,COLISÃO LATERAL,0,0,0,0,0,0,0,0,0,1,0,,,,,,,,,
2023-08-26 00:00:00,07:22:00,COM VÍTIMA,SANTO AMARO,RUA DOS PALMARES,,,COLISÃO LATERAL,1,1,0,0,0,0,0,0,0,1,0,,,,,,,,,
2023-08-27 00:00:00,12:44:00,COM VÍTIMA,BOMBA DO HEMETERIO,RUA BOMBA DO HEMETERIO,,,COLISÃO LATERAL,0,1,0,0,0,0,0,0,0,1,0,,,,,,,,,
2023-08-27 00:00:00,10:31:00,COM VÍTIMA,IPSEP,AV RECIFE,393,,COLISÃO LATERAL,1,1,0,0,0,0,0,0,0,1,0,,,,,,,,,
2023-08-27 00:00:00,11:52:00,COM VÍTIMA,IMBIRIBEIRA,AV MARECHAL MASCARENHAS DE MORAES,,,COLISÃO LATERAL,1,1,0,0,0,0,0,0,0,1,0,,,,,,,,,
2023-08-27 00:00:00,04:06:00,SEM VÍTIMA,BOA VIAGEM,AV CONSELHEIRO AGUIAR,,CIDADE,COLISÃO TRASEIRA,2,0,0,0,0,0,0,0,0,0,0,,,,,,,,,
2023-08-28 00:00:00,07:23:00,SEM VÍTIMA,IPSEP,AV RECIFE,,CIDADE,COLISÃO TRASEIRA,2,0,0,0,0,0,0,0,0,0,0,,,,,,,,,
2023-08-28 00:00:00,07:29:00,COM VÍTIMA,IBURA,AV SANTOS,,,COLISÃO LATERAL,1,1,0,0,0,0,0,0,0,1,0,,,,,,,,,
2023-08-28 00:00:00,08:15:00,COM VÍTIMA,FUNDAO,AV BEBERIBE,,,COLISÃO COM CICLISTA,0,0,0,1,0,0,0,0,0,1,0,,,,,,,,,
2023-08-28 00:00:00,09:20:00,COM VÍTIMA,TORREAO,RUA OTHON PARAISO,,,COLISÃO FRONTAL,0,1,0,0,0,0,0,0,0,1,0,,,,,,,,,
2023-08-28 00:00:00,10:05:00,SEM VÍTIMA,DOIS UNIDOS,SUB DA MEDALHA MILAGROSA,,,CHOQUE,0,0,0,0,0,0,0,0,0,0,0,,,,,,,,,
2023-08-28 00:00:00,01:41:00,COM VÍTIMA,BOA VIAGEM,RUA JOAO CARDOSO AIRES,,,COLISÃO LATERAL,0,0,0,0,0,0,0,0,0,1,0,,,,,,,,,
2023-08-28 00:00:00,02:23:00,COM VÍTIMA,CAXANGA,RUA EMILIANO BRAGA,,,COLISÃO TRANSVERSAL,0,1,0,0,0,1,0,0,0,1,0,,,,,,,,,
2023-08-28 00:00:00,04:25:00,COM VÍTIMA,DERBY,AV GOVERNADOR AGAMENON MAGALHAES,75,OLINDA,ATROPELAMENTO DE PESSOA,0,1,0,0,1,0,0,0,0,2,0,,,,,,,,,
2023-08-28 00:00:00,05:06:00,COM VÍTIMA,TAMARINEIRA,RUA JOSE DE VASCONCELOS,,,COLISÃO FRONTAL,0,2,0,0,0,0,0,0,0,1,0,,,,,,,,,
2023-08-28 00:00:00,05:19:00,COM VÍTIMA,IMBIRIBEIRA,RUA SARGENTO SILVINO DE MACEDO,,,COLISÃO LATERAL,0,0,0,0,0,0,0,0,0,1,0,,,,,,,,,
2023-08-28 00:00:00,05:19:00,COM VÍTIMA,CAXANGA,AV CAXANGA,,,COLISÃO LATERAL,0,0,0,0,0,0,0,0,0,1,0,,,,,,,,,
2023-08-28 00:00:00,05:58:00,COM VÍTIMA,JARDIM SAO PAULO,RUA BRAGANCA,,,COLISÃO LATERAL,0,0,0,0,0,0,0,0,0,1,0,,,,,,,,,
2023-08-28 00:00:00,05:58:00,COM VÍTIMA,IMBIRIBEIRA,RUA ALFREDO MARCONDES,,,COLISÃO LATERAL,0,0,0,0,0,0,0,0,0,1,0,,,,,,,,,
2023-08-28 00:00:00,07:34:00,COM VÍTIMA,IBURA,AV DOIS RIOS,,,CHOQUE,1,1,0,0,0,0,1,0,0,1,0,,,,,,,,,
2023-08-28 00:00:00,08:31:00,COM VÍTIMA,IMBIRIBEIRA,AV MARECHAL MASCARENHAS DE MORAES,,,COLISÃO FRONTAL,0,3,0,0,0,0,0,0,0,1,0,,,,,,,,,
2023-08-28 00:00:00,08:48:00,COM VÍTIMA,JARDIM SAO PAULO,RUA LEANDRO BARRETO,,,COLISÃO FRONTAL,0,1,0,0,0,0,0,0,0,1,0,,,,,,,,,
2023-08-28 00:00:00,10:39:00,COM VÍTIMA,JOANA BEZERRA,VIADUTO CAPITAO TEMUDO,,,COLISÃO LATERAL,0,1,0,0,0,0,0,0,0,1,0,,,,,,,,,
2023-08-29 00:00:00,12:09:00,COM VÍTIMA,MADALENA,AV ENGENHEIRO ABDIAS DE CARVALHO,,,COLISÃO TRANSVERSAL,0,1,0,0,0,0,0,0,0,1,0,,,,,,,,,
2023-08-29 00:00:00,05:36:00,COM VÍTIMA,SANTO AMARO,AV GOVERNADOR AGAMENON MAGALHAES,,,COLISÃO LATERAL,1,1,0,0,0,0,0,0,0,1,0,,,,,,,,,
2023-08-29 00:00:00,06:47:00,COM VÍTIMA,CAXANGA,RUA RIBEIRO PESSOA,,,COLISÃO LATERAL,1,1,0,0,0,0,0,0,0,1,0,,,,,,,,,
2023-08-29 00:00:00,07:30:00,COM VÍTIMA,CAXANGA,AV CAXANGA,,,COLISÃO LATERAL,0,1,0,0,0,0,0,0,0,1,0,,,,,,,,,
2023-08-29 00:00:00,08:49:00,COM VÍTIMA,DOIS IRMAOS,RUA MANUEL DE MEDEIROS,,,COLISÃO LATERAL,0,1,0,0,0,0,0,0,0,1,0,,,,,,,,,
2023-08-29 00:00:00,11:23:00,COM VÍTIMA,TOTO,RUA JUVENCIO MARQUES DA CUNHA,,,COLISÃO LATERAL,0,1,0,0,0,0,0,0,0,1,0,,,,,,,,,
2023-08-29 00:00:00,12:21:00,COM VÍTIMA,AREIAS,AV RECIFE,,,COLISÃO LATERAL,1,1,0,0,0,0,0,0,0,1,0,,,,,,,,,
2023-08-29 00:00:00,02:15:00,COM VÍTIMA,BEBERIBE,RUA URIEL DE HOLANDA,,,COLISÃO LATERAL,0,0,0,0,0,0,0,0,0,1,0,,,,,,,,,
2023-08-29 00:00:00,04:48:00,COM VÍTIMA,SANTO AMARO,AV GOVERNADOR AGAMENON MAGALHAES,,,COLISÃO LATERAL,0,1,0,0,0,0,0,0,0,1,0,,,,,,,,,
2023-08-29 00:00:00,05:43:00,COM VÍTIMA,IPSEP,AV RECIFE,,,COLISÃO TRASEIRA,0,1,0,0,0,0,1,0,0,1,0,,,,,,,,,
2023-08-29 00:00:00,06:39:00,COM VÍTIMA,BOMBA DO HEMETERIO,RUA BOMBA DO HEMETERIO,,,COLISÃO LATERAL,0,0,0,0,0,0,0,0,0,1,0,,,,,,,,,
2023-08-29 00:00:00,07:28:00,COM VÍTIMA,BONGI,AV ENGENHEIRO ABDIAS DE CARVALHO,,,COLISÃO LATERAL,1,1,0,0,0,0,0,0,0,1,0,,,,,,,,,
2023-08-29 00:00:00,07:57:00,COM VÍTIMA,SANTO AMARO,RUA DOS PALMARES,,,COLISÃO LATERAL,1,1,0,0,0,0,0,0,0,2,0,,,,,,,,,
2023-08-30 00:00:00,06:48:00,COM VÍTIMA,CASA AMARELA,RUA EUGENIO SAMICO,,,COLISÃO FRONTAL,1,1,0,0,0,0,0,0,0,1,0,,,,,,,,,
2023-08-30 00:00:00,07:49:00,SEM VÍTIMA,JAQUEIRA,AV RUI BARBOSA,452,CIDADE,CHOQUE,1,0,0,0,0,0,0,0,0,0,0,,,,,,,,,
2023-08-30 00:00:00,07:56:00,COM VÍTIMA,JORDAO,RUA EMILIO MONTEIRO FONSECA,,,COLISÃO LATERAL,0,1,0,0,0,0,0,0,0,1,0,,,,,,,,,
2023-08-30 00:00:00,08:16:00,COM VÍTIMA,IMBIRIBEIRA,AV MARECHAL MASCARENHAS DE MORAES,,,COLISÃO LATERAL,0,1,0,0,0,0,0,0,0,1,0,,,,,,,,,
2023-08-30 00:00:00,08:58:00,COM VÍTIMA,PRADO,AV ENGENHEIRO ABDIAS DE CARVALHO,,,COLISÃO LATERAL,0,1,0,0,0,0,0,0,0,1,0,,,,,,,,,
2023-08-30 00:00:00,09:39:00,COM VÍTIMA,BOA VIAGEM,RUA VISCONDE DE JEQUITINHONHA,,,COLISÃO LATERAL,0,1,0,0,0,0,0,0,0,1,0,,,,,,,,,
2023-08-30 00:00:00,09:49:00,COM VÍTIMA,ILHA DO LEITE,AV GOVERNADOR AGAMENON MAGALHAES,,,COLISÃO LATERAL,0,1,0,0,0,0,0,0,0,1,0,,,,,,,,,
2023-08-30 00:00:00,12:47:00,COM VÍTIMA,VARZEA,RUA GENERAL POLIDORO,,,COLISÃO LATERAL,0,1,0,0,0,0,0,0,0,1,0,,,,,,,,,
2023-08-30 00:00:00,01:15:00,SEM VÍTIMA,BOA VIAGEM,RUA PADRE BERNADINO PESSOA,,,COLISÃO TRASEIRA,1,0,0,0,0,0,0,1,0,0,0,,,,,,,,,
2023-08-30 00:00:00,03:14:00,COM VÍTIMA,ENGENHO DO MEIO,AV VISCONDE DE SAO LEOPOLDO,,,COLISÃO LATERAL,0,1,0,0,0,0,0,0,0,1,0,,,,,,,,,
2023-08-30 00:00:00,03:15:00,SEM VÍTIMA,IMBIRIBEIRA,AV MARECHAL MASCARENHAS DE MORAES,631,SUBURBIO,COLISÃO,1,0,0,0,0,0,0,1,0,0,0,,,,,,,,,
2023-08-30 00:00:00,04:43:00,COM VÍTIMA,IPSEP,AV RAIMUNDO DINIZ,,,COLISÃO LATERAL,0,0,0,0,0,0,0,0,0,1,0,,,,,,,,,
2023-08-30 00:00:00,09:14:00,COM VÍTIMA,APIPUCOS,RUA MANDACARU,,,COLISÃO TRANSVERSAL,0,1,0,0,0,0,0,0,0,1,0,,,,,,,,,
2023-08-30 00:00:00,11:00:00,COM VÍTIMA,IMBIRIBEIRA,AV MARECHAL MASCARENHAS DE MORAES,,,COLISÃO TRASEIRA,1,0,0,1,0,0,0,0,0,2,0,,,,,,,,,
2023-08-31 00:00:00,07:04:00,COM VÍTIMA,ENCRUZILHADA,AV NORTE MIGUEL ARRAES DE ALENCAR,,,COLISÃO LATERAL,0,1,0,0,0,0,0,0,0,1,0,,,,,,,,,
2023-08-31 00:00:00,07:12:00,COM VÍTIMA,IBURA,AV DOM HELDER CAMARA,,,COLISÃO LATERAL,0,1,0,0,0,0,0,0,0,1,0,,,,,,,,,
2023-08-31 00:00:00,07:23:00,COM VÍTIMA,IBURA,AV DOM HELDER CAMARA,,,COLISÃO FRONTAL,1,1,0,0,0,0,0,0,0,1,0,,,,,,,,,
2023-08-31 00:00:00,07:52:00,COM VÍTIMA,IPUTINGA,AV CAXANGA,,,COLISÃO LATERAL,0,1,0,0,0,0,0,0,0,1,0,,,,,,,,,
2023-08-31 00:00:00,08:10:00,SEM VÍTIMA,SANTO AMARO,RUA PRINCESA IZABEL,,,COLISÃO LATERAL,1,1,0,0,0,0,0,0,0,0,0,,,,,,,,,
2023-08-31 00:00:00,08:24:00,COM VÍTIMA,SAN MARTIN,RUA DELMIRO GOUVEIA,,,COLISÃO LATERAL,1,1,0,0,0,0,0,0,0,1,0,,,,,,,,,
2023-08-31 00:00:00,08:45:00,COM VÍTIMA,SANTO AMARO,RUA ARLINDO MELO,,,COLISÃO LATERAL,0,1,0,0,0,0,0,0,0,1,0,,,,,,,,,
2023-08-31 00:00:00,08:49:00,COM VÍTIMA,BOA VIAGEM,AV ENGENHEIRO DOMINGOS FERREIRA,,,COLISÃO LATERAL,0,1,0,0,0,0,0,0,0,1,0,,,,,,,,,
2023-08-31 00:00:00,08:49:00,COM VÍTIMA,PASSARINHO,RUA PEREIRA BARRETO,,,COLISÃO LATERAL,0,1,0,0,0,0,0,0,0,1,0,,,,,,,,,
2023-08-31 00:00:00,09:26:00,COM VÍTIMA,AGUA FRIA,RUA FLORESTOPOLIS,,,COLISÃO LATERAL,0,1,0,0,0,0,0,0,0,1,0,,,,,,,,,
2023-08-31 00:00:00,09:30:00,COM VÍTIMA,AGUA FRIA,RUA FLORESTOPOLIS,,,COLISÃO LATERAL,0,1,0,0,0,0,0,0,0,1,0,,,,,,,,,
2023-08-31 00:00:00,11:24:00,SEM VÍTIMA,TORRE,RUA CONDE DE IRAJA,191,SUBURBIO,COLISÃO TRASEIRA,0,1,0,0,0,0,0,1,0,0,0,,,,,,,,,
2023-08-31 00:00:00,12:31:00,COM VÍTIMA,DOIS IRMAOS,RUA MANUEL DE MEDEIROS,,,COLISÃO LATERAL,0,1,0,0,0,0,0,0,0,1,0,,,,,,,,,
2023-08-31 00:00:00,04:00:00,COM VÍTIMA,SANTO ANTONIO,AV DANTAS BARRETO,,,COLISÃO LATERAL,0,1,0,0,0,0,0,0,0,1,0,,,,,,,,,
2023-08-31 00:00:00,06:09:00,COM VÍTIMA,TORRE,AV BEIRA RIO,,,COLISÃO LATERAL,1,1,0,0,0,0,0,0,0,1,0,,,,,,,,,
2023-09-01 00:00:00,03:54:00,SEM VÍTIMA,TAMARINEIRA,RUA GOMES COUTINHO,,,COLISÃO LATERAL,4,0,0,0,0,0,0,0,0,0,0,,,,,,,,,
2023-09-01 00:00:00,09:36:00,COM VÍTIMA,BOA VIAGEM,AVENIDA CELSO FURTADO (VIA MANGUE),,,COLISÃO,0,1,0,0,0,0,0,0,0,1,0,,,,,,,,,
2023-09-01 00:00:00,09:36:00,COM VÍTIMA,APIPUCOS,RUA DE APIPUCOS,,,COLISÃO,0,1,0,0,0,0,0,0,0,1,0,,,,,,,,,
2023-09-01 00:00:00,10:13:00,COM VÍTIMA,AFOGADOS,RUA VINTE E UM DE ABRIL,,,COLISÃO LATERAL,2,1,0,0,0,0,0,0,0,1,0,,,,,,,,,
2023-09-01 00:00:00,12:03:00,COM VÍTIMA,DOIS UNIDOS,AV HILDEBRANDO DE VASCONCELOS,,,COLISÃO,0,1,0,0,0,0,0,0,0,1,0,,,,,,,,,
2023-09-01 00:00:00,12:45:00,COM VÍTIMA,TORROES,AV ENGENHEIRO ABDIAS DE CARVALHO,271,,COLISÃO LATERAL,0,2,0,0,0,0,0,0,0,1,0,,,,,,,,,
2023-09-01 00:00:00,03:49:00,COM VÍTIMA,BONGI,AV ENGENHEIRO ABDIAS DE CARVALHO,,,COLISÃO LATERAL,0,0,0,0,0,0,0,0,0,1,0,,,,,,,,,
2023-09-01 00:00:00,04:46:00,COM VÍTIMA,SAO JOSE,RUA DA CONCORDIA,,,COLISÃO LATERAL,0,1,0,0,0,0,0,0,0,1,0,,,,,,,,,
2023-09-01 00:00:00,05:18:00,COM VÍTIMA,CAXANGA,PTE PROFESSOR MORAES REGO,,,COLISÃO LATERAL,0,0,0,0,0,0,0,0,0,1,0,,,,,,,,,
2023-09-01 00:00:00,05:50:00,COM VÍTIMA,MONTEIRO,AV DEZESSETE DE AGOSTO,,,COLISÃO LATERAL,0,0,0,0,0,0,0,0,0,1,0,,,,,,,,,
2023-09-01 00:00:00,06:09:00,COM VÍTIMA,ROSARINHO,RUA DR JOSE MARIA,,,COLISÃO LATERAL,0,0,0,0,0,0,0,0,0,1,0,,,,,,,,,
2023-09-01 00:00:00,06:22:00,COM VÍTIMA,IPSEP,RUA PINTOR ANTONIO ALBUQUERQUE,,,COLISÃO LATERAL,0,0,0,0,0,0,0,0,0,1,0,,,,,,,,,
2023-09-01 00:00:00,07:15:00,VÍTIMA FATAL,FUNDAO,AV BEBERIBE,,CIDADE,ATROPELAMENTO DE PESSOA,0,0,0,0,1,1,0,0,0,0,1,,,,,,,,,
2023-09-01 00:00:00,10:58:00,COM VÍTIMA,PORTO DA MADEIRA,AV BEBERIBE,,,COLISÃO TRANSVERSAL,0,1,0,0,0,0,0,0,0,1,0,,,,,,,,,
2023-09-02 00:00:00,12:27:00,COM VÍTIMA,CAXANGA,RUA RIBEIRO PESSOA,,,COLISÃO,1,1,0,0,0,0,0,0,0,1,0,,,,,,,,,
2023-09-02 00:00:00,01:38:00,COM VÍTIMA,IPSEP,RUA JEAN EMILE FAVRE,,,COLISÃO LATERAL,1,1,0,0,0,0,0,0,0,1,0,,,,,,,,,
2023-09-02 00:00:00,01:47:00,SEM VÍTIMA,CASA FORTE,AV DEZESSETE DE AGOSTO,,,COLISÃO FRONTAL,2,0,0,0,0,0,0,0,0,0,0,,,,,,,,,
2023-09-02 00:00:00,05:37:00,COM VÍTIMA,CORDEIRO,AV CAXANGA,,CIDADE,QUEDA,0,1,0,0,1,0,1,0,0,1,0,,,,,,,,,
2023-09-02 00:00:00,09:45:00,COM VÍTIMA,IMBIRIBEIRA,VIADUTO TANCREDO NEVES,,,COLISÃO LATERAL,0,1,0,0,0,0,0,0,0,1,0,,,,,,,,,
2023-09-02 00:00:00,10:27:00,COM VÍTIMA,BEBERIBE,AV BEBERIBE,,,COLISÃO LATERAL,0,1,0,0,0,0,0,0,0,1,0,,,,,,,,,
2023-09-02 00:00:00,11:19:00,COM VÍTIMA,SAO JOSE,RUA IMPERIAL,,,COLISÃO LATERAL,0,1,0,0,0,0,0,0,0,1,0,,,,,,,,,
2023-09-02 00:00:00,11:21:00,COM VÍTIMA,BOA VIAGEM,RUA CARLOS PEREIRA FALCAO,,,COLISÃO LATERAL,0,1,0,0,0,0,0,0,0,1,0,,,,,,,,,
2023-09-02 00:00:00,12:56:00,COM VÍTIMA,AGUA FRIA,AV BEBERIBE,,,COLISÃO LATERAL,1,1,0,0,0,0,0,0,0,1,0,,,,,,,,,
2023-09-02 00:00:00,01:43:00,COM VÍTIMA,TORRE,RUA JOSE BONIFACIO,,,COLISÃO LATERAL,0,0,0,0,0,0,0,0,0,1,0,,,,,,,,,
2023-09-02 00:00:00,02:56:00,COM VÍTIMA,AGUA FRIA,EST VELHA DE AGUA FRIA,,,COLISÃO LATERAL,1,1,0,0,0,0,0,0,0,1,0,,,,,,,,,
2023-09-02 00:00:00,03:01:00,COM VÍTIMA,IBURA,LAD DA COHAB,,,COLISÃO TRASEIRA,0,1,0,0,0,1,0,0,0,2,0,,,,,,,,,
2023-09-02 00:00:00,03:22:00,COM VÍTIMA,BOA VIAGEM,RUA VISCONDE DE CABO FRIO,,,COLISÃO FRONTAL,1,1,0,0,0,0,0,0,0,1,0,,,,,,,,,
2023-09-02 00:00:00,03:26:00,COM VÍTIMA,AREIAS,RUA IPOJUCA,,,CHOQUE,0,1,0,0,0,0,0,0,0,1,0,,,,,,,,,
2023-09-02 00:00:00,09:08:00,COM VÍTIMA,JOANA BEZERRA,VIADUTO CAPITAO TEMUDO,,,COLISÃO LATERAL,1,1,0,0,0,0,0,0,0,1,0,,,,,,,,,
2023-09-03 00:00:00,07:54:00,COM VÍTIMA,SANTO AMARO,AV MARIO MELO,,,COLISÃO LATERAL,0,0,0,0,0,0,0,0,0,1,0,,,,,,,,,
2023-09-03 00:00:00,09:53:00,COM VÍTIMA,CASA AMARELA,RUA PADRE LEMOS,,,COLISÃO LATERAL,0,1,0,0,0,0,0,0,0,1,0,,,,,,,,,
2023-09-03 00:00:00,10:29:00,COM VÍTIMA,IBURA,RUA VISCONDE DE AZUARA,,,COLISÃO FRONTAL,0,1,0,0,0,0,0,0,0,1,0,,,,,,,,,
2023-09-03 00:00:00,11:34:00,COM VÍTIMA,SAO JOSE,RUA ANDRE VIDAL DE NEGREIROS,,,,0,1,0,0,0,0,0,0,0,1,0,,,,,,,,,
2023-09-03 00:00:00,11:37:00,COM VÍTIMA,AGUA FRIA,AV ANIBAL BENEVOLO,,,COLISÃO LATERAL,0,1,0,0,0,0,0,0,0,1,0,,,,,,,,,
2023-09-03 00:00:00,03:33:00,COM VÍTIMA,BOA VIAGEM,AV ENGENHEIRO DOMINGOS FERREIRA,,,COLISÃO LATERAL,0,1,0,0,0,0,0,0,0,1,0,,,,,,,,,
2023-09-03 00:00:00,04:48:00,COM VÍTIMA,TEJIPIO,RUA FALCAO DE LACERDA,,,COLISÃO FRONTAL,1,1,0,0,0,0,0,0,0,1,0,,,,,,,,,
2023-09-03 00:00:00,06:09:00,COM VÍTIMA,TOTO,AV LIBERDADE,,,COLISÃO LATERAL,0,1,0,0,0,0,0,0,0,1,0,,,,,,,,,
2023-09-03 00:00:00,08:04:00,COM VÍTIMA,MADALENA,RUA ARLINDO GOUVEIA,,,ATROPELAMENTO DE PESSOA,1,0,0,0,1,0,0,0,0,1,0,,,,,,,,,
2023-09-03 00:00:00,08:54:00,SEM VÍTIMA,BOMBA DO HEMETERIO,RUA BOMBA DO HEMETERIO,,,CHOQUE,0,0,0,0,0,0,0,0,0,0,0,,,,,,,,,
2023-09-03 00:00:00,10:59:00,COM VÍTIMA,IBURA,AV DOIS RIOS,,,COLISÃO TRANSVERSAL,1,1,0,0,0,0,0,0,0,1,0,,,,,,,,,
2023-09-04 00:00:00,12:58:00,COM VÍTIMA,IPSEP,RUA BLUMENAU,,,COLISÃO TRANSVERSAL,0,1,0,0,0,0,0,0,0,1,0,,,,,,,,,
2023-09-04 00:00:00,08:47:00,COM VÍTIMA,BOA VIAGEM,AV BOA VIAGEM,,,COLISÃO LATERAL,0,1,0,0,0,0,0,0,0,1,0,,,,,,,,,
2023-09-04 00:00:00,10:00:00,COM VÍTIMA,MONTEIRO,AV DEZESSETE DE AGOSTO,,,COLISÃO LATERAL,0,1,0,0,0,0,0,0,0,1,0,,,,,,,,,
2023-09-04 00:00:00,11:04:00,COM VÍTIMA,PINA,AV REPUBLICA ARABE UNIDA,,,COLISÃO LATERAL,0,1,0,0,0,0,0,0,0,1,0,,,,,,,,,
2023-09-04 00:00:00,12:57:00,SEM VÍTIMA,,AV ARMINDO MOURA,84,SUBURBIO,,1,1,0,0,0,0,0,0,0,0,0,,,,,,,,,
2023-09-04 00:00:00,01:09:00,SEM VÍTIMA,SAO JOSE,RUA BARAO DA VITORIA,,SUBURBIO,,1,0,0,0,0,0,0,1,0,0,0,,,,,,,,,
2023-09-04 00:00:00,01:15:00,COM VÍTIMA,TAMARINEIRA,RUA CONEGO BARATA,,,COLISÃO LATERAL,1,1,0,0,0,0,0,0,0,1,0,,,,,,,,,
2023-09-04 00:00:00,01:30:00,COM VÍTIMA,BOA VIAGEM,AV CONSELHEIRO AGUIAR,,,COLISÃO LATERAL,0,1,0,0,0,0,0,0,0,1,0,,,,,,,,,
2023-09-04 00:00:00,01:38:00,COM VÍTIMA,SANTO AMARO,AV CRUZ CABUGA,,,COLISÃO LATERAL,0,1,0,0,0,0,0,0,0,1,0,,,,,,,,,
2023-09-04 00:00:00,02:42:00,COM VÍTIMA,BRASILIA TEIMOSA,RUA FRANCISCO VALPASSOS,,,ATROPELAMENTO DE PESSOA,0,0,0,0,1,1,0,0,0,1,0,,,,,,,,,
2023-09-04 00:00:00,02:52:00,COM VÍTIMA,VARZEA,AV JOAQUIM RIBEIRO,,,COLISÃO LATERAL,0,1,0,0,0,0,0,0,0,1,0,,,,,,,,,
2023-09-04 00:00:00,03:27:00,COM VÍTIMA,ILHA DO LEITE,RUA GENERAL JOAQUIM INACIO,,,COLISÃO LATERAL,0,1,0,0,0,0,0,0,0,1,0,,,,,,,,,
2023-09-04 00:00:00,04:21:00,COM VÍTIMA,BOA VIAGEM,AV ENGENHEIRO DOMINGOS FERREIRA,,,COLISÃO LATERAL,0,1,0,0,0,0,0,0,0,1,0,,,,,,,,,
2023-09-04 00:00:00,05:08:00,COM VÍTIMA,APIPUCOS,RUA DE APIPUCOS,,,ATROPELAMENTO DE PESSOA,0,1,0,0,1,0,0,0,0,1,0,,,,,,,,,
2023-09-04 00:00:00,05:13:00,COM VÍTIMA,MORRO DA CONCEICAO,AV NORTE MIGUEL ARRAES DE ALENCAR,,,COLISÃO LATERAL,0,1,0,0,0,0,0,0,0,1,0,,,,,,,,,
2023-09-04 00:00:00,05:39:00,COM VÍTIMA,SAO JOSE,LARGO DA PAZ,,,COLISÃO LATERAL,0,0,0,0,0,0,0,0,0,1,0,,,,,,,,,
2023-09-04 00:00:00,05:46:00,COM VÍTIMA,IPSEP,AV RECIFE,,,COLISÃO LATERAL,1,1,0,0,0,0,0,0,0,2,0,,,,,,,,,
2023-09-04 00:00:00,05:49:00,COM VÍTIMA,SANTO ANTONIO,AV GUARARAPES,,,COLISÃO LATERAL,0,1,0,0,0,0,0,0,0,1,0,,,,,,,,,
2023-09-04 00:00:00,06:15:00,COM VÍTIMA,TAMARINEIRA,AV NORTE MIGUEL ARRAES DE ALENCAR,,,COLISÃO LATERAL,0,1,0,0,0,0,0,0,0,1,0,,,,,,,,,
2023-09-04 00:00:00,08:37:00,COM VÍTIMA,PRADO,AV ENGENHEIRO ABDIAS DE CARVALHO,,,COLISÃO LATERAL,0,2,0,0,0,0,0,0,0,2,0,,,,,,,,,
2023-09-05 00:00:00,06:01:00,COM VÍTIMA,IMBIRIBEIRA,AV MARECHAL MASCARENHAS DE MORAES,,SUBURBIO,COLISÃO FRONTAL,0,0,0,0,0,0,0,0,0,1,0,,,,,,,,,
2023-09-05 00:00:00,07:08:00,COM VÍTIMA,ARRUDA,AV BEBERIBE,,,,0,1,0,0,0,0,0,0,0,1,0,,,,,,,,,
2023-09-05 00:00:00,07:25:00,COM VÍTIMA,ENCRUZILHADA,AV BEBERIBE,,,COLISÃO LATERAL,2,1,0,0,0,0,0,0,0,1,0,,,,,,,,,
2023-09-05 00:00:00,08:16:00,COM VÍTIMA,AREIAS,AV RECIFE,,,,0,1,0,0,0,0,0,0,0,1,0,,,,,,,,,
2023-09-05 00:00:00,08:19:00,COM VÍTIMA,VARZEA,AV AFONSO OLINDENSE,,,COLISÃO LATERAL,0,1,0,0,0,0,0,0,0,1,0,,,,,,,,,
2023-09-05 00:00:00,09:18:00,COM VÍTIMA,BOA VIAGEM,RUA BARAO DE SOUZA LEAO,,,ATROPELAMENTO DE PESSOA,1,0,0,0,1,0,0,0,0,1,0,,,,,,,,,
2023-09-05 00:00:00,11:07:00,COM VÍTIMA,SAN MARTIN,AV GENERAL SAN MARTIN,,,COLISÃO,0,0,0,1,0,0,0,0,0,1,0,,,,,,,,,
2023-09-05 00:00:00,12:05:00,COM VÍTIMA,JARDIM SAO PAULO,AV LIBERDADE,,,COLISÃO,0,1,0,0,0,0,0,0,0,1,0,,,,,,,,,
2023-09-05 00:00:00,02:45:00,SEM VÍTIMA,AFOGADOS,LARGO DA PAZ,,,COLISÃO LATERAL,1,0,0,0,0,0,1,0,0,0,0,,,,,,,,,
2023-09-05 00:00:00,04:32:00,COM VÍTIMA,DOIS UNIDOS,RUA TUPIRACABA,,,COLISÃO LATERAL,0,1,0,0,0,0,0,0,0,1,0,,,,,,,,,
2023-09-05 00:00:00,05:31:00,COM VÍTIMA,PRADO,AV ENGENHEIRO ABDIAS DE CARVALHO,354,,COLISÃO,0,1,0,0,0,0,0,0,0,1,0,,,,,,,,,
2023-09-05 00:00:00,08:31:00,COM VÍTIMA,SAN MARTIN,AV GENERAL SAN MARTIN,,,COLISÃO FRONTAL,1,1,0,0,0,0,0,0,0,2,0,,,,,,,,,
2023-09-05 00:00:00,09:43:00,COM VÍTIMA,CASA AMARELA,RUA PAULA BATISTA,,,COLISÃO TRANSVERSAL,1,1,0,0,0,0,0,0,0,1,0,,,,,,,,,
2023-09-05 00:00:00,10:02:00,COM VÍTIMA,BARRO,AV DR JOSE RUFINO,,,COLISÃO,0,1,0,0,0,0,0,0,0,1,0,,,,,,,,,
2023-09-05 00:00:00,10:37:00,COM VÍTIMA,DOIS UNIDOS,RUA PADRE CICERO,,,COLISÃO,0,1,0,0,0,0,0,0,0,1,0,,,,,,,,,