data,hora,natureza,bairro,endereco,num_semaforo,sentido_via,tipo,auto,moto,ciclom,ciclista,pedestre,onibus,caminhao,viatura,outros,vitimas,vitimasfatais,acidente_verificado,tempo_clima,sinalizacao,condicao_via,conservacao_via,situacao_placa,velocidade_max_via,mao_direcao,divisao_via1
2023-09-06 00:00:00,06:42:00,COM VÍTIMA,CASA AMARELA,AV NORTE MIGUEL ARRAES DE ALENCAR,,,,0,1,0,0,0,0,0,0,0,1,0,,,,,,,,,
2023-09-06 00:00:00,07:55:00,COM VÍTIMA,ILHA DO RETIRO,AV JOSE GONCALVES DE MEDEIROS,,,COLISÃO LATERAL,1,1,0,0,0,0,0,0,0,1,0,,,,,,,,,
2023-09-06 00:00:00,07:56:00,COM VÍTIMA,ENCRUZILHADA,EST DE BELEM,,,COLISÃO LATERAL,0,1,0,0,0,0,0,0,0,1,0,,,,,,,,,
2023-09-06 00:00:00,07:57:00,COM VÍTIMA,PINA,PTE GOVERNADOR PAULO GUERRA,,,COLISÃO,1,1,0,0,0,0,0,0,0,1,0,,,,,,,,,
2023-09-06 00:00:00,08:31:00,COM VÍTIMA,PINA,PTE GOVERNADOR PAULO GUERRA,,,COLISÃO LATERAL,0,1,0,0,0,0,0,0,0,1,0,,,,,,,,,
2023-09-06 00:00:00,08:33:00,COM VÍTIMA,CORDEIRO,AV CAXANGA,,,COLISÃO,0,1,0,0,0,0,0,0,0,1,0,,,,,,,,,
2023-09-06 00:00:00,08:53:00,COM VÍTIMA,CORDEIRO,AV GENERAL SAN MARTIN,,,COLISÃO LATERAL,0,1,0,0,0,0,0,0,0,1,0,,,,,,,,,
2023-09-06 00:00:00,08:53:00,COM VÍTIMA,AFOGADOS,RUA SAO MIGUEL,,,COLISÃO LATERAL,1,1,0,0,0,0,0,0,0,1,0,,,,,,,,,
2023-09-06 00:00:00,08:57:00,COM VÍTIMA,IMBIRIBEIRA,AV MARECHAL MASCARENHAS DE MORAES,,,COLISÃO LATERAL,0,1,0,0,0,0,0,0,0,1,0,,,,,,,,,
2023-09-06 00:00:00,11:03:00,COM VÍTIMA,BAIRRO DO RECIFE,AV BARBOSA LIMA,,,COLISÃO,0,1,0,0,0,0,0,0,0,1,0,,,,,,,,,
2023-09-06 00:00:00,11:06:00,COM VÍTIMA,MADALENA,RUA ERNANI BRAGA,,,COLISÃO LATERAL,1,1,0,0,0,0,0,0,0,1,0,,,,,,,,,
2023-09-06 00:00:00,11:14:00,COM VÍTIMA,DERBY,AV GOVERNADOR AGAMENON MAGALHAES,,,COLISÃO TRASEIRA,1,2,0,0,0,0,0,0,0,2,0,,,,,,,,,
2023-09-06 00:00:00,04:06:00,COM VÍTIMA,IMBIRIBEIRA,RUA JALISCO,,,,1,0,0,0,1,0,0,0,0,1,0,,,,,,,,,
2023-09-06 00:00:00,04:08:00,COM VÍTIMA,IPUTINGA,AV MAURICIO DE NASSAU,,,COLISÃO LATERAL,0,0,0,0,0,0,0,0,0,1,0,,,,,,,,,
2023-09-06 00:00:00,04:44:00,COM VÍTIMA,CORDEIRO,AV INACIO MONTEIRO,,,COLISÃO LATERAL,1,1,0,0,0,0,0,0,0,1,0,,,,,,,,,
2023-09-06 00:00:00,04:49:00,COM VÍTIMA,TAMARINEIRA,AV NORTE MIGUEL ARRAES DE ALENCAR,,,COLISÃO LATERAL,0,1,0,0,0,0,0,0,0,1,0,,,,,,,,,
2023-09-06 00:00:00,06:55:00,COM VÍTIMA,SANTO AMARO,AV GOVERNADOR AGAMENON MAGALHAES,,,COLISÃO LATERAL,1,1,0,0,0,0,0,0,0,1,0,,,,,,,,,
2023-09-06 00:00:00,07:20:00,COM VÍTIMA,BONGI,AV ENGENHEIRO ABDIAS DE CARVALHO,,,COLISÃO,0,1,0,0,0,0,0,0,0,1,0,,,,,,,,,
2023-09-07 00:00:00,10:08:00,COM VÍTIMA,ESTANCIA,AV RECIFE,,SUB,COLISÃO COM CICLISTA,1,0,0,1,0,0,0,0,0,1,0,,,,,,,,,
2023-09-07 00:00:00,01:35:00,COM VÍTIMA,IMBIRIBEIRA,RUA PARIS,637,,COLISÃO FRONTAL,1,2,0,0,0,0,0,0,0,4,0,,,,,,,,,
2023-09-07 00:00:00,02:47:00,COM VÍTIMA,CAMPO GRANDE,RUA ODORICO MENDES,,,COLISÃO LATERAL,0,0,0,0,0,0,0,0,0,1,0,,,,,,,,,
2023-09-07 00:00:00,02:47:00,COM VÍTIMA,IPSEP,RUA ARQUITETO LUIZ NUNES,,,COLISÃO LATERAL,0,0,0,0,0,0,0,0,0,1,0,,,,,,,,,
2023-09-07 00:00:00,04:05:00,COM VÍTIMA,IPUTINGA,AV CAXANGA,,,COLISÃO COM CICLISTA,0,1,0,1,0,0,0,0,0,2,0,,,,,,,,,
2023-09-07 00:00:00,06:19:00,COM VÍTIMA,IBURA,AV PERNAMBUCO,,,COLISÃO LATERAL,0,0,0,0,0,0,0,0,0,1,0,,,,,,,,,
2023-09-07 00:00:00,09:01:00,COM VÍTIMA,POCO DA PANELA,AV DEZESSETE DE AGOSTO,,,COLISÃO,0,1,0,0,0,0,0,0,0,1,0,,,,,,,,,
2023-09-08 00:00:00,07:37:00,COM VÍTIMA,DERBY,AV GOVERNADOR AGAMENON MAGALHAES,,,COLISÃO LATERAL,1,1,0,0,0,0,0,0,0,1,0,,,,,,,,,
2023-09-08 00:00:00,07:37:00,COM VÍTIMA,DERBY,AV GOVERNADOR AGAMENON MAGALHAES,,,COLISÃO LATERAL,0,1,0,0,0,0,0,0,0,1,0,,,,,,,,,
2023-09-08 00:00:00,08:03:00,COM VÍTIMA,CASA FORTE,AV DEZESSETE DE AGOSTO,,,COLISÃO LATERAL,0,1,0,0,0,0,0,0,0,1,0,,,,,,,,,
2023-09-08 00:00:00,09:21:00,COM VÍTIMA,BOA VIAGEM,RUA BARAO DE SOUZA LEAO,,,COLISÃO LATERAL,0,1,0,0,0,0,0,0,0,1,0,,,,,,,,,
2023-09-08 00:00:00,11:16:00,COM VÍTIMA,BONGI,AV ENGENHEIRO ABDIAS DE CARVALHO,,,COLISÃO,0,1,0,0,0,0,0,0,0,1,0,,,,,,,,,
2023-09-08 00:00:00,01:46:00,COM VÍTIMA,BEBERIBE,AV BEBERIBE,,,COLISÃO LATERAL,0,0,0,0,0,0,0,0,0,1,0,,,,,,,,,
2023-09-08 00:00:00,02:43:00,COM VÍTIMA,SANTO AMARO,RUA PRINCESA IZABEL,,,COLISÃO LATERAL,0,1,0,0,0,0,0,0,0,1,0,,,,,,,,,
2023-09-08 00:00:00,08:09:00,COM VÍTIMA,CASA FORTE,AV DEZESSETE DE AGOSTO,,,COLISÃO,0,1,0,0,0,0,0,0,0,1,0,,,,,,,,,
2023-09-08 00:00:00,09:49:00,COM VÍTIMA,SANTO AMARO,RUA DA AURORA,,,COLISÃO FRONTAL,0,1,0,0,0,0,0,0,0,2,0,,,,,,,,,
2023-09-08 00:00:00,09:53:00,COM VÍTIMA,AGUA FRIA,RUA ZEFERINO AGRA,,,COLISÃO,0,1,0,0,0,0,0,0,0,1,0,,,,,,,,,
2023-09-09 00:00:00,08:27:00,COM VÍTIMA,NOVA DESCOBERTA,AV VEREADOR OTACILIO AZEVEDO,,,COLISÃO,0,1,0,0,0,0,0,0,0,1,0,,,,,,,,,
2023-09-09 00:00:00,08:46:00,COM VÍTIMA,TORRE,RUA CONDE DE IRAJA,,,COLISÃO,0,1,0,0,0,0,0,0,0,1,0,,,,,,,,,
2023-09-09 00:00:00,08:58:00,COM VÍTIMA,AFOGADOS,AV SUL,,,COLISÃO,0,1,0,0,0,1,0,0,0,1,0,,,,,,,,,
2023-09-09 00:00:00,09:20:00,COM VÍTIMA,ALTO JOSE BONIFACIO,RUA ALTO JOSE BONIFACIO,,,COLISÃO LATERAL,0,1,0,0,0,1,0,0,0,2,0,,,,,,,,,
2023-09-09 00:00:00,11:38:00,SEM VÍTIMA,BOA VIAGEM,AV BOA VIAGEM,,,COLISÃO TRASEIRA,4,0,0,0,0,0,0,0,0,0,0,,,,,,,,,
2023-09-09 00:00:00,01:54:00,COM VÍTIMA,MADALENA,RUA REAL DA TORRE,,,COLISÃO LATERAL,0,1,0,0,0,0,0,0,0,1,0,,,,,,,,,
2023-09-09 00:00:00,02:30:00,COM VÍTIMA,SAO JOSE,RUA DAS CALCADAS,,,COLISÃO LATERAL,0,1,0,0,0,0,0,0,0,1,0,,,,,,,,,
2023-09-09 00:00:00,08:18:00,COM VÍTIMA,MADALENA,RUA JOSE OSORIO,,,COLISÃO,0,1,0,0,0,0,0,0,0,1,0,,,,,,,,,
2023-09-09 00:00:00,08:48:00,COM VÍTIMA,AREIAS,RUA BARROS SOBRINHO,,,COLISÃO,0,0,0,0,0,0,0,0,0,1,0,,,,,,,,,
2023-09-10 00:00:00,08:19:00,COM VÍTIMA,NOVA DESCOBERTA,AV VEREADOR OTACILIO AZEVEDO,,,COLISÃO LATERAL,0,1,0,0,0,0,0,0,0,1,0,,,,,,,,,
2023-09-10 00:00:00,08:38:00,COM VÍTIMA,IMBIRIBEIRA,AV MARECHAL MASCARENHAS DE MORAES,,,COLISÃO LATERAL,1,1,0,0,0,0,0,0,0,1,0,,,,,,,,,
2023-09-10 00:00:00,11:39:00,COM VÍTIMA,SAO JOSE,AV SUL,,,ATROPELAMENTO DE PESSOA,1,0,0,0,1,0,0,0,0,1,0,,,,,,,,,
2023-09-10 00:00:00,02:33:00,COM VÍTIMA,CAMPO GRANDE,RUA JERONIMO VILELA,,,COLISÃO,0,1,0,0,0,0,0,0,0,1,0,,,,,,,,,
2023-09-10 00:00:00,05:40:00,COM VÍTIMA,IMBIRIBEIRA,RUA OLIVIA MENELAU,,,COLISÃO TRANSVERSAL,1,1,0,0,0,0,0,0,0,1,0,,,,,,,,,
2023-09-10 00:00:00,07:42:00,COM VÍTIMA,MONTEIRO,AV DEZESSETE DE AGOSTO,,,COLISÃO LATERAL,0,2,0,0,0,0,0,0,0,1,0,,,,,,,,,
2023-09-10 00:00:00,07:47:00,COM VÍTIMA,APIPUCOS,RUA DE APIPUCOS,,,COLISÃO,0,1,0,0,0,0,0,0,0,1,0,,,,,,,,,
2023-09-10 00:00:00,09:33:00,COM VÍTIMA,GRACAS,RUA ALBERTO PAIVA,,,COLISÃO,0,1,0,0,0,0,0,0,0,1,0,,,,,,,,,
2023-09-10 00:00:00,11:38:00,VÍTIMA FATAL,DOIS IRMAOS,RUA MANUEL DE MEDEIROS,,,COLISÃO,0,1,0,0,0,0,0,0,0,0,1,,,,,,,,,
2023-09-11 00:00:00,07:21:00,COM VÍTIMA,ESPINHEIRO,RUA QUARENTA E OITO,,,COLISÃO LATERAL,1,1,0,0,0,0,0,0,0,2,0,,,,,,,,,
2023-09-11 00:00:00,08:03:00,COM VÍTIMA,CAXANGA,AV CAXANGA,,,QUEDA,0,1,0,0,0,0,0,0,0,1,0,,,,,,,,,
2023-09-11 00:00:00,08:05:00,COM VÍTIMA,IMBIRIBEIRA,AV MARECHAL MASCARENHAS DE MORAES,,,COLISÃO LATERAL,0,1,0,0,0,0,0,0,0,1,0,,,,,,,,,
2023-09-11 00:00:00,08:08:00,COM VÍTIMA,CAMPO GRANDE,RUA ODORICO MENDES,,,COLISÃO TRASEIRA,0,0,0,0,0,0,0,0,0,1,0,,,,,,,,,
2023-09-11 00:00:00,08:57:00,COM VÍTIMA,CAXANGA,AV CAXANGA,,,COLISÃO TRASEIRA,0,1,0,0,0,0,0,0,0,1,0,,,,,,,,,
2023-09-11 00:00:00,08:58:00,COM VÍTIMA,AGUA FRIA,AV BEBERIBE,,,COLISÃO LATERAL,0,1,0,0,0,0,0,0,0,1,0,,,,,,,,,
2023-09-11 00:00:00,09:54:00,COM VÍTIMA,IPSEP,AV RECIFE,,,COLISÃO,0,1,0,0,0,0,0,0,0,1,0,,,,,,,,,
2023-09-11 00:00:00,10:45:00,COM VÍTIMA,PINA,PTE GOVERNADOR PAULO GUERRA,,,COLISÃO COM CICLISTA,0,1,0,1,0,0,0,0,0,2,0,,,,,,,,,
2023-09-11 00:00:00,10:57:00,COM VÍTIMA,AREIAS,AV RECIFE,,,COLISÃO,0,1,0,0,0,0,0,0,0,1,0,,,,,,,,,
2023-09-11 00:00:00,11:59:00,COM VÍTIMA,PINA,PRC GOVERNADOR PAULO GUERRA,,,COLISÃO LATERAL,1,0,1,0,0,0,0,0,0,1,0,,,,,,,,,
2023-09-11 00:00:00,12:54:00,COM VÍTIMA,ESPINHEIRO,AV RUI BARBOSA,,,COLISÃO,0,1,0,0,0,1,0,0,0,1,0,,,,,,,,,
2023-09-11 00:00:00,12:56:00,COM VÍTIMA,PINA,PRC GOVERNADOR PAULO GUERRA,,,COLISÃO LATERAL,1,1,0,0,0,0,0,0,0,1,0,,,,,,,,,
2023-09-11 00:00:00,01:04:00,COM VÍTIMA,SANTO AMARO,RUA ARTUR COUTINHO,,,COLISÃO LATERAL,0,0,0,0,0,0,0,0,0,1,0,,,,,,,,,
2023-09-11 00:00:00,03:05:00,COM VÍTIMA,CAXANGA,AV CAXANGA,,,COLISÃO LATERAL,1,1,0,0,0,0,0,0,0,1,0,,,,,,,,,
2023-09-11 00:00:00,05:14:00,COM VÍTIMA,PARNAMIRIM,EST DO ENCANAMENTO,,,COLISÃO TRANSVERSAL,0,0,0,0,0,0,0,0,0,1,0,,,,,,,,,
2023-09-11 00:00:00,05:34:00,COM VÍTIMA,DERBY,AV GOVERNADOR AGAMENON MAGALHAES,,BOA VIAGEM,COLISÃO TRASEIRA,1,1,0,0,0,0,0,0,0,1,0,,,,,,,,,
2023-09-11 00:00:00,06:13:00,COM VÍTIMA,TORROES,AV ENGENHEIRO ABDIAS DE CARVALHO,,,COLISÃO,0,1,0,0,0,0,0,0,0,1,0,,,,,,,,,
2023-09-11 00:00:00,06:14:00,VÍTIMA FATAL,SANTO AMARO,AV CRUZ CABUGA,,,COLISÃO LATERAL,0,0,0,0,1,0,0,0,0,1,1,,,,,,,,,
2023-09-11 00:00:00,06:17:00,COM VÍTIMA,ENGENHO DO MEIO,RUA WASHINGTON DUARTE ESPINDOLA,,,COLISÃO,0,1,0,0,0,0,0,0,0,1,0,,,,,,,,,
2023-09-11 00:00:00,06:23:00,COM VÍTIMA,MADALENA,PRC DO INTERNACIONAL,,,COLISÃO,0,1,0,0,0,0,0,0,0,1,0,,,,,,,,,
2023-09-11 00:00:00,06:35:00,COM VÍTIMA,DOIS IRMAOS,RUA RIBEIRO PESSOA,,,COLISÃO,0,1,0,0,0,0,0,0,0,1,0,,,,,,,,,
2023-09-11 00:00:00,11:15:00,COM VÍTIMA,CASA FORTE,AV DEZESSETE DE AGOSTO,,,QUEDA,0,1,0,0,0,0,0,0,0,1,0,,,,,,,,,
2023-09-12 00:00:00,08:39:00,COM VÍTIMA,JAQUEIRA,AV RUI BARBOSA,,,COLISÃO FRONTAL,1,1,0,0,0,0,0,0,0,1,0,,,,,,,,,
2023-09-12 00:00:00,08:51:00,SEM VÍTIMA,ILHA DO LEITE,AV GOVERNADOR AGAMENON MAGALHAES,672,,,1,0,0,0,0,0,1,0,0,0,0,,,,,,,,,
2023-09-12 00:00:00,10:15:00,COM VÍTIMA,SANTO AMARO,AV DR JAYME DA FONTE,,SUBURBIO,COLISÃO COM CICLISTA,1,0,0,1,0,0,0,0,0,1,0,,,,,,,,,
2023-09-12 00:00:00,11:11:00,COM VÍTIMA,CABANGA,PTE JOSE DE BARROS LIMA,,,COLISÃO TRASEIRA,1,0,1,0,0,0,0,0,0,1,0,,,,,,,,,
2023-09-12 00:00:00,11:26:00,COM VÍTIMA,CORDEIRO,AV GENERAL SAN MARTIN,,,COLISÃO LATERAL,0,1,0,0,0,0,0,0,0,1,0,,,,,,,,,
2023-09-12 00:00:00,11:54:00,COM VÍTIMA,CORDEIRO,AV CAXANGA,235,,COLISÃO,0,1,0,0,0,0,0,0,0,1,0,,,,,,,,,
2023-09-12 00:00:00,11:54:00,COM VÍTIMA,TAMARINEIRA,AV NORTE MIGUEL ARRAES DE ALENCAR,,,COLISÃO,0,1,0,0,0,0,0,0,0,1,0,,,,,,,,,
2023-09-12 00:00:00,11:54:00,SEM VÍTIMA,SAO JOSE,RUA IMPERIAL,,SUBURBIO,COLISÃO TRASEIRA,2,0,0,0,0,0,0,0,0,0,0,,,,,,,,,
2023-09-12 00:00:00,11:54:00,COM VÍTIMA,IMBIRIBEIRA,AV MARECHAL MASCARENHAS DE MORAES,,,COLISÃO TRASEIRA,1,1,0,0,0,0,0,0,0,1,0,,,,,,,,,
2023-09-12 00:00:00,12:24:00,COM VÍTIMA,SANTO AMARO,RUA MAJOR CODECEIRA,,,COLISÃO,0,1,0,0,0,0,0,0,0,1,0,,,,,,,,,
2023-09-12 00:00:00,12:44:00,SEM VÍTIMA,SANTO AMARO,AV NORTE MIGUEL ARRAES DE ALENCAR,463,CIDADE,,2,0,0,0,0,0,0,0,0,0,0,,,,,,,,,
2023-09-12 00:00:00,01:16:00,COM VÍTIMA,BOA VISTA,RUA CLUBE NAUTICO CAPIBARIBE,,,COLISÃO LATERAL,0,1,0,0,0,0,0,0,0,1,0,,,,,,,,,
2023-09-12 00:00:00,01:45:00,COM VÍTIMA,CAXANGA,AV CAXANGA,,,COLISÃO,1,1,0,0,0,0,0,0,0,1,0,,,,,,,,,
2023-09-12 00:00:00,02:47:00,COM VÍTIMA,ESPINHEIRO,RUA CONS PORTELA,,,COLISÃO LATERAL,0,1,0,0,0,0,0,0,0,1,0,,,,,,,,,
2023-09-12 00:00:00,03:06:00,COM VÍTIMA,BOA VISTA,AV OLIVEIRA LIMA,,,COLISÃO LATERAL,0,1,0,0,0,0,0,0,0,1,0,,,,,,,,,
2023-09-12 00:00:00,11:00:00,COM VÍTIMA,ENCRUZILHADA,RUA CARNEIRO VILELA,,,COLISÃO,0,1,0,0,0,0,0,0,0,1,0,,,,,,,,,
2023-09-13 00:00:00,07:13:00,COM VÍTIMA,BOA VIAGEM,RUA GENERAL AMERICANO FREIRE,,,COLISÃO TRANSVERSAL,0,1,0,0,0,0,0,0,0,1,0,,,,,,,,,
2023-09-13 00:00:00,07:39:00,SEM VÍTIMA,PINA,TUNEL JOSUE DE CASTRO,,,COLISÃO,0,0,0,0,0,0,0,0,0,0,0,,,,,,,,,
2023-09-13 00:00:00,07:54:00,COM VÍTIMA,IBURA,RUA JOAO CORDEIRO DE SOUZA,,,COLISÃO FRONTAL,1,1,0,0,0,0,0,0,0,1,0,,,,,,,,,
2023-09-13 00:00:00,08:24:00,COM VÍTIMA,IMBIRIBEIRA,AV MARECHAL MASCARENHAS DE MORAES,286,,COLISÃO,0,1,0,0,0,0,0,0,0,1,0,,,,,,,,,
2023-09-13 00:00:00,09:27:00,COM VÍTIMA,CAXANGA,RUA CLAUDIO BROTHERHOOD,235,,COLISÃO LATERAL,1,1,0,0,0,0,0,0,0,1,0,,,,,,,,,
2023-09-13 00:00:00,09:44:00,COM VÍTIMA,CORDEIRO,AV CAXANGA,,,COLISÃO,0,1,0,0,0,0,0,0,0,1,0,,,,,,,,,
2023-09-13 00:00:00,10:39:00,COM VÍTIMA,COELHOS,RUA DOS COELHOS,,,COLISÃO TRASEIRA,0,1,0,0,0,0,0,0,0,1,0,,,,,,,,,
2023-09-13 00:00:00,10:48:00,COM VÍTIMA,PINA,PTE AGAMENON MAGALHAES,,,QUEDA,0,1,0,0,0,0,0,0,0,1,0,,,,,,,,,
2023-09-13 00:00:00,10:54:00,COM VÍTIMA,CASA FORTE,AV DEZESSETE DE AGOSTO,,,COLISÃO LATERAL,0,2,0,0,0,0,0,0,0,1,0,,,,,,,,,
2023-09-13 00:00:00,11:13:00,COM VÍTIMA,ALTO DO MANDU,AV DR EURICO CHAVES,,,COLISÃO,0,1,0,0,0,0,0,0,0,1,0,,,,,,,,,
2023-09-13 00:00:00,12:57:00,COM VÍTIMA,SANTO AMARO,AV NORTE MIGUEL ARRAES DE ALENCAR,,,COLISÃO TRANSVERSAL,2,0,0,0,0,0,0,0,0,2,0,,,,,,,,,
2023-09-13 00:00:00,02:05:00,COM VÍTIMA,IPSEP,AV RECIFE,,,ATROPELAMENTO DE PESSOA,0,1,0,0,1,0,0,0,0,1,0,,,,,,,,,
2023-09-13 00:00:00,04:16:00,SEM VÍTIMA,,RUA BENFICA,,CIDADE,COLISÃO TRANSVERSAL,1,1,0,0,0,0,0,0,0,0,0,,,,,,,,,
2023-09-13 00:00:00,05:52:00,COM VÍTIMA,SANTO AMARO,AV CRUZ CABUGA,455,,CHOQUE,1,0,0,0,0,0,0,0,0,1,0,,,,,,,,,
2023-09-13 00:00:00,07:13:00,COM VÍTIMA,JORDAO,RUA ESTRELA D'OESTE,,,COLISÃO TRANSVERSAL,2,0,0,0,0,0,0,0,0,1,0,,,,,,,,,
2023-09-14 00:00:00,12:20:00,COM VÍTIMA,BREJO DA GUABIRABA,AV VEREADOR OTACILIO AZEVEDO,,,COLISÃO,0,1,0,0,0,0,0,0,0,1,0,,,,,,,,,
2023-09-14 00:00:00,06:48:00,COM VÍTIMA,PRADO,AV ENGENHEIRO ABDIAS DE CARVALHO,,,COLISÃO COM CICLISTA,0,0,0,1,0,0,1,0,0,1,0,,,,,,,,,
2023-09-14 00:00:00,07:09:00,COM VÍTIMA,AGUA FRIA,AV BEBERIBE,,,COLISÃO LATERAL,0,1,0,0,0,0,0,0,0,1,0,,,,,,,,,
2023-09-14 00:00:00,07:13:00,COM VÍTIMA,DERBY,RUA HENRIQUE DIAS,,,COLISÃO,0,1,0,0,0,0,0,0,0,1,0,,,,,,,,,
2023-09-14 00:00:00,08:03:00,COM VÍTIMA,BOMBA DO HEMETERIO,RUA BOMBA DO HEMETERIO,,,COLISÃO,0,1,0,0,0,0,0,0,0,1,0,,,,,,,,,
2023-09-14 00:00:00,09:25:00,COM VÍTIMA,BOA VIAGEM,RUA FELIX DE BRITO E MELO,,,COLISÃO LATERAL,0,1,0,0,0,0,0,0,0,1,0,,,,,,,,,
2023-09-14 00:00:00,09:33:00,COM VÍTIMA,BRASILIA TEIMOSA,AV BRASILIA FORMOSA,,,COLISÃO LATERAL,1,1,0,0,0,0,0,0,0,1,0,,,,,,,,,
2023-09-14 00:00:00,11:54:00,COM VÍTIMA,IMBIRIBEIRA,AV MARECHAL MASCARENHAS DE MORAES,,,COLISÃO TRASEIRA,1,1,0,0,0,0,0,0,0,1,0,,,,,,,,,
2023-09-14 00:00:00,12:30:00,COM VÍTIMA,AREIAS,AV DR JOSE RUFINO,,,COLISÃO,0,1,0,0,0,0,0,0,0,1,0,,,,,,,,,
2023-09-14 00:00:00,12:58:00,COM VÍTIMA,IPUTINGA,AV MAURICIO DE NASSAU,,,COLISÃO LATERAL,0,1,0,0,0,0,0,0,0,1,0,,,,,,,,,
2023-09-14 00:00:00,04:08:00,COM VÍTIMA,TORRE,RUA CONDE DE IRAJA,,,COLISÃO FRONTAL,1,1,0,0,0,0,0,0,0,1,0,,,,,,,,,
2023-09-14 00:00:00,06:15:00,SEM VÍTIMA,AREIAS,AV RECIFE,,,COLISÃO TRASEIRA,2,0,0,0,0,0,0,0,0,0,0,,,,,,,,,
2023-09-14 00:00:00,07:15:00,COM VÍTIMA,IPSEP,RUA JEAN EMILE FAVRE,,,COLISÃO LATERAL,1,1,0,0,0,0,0,0,0,2,0,,,,,,,,,
2023-09-14 00:00:00,09:27:00,COM VÍTIMA,CORDEIRO,RUA DR MIGUEL VIEIRA FERREIRA,,,COLISÃO FRONTAL,1,1,0,0,0,0,0,0,0,1,0,,,,,,,,,
2023-09-15 00:00:00,07:34:00,COM VÍTIMA,SAN MARTIN,AV GENERAL SAN MARTIN,,,COLISÃO LATERAL,1,1,0,0,0,0,0,0,0,1,0,,,,,,,,,
2023-09-15 00:00:00,09:13:00,SEM VÍTIMA,BOA VIAGEM,AV ENGENHEIRO DOMINGOS FERREIRA,,SUBURBIO,COLISÃO TRANSVERSAL,0,0,0,0,0,1,0,1,0,0,0,,,,,,,,,
2023-09-15 00:00:00,10:05:00,COM VÍTIMA,ILHA DO LEITE,AV FREI MATIAS TEVES,,,COLISÃO,0,1,0,0,0,0,0,0,0,1,0,,,,,,,,,
2023-09-15 00:00:00,02:37:00,COM VÍTIMA,AFOGADOS,RUA DA PAZ,,,COLISÃO LATERAL,1,1,0,0,0,0,0,0,0,2,0,,,,,,,,,
2023-09-15 00:00:00,05:30:00,COM VÍTIMA,SAO JOSE,AV SUL,,,COLISÃO LATERAL,0,0,0,0,0,0,0,0,0,1,0,,,,,,,,,
2023-09-15 00:00:00,05:41:00,COM VÍTIMA,IBURA,AV DOIS RIOS,,,COLISÃO LATERAL,0,2,0,0,0,0,0,0,0,1,0,,,,,,,,,
2023-09-15 00:00:00,06:02:00,COM VÍTIMA,GRACAS,AV CONS ROSA E SILVA,,,COLISÃO COM CICLISTA,1,0,0,1,0,0,0,0,0,1,0,,,,,,,,,
2023-09-15 00:00:00,07:01:00,COM VÍTIMA,NOVA DESCOBERTA,RUA SANTA TEREZA,,,COLISÃO FRONTAL,0,1,0,0,0,0,0,0,0,1,0,,,,,,,,,
2023-09-15 00:00:00,07:38:00,COM VÍTIMA,SANTO AMARO,AV DR JAYME DA FONTE,,,COLISÃO LATERAL,0,1,0,0,0,0,0,0,0,1,0,,,,,,,,,
2023-09-15 00:00:00,10:33:00,COM VÍTIMA,CAXANGA,AV CAXANGA,,,COLISÃO FRONTAL,0,1,0,0,0,0,0,0,0,1,0,,,,,,,,,
2023-09-15 00:00:00,10:35:00,COM VÍTIMA,SANCHO,RUA MARIA DE LOURDES DA SILVA,,,COLISÃO FRONTAL,0,1,0,0,0,0,0,0,0,1,0,,,,,,,,,
2023-09-16 00:00:00,01:29:00,COM VÍTIMA,PASSARINHO,RUA CHORAO,,,COLISÃO,0,1,0,0,0,0,0,0,0,1,0,,,,,,,,,
2023-09-16 00:00:00,07:23:00,COM VÍTIMA,PASSARINHO,RUA CORREGO DA BICA,,,COLISÃO LATERAL,0,1,0,0,0,0,0,0,0,1,0,,,,,,,,,
2023-09-16 00:00:00,08:33:00,COM VÍTIMA,AFOGADOS,RUA COSME VIANA,,,COLISÃO,0,1,0,0,0,0,0,0,0,1,0,,,,,,,,,
2023-09-16 00:00:00,12:25:00,COM VÍTIMA,IMBIRIBEIRA,AV MARECHAL MASCARENHAS DE MORAES,,SUBURBIO,COLISÃO,0,1,0,0,0,0,0,0,0,1,0,,,,,,,,,
2023-09-16 00:00:00,12:28:00,COM VÍTIMA,IPSEP,RUA JEAN EMILE FAVRE,,,COLISÃO FRONTAL,1,1,0,0,0,0,0,0,0,1,0,,,,,,,,,
2023-09-16 00:00:00,12:53:00,COM VÍTIMA,APIPUCOS,RUA DE APIPUCOS,,,COLISÃO TRANSVERSAL,0,0,0,0,0,0,0,0,0,1,0,,,,,,,,,
2023-09-16 00:00:00,02:38:00,COM VÍTIMA,ESPINHEIRO,RUA QUARENTA E OITO,406,,COLISÃO TRASEIRA,1,1,0,0,0,0,0,0,0,1,0,,,,,,,,,
2023-09-16 00:00:00,03:03:00,COM VÍTIMA,CORDEIRO,AV CAXANGA,,,COLISÃO TRASEIRA,0,2,0,0,0,0,0,0,0,1,0,,,,,,,,,
2023-09-16 00:00:00,05:30:00,COM VÍTIMA,SANCHO,RUA PAULINO DE FARIAS,,,COLISÃO LATERAL,0,0,0,0,0,0,0,0,0,1,0,,,,,,,,,
2023-09-16 00:00:00,06:21:00,COM VÍTIMA,CAXANGA,AV CAXANGA,,CIDADE,COLISÃO TRASEIRA,1,1,0,0,0,0,0,0,0,1,0,,,,,,,,,
2023-09-16 00:00:00,06:58:00,COM VÍTIMA,JAQUEIRA,AV SANTOS DUMONT,,,COLISÃO,1,1,0,0,0,0,0,0,0,1,0,,,,,,,,,
2023-09-16 00:00:00,09:03:00,COM VÍTIMA,PRADO,RUA GOMES TABORDA,,,QUEDA,1,1,0,0,0,0,0,0,0,1,0,,,,,,,,,
2023-09-16 00:00:00,09:18:00,COM VÍTIMA,PRADO,RUA GOMES TABORDA,,,QUEDA,0,1,0,0,0,0,0,0,0,1,0,,,,,,,,,
2023-09-16 00:00:00,09:52:00,COM VÍTIMA,IPSEP,AV RECIFE,,,COLISÃO,0,0,0,0,0,0,0,0,0,1,0,,,,,,,,,
2023-09-16 00:00:00,11:20:00,COM VÍTIMA,BOMBA DO HEMETERIO,COR DO BARTOLOMEU,,,COLISÃO LATERAL,2,1,0,0,0,0,0,0,0,2,0,,,,,,,,,
2023-09-17 00:00:00,05:19:00,SEM VÍTIMA,IMBIRIBEIRA,RUA JOSE DA SILVA LUCENA,,,COLISÃO LATERAL,2,0,0,0,0,0,0,0,0,0,0,,,,,,,,,
2023-09-17 00:00:00,07:16:00,COM VÍTIMA,DOIS IRMAOS,RUA MANUEL DE MEDEIROS,,,QUEDA,0,1,0,0,0,0,0,0,0,1,0,,,,,,,,,
2023-09-17 00:00:00,10:35:00,COM VÍTIMA,BOA VISTA,RUA DA SOLEDADE,,,COLISÃO LATERAL,2,0,0,0,0,0,0,0,0,1,0,,,,,,,,,
2023-09-17 00:00:00,11:32:00,COM VÍTIMA,JORDAO,RUA ALBERTO LUNDGREN,,,COLISÃO TRASEIRA,1,2,0,0,0,0,0,0,0,3,0,,,,,,,,,
2023-09-17 00:00:00,04:29:00,COM VÍTIMA,IPUTINGA,RUA SAO MATEUS,,,COLISÃO LATERAL,1,1,0,0,0,0,0,0,0,1,0,,,,,,,,,
2023-09-17 00:00:00,08:44:00,SEM VÍTIMA,CIDADE UNIVERSITARIA,AV PROFESSOR ARTUR DE SA,,,COLISÃO FRONTAL,2,0,0,0,0,0,0,0,0,0,0,,,,,,,,,
2023-09-17 00:00:00,10:09:00,COM VÍTIMA,BOA VIAGEM,AV ENGENHEIRO DOMINGOS FERREIRA,,,COLISÃO LATERAL,1,1,0,0,0,0,0,0,0,1,0,,,,,,,,,
2023-09-18 00:00:00,12:18:00,SEM VÍTIMA,DOIS UNIDOS,1TR CORREGO DO CURIO,,SUBURBIO,CHOQUE,0,0,0,0,0,0,0,1,1,0,0,,,,,,,,,
2023-09-18 00:00:00,07:16:00,COM VÍTIMA,PRADO,RUA SANTA EDWIRGES,,,QUEDA,1,1,0,0,0,0,0,0,0,1,0,,,,,,,,,
2023-09-18 00:00:00,07:25:00,COM VÍTIMA,IMBIRIBEIRA,AV MARECHAL MASCARENHAS DE MORAES,,,COLISÃO LATERAL,1,1,0,0,0,0,0,0,0,1,0,,,,,,,,,