data,hora,natureza,bairro,endereco,num_semaforo,sentido_via,tipo,auto,moto,ciclom,ciclista,pedestre,onibus,caminhao,viatura,outros,vitimas,vitimasfatais,acidente_verificado,tempo_clima,sinalizacao,condicao_via,conservacao_via,situacao_placa,velocidade_max_via,mao_direcao,divisao_via1
2023-09-18 00:00:00,08:32:00,COM VÍTIMA,TEJIPIO,RUA FALCAO DE LACERDA,,,COLISÃO,0,1,0,0,0,0,0,0,0,1,0,,,,,,,,,
2023-09-18 00:00:00,08:35:00,COM VÍTIMA,CASA AMARELA,AV NORTE MIGUEL ARRAES DE ALENCAR,,,COLISÃO TRASEIRA,0,1,0,0,0,1,0,0,0,1,0,,,,,,,,,
2023-09-18 00:00:00,08:38:00,COM VÍTIMA,ARRUDA,AV PROFESSOR JOSE DOS ANJOS,,,COLISÃO,0,1,0,0,0,0,0,0,0,1,0,,,,,,,,,
2023-09-16 00:00:00,12:00:00,COM VÍTIMA,IMBIRIBEIRA,AV MARECHAL MASCARENHAS DE MORAES,116,SUBURBIO,COLISÃO TRASEIRA,1,1,0,0,0,0,0,0,0,1,0,,,,,,,,,
2023-09-18 00:00:00,09:38:00,COM VÍTIMA,SAN MARTIN,AV GENERAL SAN MARTIN,,,COLISÃO TRASEIRA,1,1,0,0,0,0,0,0,0,1,0,,,,,,,,,
2023-09-18 00:00:00,09:40:00,COM VÍTIMA,CABANGA,AV ENGENHEIRO JOSE ESTELITA,,,COLISÃO,1,1,0,0,0,0,0,0,0,1,0,,,,,,,,,
2023-09-18 00:00:00,09:48:00,COM VÍTIMA,SANTO AMARO,AV NORTE MIGUEL ARRAES DE ALENCAR,,,COLISÃO,1,1,0,0,0,0,0,0,0,1,0,,,,,,,,,
2023-09-18 00:00:00,10:34:00,COM VÍTIMA,MADALENA,AV BEIRA RIO,,,COLISÃO TRASEIRA,1,1,0,0,0,0,0,0,0,1,0,,,,,,,,,
2023-09-18 00:00:00,10:50:00,COM VÍTIMA,IBURA,AV DOIS RIOS,,,COLISÃO,0,1,0,0,0,0,0,0,0,1,0,,,,,,,,,
2023-09-18 00:00:00,11:47:00,COM VÍTIMA,CAXANGA,AV PROFESSOR MORAES REGO,,,COLISÃO,0,1,0,0,0,0,0,0,0,1,0,,,,,,,,,
2023-09-18 00:00:00,12:01:00,COM VÍTIMA,VARZEA,RUA MARECHAL MANOEL LUIS OSORIO,,,COLISÃO,0,1,0,0,0,0,0,0,0,1,0,,,,,,,,,
2023-09-18 00:00:00,12:08:00,COM VÍTIMA,MADALENA,AV BEIRA RIO,387,,CHOQUE,1,0,0,0,0,0,0,0,0,1,0,,,,,,,,,
2023-09-18 00:00:00,01:05:00,COM VÍTIMA,CASA AMARELA,EST DO ARRAIAL,,,COLISÃO TRASEIRA,1,1,0,0,0,0,0,0,0,1,0,,,,,,,,,
2023-09-18 00:00:00,04:32:00,COM VÍTIMA,NOVA DESCOBERTA,AV CHAGAS FERREIRA,,,COLISÃO FRONTAL,1,1,0,0,0,1,0,0,0,4,0,,,,,,,,,
2023-09-18 00:00:00,04:35:00,COM VÍTIMA,AFOGADOS,RUA SAO MIGUEL,,,COLISÃO,1,0,0,0,0,0,0,0,0,1,0,,,,,,,,,
2023-09-18 00:00:00,04:52:00,COM VÍTIMA,BOA VIAGEM,RUA PROFESSOR SIMOES BARBOSA,,,COLISÃO,0,0,0,0,0,0,0,0,0,1,0,,,,,,,,,
2023-09-18 00:00:00,05:28:00,COM VÍTIMA,CAMPO GRANDE,RUA ODORICO MENDES,,,COLISÃO TRASEIRA,1,1,0,0,0,0,0,0,0,1,0,,,,,,,,,
2023-09-18 00:00:00,05:30:00,COM VÍTIMA,JIQUIA,RUA SAO MIGUEL,,,COLISÃO LATERAL,1,1,0,0,0,0,0,0,0,1,0,,,,,,,,,
2023-09-18 00:00:00,05:52:00,COM VÍTIMA,CIDADE UNIVERSITARIA,AV PROFESSOR ARTUR DE SA,,,COLISÃO LATERAL,0,1,0,0,0,0,0,0,0,1,0,,,,,,,,,
2023-09-18 00:00:00,05:56:00,COM VÍTIMA,CAMPO GRANDE,RUA SAO CAETANO,,,COLISÃO LATERAL,0,1,0,0,0,0,0,0,0,1,0,,,,,,,,,
2023-09-18 00:00:00,11:19:00,COM VÍTIMA,SANTO AMARO,RUA TREZE DE MAIO,,,COLISÃO TRANSVERSAL,1,1,0,0,0,0,0,0,0,1,0,,,,,,,,,
2023-09-19 00:00:00,07:18:00,COM VÍTIMA,TORROES,AV ENGENHEIRO ABDIAS DE CARVALHO,,,COLISÃO LATERAL,0,1,0,0,0,0,0,0,0,1,0,,,,,,,,,
2023-09-19 00:00:00,07:38:00,COM VÍTIMA,TAMARINEIRA,EST VELHA DE AGUA FRIA,,,COLISÃO LATERAL,0,1,0,0,0,0,0,0,0,1,0,,,,,,,,,
2023-09-19 00:00:00,08:29:00,COM VÍTIMA,TORREAO,AV GOVERNADOR AGAMENON MAGALHAES,,,COLISÃO LATERAL,0,1,0,0,0,0,0,0,0,1,0,,,,,,,,,
2023-09-19 00:00:00,08:53:00,COM VÍTIMA,MADALENA,RUA JOSE OSORIO,,,COLISÃO LATERAL,1,1,0,0,0,0,0,0,0,2,0,,,,,,,,,
2023-09-19 00:00:00,08:59:00,COM VÍTIMA,SAN MARTIN,RUA COMENDADOR FRANCO FERREIRA,,,COLISÃO,1,1,0,0,0,0,0,0,0,1,0,,,,,,,,,
2023-09-19 00:00:00,09:05:00,COM VÍTIMA,CASA AMARELA,AV DR EURICO CHAVES,,,COLISÃO LATERAL,0,1,0,0,0,0,0,0,0,1,0,,,,,,,,,
2023-09-19 00:00:00,10:11:00,COM VÍTIMA,CASA AMARELA,RUA CONS PERETTI,,,COLISÃO,0,1,0,0,0,0,0,0,0,1,0,,,,,,,,,
2023-09-19 00:00:00,12:40:00,COM VÍTIMA,SANTO AMARO,RUA DO HOSPICIO,,,COLISÃO LATERAL,1,1,0,0,0,0,0,0,0,1,0,,,,,,,,,
2023-09-19 00:00:00,01:06:00,COM VÍTIMA,ENGENHO DO MEIO,RUA ANTONIO CURADO,,,COLISÃO,0,1,0,0,0,0,0,0,0,1,0,,,,,,,,,
2023-09-19 00:00:00,01:10:00,COM VÍTIMA,ILHA DO LEITE,RUA MARQUES AMORIM,,,COLISÃO LATERAL,1,1,0,0,0,0,0,0,0,1,0,,,,,,,,,
2023-09-19 00:00:00,01:44:00,COM VÍTIMA,BOA VIAGEM,AV ENGENHEIRO DOMINGOS FERREIRA,,,COLISÃO TRASEIRA,0,0,0,0,0,0,0,0,0,1,0,,,,,,,,,
2023-09-19 00:00:00,02:05:00,COM VÍTIMA,ENCRUZILHADA,AV BEBERIBE,,,QUEDA,0,1,0,0,0,0,0,0,0,1,0,,,,,,,,,
2023-09-19 00:00:00,03:57:00,COM VÍTIMA,BOA VIAGEM,RUA ANTONIO FALCAO,,,COLISÃO LATERAL,1,1,0,0,0,0,0,0,0,1,0,,,,,,,,,
2023-09-19 00:00:00,08:22:00,COM VÍTIMA,CASA FORTE,AV DEZESSETE DE AGOSTO,,,COLISÃO LATERAL,0,1,0,0,0,0,0,0,0,1,0,,,,,,,,,
2023-09-19 00:00:00,09:34:00,COM VÍTIMA,IBURA,RUA JOSE LEONCIO GALVAO,,,COLISÃO,0,1,0,0,0,0,0,0,0,1,0,,,,,,,,,
2023-09-19 00:00:00,11:18:00,COM VÍTIMA,AREIAS,AV RECIFE,,,ATROPELAMENTO DE PESSOA,0,0,0,0,1,0,1,0,0,1,0,,,,,,,,,
2023-09-19 00:00:00,11:21:00,COM VÍTIMA,IMBIRIBEIRA,AV MARECHAL MASCARENHAS DE MORAES,,,COLISÃO,0,1,0,0,0,0,0,0,0,1,0,,,,,,,,,
2023-09-20 00:00:00,07:17:00,COM VÍTIMA,AREIAS,AV RECIFE,,,COLISÃO,0,1,0,0,0,0,0,0,0,1,0,,,,,,,,,
2023-09-20 00:00:00,07:17:00,COM VÍTIMA,VARZEA,RUA EDUARDO PRADO,,,COLISÃO LATERAL,2,0,0,0,0,0,0,0,0,1,0,,,,,,,,,
2023-09-20 00:00:00,07:38:00,COM VÍTIMA,IMBIRIBEIRA,AV MARECHAL MASCARENHAS DE MORAES,,,COLISÃO,0,1,0,0,0,0,0,0,0,1,0,,,,,,,,,
2023-09-20 00:00:00,07:38:00,COM VÍTIMA,JAQUEIRA,RUA PADRE ROMA,,,COLISÃO LATERAL,0,1,0,0,0,0,0,0,0,1,0,,,,,,,,,
2023-09-20 00:00:00,07:53:00,COM VÍTIMA,ESPINHEIRO,VDO INDEPENDENCIA,,,COLISÃO TRANSVERSAL,0,1,0,0,0,1,0,0,0,1,0,,,,,,,,,
2023-09-20 00:00:00,07:57:00,COM VÍTIMA,SANTO AMARO,AV GOVERNADOR AGAMENON MAGALHAES,,,COLISÃO,0,1,0,0,0,0,0,0,0,1,0,,,,,,,,,
2023-09-20 00:00:00,08:31:00,COM VÍTIMA,JORDAO,AV MARIA IRENE,,,COLISÃO COM CICLISTA,0,1,0,1,0,0,0,0,0,2,0,,,,,,,,,
2023-09-20 00:00:00,08:34:00,COM VÍTIMA,CAXANGA,AV JOAQUIM RIBEIRO,,,COLISÃO,0,1,0,0,0,0,0,0,0,1,0,,,,,,,,,
2023-09-20 00:00:00,09:58:00,COM VÍTIMA,AGUA FRIA,AV BEBERIBE,,,ATROPELAMENTO DE PESSOA,0,1,0,0,1,0,0,0,0,1,0,,,,,,,,,
2023-09-20 00:00:00,10:06:00,SEM VÍTIMA,BOA VIAGEM,RUA COSMORAMA,,,COLISÃO FRONTAL,1,0,0,0,0,0,0,1,0,0,0,,,,,,,,,
2023-09-20 00:00:00,01:27:00,COM VÍTIMA,PONTO DE PARADA,RUA PORCIUNCULA,,,COLISÃO,0,0,0,0,0,0,0,0,0,1,0,,,,,,,,,
2023-09-20 00:00:00,01:52:00,COM VÍTIMA,BOA VISTA,RUA JOAQUIM FELIPE,,,COLISÃO,0,0,0,0,0,0,0,0,0,1,0,,,,,,,,,
2023-09-20 00:00:00,06:19:00,COM VÍTIMA,DERBY,AV GOVERNADOR AGAMENON MAGALHAES,,,COLISÃO,0,1,0,0,0,0,0,0,0,1,0,,,,,,,,,
2023-09-20 00:00:00,08:51:00,COM VÍTIMA,ARRUDA,AV BEBERIBE,,,ATROPELAMENTO DE PESSOA,0,1,0,0,1,0,0,0,0,1,0,,,,,,,,,
2023-09-20 00:00:00,07:50:00,COM VÍTIMA,BOA VISTA,RUA DO HOSPICIO,,,COLISÃO,0,0,0,0,0,0,0,0,0,1,0,,,,,,,,,
2023-09-20 00:00:00,07:50:00,COM VÍTIMA,AFOGADOS,EST DOS REMEDIOS,,,COLISÃO,0,0,0,0,0,0,0,0,0,1,0,,,,,,,,,
2023-09-20 00:00:00,09:21:00,SEM VÍTIMA,IMBIRIBEIRA,AV MARECHAL MASCARENHAS DE MORAES,,,CHOQUE,0,0,0,0,0,0,0,0,0,0,0,,,,,,,,,
2023-09-21 00:00:00,07:44:00,COM VÍTIMA,DOIS IRMAOS,RUA RIBEIRO PESSOA,,,COLISÃO FRONTAL,1,1,0,0,0,0,0,0,0,1,0,,,,,,,,,
2023-09-21 00:00:00,08:05:00,COM VÍTIMA,SAN MARTIN,AV GENERAL SAN MARTIN,,,COLISÃO FRONTAL,1,1,0,0,0,0,0,0,0,2,0,,,,,,,,,
2023-09-21 00:00:00,08:45:00,COM VÍTIMA,PRADO,AV ENGENHEIRO ABDIAS DE CARVALHO,,,COLISÃO,0,1,0,0,0,0,0,0,0,1,0,,,,,,,,,
2023-09-21 00:00:00,08:57:00,SEM VÍTIMA,AFOGADOS,AV SUL,,CIDADE,COLISÃO LATERAL,1,0,0,0,0,0,1,0,0,0,0,,,,,,,,,
2023-09-21 00:00:00,09:00:00,COM VÍTIMA,CORDEIRO,AV GENERAL SAN MARTIN,,,COLISÃO,0,1,0,0,0,0,0,0,0,1,0,,,,,,,,,
2023-09-21 00:00:00,09:31:00,COM VÍTIMA,ARRUDA,AV PROFESSOR JOSE DOS ANJOS,,,COLISÃO LATERAL,0,1,0,0,0,0,0,0,0,1,0,,,,,,,,,
2023-09-21 00:00:00,11:44:00,SEM VÍTIMA,MADALENA,AV VISCONDE DE ALBUQUERQUE,,,COLISÃO TRANSVERSAL,0,0,0,0,0,0,0,0,0,0,0,,,,,,,,,
2023-09-21 00:00:00,03:30:00,SEM VÍTIMA,PARNAMIRIM,AV PARNAMIRIM,10,CIDADE,COLISÃO TRASEIRA,1,0,0,0,0,1,0,0,0,0,0,,,,,,,,,
2023-09-21 00:00:00,04:16:00,COM VÍTIMA,CASA AMARELA,AV NORTE MIGUEL ARRAES DE ALENCAR,,CIDADE,COLISÃO TRASEIRA,1,1,0,0,0,0,0,0,0,2,0,,,,,,,,,
2023-09-21 00:00:00,04:21:00,SEM VÍTIMA,SAO JOSE,RUA IMPERIAL,,SUBURBIO,COLISÃO TRASEIRA,1,0,0,0,0,0,0,1,0,0,0,,,,,,,,,
2023-09-21 00:00:00,04:47:00,COM VÍTIMA,CAMPO GRANDE,RUA ODORICO MENDES,,,COLISÃO LATERAL,0,1,0,0,0,0,0,0,0,1,0,,,,,,,,,
2023-09-21 00:00:00,04:57:00,COM VÍTIMA,IPSEP,AV RECIFE,,,COLISÃO LATERAL,0,1,0,0,0,0,0,0,0,1,0,,,,,,,,,
2023-09-21 00:00:00,05:11:00,COM VÍTIMA,IMBIRIBEIRA,AV MARECHAL MASCARENHAS DE MORAES,,,COLISÃO LATERAL,0,1,0,0,0,0,0,0,0,1,0,,,,,,,,,
2023-09-21 00:00:00,05:38:00,COM VÍTIMA,LINHA DO TIRO,RUA PROFESSOR JOSE AMARINO DOS REIS,,,COLISÃO LATERAL,0,1,0,0,0,0,0,0,0,1,0,,,,,,,,,
2023-09-21 00:00:00,05:47:00,COM VÍTIMA,SANTO AMARO,AV NORTE MIGUEL ARRAES DE ALENCAR,,SUBURBIO,COLISÃO TRASEIRA,1,1,0,0,0,0,0,0,0,1,0,,,,,,,,,
2023-09-21 00:00:00,08:34:00,COM VÍTIMA,JARDIM SAO PAULO,RUA LEOBINA PEREIRA,,,COLISÃO,0,1,0,0,0,0,0,0,0,1,0,,,,,,,,,
2023-09-21 00:00:00,09:51:00,COM VÍTIMA,SANTO AMARO,AV CRUZ CABUGA,,,COLISÃO COM CICLISTA,0,1,0,1,0,0,0,0,0,2,0,,,,,,,,,
2023-09-22 00:00:00,12:59:00,COM VÍTIMA,BOA VIAGEM,AV BOA VIAGEM,,,COLISÃO,0,1,0,0,0,0,0,0,0,1,0,,,,,,,,,
2023-09-22 00:00:00,07:31:00,COM VÍTIMA,IMBIRIBEIRA,AV MARECHAL MASCARENHAS DE MORAES,,,COLISÃO TRASEIRA,0,1,0,0,0,0,0,0,0,1,0,,,,,,,,,
2023-09-22 00:00:00,07:34:00,COM VÍTIMA,AREIAS,AV DR JOSE RUFINO,,,COLISÃO LATERAL,1,1,0,0,0,0,0,0,0,1,0,,,,,,,,,
2023-09-22 00:00:00,08:53:00,COM VÍTIMA,JORDAO,AV MARIA IRENE,,,COLISÃO LATERAL,0,1,0,0,0,0,0,0,0,1,0,,,,,,,,,
2023-09-22 00:00:00,09:14:00,COM VÍTIMA,PINA,AVENIDA CELSO FURTADO (VIA MANGUE),,,COLISÃO,0,1,0,0,0,0,0,0,0,1,0,,,,,,,,,
2023-09-22 00:00:00,10:42:00,SEM VÍTIMA,AFOGADOS,RUA SANTO ANGELO,,,COLISÃO LATERAL,1,0,0,0,0,0,1,0,0,0,0,,,,,,,,,
2023-09-22 00:00:00,11:08:00,COM VÍTIMA,CAJUEIRO,AV CIDADE DE MONTEIRO,,,COLISÃO,0,1,0,0,0,0,0,0,0,1,0,,,,,,,,,
2023-09-22 00:00:00,11:32:00,COM VÍTIMA,IPUTINGA,AV MAURICIO DE NASSAU,,,COLISÃO,1,1,0,0,0,0,0,0,0,1,0,,,,,,,,,
2023-09-22 00:00:00,12:43:00,COM VÍTIMA,BREJO DA GUABIRABA,COR JOSE IDALINO,,,COLISÃO,0,1,0,0,0,0,0,0,0,1,0,,,,,,,,,
2023-09-22 00:00:00,01:30:00,COM VÍTIMA,CAJUEIRO,AV BEBERIBE,,,COLISÃO LATERAL,0,1,0,0,0,0,0,0,0,1,0,,,,,,,,,
2023-09-22 00:00:00,02:28:00,COM VÍTIMA,PINA,AV DR DIRCEU VELLOSO TOSCANO DE BRITO,,,ATROPELAMENTO DE PESSOA,0,1,0,0,1,0,0,0,0,1,0,,,,,,,,,
2023-09-22 00:00:00,02:44:00,COM VÍTIMA,CAMPO GRANDE,RUA MARIO SETE,,,COLISÃO LATERAL,2,1,0,0,0,0,0,0,0,1,0,,,,,,,,,
2023-09-22 00:00:00,03:37:00,COM VÍTIMA,CABANGA,AV ENGENHEIRO JOSE ESTELITA,,,COLISÃO LATERAL,0,1,0,0,0,0,0,0,0,1,0,,,,,,,,,
2023-09-22 00:00:00,04:32:00,COM VÍTIMA,BRASILIA TEIMOSA,RUA FRANCISCO VALPASSOS,,,COLISÃO LATERAL,0,1,0,0,0,1,0,0,0,1,0,,,,,,,,,
2023-09-23 00:00:00,02:08:00,COM VÍTIMA,BOA VIAGEM,AV ENGENHEIRO DOMINGOS FERREIRA,550,,COLISÃO,2,0,0,0,0,0,0,0,0,2,0,,,,,,,,,
2023-09-23 00:00:00,03:30:00,COM VÍTIMA,PINA,AV BOA VIAGEM,,,CHOQUE,2,0,0,0,0,0,0,0,0,1,0,,,,,,,,,
2023-09-23 00:00:00,05:33:00,COM VÍTIMA,IPSEP,AV RECIFE,,,QUEDA,1,1,0,0,0,0,0,0,0,2,0,,,,,,,,,
2023-09-23 00:00:00,11:38:00,COM VÍTIMA,JAQUEIRA,AV RUI BARBOSA,,,COLISÃO,0,1,0,0,0,0,0,0,0,1,0,,,,,,,,,
2023-09-23 00:00:00,11:38:00,COM VÍTIMA,CASA AMARELA,RUA PADRE LEMOS,,,COLISÃO,1,1,0,0,0,0,0,0,0,1,0,,,,,,,,,
2023-09-23 00:00:00,12:03:00,COM VÍTIMA,MADALENA,EST DOS REMEDIOS,,,COLISÃO TRASEIRA,1,1,0,0,0,0,0,0,0,1,0,,,,,,,,,
2023-09-23 00:00:00,12:47:00,SEM VÍTIMA,IMBIRIBEIRA,RUA ALVARO AMORIM,,SUBURBIO,COLISÃO TRASEIRA,2,0,0,0,0,0,0,0,0,0,0,,,,,,,,,
2023-09-23 00:00:00,01:38:00,COM VÍTIMA,BARRO,RUA BARAO DE LADARIO,,,COLISÃO,0,1,0,0,0,0,0,0,0,1,0,,,,,,,,,
2023-09-23 00:00:00,05:04:00,COM VÍTIMA,AREIAS,AV RECIFE,,,QUEDA,0,1,0,0,0,0,0,0,0,1,0,,,,,,,,,
2023-09-23 00:00:00,05:35:00,COM VÍTIMA,ESTANCIA,RUA MORAIS E SILVA,,,COLISÃO LATERAL,1,1,0,0,0,0,0,0,0,2,0,,,,,,,,,
2023-09-23 00:00:00,06:26:00,COM VÍTIMA,ARRUDA,AV BEBERIBE,,,COLISÃO,0,1,0,0,0,0,0,0,0,1,0,,,,,,,,,
2023-09-23 00:00:00,06:42:00,COM VÍTIMA,IMBIRIBEIRA,AV MARECHAL MASCARENHAS DE MORAES,,,COLISÃO,0,1,0,0,0,0,0,0,0,1,0,,,,,,,,,
2023-09-23 00:00:00,07:04:00,COM VÍTIMA,MADALENA,RUA REAL DA TORRE,,,COLISÃO,0,1,0,0,0,0,0,0,0,1,0,,,,,,,,,
2023-09-23 00:00:00,07:39:00,SEM VÍTIMA,MADALENA,RUA BENFICA,,,COLISÃO,1,1,0,0,0,0,0,0,0,0,0,,,,,,,,,
2023-09-23 00:00:00,07:56:00,COM VÍTIMA,PORTO DA MADEIRA,AV BEBERIBE,,,COLISÃO,0,1,0,0,0,0,0,0,0,1,0,,,,,,,,,
2023-09-23 00:00:00,08:32:00,COM VÍTIMA,AFOGADOS,RUA JOSE MIRANDA,,,COLISÃO,0,1,0,0,0,0,0,0,0,1,0,,,,,,,,,
2023-09-23 00:00:00,08:58:00,COM VÍTIMA,CASA FORTE,AV DEZESSETE DE AGOSTO,,SUBURBIO,QUEDA,0,1,0,0,0,0,0,0,0,1,0,,,,,,,,,
2023-09-23 00:00:00,09:39:00,COM VÍTIMA,MANGABEIRA,AV NORTE MIGUEL ARRAES DE ALENCAR,,,COLISÃO TRASEIRA,1,1,0,0,0,0,0,0,0,1,0,,,,,,,,,
2023-09-23 00:00:00,10:05:00,COM VÍTIMA,IBURA,AV DOIS RIOS,,,COLISÃO,1,1,0,0,0,0,0,0,0,1,0,,,,,,,,,
2023-09-23 00:00:00,11:00:00,COM VÍTIMA,BOA VIAGEM,AV BOA VIAGEM,,,COLISÃO TRASEIRA,2,1,0,0,0,0,0,0,0,1,0,,,,,,,,,
2023-09-23 00:00:00,11:30:00,COM VÍTIMA,BOA VIAGEM,RUA JOAO DIAS MARTINS,,,COLISÃO LATERAL,2,0,0,0,0,0,0,0,0,1,0,,,,,,,,,
2023-09-23 00:00:00,11:40:00,SEM VÍTIMA,SANTO AMARO,AV CRUZ CABUGA,,SUBURBIO,CHOQUE,1,0,0,0,0,0,0,0,0,0,0,,,,,,,,,
2023-09-24 00:00:00,12:32:00,COM VÍTIMA,DOIS UNIDOS,AV HILDEBRANDO DE VASCONCELOS,,,COLISÃO,0,0,0,0,0,0,0,0,0,1,0,,,,,,,,,
2023-09-24 00:00:00,06:12:00,COM VÍTIMA,IBURA,AV PERNAMBUCO,,,COLISÃO LATERAL,0,1,0,0,0,0,0,0,0,1,0,,,,,,,,,
2023-09-24 00:00:00,09:10:00,COM VÍTIMA,AREIAS,AV DR JOSE RUFINO,,,COLISÃO LATERAL,1,1,0,0,0,0,0,0,0,1,0,,,,,,,,,
2023-09-24 00:00:00,09:17:00,COM VÍTIMA,CABANGA,RUA NOVA DA CABANGA,,,COLISÃO LATERAL,0,1,0,0,0,0,0,0,0,1,0,,,,,,,,,
2023-09-24 00:00:00,01:41:00,COM VÍTIMA,FUNDAO,RUA CORONEL URBANO RIBEIRO DE SENA,,,ATROPELAMENTO DE PESSOA,0,0,0,0,1,0,1,0,0,1,0,,,,,,,,,
2023-09-24 00:00:00,04:58:00,COM VÍTIMA,BOA VIAGEM,AV ENGENHEIRO DOMINGOS FERREIRA,,,COLISÃO TRASEIRA,1,1,0,0,0,0,0,0,0,1,0,,,,,,,,,
2023-09-24 00:00:00,05:03:00,COM VÍTIMA,BAIRRO DO RECIFE,CAIS DO APOLO,,,COLISÃO,1,0,0,0,0,0,0,0,0,1,0,,,,,,,,,
2023-09-24 00:00:00,08:07:00,COM VÍTIMA,CASA AMARELA,RUA PROFESSOR ALVARO LIMA,,,COLISÃO LATERAL,1,1,0,0,0,0,0,0,0,1,0,,,,,,,,,
2023-09-25 00:00:00,06:55:00,COM VÍTIMA,CAXANGA,AV CAXANGA,,,COLISÃO LATERAL,0,1,0,0,0,0,0,1,0,1,0,,,,,,,,,
2023-09-25 00:00:00,07:09:00,COM VÍTIMA,SANTO AMARO,AV DR JAYME DA FONTE,,,COLISÃO LATERAL,1,1,0,0,0,0,0,0,0,1,0,,,,,,,,,
2023-09-25 00:00:00,09:10:00,COM VÍTIMA,JAQUEIRA,RUA MUNIZ TAVARES,,,COLISÃO LATERAL,0,1,0,0,0,0,0,0,0,1,0,,,,,,,,,
2023-09-25 00:00:00,10:11:00,COM VÍTIMA,SAO JOSE,AV SUL,,,COLISÃO TRASEIRA,0,1,0,0,0,0,0,0,0,1,0,,,,,,,,,
2023-09-25 00:00:00,10:58:00,SEM VÍTIMA,SANTO AMARO,AV CRUZ CABUGA,,SUBURBIO,CHOQUE,0,0,0,0,0,0,0,0,1,0,0,,,,,,,,,
2023-09-25 00:00:00,12:09:00,COM VÍTIMA,IMBIRIBEIRA,RUA ARQUITETO LUIZ NUNES,632,,COLISÃO TRASEIRA,0,1,0,0,0,0,0,0,0,1,0,,,,,,,,,
2023-09-25 00:00:00,12:35:00,COM VÍTIMA,BOA VIAGEM,RUA DOS NAVEGANTES,,,COLISÃO,0,1,0,0,0,0,0,0,0,1,0,,,,,,,,,
2023-09-25 00:00:00,12:58:00,COM VÍTIMA,BOA VIAGEM,AV CONSELHEIRO AGUIAR,,,ATROPELAMENTO DE PESSOA,1,0,0,0,1,0,0,0,0,1,0,,,,,,,,,
2023-09-25 00:00:00,01:22:00,COM VÍTIMA,SAO JOSE,RUA FLORIANO PEIXOTO,,,COLISÃO FRONTAL,1,1,0,0,0,0,0,0,0,1,0,,,,,,,,,
2023-09-25 00:00:00,01:56:00,COM VÍTIMA,BEBERIBE,RUA COMPOSITOR VINICIUS DE MORAIS,,,COLISÃO,0,1,0,0,0,0,0,0,0,1,0,,,,,,,,,
2023-09-25 00:00:00,02:17:00,COM VÍTIMA,CORDEIRO,AV MAURICIO DE NASSAU,,,COLISÃO LATERAL,1,1,0,0,0,0,0,0,0,1,0,,,,,,,,,
2023-09-25 00:00:00,02:40:00,COM VÍTIMA,MADALENA,RUA REAL DA TORRE,,,COLISÃO,2,0,0,0,0,0,0,0,0,1,0,,,,,,,,,
2023-09-25 00:00:00,03:54:00,COM VÍTIMA,PRADO,RUA RICARDO SALAZAR,,,COLISÃO,0,1,0,0,0,0,0,0,0,1,0,,,,,,,,,
2023-09-25 00:00:00,05:07:00,COM VÍTIMA,IMBIRIBEIRA,AV MARECHAL MASCARENHAS DE MORAES,,,COLISÃO LATERAL,1,1,0,0,0,0,0,0,0,1,0,,,,,,,,,
2023-09-25 00:00:00,05:47:00,COM VÍTIMA,BONGI,AV ENGENHEIRO ABDIAS DE CARVALHO,,,COLISÃO,0,1,0,0,0,0,0,0,0,1,0,,,,,,,,,
2023-09-25 00:00:00,06:11:00,COM VÍTIMA,HIPODROMO,RUA MARQUES DE BAIPENDI,,,COLISÃO,0,1,0,0,0,0,0,0,0,1,0,,,,,,,,,
2023-09-25 00:00:00,06:22:00,COM VÍTIMA,PAISSANDU,AV GOVERNADOR AGAMENON MAGALHAES,,,COLISÃO,0,1,0,0,0,0,0,0,0,1,0,,,,,,,,,
2023-09-25 00:00:00,06:46:00,COM VÍTIMA,ARRUDA,AV BEBERIBE,,,COLISÃO,0,1,0,0,0,0,0,0,0,1,0,,,,,,,,,
2023-09-25 00:00:00,11:38:00,COM VÍTIMA,JIQUIA,RUA SAO MIGUEL,,,COLISÃO TRANSVERSAL,1,1,0,0,0,0,0,0,0,2,0,,,,,,,,,
2023-09-26 00:00:00,01:14:00,COM VÍTIMA,DERBY,PRC PROFESSOR AGAMENON MAGALHAES,,,COLISÃO TRANSVERSAL,0,2,0,0,0,0,0,0,0,1,0,,,,,,,,,
2023-09-26 00:00:00,06:19:00,COM VÍTIMA,BOA VIAGEM,AV ENGENHEIRO DOMINGOS FERREIRA,,,COLISÃO COM CICLISTA,1,0,0,1,0,0,0,0,0,1,0,,,,,,,,,
2023-09-26 00:00:00,07:47:00,COM VÍTIMA,DERBY,AV GOVERNADOR AGAMENON MAGALHAES,174,,COLISÃO TRANSVERSAL,1,1,0,0,0,0,0,0,0,1,0,,,,,,,,,
2023-09-26 00:00:00,08:14:00,COM VÍTIMA,TORROES,RUA ZUMBI DOS PALMARES,,,COLISÃO,0,1,0,0,0,0,0,0,0,1,0,,,,,,,,,
2023-09-26 00:00:00,08:50:00,COM VÍTIMA,IPUTINGA,AV MAURICIO DE NASSAU,,,COLISÃO,1,1,0,0,1,0,0,0,0,1,0,,,,,,,,,
2023-09-26 00:00:00,01:14:00,COM VÍTIMA,BAIRRO DO RECIFE,AV MILITAR,,,COLISÃO,0,1,0,0,0,0,0,0,0,1,0,,,,,,,,,
2023-09-26 00:00:00,01:55:00,COM VÍTIMA,CAMPO GRANDE,EST DE BELEM,,,COLISÃO,2,0,0,0,0,0,0,0,0,1,0,,,,,,,,,
2023-09-26 00:00:00,02:01:00,COM VÍTIMA,PAISSANDU,AV GOVERNADOR AGAMENON MAGALHAES,,,COLISÃO LATERAL,1,1,0,0,0,0,0,0,0,1,0,,,,,,,,,
2023-09-26 00:00:00,02:48:00,COM VÍTIMA,IBURA,RUA FRANCISCO BELTRAO,,,COLISÃO,0,1,0,0,0,0,0,0,0,1,0,,,,,,,,,
2023-09-26 00:00:00,02:48:00,COM VÍTIMA,MACAXEIRA,AV NORTE MIGUEL ARRAES DE ALENCAR,,,COLISÃO,0,1,0,0,0,0,0,0,0,1,0,,,,,,,,,
2023-09-26 00:00:00,02:52:00,SEM VÍTIMA,DOIS UNIDOS,RUA ALTO DO MARACANA,,,COLISÃO,2,0,0,0,0,0,0,0,0,0,0,,,,,,,,,
2023-09-26 00:00:00,03:58:00,COM VÍTIMA,IMBIRIBEIRA,RUA SARGENTO SILVINO DE MACEDO,,,COLISÃO,0,1,0,0,0,0,0,0,0,1,0,,,,,,,,,
2023-09-26 00:00:00,04:22:00,COM VÍTIMA,PINA,AV REPUBLICA DO LIBANO,,,COLISÃO,0,1,0,0,0,0,0,0,0,1,0,,,,,,,,,
2023-09-26 00:00:00,04:28:00,COM VÍTIMA,SANTO AMARO,AV CRUZ CABUGA,,,COLISÃO,1,1,0,0,0,0,0,0,0,1,0,,,,,,,,,
2023-09-26 00:00:00,07:29:00,COM VÍTIMA,ROSARINHO,AV NORTE MIGUEL ARRAES DE ALENCAR,,,COLISÃO,0,0,0,0,0,0,0,0,0,1,0,,,,,,,,,
2023-09-26 00:00:00,09:28:00,COM VÍTIMA,DOIS IRMAOS,RUA MANUEL DE MEDEIROS,,,COLISÃO,0,1,0,0,0,0,0,0,0,1,0,,,,,,,,,
2023-09-27 00:00:00,07:28:00,COM VÍTIMA,IMBIRIBEIRA,AV MARECHAL MASCARENHAS DE MORAES,,,QUEDA,0,1,0,0,0,0,0,0,0,1,0,,,,,,,,,
2023-09-27 00:00:00,07:43:00,COM VÍTIMA,CAMPO GRANDE,RUA SAO CAETANO,,,COLISÃO LATERAL,0,1,0,0,0,0,0,0,0,1,0,,,,,,,,,
2023-09-27 00:00:00,07:46:00,COM VÍTIMA,VARZEA,AV AFONSO OLINDENSE,,,COLISÃO LATERAL,0,1,0,0,0,0,0,0,0,1,0,,,,,,,,,
2023-09-27 00:00:00,08:49:00,COM VÍTIMA,SANTO AMARO,RUA DOS PALMARES,,,COLISÃO LATERAL,0,0,0,0,0,0,0,0,0,1,0,,,,,,,,,
2023-09-27 00:00:00,08:52:00,COM VÍTIMA,SANTO AMARO,AV MARIO MELO,,,COLISÃO,1,1,0,0,0,0,0,0,0,1,0,,,,,,,,,