data,hora,natureza,bairro,endereco,num_semaforo,sentido_via,tipo,auto,moto,ciclom,ciclista,pedestre,onibus,caminhao,viatura,outros,vitimas,vitimasfatais,acidente_verificado,tempo_clima,sinalizacao,condicao_via,conservacao_via,situacao_placa,velocidade_max_via,mao_direcao,divisao_via1
2023-09-27 00:00:00,10:08:00,COM VÍTIMA,IPUTINGA,EST DO BARBALHO,,,COLISÃO,1,1,0,0,0,0,0,0,0,1,0,,,,,,,,,
2023-09-27 00:00:00,11:37:00,COM VÍTIMA,AFOGADOS,RUA QUITERIO INACIO DE MELLO,,,QUEDA,0,1,0,0,0,0,0,0,0,1,0,,,,,,,,,
2023-09-27 00:00:00,12:50:00,COM VÍTIMA,IPUTINGA,AV MAURICIO DE NASSAU,88,,COLISÃO COM CICLISTA,0,1,0,1,0,0,0,0,0,1,0,,,,,,,,,
2023-09-27 00:00:00,01:36:00,COM VÍTIMA,BOA VIAGEM,RUA JOAQUIM BANDEIRA,,,COLISÃO TRASEIRA,1,1,0,0,0,0,0,0,0,1,0,,,,,,,,,
2023-09-27 00:00:00,02:16:00,COM VÍTIMA,BOA VISTA,RUA DOM BOSCO,,,COLISÃO,1,1,0,0,0,0,0,0,0,1,0,,,,,,,,,
2023-09-27 00:00:00,02:21:00,COM VÍTIMA,IMBIRIBEIRA,AV RECIFE,,,COLISÃO LATERAL,0,1,0,0,0,0,0,0,0,1,0,,,,,,,,,
2023-09-27 00:00:00,04:43:00,COM VÍTIMA,VARZEA,RUA ANTONIO PEREIRA,,,COLISÃO FRONTAL,0,1,0,0,0,1,0,0,0,2,0,,,,,,,,,
2023-09-27 00:00:00,05:52:00,COM VÍTIMA,VARZEA,RUA GASTAO VIDIGAL,,,COLISÃO COM CICLISTA,1,0,0,1,0,0,0,0,0,1,0,,,,,,,,,
2023-09-27 00:00:00,06:06:00,COM VÍTIMA,IMBIRIBEIRA,AV MARECHAL MASCARENHAS DE MORAES,,,COLISÃO,0,1,0,1,0,0,0,0,0,1,0,,,,,,,,,
2023-09-27 00:00:00,06:13:00,COM VÍTIMA,AFOGADOS,EST DOS REMEDIOS,,,COLISÃO,0,1,0,0,0,0,0,0,0,1,0,,,,,,,,,
2023-09-27 00:00:00,08:21:00,COM VÍTIMA,MADALENA,RUA JOSE BONIFACIO,,,COLISÃO TRASEIRA,1,1,0,0,0,0,0,0,0,1,0,,,,,,,,,
2023-09-27 00:00:00,09:05:00,COM VÍTIMA,ARRUDA,RUA DAS MOCAS,,,COLISÃO LATERAL,1,1,0,0,0,0,0,0,0,1,0,,,,,,,,,
2023-09-28 00:00:00,07:27:00,COM VÍTIMA,ESPINHEIRO,AV GOVERNADOR AGAMENON MAGALHAES,,,COLISÃO LATERAL,0,1,0,0,0,0,0,0,0,1,0,,,,,,,,,
2023-09-28 00:00:00,11:25:00,COM VÍTIMA,ESPINHEIRO,RUA DR FERNANDO ALLAIN,,,COLISÃO,1,1,0,0,0,0,0,0,0,1,0,,,,,,,,,
2023-09-28 00:00:00,12:14:00,COM VÍTIMA,ENCRUZILHADA,AV JOAO DE BARROS,,,COLISÃO,1,1,0,0,0,0,0,0,0,1,0,,,,,,,,,
2023-09-28 00:00:00,12:35:00,COM VÍTIMA,VARZEA,AV PROFESSOR ARTUR DE SA,,,COLISÃO FRONTAL,1,0,0,0,0,0,0,0,0,1,0,,,,,,,,,
2023-09-28 00:00:00,12:43:00,COM VÍTIMA,CIDADE UNIVERSITARIA,AV PROFESSOR ARTUR DE SA,,,COLISÃO LATERAL,0,1,0,0,0,0,0,0,0,1,0,,,,,,,,,
2023-09-28 00:00:00,01:42:00,COM VÍTIMA,BOA VIAGEM,RUA BALTAZAR PASSOS,,,COLISÃO,0,1,0,0,0,0,0,0,0,1,0,,,,,,,,,
2023-09-28 00:00:00,03:33:00,COM VÍTIMA,BOA VIAGEM,RUA PROFESSOR JOSE BRANDAO,,,ATROPELAMENTO DE PESSOA,1,0,0,0,3,0,0,0,0,1,0,,,,,,,,,
2023-09-28 00:00:00,03:50:00,COM VÍTIMA,IMBIRIBEIRA,AV SUL,,,COLISÃO FRONTAL,0,1,0,0,0,1,0,0,0,1,0,,,,,,,,,
2023-09-28 00:00:00,04:00:00,COM VÍTIMA,TORRE,RUA REAL DA TORRE,,,COLISÃO,0,1,0,0,0,0,0,0,0,1,0,,,,,,,,,
2023-09-28 00:00:00,04:36:00,COM VÍTIMA,SANTO AMARO,AV CRUZ CABUGA,,,COLISÃO TRASEIRA,1,1,0,0,0,0,0,0,0,1,0,,,,,,,,,
2023-09-28 00:00:00,07:06:00,COM VÍTIMA,JOANA BEZERRA,PTE JOAQUIM CARDOSO,,,COLISÃO,1,1,0,0,0,0,0,0,0,1,0,,,,,,,,,
2023-09-28 00:00:00,07:32:00,COM VÍTIMA,JOANA BEZERRA,VIADUTO CAPITAO TEMUDO,,,QUEDA,0,1,0,0,0,0,0,0,0,1,0,,,,,,,,,
2023-09-29 00:00:00,07:15:00,COM VÍTIMA,CABANGA,PTE GOVERNADOR PAULO GUERRA,,,QUEDA,0,1,0,0,0,0,0,0,0,2,0,,,,,,,,,
2023-09-29 00:00:00,08:27:00,COM VÍTIMA,ENCRUZILHADA,AV BEBERIBE,,,COLISÃO LATERAL,0,2,0,0,0,0,0,0,0,2,0,,,,,,,,,
2023-09-29 00:00:00,09:34:00,COM VÍTIMA,CASA AMARELA,RUA PADRE LEMOS,,,COLISÃO LATERAL,1,1,0,0,0,0,0,0,0,1,0,,,,,,,,,
2023-09-29 00:00:00,10:27:00,COM VÍTIMA,DOIS IRMAOS,RUA MANUEL DE MEDEIROS,,,COLISÃO COM CICLISTA,1,0,0,1,0,0,0,0,0,1,0,,,,,,,,,
2023-09-29 00:00:00,10:44:00,COM VÍTIMA,SANTO AMARO,RUA DA AURORA,,,COLISÃO TRASEIRA,1,1,0,0,0,0,0,0,0,1,0,,,,,,,,,
2023-09-29 00:00:00,12:00:00,COM VÍTIMA,MADALENA,AV CAXANGA,,,COLISÃO,0,1,0,0,0,0,0,0,0,1,0,,,,,,,,,
2023-09-29 00:00:00,02:02:00,COM VÍTIMA,MUSTARDINHA,AV MANOEL GONCALVES DA LUZ,,,COLISÃO LATERAL,0,2,0,0,0,0,0,0,0,1,0,,,,,,,,,
2023-09-29 00:00:00,04:39:00,COM VÍTIMA,TORRE,AV BEIRA RIO,,,COLISÃO,1,1,0,0,0,0,0,0,0,1,0,,,,,,,,,
2023-09-29 00:00:00,07:06:00,COM VÍTIMA,SANTO AMARO,AV GOVERNADOR AGAMENON MAGALHAES,,,COLISÃO,1,1,0,0,0,0,0,0,0,1,0,,,,,,,,,
2023-09-29 00:00:00,08:53:00,COM VÍTIMA,VARZEA,AV CAXANGA,,,COLISÃO,0,1,0,0,0,0,0,0,0,3,0,,,,,,,,,
2023-09-29 00:00:00,09:37:00,COM VÍTIMA,ESPINHEIRO,RUA DO ESPINHEIRO,,,COLISÃO TRANSVERSAL,1,1,0,0,0,0,0,0,0,1,0,,,,,,,,,
2023-09-29 00:00:00,11:51:00,COM VÍTIMA,ILHA DO RETIRO,RUA JOAO ELISIO RAMOS,,,COLISÃO,0,1,0,0,0,0,0,0,0,1,0,,,,,,,,,
2023-09-30 00:00:00,05:50:00,COM VÍTIMA,BONGI,RUA COSME VIANA,430,,COLISÃO,0,2,0,0,0,0,0,0,0,3,0,,,,,,,,,
2023-09-30 00:00:00,06:56:00,COM VÍTIMA,IMBIRIBEIRA,AV MARECHAL MASCARENHAS DE MORAES,,,COLISÃO LATERAL,0,1,0,0,0,0,0,0,0,1,0,,,,,,,,,
2023-09-30 00:00:00,06:59:00,COM VÍTIMA,TORROES,AV ENGENHEIRO ABDIAS DE CARVALHO,,,,1,1,0,0,0,0,0,0,0,1,0,,,,,,,,,
2023-09-30 00:00:00,07:45:00,COM VÍTIMA,JOANA BEZERRA,AV GOVERNADOR AGAMENON MAGALHAES,,,COLISÃO,1,1,0,0,0,0,0,0,0,1,0,,,,,,,,,
2023-09-30 00:00:00,07:46:00,COM VÍTIMA,ROSARINHO,AV NORTE MIGUEL ARRAES DE ALENCAR,,,ATROPELAMENTO DE PESSOA,0,1,0,0,1,0,0,0,0,1,0,,,,,,,,,
2023-09-30 00:00:00,08:03:00,COM VÍTIMA,AREIAS,AV DR JOSE RUFINO,,,COLISÃO LATERAL,0,1,0,0,0,0,0,0,0,1,0,,,,,,,,,
2023-09-30 00:00:00,08:45:00,COM VÍTIMA,AREIAS,AV DR JOSE RUFINO,,,COLISÃO LATERAL,0,1,0,0,0,0,0,0,0,1,0,,,,,,,,,
2023-09-30 00:00:00,09:10:00,COM VÍTIMA,IMBIRIBEIRA,AV MARECHAL MASCARENHAS DE MORAES,,,COLISÃO LATERAL,0,1,0,0,0,0,0,0,0,1,0,,,,,,,,,
2023-09-30 00:00:00,09:29:00,COM VÍTIMA,BOA VIAGEM,AV ENGENHEIRO DOMINGOS FERREIRA,,,COLISÃO LATERAL,0,1,0,0,0,0,0,0,0,1,0,,,,,,,,,
2023-09-30 00:00:00,09:39:00,COM VÍTIMA,IMBIRIBEIRA,RUA JOAQUIM BANDEIRA,,,COLISÃO LATERAL,0,1,0,0,0,0,0,0,0,1,0,,,,,,,,,
2023-09-30 00:00:00,10:01:00,COM VÍTIMA,SAO JOSE,AV SUL,,,COLISÃO LATERAL,0,1,0,0,0,0,0,0,0,1,0,,,,,,,,,
2023-09-30 00:00:00,10:03:00,COM VÍTIMA,IBURA,AV RIO SAO FRANCISCO,,,COLISÃO LATERAL,0,1,0,0,0,0,0,0,0,1,0,,,,,,,,,
2023-09-30 00:00:00,10:32:00,COM VÍTIMA,PORTO DA MADEIRA,AV BEBERIBE,,,COLISÃO LATERAL,0,1,0,0,0,0,0,0,0,1,0,,,,,,,,,
2023-09-30 00:00:00,10:41:00,COM VÍTIMA,CORDEIRO,AV GENERAL SAN MARTIN,,,COLISÃO LATERAL,0,1,0,0,0,0,0,0,0,1,0,,,,,,,,,
2023-09-30 00:00:00,11:19:00,COM VÍTIMA,TORROES,EST DO FORTE DO ARRAIAL N. DO B. JESUS,,,COLISÃO,1,1,0,0,0,0,0,0,0,1,0,,,,,,,,,
2023-09-30 00:00:00,11:19:00,COM VÍTIMA,MACAXEIRA,AV NORTE MIGUEL ARRAES DE ALENCAR,,,COLISÃO LATERAL,0,1,0,0,0,0,0,0,0,1,0,,,,,,,,,
2023-09-30 00:00:00,11:56:00,COM VÍTIMA,CORDEIRO,EST DO FORTE DO ARRAIAL N. DO B. JESUS,,,COLISÃO LATERAL,0,1,0,0,0,0,0,0,0,1,0,,,,,,,,,
2023-09-30 00:00:00,03:11:00,COM VÍTIMA,TORROES,AV ENGENHEIRO ABDIAS DE CARVALHO,,,COLISÃO LATERAL,0,1,0,0,0,0,0,0,0,1,0,,,,,,,,,
2023-09-30 00:00:00,06:11:00,COM VÍTIMA,IBURA,RUA JORNALISTA EDSON REGIS,,SUBURBIO,COLISÃO FRONTAL,1,1,0,0,0,0,0,0,0,1,0,,,,,,,,,
2023-09-30 00:00:00,06:42:00,COM VÍTIMA,ALTO JOSE BONIFACIO,RUA ALTO JOSE BONIFACIO,,,COLISÃO FRONTAL,0,2,0,0,0,0,0,0,0,2,0,,,,,,,,,
2023-09-30 00:00:00,07:26:00,COM VÍTIMA,CASA FORTE,AV DEZESSETE DE AGOSTO,,,COLISÃO,2,1,0,0,0,0,0,0,0,1,0,,,,,,,,,
2023-09-30 00:00:00,09:50:00,COM VÍTIMA,PARNAMIRIM,AV PARNAMIRIM,,,QUEDA,0,1,0,0,0,0,0,0,0,1,0,,,,,,,,,
2023-10-01 00:00:00,12:54:00,COM VÍTIMA,BOA VIAGEM,RUA RIO AZUL,,,COLISÃO TRASEIRA,1,1,0,0,0,0,0,0,0,1,0,,,,,,,,,
2023-10-01 00:00:00,01:44:00,COM VÍTIMA,IMBIRIBEIRA,AV MARECHAL MASCARENHAS DE MORAES,,,COLISÃO,0,1,0,0,0,0,0,0,0,1,0,,,,,,,,,
2023-10-01 00:00:00,02:19:00,COM VÍTIMA,BOA VIAGEM,RUA ERNESTO DE PAULA SANTOS,,,COLISÃO,0,1,0,0,0,0,0,0,0,1,0,,,,,,,,,
2023-10-01 00:00:00,04:05:00,COM VÍTIMA,ALTO JOSE DO PINHO,RUA DA MACAIBA,,,COLISÃO,0,1,0,0,0,0,0,0,0,1,0,,,,,,,,,
2023-10-01 00:00:00,06:41:00,COM VÍTIMA,NOVA DESCOBERTA,AV VEREADOR OTACILIO AZEVEDO,,,COLISÃO,0,1,0,0,0,0,0,0,0,1,0,,,,,,,,,
2023-10-01 00:00:00,10:55:00,COM VÍTIMA,TAMARINEIRA,RUA CONEGO BARATA,,,COLISÃO LATERAL,1,2,0,0,0,0,0,0,0,1,0,,,,,,,,,
2023-10-02 00:00:00,07:19:00,COM VÍTIMA,SANTO AMARO,PTE DO LIMOEIRO,,,COLISÃO,0,1,0,0,0,0,0,0,0,1,0,,,,,,,,,
2023-10-02 00:00:00,10:47:00,COM VÍTIMA,ILHA JOANA BEZERRA,AV GOVERNADOR AGAMENON MAGALHAES,,,CHOQUE,1,0,0,0,0,0,0,0,0,2,0,,,,,,,,,
2023-10-02 00:00:00,11:11:00,COM VÍTIMA,TAMARINEIRA,RUA PADRE ROMA,,,COLISÃO,0,1,0,0,0,0,0,0,0,1,0,,,,,,,,,
2023-10-02 00:00:00,11:33:00,COM VÍTIMA,SANTO AMARO,AV GOVERNADOR AGAMENON MAGALHAES,,,COLISÃO LATERAL,0,1,0,0,0,0,0,0,0,1,0,,,,,,,,,
2023-10-02 00:00:00,12:14:00,COM VÍTIMA,MADALENA,RUA REAL DA TORRE,,,COLISÃO,1,0,0,0,0,0,0,0,0,1,0,,,,,,,,,
2023-10-02 00:00:00,12:17:00,COM VÍTIMA,BOA VIAGEM,AV ENGENHEIRO DOMINGOS FERREIRA,,,COLISÃO,0,1,0,0,0,0,0,0,0,1,0,,,,,,,,,
2023-10-02 00:00:00,01:07:00,COM VÍTIMA,BOA VIAGEM,AV ENGENHEIRO DOMINGOS FERREIRA,,,COLISÃO TRASEIRA,1,1,0,0,0,0,0,0,0,1,0,,,,,,,,,
2023-10-02 00:00:00,01:22:00,COM VÍTIMA,JORDAO,RUA ALBERTO LUNDGREN,,,COLISÃO LATERAL,0,1,0,0,0,0,0,1,0,1,0,,,,,,,,,
2023-10-02 00:00:00,01:36:00,COM VÍTIMA,JOANA BEZERRA,AV BEIRA RIO,,,COLISÃO,0,1,0,0,0,0,0,0,0,1,0,,,,,,,,,
2023-10-02 00:00:00,03:18:00,COM VÍTIMA,BOA VIAGEM,AV ENGENHEIRO DOMINGOS FERREIRA,,,COLISÃO LATERAL,2,1,0,0,0,0,0,0,0,1,0,,,,,,,,,
2023-10-02 00:00:00,07:02:00,COM VÍTIMA,ARRUDA,AV BEBERIBE,,,COLISÃO,1,1,0,0,0,0,0,0,0,2,0,,,,,,,,,
2023-10-02 00:00:00,07:35:00,COM VÍTIMA,IPUTINGA,EST DO BARBALHO,,,COLISÃO,0,1,0,0,0,0,0,0,0,1,0,,,,,,,,,
2023-10-02 00:00:00,08:08:00,COM VÍTIMA,VARZEA,AV CAXANGA,,SUBURBIO,COLISÃO,0,1,0,0,0,0,0,0,0,1,0,,,,,,,,,
2023-10-02 00:00:00,10:24:00,COM VÍTIMA,DERBY,AV GOVERNADOR AGAMENON MAGALHAES,75,SUBURBIO,QUEDA,0,1,0,0,0,0,0,0,0,2,0,,,,,,,,,
2023-10-03 00:00:00,08:06:00,COM VÍTIMA,ENCRUZILHADA,AV BEBERIBE,,,COLISÃO,1,1,0,0,0,0,0,0,0,1,0,,,,,,,,,
2023-10-03 00:00:00,08:41:00,COM VÍTIMA,TOTO,AV LIBERDADE,,,COLISÃO LATERAL,0,1,0,0,0,0,0,0,0,1,0,,,,,,,,,
2023-10-03 00:00:00,08:45:00,COM VÍTIMA,ENCRUZILHADA,RUA QUARENTA E OITO,,,COLISÃO LATERAL,0,0,0,0,0,0,0,0,0,1,0,,,,,,,,,
2023-10-03 00:00:00,08:54:00,COM VÍTIMA,IMBIRIBEIRA,RUA ARQUITETO LUIZ NUNES,,,COLISÃO,0,1,0,0,0,0,0,0,0,1,0,,,,,,,,,
2023-10-03 00:00:00,12:19:00,COM VÍTIMA,AFOGADOS,RUA SAO MIGUEL,,,COLISÃO LATERAL,1,1,0,0,0,0,0,0,0,1,0,,,,,,,,,
2023-10-03 00:00:00,12:55:00,COM VÍTIMA,IBURA,RUA JORNALISTA EDSON REGIS,,,COLISÃO LATERAL,0,1,0,0,0,0,0,0,0,1,0,,,,,,,,,
2023-10-03 00:00:00,01:09:00,COM VÍTIMA,CASA AMARELA,AV NORTE MIGUEL ARRAES DE ALENCAR,,,COLISÃO,0,1,0,0,0,0,0,0,0,1,0,,,,,,,,,
2023-10-03 00:00:00,01:13:00,COM VÍTIMA,ARRUDA,RUA DA REGENERACAO,,,COLISÃO,0,1,0,0,0,0,0,0,0,1,0,,,,,,,,,
2023-10-03 00:00:00,01:20:00,COM VÍTIMA,BOA VIAGEM,RUA DONA MAGINA PONTUAL,,,COLISÃO,1,1,0,0,0,0,0,0,0,1,0,,,,,,,,,
2023-10-03 00:00:00,02:32:00,COM VÍTIMA,AFOGADOS,RUA SAO MIGUEL,425,,COLISÃO LATERAL,1,1,0,0,0,0,0,0,0,1,0,,,,,,,,,
2023-10-03 00:00:00,02:56:00,COM VÍTIMA,JAQUEIRA,RUA LEONARDO BEZERRA CAVALCANTE,,,COLISÃO TRASEIRA,2,1,0,0,0,0,0,0,0,1,0,,,,,,,,,
2023-10-03 00:00:00,03:06:00,COM VÍTIMA,BEBERIBE,AV BEBERIBE,,,COLISÃO FRONTAL,1,1,0,0,0,0,0,0,0,1,0,,,,,,,,,
2023-10-03 00:00:00,03:17:00,COM VÍTIMA,BOA VIAGEM,AVENIDA CELSO FURTADO (VIA MANGUE),,,COLISÃO LATERAL,2,1,0,0,0,0,0,0,0,1,0,,,,,,,,,
2023-10-03 00:00:00,06:37:00,COM VÍTIMA,DOIS IRMAOS,RUA DOIS IRMAOS,,,COLISÃO,0,1,0,0,0,0,0,0,0,1,0,,,,,,,,,
2023-10-03 00:00:00,06:45:00,COM VÍTIMA,CAXANGA,AV CAXANGA,,,COLISÃO,0,1,0,0,0,0,0,0,0,1,0,,,,,,,,,
2023-10-03 00:00:00,06:49:00,COM VÍTIMA,BONGI,AV ENGENHEIRO ABDIAS DE CARVALHO,,,COLISÃO,0,1,0,0,0,0,0,0,0,1,0,,,,,,,,,
2023-10-03 00:00:00,07:23:00,COM VÍTIMA,AFOGADOS,RUA DA PAZ,,,COLISÃO,1,1,0,0,0,0,0,0,0,1,0,,,,,,,,,
2023-10-03 00:00:00,07:28:00,COM VÍTIMA,COELHOS,RUA DOS COELHOS,,,ATROPELAMENTO DE PESSOA,0,1,0,0,1,0,0,0,0,1,0,,,,,,,,,
2023-10-03 00:00:00,08:31:00,COM VÍTIMA,COELHOS,RUA PADRE VENANCIO,,,COLISÃO,1,1,0,0,0,0,0,0,0,1,0,,,,,,,,,
2023-10-03 00:00:00,08:31:00,COM VÍTIMA,BOA VIAGEM,AV CONSELHEIRO AGUIAR,,,COLISÃO,1,1,0,0,0,0,0,0,0,1,0,,,,,,,,,
2023-10-03 00:00:00,08:36:00,SEM VÍTIMA,BOA VISTA,RUA DOM BOSCO,401,,COLISÃO,3,0,0,0,0,0,0,0,0,0,0,,,,,,,,,
2023-10-04 00:00:00,06:38:00,COM VÍTIMA,SANTO AMARO,PRQ TREZE DE MAIO,,,COLISÃO,0,0,0,0,0,0,0,0,0,1,0,,,,,,,,,
2023-10-04 00:00:00,07:04:00,COM VÍTIMA,CABANGA,,,,COLISÃO,0,1,0,1,0,0,0,0,0,1,0,,,,,,,,,
2023-10-04 00:00:00,07:14:00,COM VÍTIMA,SANTO AMARO,RUA DO SOSSEGO,,,COLISÃO,0,1,0,0,0,0,0,0,0,1,0,,,,,,,,,
2023-10-04 00:00:00,07:15:00,COM VÍTIMA,VARZEA,AV AFONSO OLINDENSE,,,COLISÃO LATERAL,0,1,0,0,0,0,0,0,0,1,0,,,,,,,,,
2023-10-04 00:00:00,07:52:00,COM VÍTIMA,JORDAO,AV MARECHAL MASCARENHAS DE MORAES,,,COLISÃO LATERAL,0,1,0,0,0,0,0,0,0,1,0,,,,,,,,,
2023-10-04 00:00:00,08:21:00,COM VÍTIMA,CORDEIRO,AV GENERAL SAN MARTIN,,,COLISÃO,0,0,0,0,0,0,0,0,0,1,0,,,,,,,,,
2023-10-04 00:00:00,08:37:00,COM VÍTIMA,VARZEA,RUA FRANCISCO LACERDA,,,COLISÃO,0,0,0,0,0,0,0,0,0,1,0,,,,,,,,,
2023-10-04 00:00:00,08:38:00,COM VÍTIMA,AFOGADOS,RUA COSME VIANA,,,COLISÃO,0,1,0,0,0,0,0,0,0,1,0,,,,,,,,,
2023-10-04 00:00:00,09:36:00,COM VÍTIMA,AFOGADOS,RUA PADRE TEOFILO TWORZ,,,COLISÃO,0,0,0,0,0,0,0,0,0,1,0,,,,,,,,,
2023-10-04 00:00:00,11:21:00,COM VÍTIMA,PINA,AV ANTONIO DE GOES,,,COLISÃO,0,1,0,0,0,0,0,0,0,1,0,,,,,,,,,
2023-10-04 00:00:00,02:04:00,COM VÍTIMA,DERBY,AV GOVERNADOR AGAMENON MAGALHAES,,,COLISÃO,0,0,0,0,0,0,0,0,0,1,0,,,,,,,,,
2023-10-04 00:00:00,03:28:00,COM VÍTIMA,SAO JOSE,RUA DR JOSE MARIANO,,,COLISÃO,0,1,0,0,0,0,0,0,0,1,0,,,,,,,,,
2023-10-04 00:00:00,03:46:00,COM VÍTIMA,AFOGADOS,AV SUL,320,,COLISÃO,1,1,0,0,0,0,0,0,0,1,0,,,,,,,,,
2023-10-04 00:00:00,05:31:00,COM VÍTIMA,CORDEIRO,RUA TAMBORIL,,,COLISÃO,1,1,0,0,0,0,0,0,0,1,0,,,,,,,,,
2023-10-04 00:00:00,06:37:00,COM VÍTIMA,BOA VIAGEM,RUA GENERAL EDSON AMANCIO RAMALHO,,,COLISÃO,1,0,0,1,0,0,0,0,0,1,0,,,,,,,,,
2023-10-04 00:00:00,07:03:00,COM VÍTIMA,TEJIPIO,AV DR JOSE RUFINO,,,COLISÃO TRANSVERSAL,1,1,0,0,0,0,0,0,0,1,0,,,,,,,,,
2023-10-05 00:00:00,08:27:00,SEM VÍTIMA,,AV SUL,,CIDADE,,1,0,0,0,0,0,1,0,0,0,0,,,,,,,,,
2023-10-05 00:00:00,08:58:00,SEM VÍTIMA,TORRE,RUA CONDE DE IRAJA,191,,COLISÃO TRASEIRA,1,0,0,0,0,0,0,1,0,0,0,,,,,,,,,
2023-10-05 00:00:00,09:10:00,COM VÍTIMA,BOA VIAGEM,RUA WALDEMAR NERY CARNEIRO MONTEIRO,,,COLISÃO LATERAL,1,1,0,0,0,0,0,0,0,1,0,,,,,,,,,
2023-10-05 00:00:00,10:19:00,COM VÍTIMA,BOA VIAGEM,AV CONSELHEIRO AGUIAR,,,ATROPELAMENTO DE PESSOA,1,0,0,0,1,0,0,0,0,1,0,,,,,,,,,
2023-10-05 00:00:00,01:18:00,COM VÍTIMA,BOA VIAGEM,AV VINTE DE JANEIRO,,,COLISÃO LATERAL,1,1,0,0,0,0,0,0,0,1,0,,,,,,,,,
2023-10-05 00:00:00,02:12:00,COM VÍTIMA,BOA VISTA,AV GOVERNADOR AGAMENON MAGALHAES,,,COLISÃO,0,1,0,0,0,0,0,0,0,1,0,,,,,,,,,
2023-10-05 00:00:00,05:05:00,COM VÍTIMA,CABANGA,AV SATURNINO DE BRITO,,,COLISÃO LATERAL,3,0,0,0,0,0,0,0,0,1,0,,,,,,,,,
2023-10-05 00:00:00,06:36:00,COM VÍTIMA,SAO JOSE,AV SUL,,,COLISÃO,0,1,0,0,0,0,0,0,0,1,0,,,,,,,,,
2023-10-06 00:00:00,06:12:00,SEM VÍTIMA,IMBIRIBEIRA,AV MARECHAL MASCARENHAS DE MORAES,,,CHOQUE,0,0,0,0,0,0,0,0,0,0,0,,,,,,,,,
2023-10-06 00:00:00,07:04:00,COM VÍTIMA,BOA VIAGEM,AV ENGENHEIRO DOMINGOS FERREIRA,,,COLISÃO LATERAL,1,1,0,0,0,0,0,0,0,2,0,,,,,,,,,
2023-10-06 00:00:00,07:04:00,COM VÍTIMA,BOA VIAGEM,RUA BRUNO VELOSO,,,COLISÃO,0,1,0,0,0,0,0,0,0,1,0,,,,,,,,,
2023-10-06 00:00:00,07:22:00,COM VÍTIMA,AGUA FRIA,EST VELHA DE AGUA FRIA,,,COLISÃO,0,1,0,0,0,0,0,0,0,1,0,,,,,,,,,
2023-10-06 00:00:00,07:30:00,COM VÍTIMA,LINHA DO TIRO,RUA SODRELANDIA,,,COLISÃO LATERAL,0,1,0,0,0,0,0,0,0,1,0,,,,,,,,,
2023-10-06 00:00:00,08:09:00,COM VÍTIMA,CASA AMARELA,RUA CONS PERETTI,,,COLISÃO LATERAL,0,1,0,0,0,1,0,0,0,2,0,,,,,,,,,
2023-10-06 00:00:00,08:14:00,COM VÍTIMA,PINA,AVENIDA CELSO FURTADO (VIA MANGUE),,,ENGAVETAMENTO,2,0,0,0,0,0,1,0,0,1,0,,,,,,,,,
2023-10-06 00:00:00,08:19:00,COM VÍTIMA,BOA VIAGEM,AV ENGENHEIRO DOMINGOS FERREIRA,,,COLISÃO LATERAL,0,1,0,0,0,0,0,0,0,1,0,,,,,,,,,
2023-10-06 00:00:00,09:03:00,COM VÍTIMA,JOANA BEZERRA,VIADUTO CAPITAO TEMUDO,,,COLISÃO LATERAL,0,1,0,0,0,0,0,0,0,1,0,,,,,,,,,
2023-10-06 00:00:00,09:38:00,COM VÍTIMA,TAMARINEIRA,RUA CONEGO BARATA,,,COLISÃO LATERAL,0,1,0,0,0,0,1,0,0,1,0,,,,,,,,,
2023-10-06 00:00:00,10:55:00,COM VÍTIMA,TORRE,RUA CONDE DE IRAJA,,,ENGAVETAMENTO,4,0,0,0,0,0,0,0,0,1,0,,,,,,,,,
2023-10-06 00:00:00,11:57:00,SEM VÍTIMA,CORDEIRO,RUA ODETE MONTEIRO,,,COLISÃO FRONTAL,1,1,0,0,0,0,0,0,0,0,0,,,,,,,,,
2023-10-06 00:00:00,12:07:00,COM VÍTIMA,IMBIRIBEIRA,AV MARECHAL MASCARENHAS DE MORAES,,,COLISÃO TRASEIRA,1,1,0,0,0,0,0,0,0,1,0,,,,,,,,,
2023-10-06 00:00:00,01:04:00,COM VÍTIMA,BOA VIAGEM,RUA VISCONDE DE JEQUITINHONHA,,,COLISÃO LATERAL,0,1,0,0,0,0,0,0,0,1,0,,,,,,,,,
2023-10-06 00:00:00,01:16:00,COM VÍTIMA,CAXANGA,AV CAXANGA,,,COLISÃO TRASEIRA,1,1,0,0,0,0,0,0,0,1,0,,,,,,,,,
2023-10-06 00:00:00,01:20:00,COM VÍTIMA,CAMPO GRANDE,RUA JERONIMO VILELA,,,COLISÃO LATERAL,0,1,0,0,0,0,0,0,0,1,0,,,,,,,,,
2023-10-06 00:00:00,01:49:00,COM VÍTIMA,BOA VIAGEM,RUA ENGENHEIRO ZAEL DIOGENES,,,COLISÃO,1,1,0,0,0,0,0,0,0,1,0,,,,,,,,,
2023-10-06 00:00:00,02:18:00,COM VÍTIMA,MADALENA,RUA BENFICA,,,COLISÃO,1,1,0,0,0,0,0,0,0,1,0,,,,,,,,,
2023-10-06 00:00:00,03:05:00,COM VÍTIMA,CABANGA,AV SATURNINO DE BRITO,,,COLISÃO,0,1,0,0,0,0,0,0,0,1,0,,,,,,,,,
2023-10-06 00:00:00,05:55:00,COM VÍTIMA,CAMPO GRANDE,RUA JERONIMO VILELA,,,COLISÃO,0,1,0,0,0,0,0,0,0,1,0,,,,,,,,,
2023-10-06 00:00:00,06:32:00,COM VÍTIMA,BREJO DA GUABIRABA,AV VEREADOR OTACILIO AZEVEDO,,,COLISÃO,0,1,0,0,0,0,0,0,0,1,0,,,,,,,,,
2023-10-06 00:00:00,07:18:00,COM VÍTIMA,GRACAS,RUA AMARO BEZERRA,,,COLISÃO,1,1,0,0,0,0,0,0,0,2,0,,,,,,,,,
2023-10-06 00:00:00,07:30:00,COM VÍTIMA,DOIS IRMAOS,RUA MANUEL DE MEDEIROS,,,COLISÃO,0,1,0,0,0,0,0,0,0,1,0,,,,,,,,,
2023-10-06 00:00:00,07:31:00,COM VÍTIMA,SAO JOSE,AV SUL,,,COLISÃO,0,1,0,0,0,0,0,0,0,1,0,,,,,,,,,
2023-10-07 00:00:00,12:10:00,COM VÍTIMA,BOA VIAGEM,RUA BRUNO VELOSO,,,COLISÃO COM CICLISTA,0,0,0,1,0,0,0,0,0,1,0,,,,,,,,,
2023-10-07 00:00:00,12:15:00,COM VÍTIMA,IBURA,RUA CAMPO VERDE,,,COLISÃO FRONTAL,0,0,0,0,0,0,0,0,0,2,0,,,,,,,,,
2023-10-07 00:00:00,12:20:00,COM VÍTIMA,JORDAO,PRC DO JORDAO,,,COLISÃO LATERAL,0,0,0,0,0,0,0,0,0,1,0,,,,,,,,,
2023-10-07 00:00:00,12:28:00,COM VÍTIMA,CASA AMARELA,EST MORRO DA CONCEICAO,,,COLISÃO,0,0,0,0,0,0,0,0,0,1,0,,,,,,,,,
2023-10-07 00:00:00,01:38:00,COM VÍTIMA,CAMPO GRANDE,RUA JERONIMO VILELA,,,,0,0,0,0,0,0,0,0,0,2,0,,,,,,,,,
2023-10-07 00:00:00,02:29:00,COM VÍTIMA,ARRUDA,AV BEBERIBE,64,,COLISÃO,0,0,0,0,0,0,0,0,0,1,0,,,,,,,,,
2023-10-07 00:00:00,08:50:00,COM VÍTIMA,BOA VIAGEM,RUA BRUNO VELOSO,,,COLISÃO,0,1,0,0,0,0,0,0,0,1,0,,,,,,,,,
2023-10-07 00:00:00,09:25:00,COM VÍTIMA,CAMPO GRANDE,AV CORREIA DE BRITO,,,COLISÃO,0,1,0,0,0,0,0,0,0,1,0,,,,,,,,,
2023-10-07 00:00:00,12:38:00,COM VÍTIMA,BAIRRO DO RECIFE,AV RIO BRANCO,,,COLISÃO,0,1,0,0,0,0,0,0,0,1,0,,,,,,,,,
2023-10-07 00:00:00,12:55:00,COM VÍTIMA,IMBIRIBEIRA,AV MARECHAL MASCARENHAS DE MORAES,,,COLISÃO LATERAL,0,2,0,0,0,0,0,0,0,2,0,,,,,,,,,