data,hora,natureza,bairro,endereco,num_semaforo,sentido_via,tipo,auto,moto,ciclom,ciclista,pedestre,onibus,caminhao,viatura,outros,vitimas,vitimasfatais,acidente_verificado,tempo_clima,sinalizacao,condicao_via,conservacao_via,situacao_placa,velocidade_max_via,mao_direcao,divisao_via1
2023-10-07 00:00:00,06:35:00,COM VÍTIMA,CORDEIRO,RUA CONS SILVEIRA DE SOUZA,,,COLISÃO,0,1,0,0,0,0,0,0,0,1,0,,,,,,,,,
2023-10-07 00:00:00,08:25:00,COM VÍTIMA,MANGABEIRA,AV NORTE MIGUEL ARRAES DE ALENCAR,,,ATROPELAMENTO DE PESSOA,0,1,0,0,1,0,0,0,0,2,0,,,,,,,,,
2023-10-07 00:00:00,09:11:00,COM VÍTIMA,IPSEP,AV RECIFE,,,COLISÃO,0,1,0,0,0,0,0,0,0,1,0,,,,,,,,,
2023-10-07 00:00:00,11:46:00,COM VÍTIMA,IBURA,AV DOIS RIOS,,,COLISÃO FRONTAL,1,1,0,0,0,0,0,0,0,1,0,,,,,,,,,
2023-10-08 00:00:00,08:31:00,COM VÍTIMA,CASA AMARELA,AV NORTE MIGUEL ARRAES DE ALENCAR,,,COLISÃO LATERAL,0,1,0,0,0,0,0,0,0,1,0,,,,,,,,,
2023-10-08 00:00:00,09:25:00,COM VÍTIMA,IMBIRIBEIRA,AV MARECHAL MASCARENHAS DE MORAES,,,COLISÃO LATERAL,0,1,0,0,0,0,0,0,0,1,0,,,,,,,,,
2023-10-08 00:00:00,10:53:00,COM VÍTIMA,IPSEP,AV RECIFE,,,COLISÃO LATERAL,1,1,0,0,0,0,0,0,0,1,0,,,,,,,,,
2023-10-08 00:00:00,11:45:00,COM VÍTIMA,AREIAS,AV RECIFE,,,COLISÃO LATERAL,1,0,0,0,0,0,0,0,0,1,0,,,,,,,,,
2023-10-08 00:00:00,11:49:00,COM VÍTIMA,ESPINHEIRO,RUA AMELIA,,,COLISÃO LATERAL,0,1,0,0,0,0,0,0,0,1,0,,,,,,,,,
2023-10-08 00:00:00,11:51:00,VÍTIMA FATAL,ESTANCIA,AV RECIFE,59,,COLISÃO,2,0,0,0,0,0,0,0,0,0,1,,,,,,,,,
2023-10-08 00:00:00,01:06:00,SEM VÍTIMA,ESTANCIA,AV RECIFE,59,,COLISÃO,0,0,0,0,0,0,0,0,0,0,0,,,,,,,,,
2023-10-08 00:00:00,03:49:00,COM VÍTIMA,TORRE,RUA CONDE DE IRAJA,,,COLISÃO FRONTAL,2,0,0,0,0,0,0,0,0,1,0,,,,,,,,,
2023-10-08 00:00:00,06:56:00,SEM VÍTIMA,TEJIPIO,AV DR JOSE RUFINO,,,COLISÃO TRASEIRA,2,0,0,0,0,0,0,0,0,0,0,,,,,,,,,
2023-10-08 00:00:00,10:28:00,SEM VÍTIMA,SAO JOSE,C SANTA RITA,,,CHOQUE,0,0,0,0,0,0,1,0,0,0,0,,,,,,,,,
2023-10-08 00:00:00,10:51:00,COM VÍTIMA,BOA VISTA,RUA DA AURORA,,,COLISÃO TRANSVERSAL,2,0,0,0,0,0,0,0,0,1,0,,,,,,,,,
2023-10-08 00:00:00,11:17:00,COM VÍTIMA,ILHA DO LEITE,PTE JOSE DE BARROS LIMA,,,COLISÃO,1,1,0,0,0,0,0,0,0,2,0,,,,,,,,,
2023-10-09 00:00:00,05:40:00,COM VÍTIMA,AFOGADOS,RUA MOTOCOLOMBO,39,,COLISÃO,0,0,0,0,0,0,0,0,0,1,0,,,,,,,,,
2023-10-09 00:00:00,07:05:00,COM VÍTIMA,SAO JOSE,RUA IMPERIAL,511,,COLISÃO,2,0,0,0,0,0,0,0,0,1,0,,,,,,,,,
2023-10-09 00:00:00,07:58:00,COM VÍTIMA,SANTO AMARO,RUA ANTONIO SIMOES,,,COLISÃO LATERAL,0,1,0,0,0,0,0,0,0,1,0,,,,,,,,,
2023-10-09 00:00:00,08:33:00,COM VÍTIMA,AFOGADOS,AV DR JOSE RUFINO,,,COLISÃO LATERAL,0,1,0,0,0,0,0,0,0,1,0,,,,,,,,,
2023-10-09 00:00:00,08:35:00,COM VÍTIMA,AFOGADOS,RUA SAO MIGUEL,,,COLISÃO LATERAL,1,1,0,0,0,0,0,0,0,1,0,,,,,,,,,
2023-10-09 00:00:00,08:46:00,COM VÍTIMA,AGUA FRIA,AV BEBERIBE,,,COLISÃO TRASEIRA,1,1,0,0,0,0,0,0,0,1,0,,,,,,,,,
2023-10-09 00:00:00,08:47:00,COM VÍTIMA,TORRE,RUA MARCOS ANDRE,,,COLISÃO LATERAL,1,0,0,0,0,0,0,0,0,1,0,,,,,,,,,
2023-10-09 00:00:00,09:41:00,COM VÍTIMA,AFOGADOS,RUA SAO MIGUEL,,,COLISÃO LATERAL,1,1,0,0,0,0,0,0,0,1,0,,,,,,,,,
2023-10-09 00:00:00,12:34:00,COM VÍTIMA,ROSARINHO,RUA GERSON DE BARROS PINANGE,,,COLISÃO LATERAL,1,1,0,0,0,0,0,0,0,1,0,,,,,,,,,
2023-10-09 00:00:00,03:44:00,COM VÍTIMA,CAMPO GRANDE,RUA VISCONDE DE CAIRU,,,COLISÃO LATERAL,0,1,0,0,0,0,0,1,0,1,0,,,,,,,,,
2023-10-09 00:00:00,03:56:00,COM VÍTIMA,CORDEIRO,RUA SANTA LUCIA,,,COLISÃO LATERAL,0,0,0,0,0,0,0,0,0,1,0,,,,,,,,,
2023-10-09 00:00:00,04:45:00,COM VÍTIMA,IMBIRIBEIRA,AV MARECHAL MASCARENHAS DE MORAES,,,COLISÃO LATERAL,0,0,0,0,0,0,0,0,0,1,0,,,,,,,,,
2023-10-09 00:00:00,05:20:00,COM VÍTIMA,MACAXEIRA,RUA ALTO DO PITU,,,COLISÃO LATERAL,0,0,0,0,0,1,1,0,0,1,0,,,,,,,,,
2023-10-09 00:00:00,05:22:00,COM VÍTIMA,IMBIRIBEIRA,AV MARECHAL MASCARENHAS DE MORAES,,,COLISÃO LATERAL,0,1,0,0,0,0,0,0,0,1,0,,,,,,,,,
2023-10-09 00:00:00,06:53:00,COM VÍTIMA,AFOGADOS,EST DOS REMEDIOS,,,COLISÃO,0,1,0,0,0,0,0,0,0,1,0,,,,,,,,,
2023-10-09 00:00:00,07:50:00,COM VÍTIMA,IBURA,AV DOIS RIOS,,,,0,1,0,0,0,0,0,0,0,1,0,,,,,,,,,
2023-10-10 00:00:00,05:09:00,SEM VÍTIMA,ILHA DO LEITE,RUA DR JOAO ASFORA,,SUBURBIO,CHOQUE,0,0,0,0,0,0,1,0,1,0,0,,,,,,,,,
2023-10-10 00:00:00,05:38:00,COM VÍTIMA,PONTO DE PARADA,AV BEBERIBE,,,COLISÃO LATERAL,1,1,0,0,0,0,0,0,0,1,0,,,,,,,,,
2023-10-10 00:00:00,08:50:00,COM VÍTIMA,TORRE,RUA JOSE BONIFACIO,,,COLISÃO LATERAL,1,0,0,0,0,0,0,0,0,1,0,,,,,,,,,
2023-10-10 00:00:00,09:16:00,COM VÍTIMA,AFOGADOS,RUA SAO MIGUEL,,,COLISÃO FRONTAL,0,2,0,0,0,0,0,0,0,3,0,,,,,,,,,
2023-10-10 00:00:00,09:17:00,COM VÍTIMA,MADALENA,AV CAXANGA,,,COLISÃO LATERAL,1,0,0,0,0,1,0,0,0,1,0,,,,,,,,,
2023-10-10 00:00:00,09:31:00,COM VÍTIMA,SANTO AMARO,RUA BARROS BARRETO,,,COLISÃO LATERAL,2,0,0,0,0,0,0,0,0,1,0,,,,,,,,,
2023-10-10 00:00:00,10:29:00,COM VÍTIMA,ESPINHEIRO,AV GOVERNADOR AGAMENON MAGALHAES,,,COLISÃO,1,1,0,0,0,0,0,0,0,1,0,,,,,,,,,
2023-10-10 00:00:00,11:23:00,COM VÍTIMA,PINA,AV HERCULANO BANDEIRA,,,COLISÃO LATERAL,0,1,0,0,0,0,0,0,0,1,0,,,,,,,,,
2023-10-10 00:00:00,11:32:00,COM VÍTIMA,PINA,AV GOVERNADOR PAULO GUERRA,,,COLISÃO,0,0,0,0,0,0,0,0,0,1,0,,,,,,,,,
2023-10-10 00:00:00,11:54:00,COM VÍTIMA,IMBIRIBEIRA,AV MARECHAL MASCARENHAS DE MORAES,,,COLISÃO LATERAL,0,1,0,0,0,0,0,0,0,1,0,,,,,,,,,
2023-10-10 00:00:00,12:48:00,COM VÍTIMA,JARDIM SAO PAULO,AV LIBERDADE,,,COLISÃO TRASEIRA,1,1,0,0,0,0,0,0,0,1,0,,,,,,,,,
2023-10-10 00:00:00,01:53:00,COM VÍTIMA,MADALENA,RUA LOPES DE CARVALHO,,,COLISÃO LATERAL,1,1,0,0,0,0,0,0,0,1,0,,,,,,,,,
2023-10-10 00:00:00,05:06:00,COM VÍTIMA,CORDEIRO,AV CAXANGA,,,COLISÃO LATERAL,0,2,0,0,0,0,0,0,0,1,0,,,,,,,,,
2023-10-10 00:00:00,05:18:00,COM VÍTIMA,CORDEIRO,AV CAXANGA,,,COLISÃO LATERAL,0,0,0,0,0,0,0,0,0,1,0,,,,,,,,,
2023-10-10 00:00:00,06:11:00,COM VÍTIMA,CASA FORTE,AV DEZESSETE DE AGOSTO,,,COLISÃO LATERAL,1,1,0,0,0,0,0,0,0,1,0,,,,,,,,,
2023-10-11 00:00:00,08:09:00,COM VÍTIMA,IMBIRIBEIRA,AV MARECHAL MASCARENHAS DE MORAES,,,COLISÃO LATERAL,0,1,0,0,0,0,0,0,0,1,0,,,,,,,,,
2023-10-11 00:00:00,09:12:00,COM VÍTIMA,SANTO AMARO,AV CRUZ CABUGA,,,COLISÃO TRASEIRA,1,0,1,0,0,1,0,0,0,1,0,,,,,,,,,
2023-10-11 00:00:00,12:08:00,COM VÍTIMA,IPUTINGA,AV MAURICIO DE NASSAU,,,COLISÃO LATERAL,1,1,0,0,0,0,0,0,0,1,0,,,,,,,,,
2023-10-11 00:00:00,12:47:00,COM VÍTIMA,PINA,AV REPUBLICA DO LIBANO,,,COLISÃO LATERAL,1,1,0,0,0,0,0,0,0,1,0,,,,,,,,,
2023-10-11 00:00:00,02:38:00,COM VÍTIMA,CABANGA,AV ENGENHEIRO JOSE ESTELITA,,,COLISÃO LATERAL,1,1,0,0,0,0,0,0,0,1,0,,,,,,,,,
2023-10-11 00:00:00,03:25:00,COM VÍTIMA,IPSEP,AV RECIFE,,,ATROPELAMENTO DE PESSOA,1,0,0,0,1,0,0,0,0,1,0,,,,,,,,,
2023-10-11 00:00:00,03:32:00,COM VÍTIMA,DERBY,AV GOVERNADOR AGAMENON MAGALHAES,,,COLISÃO LATERAL,1,0,0,0,0,1,0,0,0,1,0,,,,,,,,,
2023-10-11 00:00:00,03:34:00,COM VÍTIMA,BOA VIAGEM,RUA CARLOS PEREIRA FALCAO,,,COLISÃO LATERAL,0,1,0,0,0,0,0,0,0,1,0,,,,,,,,,
2023-10-11 00:00:00,05:13:00,COM VÍTIMA,TAMARINEIRA,AV NORTE MIGUEL ARRAES DE ALENCAR,,,COLISÃO LATERAL,0,1,0,0,0,0,0,0,0,1,0,,,,,,,,,
2023-10-11 00:00:00,07:03:00,SEM VÍTIMA,PINA,AVENIDA CELSO FURTADO (VIA MANGUE),,,COLISÃO,2,0,0,0,0,0,0,0,0,0,0,,,,,,,,,
2023-10-11 00:00:00,07:05:00,SEM VÍTIMA,SAO JOSE,RUA IMPERIAL,,,COLISÃO,2,0,0,0,0,0,0,0,0,0,0,,,,,,,,,
2023-10-11 00:00:00,09:56:00,COM VÍTIMA,CAXANGA,RUA RIBEIRO PESSOA,,,COLISÃO LATERAL,0,1,0,0,0,1,0,0,0,1,0,,,,,,,,,
2023-10-12 00:00:00,10:36:00,COM VÍTIMA,CORDEIRO,AV ENGENHEIRO ABDIAS DE CARVALHO,,,COLISÃO,1,1,0,0,0,0,0,0,0,1,0,,,,,,,,,
2023-10-12 00:00:00,10:59:00,COM VÍTIMA,TORROES,AV ENGENHEIRO ABDIAS DE CARVALHO,,,COLISÃO LATERAL,0,1,0,0,0,0,0,0,0,1,0,,,,,,,,,
2023-10-12 00:00:00,11:00:00,COM VÍTIMA,BAIRRO DO RECIFE,CAIS DO APOLO,,,COLISÃO LATERAL,0,1,0,0,0,0,0,0,0,1,0,,,,,,,,,
2023-10-12 00:00:00,12:16:00,COM VÍTIMA,MADALENA,RUA BENFICA,,,QUEDA,0,1,0,0,0,0,0,0,0,1,0,,,,,,,,,
2023-10-12 00:00:00,12:41:00,COM VÍTIMA,PINA,PTE GOVERNADOR PAULO GUERRA,,,COLISÃO LATERAL,1,1,0,0,0,0,0,0,0,1,0,,,,,,,,,
2023-10-12 00:00:00,01:26:00,COM VÍTIMA,TORROES,AV ENGENHEIRO ABDIAS DE CARVALHO,,,COLISÃO LATERAL,0,1,0,0,0,0,0,0,0,1,0,,,,,,,,,
2023-10-12 00:00:00,03:06:00,COM VÍTIMA,JARDIM SAO PAULO,RUA ALVENOPOLIS,,,COLISÃO LATERAL,1,0,0,0,0,0,0,0,0,1,0,,,,,,,,,
2023-10-12 00:00:00,06:27:00,COM VÍTIMA,BOA VIAGEM,TRV DR PEDRO DE MELO CAHU,,,COLISÃO LATERAL,2,0,0,0,0,0,0,0,0,1,0,,,,,,,,,
2023-10-12 00:00:00,07:15:00,COM VÍTIMA,SAN MARTIN,AV GENERAL SAN MARTIN,,,COLISÃO,0,1,0,0,0,0,0,0,0,1,0,,,,,,,,,
2023-10-12 00:00:00,07:18:00,COM VÍTIMA,BOA VIAGEM,RUA PROFESSOR JOSE BRANDAO,,,COLISÃO,0,0,0,0,0,0,0,0,0,1,0,,,,,,,,,
2023-10-13 00:00:00,12:45:00,SEM VÍTIMA,BOA VIAGEM,AVENIDA CELSO FURTADO (VIA MANGUE),,,COLISÃO,2,0,0,0,0,0,0,0,0,0,0,,,,,,,,,
2023-10-13 00:00:00,06:15:00,COM VÍTIMA,AFLITOS,AV CONS ROSA E SILVA,,,COLISÃO,1,0,0,0,0,0,0,0,0,1,0,,,,,,,,,
2023-10-13 00:00:00,07:23:00,COM VÍTIMA,ESPINHEIRO,RUA QUARENTA E OITO,,,COLISÃO LATERAL,0,1,0,0,0,0,0,0,0,1,0,,,,,,,,,
2023-10-13 00:00:00,07:48:00,COM VÍTIMA,CAMPO GRANDE,RUA PROFESSOR FRANCISCO DA TRINDADE,,,COLISÃO LATERAL,0,1,0,0,0,0,0,0,0,1,0,,,,,,,,,
2023-10-13 00:00:00,08:01:00,COM VÍTIMA,HIPODROMO,RUA CARLOS FERNANDES,,,COLISÃO FRONTAL,1,1,0,0,0,0,0,0,0,2,0,,,,,,,,,
2023-10-13 00:00:00,08:56:00,COM VÍTIMA,AFOGADOS,RUA VINTE E UM DE ABRIL,,,COLISÃO COM CICLISTA,1,0,0,1,0,0,0,0,0,1,0,,,,,,,,,
2023-10-13 00:00:00,09:16:00,SEM VÍTIMA,CIDADE UNIVERSITARIA,RUA PROFESSOR ANTONIO COELHO,,,COLISÃO LATERAL,1,1,0,0,0,0,0,0,0,0,0,,,,,,,,,
2023-10-13 00:00:00,10:31:00,COM VÍTIMA,IBURA,RUA BARAO DE ANTONINA,,,COLISÃO LATERAL,1,1,0,0,0,0,0,0,0,1,0,,,,,,,,,
2023-10-13 00:00:00,12:17:00,COM VÍTIMA,VARZEA,AV CAXANGA,262,,ATROPELAMENTO DE PESSOA,0,0,0,1,1,0,0,0,0,1,0,,,,,,,,,
2023-10-13 00:00:00,02:06:00,COM VÍTIMA,ESPINHEIRO,AV JOAO DE BARROS,,,COLISÃO COM CICLISTA,1,0,0,1,0,0,0,0,0,1,0,,,,,,,,,
2023-10-13 00:00:00,04:57:00,SEM VÍTIMA,JOANA BEZERRA,AV BEIRA RIO,,,COLISÃO LATERAL,1,1,0,0,0,0,0,0,0,0,0,,,,,,,,,
2023-10-13 00:00:00,05:41:00,COM VÍTIMA,DOIS UNIDOS,RUA DIVISOPOLIS,,,COLISÃO FRONTAL,0,1,0,0,0,1,0,0,0,1,0,,,,,,,,,
2023-10-13 00:00:00,06:38:00,SEM VÍTIMA,DOIS UNIDOS,RUA VERTENTES DO LERIO,,,CHOQUE,1,1,0,0,0,0,1,0,0,0,0,,,,,,,,,
2023-10-13 00:00:00,06:49:00,SEM VÍTIMA,BOMBA DO HEMETERIO,RUA BOMBA DO HEMETERIO,,,COLISÃO LATERAL,2,0,0,0,0,0,0,0,0,0,0,,,,,,,,,
2023-10-14 00:00:00,12:31:00,COM VÍTIMA,BOA VIAGEM,RUA ANTONIO FALCAO,227,,COLISÃO LATERAL,1,1,0,0,0,0,0,0,0,1,0,,,,,,,,,
2023-10-14 00:00:00,01:26:00,SEM VÍTIMA,IBURA,AV SAO PAULO,,,COLISÃO LATERAL,0,0,0,0,0,1,1,0,0,0,0,,,,,,,,,
2023-10-14 00:00:00,02:17:00,COM VÍTIMA,BOA VIAGEM,AV ANTONIO DE GOES,,,COLISÃO LATERAL,0,1,0,0,0,0,0,0,0,1,0,,,,,,,,,
2023-10-14 00:00:00,03:10:00,COM VÍTIMA,CORDEIRO,RUA VISCONDE DE ITABORAI,,,COLISÃO LATERAL,1,1,0,0,0,0,0,0,0,1,0,,,,,,,,,
2023-10-14 00:00:00,03:23:00,COM VÍTIMA,TORROES,EST DO FORTE DO ARRAIAL N. DO B. JESUS,,,COLISÃO COM CICLISTA,1,0,0,1,0,0,0,0,0,1,0,,,,,,,,,
2023-10-14 00:00:00,03:39:00,COM VÍTIMA,BOA VIAGEM,RUA HENRIQUE CAPITULINO,,,COLISÃO LATERAL,1,1,0,0,0,0,0,0,0,1,0,,,,,,,,,
2023-10-14 00:00:00,04:12:00,COM VÍTIMA,SANTO AMARO,AV MARIO MELO,,,COLISÃO LATERAL,1,1,0,0,0,0,0,0,0,1,0,,,,,,,,,
2023-10-14 00:00:00,05:02:00,COM VÍTIMA,CASA AMARELA,AV NORTE MIGUEL ARRAES DE ALENCAR,,,COLISÃO,0,2,0,0,0,0,0,0,0,1,0,,,,,,,,,
2023-10-14 00:00:00,05:43:00,COM VÍTIMA,BOA VIAGEM,RUA DONA MAGINA PONTUAL,,,CAPOTAMENTO,0,0,0,0,0,0,0,0,0,1,0,,,,,,,,,
2023-10-14 00:00:00,09:13:00,COM VÍTIMA,TORROES,AV BICENTENARIO DA REVOLUCAO FRANCESA,,,COLISÃO,0,1,0,0,1,0,1,0,0,2,0,,,,,,,,,
2023-10-14 00:00:00,09:20:00,SEM VÍTIMA,BEBERIBE,AV BEBERIBE,,,COLISÃO FRONTAL,1,1,0,0,0,0,0,0,0,0,0,,,,,,,,,
2023-10-14 00:00:00,10:02:00,SEM VÍTIMA,BOA VIAGEM,RUA JOAO DIAS MARTINS,,,CAPOTAMENTO,2,0,0,0,0,0,0,0,0,0,0,,,,,,,,,
2023-10-15 00:00:00,07:20:00,COM VÍTIMA,GRACAS,AV RUI BARBOSA,,,COLISÃO,0,1,0,0,0,0,0,0,0,1,0,,,,,,,,,
2023-10-15 00:00:00,08:54:00,COM VÍTIMA,SANTO AMARO,RUA DR LEOPOLDO LINS,,,COLISÃO,0,1,0,0,0,0,0,0,0,1,0,,,,,,,,,
2023-10-15 00:00:00,08:54:00,COM VÍTIMA,ARRUDA,AV PROFESSOR JOSE DOS ANJOS,,,COLISÃO,0,1,0,0,0,0,0,0,0,1,0,,,,,,,,,
2023-10-15 00:00:00,11:10:00,COM VÍTIMA,CORDEIRO,RUA ANGELICA,,,COLISÃO,1,1,0,0,0,0,0,0,0,1,0,,,,,,,,,
2023-10-15 00:00:00,02:16:00,COM VÍTIMA,IMBIRIBEIRA,AV MARECHAL MASCARENHAS DE MORAES,,,COLISÃO,0,1,0,0,0,0,0,0,0,1,0,,,,,,,,,
2023-10-15 00:00:00,04:17:00,COM VÍTIMA,CASA AMARELA,RUA BELA VISTA,,,COLISÃO LATERAL,1,1,0,0,0,0,0,0,0,1,0,,,,,,,,,
2023-10-15 00:00:00,11:39:00,SEM VÍTIMA,IMBIRIBEIRA,RUA ITACARE,,,CHOQUE,2,0,0,0,0,0,0,0,0,0,0,,,,,,,,,
2023-10-16 00:00:00,07:37:00,COM VÍTIMA,AFOGADOS,RUA SAO MIGUEL,,,COLISÃO,1,1,0,0,1,0,0,0,0,1,0,,,,,,,,,
2023-10-16 00:00:00,07:37:00,COM VÍTIMA,NOVA DESCOBERTA,RUA NOVA DESCOBERTA,,,COLISÃO,0,1,0,0,0,0,0,0,0,1,0,,,,,,,,,
2023-10-16 00:00:00,08:34:00,COM VÍTIMA,ARRUDA,RUA MUNIZ GALVAO,,,COLISÃO FRONTAL,1,1,0,0,0,0,0,0,0,1,0,,,,,,,,,
2023-10-16 00:00:00,08:41:00,COM VÍTIMA,BOA VIAGEM,AV CONSELHEIRO AGUIAR,,,COLISÃO,1,1,0,0,0,0,0,0,0,1,0,,,,,,,,,
2023-10-16 00:00:00,10:10:00,COM VÍTIMA,CAMPO GRANDE,AV GOVERNADOR AGAMENON MAGALHAES,,,COLISÃO,0,1,0,0,0,0,0,0,0,1,0,,,,,,,,,
2023-10-16 00:00:00,12:02:00,COM VÍTIMA,BAIRRO DO RECIFE,CAIS DO APOLO,,,COLISÃO LATERAL,2,0,0,0,0,0,0,0,0,1,0,,,,,,,,,
2023-10-16 00:00:00,12:15:00,COM VÍTIMA,SANTO AMARO,AV GOVERNADOR AGAMENON MAGALHAES,,SUBURBIO,COLISÃO LATERAL,1,1,0,0,0,0,0,0,0,2,0,,,,,,,,,
2023-10-16 00:00:00,01:42:00,SEM VÍTIMA,BOA VISTA,RUA LUIZ BARBALHO,,,CHOQUE,1,0,0,0,0,0,0,0,0,0,0,,,,,,,,,
2023-10-16 00:00:00,01:59:00,COM VÍTIMA,LINHA DO TIRO,RUA URIEL DE HOLANDA,,,COLISÃO FRONTAL,0,2,0,0,0,0,0,0,0,1,0,,,,,,,,,
2023-10-16 00:00:00,03:21:00,COM VÍTIMA,IMBIRIBEIRA,RUA JULIO VERNE,,,COLISÃO LATERAL,0,2,0,0,0,0,0,0,0,3,0,,,,,,,,,
2023-10-16 00:00:00,03:39:00,COM VÍTIMA,CASA AMARELA,RUA PADRE LEMOS,,,COLISÃO LATERAL,1,1,0,0,0,0,0,0,0,2,0,,,,,,,,,
2023-10-16 00:00:00,04:42:00,COM VÍTIMA,MADALENA,AV VISCONDE DE ALBUQUERQUE,,SUBURBIO,COLISÃO LATERAL,1,1,0,0,0,0,0,0,0,1,0,,,,,,,,,
2023-10-16 00:00:00,06:32:00,COM VÍTIMA,ILHA DO LEITE,AV FREI MATIAS TEVES,,,COLISÃO FRONTAL,1,1,0,0,0,0,0,0,0,1,0,,,,,,,,,
2023-10-17 00:00:00,12:29:00,COM VÍTIMA,IMBIRIBEIRA,RUA SARGENTO SILVINO DE MACEDO,,,COLISÃO,1,1,0,0,0,0,0,0,0,1,0,,,,,,,,,
2023-10-17 00:00:00,08:12:00,COM VÍTIMA,CAXANGA,AV CAXANGA,,,COLISÃO FRONTAL,4,0,0,0,0,0,0,0,0,2,0,,,,,,,,,
2023-10-17 00:00:00,08:27:00,COM VÍTIMA,IMBIRIBEIRA,AV MARECHAL MASCARENHAS DE MORAES,,,COLISÃO LATERAL,0,1,0,0,0,0,0,0,0,1,0,,,,,,,,,
2023-10-17 00:00:00,08:33:00,COM VÍTIMA,BOA VIAGEM,AV ENGENHEIRO DOMINGOS FERREIRA,,,COLISÃO TRASEIRA,1,1,0,0,0,0,0,0,0,1,0,,,,,,,,,
2023-10-17 00:00:00,09:02:00,COM VÍTIMA,CASA FORTE,AV DEZESSETE DE AGOSTO,,,COLISÃO TRASEIRA,2,1,0,0,0,0,0,0,0,1,0,,,,,,,,,
2023-10-17 00:00:00,11:04:00,SEM VÍTIMA,IBURA,AV DOIS RIOS,561,CIDADE,COLISÃO TRASEIRA,1,0,0,0,0,0,1,0,0,0,0,,,,,,,,,
2023-10-17 00:00:00,12:22:00,COM VÍTIMA,AFLITOS,AV CONS ROSA E SILVA,,,COLISÃO,0,1,0,0,0,0,0,0,0,1,0,,,,,,,,,
2023-10-17 00:00:00,12:58:00,COM VÍTIMA,MADALENA,RUA JOSE OSORIO,,,COLISÃO,0,1,0,0,0,0,0,0,0,1,0,,,,,,,,,
2023-10-17 00:00:00,02:07:00,SEM VÍTIMA,BOA VIAGEM,RUA FELIX DE BRITO E MELO,546,,,1,0,0,0,0,0,0,1,0,0,0,,,,,,,,,
2023-10-17 00:00:00,02:59:00,COM VÍTIMA,BOA VIAGEM,AV ENGENHEIRO DOMINGOS FERREIRA,,,CHOQUE,1,0,0,0,0,0,0,0,0,1,0,,,,,,,,,
2023-10-17 00:00:00,05:03:00,COM VÍTIMA,BOA VIAGEM,AV CONSELHEIRO AGUIAR,,,COLISÃO,2,0,0,0,0,0,0,0,0,2,0,,,,,,,,,
2023-10-17 00:00:00,07:44:00,COM VÍTIMA,SANTO AMARO,AV GOVERNADOR AGAMENON MAGALHAES,,OLINDA,COLISÃO LATERAL,0,1,0,1,0,0,0,0,0,2,0,,,,,,,,,
2023-10-17 00:00:00,09:38:00,COM VÍTIMA,BAIRRO DO RECIFE,AV MILITAR,,CIDADE,COLISÃO,0,1,0,0,0,0,0,0,0,1,0,,,,,,,,,
2023-10-18 00:00:00,08:08:00,COM VÍTIMA,ROSARINHO,RUA DR JOSE MARIA,,,COLISÃO TRANSVERSAL,1,1,0,0,0,0,0,0,0,2,0,,,,,,,,,
2023-10-18 00:00:00,08:50:00,COM VÍTIMA,MADALENA,RUA DR JOAO COIMBRA,,,COLISÃO LATERAL,1,1,0,0,0,0,0,0,0,1,0,,,,,,,,,
2023-10-18 00:00:00,10:29:00,SEM VÍTIMA,JOANA BEZERRA,RUA CABO EUTROPIO,,CIDADE,COLISÃO TRASEIRA,0,1,0,0,0,0,0,1,0,0,0,,,,,,,,,
2023-10-18 00:00:00,11:15:00,COM VÍTIMA,BOA VISTA,RUA HENRIQUE DIAS,,,COLISÃO LATERAL,1,0,0,0,0,0,0,0,0,1,0,,,,,,,,,
2023-10-18 00:00:00,12:45:00,COM VÍTIMA,BOA VIAGEM,RUA RIBEIRO DE BRITO,,,ATROPELAMENTO DE PESSOA,0,0,0,0,0,0,0,0,0,1,0,,,,,,,,,
2023-10-18 00:00:00,01:32:00,COM VÍTIMA,IPUTINGA,AV CAXANGA,,,COLISÃO,0,0,0,0,0,0,0,0,0,1,0,,,,,,,,,
2023-10-18 00:00:00,01:47:00,COM VÍTIMA,BOA VIAGEM,RUA JOSE MOREIRA LEAL,,,COLISÃO LATERAL,1,1,0,0,0,0,0,0,0,1,0,,,,,,,,,
2023-10-18 00:00:00,02:53:00,COM VÍTIMA,COHAB,AV SANTOS,,,COLISÃO,0,0,0,0,0,0,0,0,0,1,0,,,,,,,,,
2023-10-18 00:00:00,03:39:00,COM VÍTIMA,ESTANCIA,AV RECIFE,,,COLISÃO,0,1,0,0,0,0,0,0,0,1,0,,,,,,,,,
2023-10-18 00:00:00,04:08:00,COM VÍTIMA,PRADO,RUA HERCULES FLORENCE,,,COLISÃO LATERAL,1,1,0,0,0,0,0,0,0,1,0,,,,,,,,,
2023-10-18 00:00:00,04:20:00,SEM VÍTIMA,IPSEP,RUA SAO NICOLAU,,,,1,0,0,0,0,0,0,0,0,0,0,,,,,,,,,
2023-10-18 00:00:00,05:11:00,COM VÍTIMA,COHAB,RUA DR BENIGNO JORDAO DE VASCONCELOS,,,COLISÃO,0,1,0,0,0,0,0,0,0,1,0,,,,,,,,,
2023-10-18 00:00:00,05:59:00,COM VÍTIMA,SANTO AMARO,AV CRUZ CABUGA,,,COLISÃO,0,1,0,0,0,0,0,0,0,1,0,,,,,,,,,
2023-10-18 00:00:00,07:43:00,COM VÍTIMA,IBURA,AV DOM HELDER CAMARA,,,COLISÃO,0,1,0,1,0,0,0,0,0,1,0,,,,,,,,,
2023-10-19 00:00:00,12:17:00,COM VÍTIMA,BOA VIAGEM,RUA VISCONDE DE JEQUITINHONHA,304,,COLISÃO,0,0,0,0,0,0,0,0,0,1,0,,,,,,,,,
2023-10-19 00:00:00,07:43:00,COM VÍTIMA,ARRUDA,AV PROFESSOR JOSE DOS ANJOS,,,COLISÃO LATERAL,0,1,0,0,0,0,0,0,0,1,0,,,,,,,,,
2023-10-19 00:00:00,09:12:00,COM VÍTIMA,SANTO AMARO,AV CRUZ CABUGA,,,COLISÃO LATERAL,1,1,0,0,0,1,0,0,0,2,0,,,,,,,,,
2023-10-19 00:00:00,10:27:00,COM VÍTIMA,AREIAS,AV DR JOSE RUFINO,,,COLISÃO LATERAL,0,1,0,0,0,0,0,0,0,1,0,,,,,,,,,
2023-10-19 00:00:00,10:27:00,COM VÍTIMA,TORROES,RUA WASHINGTON DUARTE ESPINDOLA,0,,ATROPELAMENTO DE PESSOA,0,0,0,0,1,1,0,0,0,1,0,,,,,,,,,
2023-10-19 00:00:00,11:57:00,COM VÍTIMA,BOA VIAGEM,RUA MAMANGUAPE,,,COLISÃO COM CICLISTA,1,0,0,1,0,0,0,0,0,1,0,,,,,,,,,
2023-10-19 00:00:00,02:02:00,COM VÍTIMA,JARDIM SAO PAULO,AV RECIFE,,,COLISÃO TRANSVERSAL,1,1,0,0,0,0,0,0,0,1,0,,,,,,,,,
2023-10-19 00:00:00,02:42:00,COM VÍTIMA,ESPINHEIRO,RUA DO ESPINHEIRO,,,COLISÃO,0,1,0,0,0,0,0,0,0,1,0,,,,,,,,,
2023-10-19 00:00:00,07:20:00,COM VÍTIMA,SANTO AMARO,PRC GENERAL ABREU E LIMA,,,ATROPELAMENTO DE ANIMAL,0,1,0,0,0,0,0,0,0,1,0,,,,,,,,,
2023-10-20 00:00:00,12:42:00,COM VÍTIMA,SANTO AMARO,AV NORTE MIGUEL ARRAES DE ALENCAR,,,COLISÃO TRANSVERSAL,2,0,0,0,0,0,0,0,0,3,0,,,,,,,,,
2023-10-20 00:00:00,06:47:00,COM VÍTIMA,PINA,AV ANTONIO DE GOES,,,COLISÃO LATERAL,0,1,0,0,0,0,0,0,0,1,0,,,,,,,,,
2023-10-20 00:00:00,07:40:00,COM VÍTIMA,SANTO AMARO,AV DR JAYME DA FONTE,,,COLISÃO LATERAL,0,1,0,0,0,0,0,0,0,1,0,,,,,,,,,
2023-10-20 00:00:00,10:19:00,COM VÍTIMA,BOA VIAGEM,AV ENGENHEIRO DOMINGOS FERREIRA,,,COLISÃO,0,1,0,0,0,0,0,0,0,1,0,,,,,,,,,