data,hora,natureza,bairro,endereco,num_semaforo,sentido_via,tipo,auto,moto,ciclom,ciclista,pedestre,onibus,caminhao,viatura,outros,vitimas,vitimasfatais,acidente_verificado,tempo_clima,sinalizacao,condicao_via,conservacao_via,situacao_placa,velocidade_max_via,mao_direcao,divisao_via1
2023-10-20 00:00:00,10:30:00,COM VÍTIMA,AREIAS,AV RECIFE,,,ATROPELAMENTO DE PESSOA,0,1,0,0,1,0,0,0,0,1,0,,,,,,,,,
2023-10-20 00:00:00,10:39:00,COM VÍTIMA,BOA VIAGEM,AV ENGENHEIRO DOMINGOS FERREIRA,380,,COLISÃO TRASEIRA,0,2,0,0,0,1,0,0,0,1,0,,,,,,,,,
2023-10-20 00:00:00,01:07:00,COM VÍTIMA,IMBIRIBEIRA,AV MARECHAL MASCARENHAS DE MORAES,396,,COLISÃO LATERAL,3,0,0,0,0,0,0,0,0,1,0,,,,,,,,,
2023-10-20 00:00:00,01:30:00,COM VÍTIMA,BEBERIBE,AV BEBERIBE,,,COLISÃO COM CICLISTA,1,0,0,2,0,0,0,0,0,1,0,,,,,,,,,
2023-10-20 00:00:00,01:43:00,COM VÍTIMA,JORDAO,AV MARIA IRENE,,,COLISÃO LATERAL,0,0,0,0,0,0,0,0,0,1,0,,,,,,,,,
2023-10-20 00:00:00,02:45:00,COM VÍTIMA,BOA VISTA,AV CONDE DA BOA VISTA,,,COLISÃO,0,1,0,0,0,2,0,0,0,1,0,,,,,,,,,
2023-10-20 00:00:00,02:49:00,COM VÍTIMA,AFOGADOS,RUA PADRE JOSE DE SA LEITAO,509,,COLISÃO,1,0,0,0,1,0,0,0,0,1,0,,,,,,,,,
2023-10-20 00:00:00,03:06:00,COM VÍTIMA,IMBIRIBEIRA,AV PINHEIROS,,,COLISÃO,1,1,0,0,0,0,0,0,0,1,0,,,,,,,,,
2023-10-20 00:00:00,03:59:00,COM VÍTIMA,ALTO JOSE DO PINHO,RUA MARAGOGI,,,COLISÃO FRONTAL,0,2,0,0,0,0,0,0,0,1,0,,,,,,,,,
2023-10-20 00:00:00,04:32:00,COM VÍTIMA,ALTO JOSE DO PINHO,RUA MARAGOGIPE,,,COLISÃO,0,1,0,0,0,0,0,0,0,1,0,,,,,,,,,
2023-10-20 00:00:00,05:57:00,COM VÍTIMA,CAMPO GRANDE,RUA JERONIMO VILELA,,,COLISÃO,0,1,0,0,0,0,0,0,0,1,0,,,,,,,,,
2023-10-20 00:00:00,06:58:00,COM VÍTIMA,IMBIRIBEIRA,AV MARECHAL MASCARENHAS DE MORAES,,,QUEDA,0,1,0,0,0,0,0,0,0,1,0,,,,,,,,,
2023-10-20 00:00:00,08:12:00,COM VÍTIMA,JOANA BEZERRA,VIADUTO CAPITAO TEMUDO,,,COLISÃO,0,2,0,0,0,1,0,0,0,1,0,,,,,,,,,
2023-10-20 00:00:00,11:14:00,COM VÍTIMA,CASA AMARELA,EST DO ARRAIAL,,,COLISÃO,1,1,0,0,0,0,0,0,0,1,0,,,,,,,,,
2023-10-20 00:00:00,11:39:00,SEM VÍTIMA,SAO JOSE,RUA JARAGUARI,,SUBURBIO,COLISÃO LATERAL,0,1,0,0,0,0,0,0,0,0,0,,,,,,,,,
2023-10-21 00:00:00,12:10:00,SEM VÍTIMA,TAMARINEIRA,RUA SILVEIRA DE CARVALHO,,SUBURBIO,COLISÃO LATERAL,2,0,0,0,0,0,0,0,0,0,0,,,,,,,,,
2023-10-21 00:00:00,04:45:00,COM VÍTIMA,BAIRRO DO RECIFE,CAIS DO APOLO,,,ATROPELAMENTO DE PESSOA,1,0,0,0,1,0,0,0,0,1,0,,,,,,,,,
2023-10-21 00:00:00,12:50:00,COM VÍTIMA,AREIAS,RUA IPOJUCA,,,COLISÃO,0,1,0,0,0,0,0,0,0,1,0,,,,,,,,,
2023-10-21 00:00:00,01:02:00,COM VÍTIMA,TORRE,RUA REAL DA TORRE,,,COLISÃO,0,1,0,0,0,0,0,0,0,1,0,,,,,,,,,
2023-10-21 00:00:00,01:09:00,COM VÍTIMA,BOA VIAGEM,RUA CAPITAO ZUZINHA,,,COLISÃO,0,1,0,0,0,0,0,0,0,1,0,,,,,,,,,
2023-10-21 00:00:00,01:55:00,COM VÍTIMA,ESPINHEIRO,RUA QUARENTA E OITO,,,COLISÃO,0,1,0,0,0,0,0,0,0,1,0,,,,,,,,,
2023-10-21 00:00:00,02:23:00,COM VÍTIMA,DOIS IRMAOS,RUA MANUEL DE MEDEIROS,,,COLISÃO,0,1,0,0,0,0,0,0,0,1,0,,,,,,,,,
2023-10-21 00:00:00,04:08:00,COM VÍTIMA,AREIAS,RUA RIO SOLIMOES,,,COLISÃO LATERAL,0,0,0,0,0,0,0,0,0,1,0,,,,,,,,,
2023-10-21 00:00:00,04:39:00,COM VÍTIMA,SANTO AMARO,RUA AURORA,,,COLISÃO LATERAL,0,0,0,0,0,0,0,0,0,1,0,,,,,,,,,
2023-10-21 00:00:00,05:39:00,COM VÍTIMA,BOA VIAGEM,AV ENGENHEIRO DOMINGOS FERREIRA,444,,ATROPELAMENTO DE PESSOA,0,0,0,0,1,0,0,0,0,1,0,,,,,,,,,
2023-10-21 00:00:00,10:18:00,COM VÍTIMA,CASA FORTE,AV DEZESSETE DE AGOSTO,,,COLISÃO LATERAL,1,1,0,0,0,0,0,0,0,1,0,,,,,,,,,
2023-10-22 00:00:00,02:29:00,COM VÍTIMA,IBURA,AV DOIS RIOS,,,COLISÃO FRONTAL,1,1,0,0,0,0,0,0,0,1,0,,,,,,,,,
2023-10-22 00:00:00,03:33:00,SEM VÍTIMA,BOA VIAGEM,RUA DEZ DE JULHO,,CIDADE,COLISÃO,2,0,0,0,0,0,0,0,0,0,0,,,,,,,,,
2023-10-22 00:00:00,09:05:00,COM VÍTIMA,IMBIRIBEIRA,AV MARECHAL MASCARENHAS DE MORAES,,,COLISÃO,2,0,0,0,0,0,0,0,0,1,0,,,,,,,,,
2023-10-23 00:00:00,04:27:00,COM VÍTIMA,MADALENA,RUA REAL DA TORRE,192,,COLISÃO,0,1,0,0,0,1,0,0,0,1,0,,,,,,,,,
2023-10-23 00:00:00,06:10:00,COM VÍTIMA,SAO JOSE,AV SUL,260,,COLISÃO LATERAL,0,1,0,0,0,0,0,0,0,1,0,,,,,,,,,
2023-10-23 00:00:00,07:30:00,COM VÍTIMA,PONTO DE PARADA,RUA PROFESSOR JERONIMO GUEIROS,,,COLISÃO,0,1,0,0,0,0,0,0,0,1,0,,,,,,,,,
2023-10-23 00:00:00,07:52:00,COM VÍTIMA,AREIAS,AV RECIFE,,,COLISÃO,0,1,0,0,0,0,0,0,0,1,0,,,,,,,,,
2023-10-23 00:00:00,07:58:00,COM VÍTIMA,BOA VIAGEM,RUA WALDEMAR NERY CARNEIRO MONTEIRO,,,COLISÃO LATERAL,0,1,0,0,0,0,0,0,0,1,0,,,,,,,,,
2023-10-23 00:00:00,08:52:00,COM VÍTIMA,PRADO,RUA CARLOS GOMES,,,COLISÃO FRONTAL,1,1,0,0,0,0,0,0,0,1,0,,,,,,,,,
2023-10-23 00:00:00,09:41:00,COM VÍTIMA,ILHA JOANA BEZERRA,VDO PAPA JOAO PAULO II,,,COLISÃO LATERAL,0,1,0,0,0,0,0,0,0,1,0,,,,,,,,,
2023-10-23 00:00:00,11:12:00,COM VÍTIMA,ILHA JOANA BEZERRA,AV DES GUERRA BARRETO,,,COLISÃO,0,0,0,0,0,0,0,0,0,1,0,,,,,,,,,
2023-10-23 00:00:00,02:12:00,COM VÍTIMA,ENCRUZILHADA,AV BEBERIBE,,,COLISÃO LATERAL,0,0,0,0,0,0,0,0,0,1,0,,,,,,,,,
2023-10-23 00:00:00,03:58:00,COM VÍTIMA,CAMPO GRANDE,EST DE BELEM,,,COLISÃO LATERAL,0,0,0,0,0,0,0,0,0,1,0,,,,,,,,,
2023-10-23 00:00:00,06:50:00,COM VÍTIMA,TORROES,AV ENGENHEIRO ABDIAS DE CARVALHO,,SU,COLISÃO LATERAL,0,0,0,0,0,0,0,0,0,1,0,,,,,,,,,
2023-10-23 00:00:00,09:49:00,COM VÍTIMA,IPSEP,RUA JEAN EMILE FAVRE,527,,COLISÃO FRONTAL,1,1,0,0,0,0,0,0,0,1,0,,,,,,,,,
2023-10-24 00:00:00,02:52:00,COM VÍTIMA,NOVA DESCOBERTA,,,,COLISÃO TRANSVERSAL,0,1,0,0,0,0,0,0,0,1,0,,,,,,,,,
2023-10-24 00:00:00,07:26:00,COM VÍTIMA,ESPINHEIRO,AV GOVERNADOR AGAMENON MAGALHAES,173,,COLISÃO TRASEIRA,1,1,0,0,0,0,0,0,0,1,0,,,,,,,,,
2023-10-24 00:00:00,08:04:00,COM VÍTIMA,IBURA,AV RECIFE,,,COLISÃO TRASEIRA,1,1,0,0,0,0,0,0,0,1,0,,,,,,,,,
2023-10-24 00:00:00,08:42:00,SEM VÍTIMA,CORDEIRO,AV GENERAL SAN MARTIN,58,SUBURBIO,COLISÃO LATERAL,1,1,0,0,0,0,0,0,0,0,0,,,,,,,,,
2023-10-24 00:00:00,08:47:00,COM VÍTIMA,IMBIRIBEIRA,AV MARECHAL MASCARENHAS DE MORAES,,,COLISÃO LATERAL,1,1,0,0,0,0,0,0,0,1,0,,,,,,,,,
2023-10-24 00:00:00,09:05:00,COM VÍTIMA,TAMARINEIRA,RUA CONEGO BARATA,,,COLISÃO,0,1,0,0,0,0,0,0,0,1,0,,,,,,,,,
2023-10-24 00:00:00,09:14:00,COM VÍTIMA,SANTO AMARO,AV NORTE MIGUEL ARRAES DE ALENCAR,,,COLISÃO,0,1,0,0,0,0,0,0,0,1,0,,,,,,,,,
2023-10-24 00:00:00,10:08:00,COM VÍTIMA,CORDEIRO,RUA COSME VIANA,,,COLISÃO,0,0,0,0,0,0,0,0,0,1,0,,,,,,,,,
2023-10-24 00:00:00,10:41:00,SEM VÍTIMA,IMBIRIBEIRA,RUA ENGENHEIRO JOSE BRANDAO CAVALCANTE,,,COLISÃO LATERAL,1,0,0,0,0,1,0,0,0,0,0,,,,,,,,,
2023-10-24 00:00:00,10:46:00,COM VÍTIMA,IPSEP,RUA ITAIMBE,,,COLISÃO LATERAL,0,1,0,0,0,0,0,0,0,1,0,,,,,,,,,
2023-10-24 00:00:00,01:11:00,COM VÍTIMA,ILHA DO LEITE,RUA SAO GONCALO,,,COLISÃO,0,0,0,0,0,0,0,0,0,1,0,,,,,,,,,
2023-10-24 00:00:00,01:16:00,SEM VÍTIMA,VARZEA,RUA CORONEL PACHECO,,CIDADE,COLISÃO LATERAL,1,0,0,0,0,0,0,1,0,0,0,,,,,,,,,
2023-10-24 00:00:00,04:26:00,SEM VÍTIMA,GRACAS,RUA SENADOR ALBERTO PAIVA,,SUBURBIO,COLISÃO TRASEIRA,1,0,0,0,0,0,0,1,0,0,0,,,,,,,,,
2023-10-24 00:00:00,05:00:00,COM VÍTIMA,BEBERIBE,AV BEBERIBE,,,COLISÃO,1,0,0,0,0,0,0,0,0,1,0,,,,,,,,,
2023-10-24 00:00:00,05:38:00,COM VÍTIMA,IPSEP,RUA JEAN EMILE FAVRE,,,COLISÃO LATERAL,1,1,0,0,0,0,0,0,0,2,0,,,,,,,,,
2023-10-24 00:00:00,06:26:00,COM VÍTIMA,SAO JOSE,RUA IMPERIAL,,,COLISÃO TRANSVERSAL,2,0,0,0,0,0,0,0,0,2,0,,,,,,,,,
2023-10-24 00:00:00,06:55:00,COM VÍTIMA,GUABIRABA,AV DA RECUPERACAO,,,COLISÃO LATERAL,0,0,0,0,0,0,0,0,0,1,0,,,,,,,,,
2023-10-24 00:00:00,06:55:00,COM VÍTIMA,JOANA BEZERRA,RUA IMPERIAL,,,COLISÃO LATERAL,0,0,0,0,0,0,0,0,0,1,0,,,,,,,,,
2023-10-24 00:00:00,08:13:00,COM VÍTIMA,JORDAO,AV MARIA IRENE,,,COLISÃO,0,0,0,0,0,0,0,0,0,1,0,,,,,,,,,
2023-10-24 00:00:00,08:38:00,SEM VÍTIMA,ARRUDA,AV BEBERIBE,,,COLISÃO,0,0,0,0,0,0,0,0,0,0,0,,,,,,,,,
2023-10-24 00:00:00,09:57:00,COM VÍTIMA,IMBIRIBEIRA,VIADUTO TANCREDO NEVES,,,CAPOTAMENTO,2,0,0,0,0,0,0,0,0,2,0,,,,,,,,,
2023-10-24 00:00:00,11:51:00,COM VÍTIMA,JOANA BEZERRA,VIADUTO CAPITAO TEMUDO,,,COLISÃO,0,0,0,0,0,0,0,0,0,1,0,,,,,,,,,
2023-10-25 00:00:00,12:05:00,COM VÍTIMA,IPSEP,AV RECIFE,212,,COLISÃO,0,0,0,0,0,0,0,0,0,2,0,,,,,,,,,
2023-10-25 00:00:00,05:36:00,COM VÍTIMA,MACAXEIRA,AV NORTE MIGUEL ARRAES DE ALENCAR,,,CHOQUE,0,0,0,0,0,0,0,0,0,1,0,,,,,,,,,
2023-10-25 00:00:00,08:21:00,COM VÍTIMA,CASA AMARELA,RUA PADRE LEMOS,,,COLISÃO LATERAL,0,1,0,0,0,0,0,0,0,1,0,,,,,,,,,
2023-10-25 00:00:00,08:22:00,COM VÍTIMA,BEBERIBE,AV BEBERIBE,,,ATROPELAMENTO DE PESSOA,0,1,0,0,1,0,0,0,0,1,0,,,,,,,,,
2023-10-25 00:00:00,09:18:00,COM VÍTIMA,SAO JOSE,AV SUL,,,COLISÃO LATERAL,0,1,0,0,0,0,0,0,0,1,0,,,,,,,,,
2023-10-25 00:00:00,09:47:00,COM VÍTIMA,AGUA FRIA,EST VELHA DE AGUA FRIA,,,COLISÃO,0,1,0,0,0,0,0,0,0,1,0,,,,,,,,,
2023-10-25 00:00:00,09:53:00,COM VÍTIMA,ARRUDA,AV PROFESSOR JOSE DOS ANJOS,,,COLISÃO COM CICLISTA,1,0,0,1,1,0,0,0,0,2,0,,,,,,,,,
2023-10-25 00:00:00,12:24:00,SEM VÍTIMA,AREIAS,AV DR JOSE RUFINO,,SUBURBIO,COLISÃO TRASEIRA,3,0,0,0,0,0,0,0,0,0,0,,,,,,,,,
2023-10-25 00:00:00,01:41:00,COM VÍTIMA,MADALENA,AV VISCONDE DE ALBUQUERQUE,,,COLISÃO FRONTAL,1,1,0,0,0,0,0,0,0,1,0,,,,,,,,,
2023-10-25 00:00:00,02:16:00,COM VÍTIMA,ROSARINHO,AV NORTE MIGUEL ARRAES DE ALENCAR,,,COLISÃO,0,1,0,0,0,0,0,0,0,1,0,,,,,,,,,
2023-10-25 00:00:00,02:26:00,COM VÍTIMA,TORREAO,AV NORTE MIGUEL ARRAES DE ALENCAR,,CIDADE,COLISÃO,0,1,0,0,0,0,0,0,0,1,0,,,,,,,,,
2023-10-25 00:00:00,03:16:00,COM VÍTIMA,DOIS IRMAOS,RUA MANUEL DE MEDEIROS,,,COLISÃO LATERAL,0,0,0,0,0,0,0,0,0,1,0,,,,,,,,,
2023-10-25 00:00:00,04:21:00,SEM VÍTIMA,,AV GOVERNADOR AGAMENON MAGALHAES,,CIDADE,COLISÃO LATERAL,0,0,0,0,0,1,0,1,0,0,0,,,,,,,,,
2023-10-25 00:00:00,04:21:00,COM VÍTIMA,BARRO,AV DR JOSE RUFINO,,,COLISÃO LATERAL,0,0,0,0,0,0,0,0,0,1,0,,,,,,,,,
2023-10-25 00:00:00,04:53:00,COM VÍTIMA,CAMPO GRANDE,RUA JERONIMO VILELA,,,COLISÃO TRASEIRA,1,1,0,0,0,0,0,0,0,1,0,,,,,,,,,
2023-10-25 00:00:00,05:59:00,COM VÍTIMA,FUNDAO,AV BEBERIBE,,,COLISÃO LATERAL,0,0,0,0,0,0,0,0,0,1,0,,,,,,,,,
2023-10-25 00:00:00,08:04:00,SEM VÍTIMA,SANTO ANTONIO,AV MARTINS DE BARROS,,SUBURBIO,COLISÃO LATERAL,0,0,0,0,0,1,0,1,0,0,0,,,,,,,,,
2023-10-26 00:00:00,07:08:00,COM VÍTIMA,BOA VISTA,AV GOVERNADOR AGAMENON MAGALHAES,,,COLISÃO,0,2,0,0,0,0,0,0,0,2,0,,,,,,,,,
2023-10-26 00:00:00,08:14:00,SEM VÍTIMA,ARRUDA,RUA DAS MOCAS,,CIDADE,COLISÃO LATERAL,1,1,0,0,0,0,0,0,0,0,0,,,,,,,,,
2023-10-26 00:00:00,08:33:00,COM VÍTIMA,BOA VISTA,AV CONDE DA BOA VISTA,,,COLISÃO TRASEIRA,0,0,0,1,0,1,0,0,0,1,0,,,,,,,,,
2023-10-26 00:00:00,08:41:00,COM VÍTIMA,PINA,AV CONSELHEIRO AGUIAR,,,COLISÃO FRONTAL,1,1,0,0,0,0,0,0,0,1,0,,,,,,,,,
2023-10-26 00:00:00,09:03:00,COM VÍTIMA,PONTO DE PARADA,AV BEBERIBE,,,COLISÃO LATERAL,0,1,0,0,0,0,0,0,0,1,0,,,,,,,,,
2023-10-26 00:00:00,11:31:00,COM VÍTIMA,MADALENA,RUA JOSE OSORIO,,,COLISÃO,0,1,0,0,0,0,0,0,0,1,0,,,,,,,,,
2023-10-26 00:00:00,11:32:00,COM VÍTIMA,IBURA,LAD DA COHAB,,,COLISÃO,0,0,0,0,0,0,0,0,0,1,0,,,,,,,,,
2023-10-26 00:00:00,03:38:00,SEM VÍTIMA,CASA AMARELA,RUA PADRE LEMOS,,CIDADE,COLISÃO TRASEIRA,2,0,0,0,0,0,0,0,0,0,0,,,,,,,,,
2023-10-26 00:00:00,03:52:00,SEM VÍTIMA,SAO JOSE,AV DANTAS BARRETO,,SUBURBIO,COLISÃO LATERAL,0,0,0,0,0,0,0,1,0,0,0,,,,,,,,,
2023-10-26 00:00:00,06:30:00,COM VÍTIMA,JORDAO,AV MARIA IRENE,,,COLISÃO LATERAL,0,1,0,0,0,0,0,0,0,1,0,,,,,,,,,
2023-10-26 00:00:00,06:30:00,COM VÍTIMA,IBURA,AV DOIS RIOS,,,COLISÃO LATERAL,0,1,0,0,0,0,0,0,0,1,0,,,,,,,,,
2023-10-27 00:00:00,07:07:00,COM VÍTIMA,PINA,AV ENGENHEIRO DOMINGOS FERREIRA,,,COLISÃO,0,1,0,0,0,0,0,0,0,1,0,,,,,,,,,
2023-10-27 00:00:00,07:46:00,COM VÍTIMA,BOA VIAGEM,RUA ERNESTO DE PAULA SANTOS,,,COLISÃO LATERAL,0,1,0,0,0,0,0,0,0,1,0,,,,,,,,,
2023-10-27 00:00:00,08:10:00,COM VÍTIMA,CAXANGA,AV CAXANGA,,,ATROPELAMENTO DE PESSOA,0,1,0,0,1,0,0,0,0,3,0,,,,,,,,,
2023-10-27 00:00:00,08:35:00,COM VÍTIMA,IMBIRIBEIRA,AV PRESIDENTE DUTRA,,,COLISÃO LATERAL,0,0,0,0,0,0,0,0,0,1,0,,,,,,,,,
2023-10-27 00:00:00,09:30:00,COM VÍTIMA,IMBIRIBEIRA,AV RECIFE,,,COLISÃO LATERAL,0,1,0,0,0,0,0,0,0,1,0,,,,,,,,,
2023-10-27 00:00:00,10:42:00,COM VÍTIMA,BOA VIAGEM,AV CONSELHEIRO AGUIAR,,,ATROPELAMENTO DE PESSOA,0,1,0,0,1,0,0,0,0,1,0,,,,,,,,,
2023-10-27 00:00:00,10:47:00,VÍTIMA FATAL,NOVA DESCOBERTA,RUA NOVA DESCOBERTA,,,COLISÃO COM CICLISTA,1,0,0,1,0,0,0,0,0,1,1,,,,,,,,,
2023-10-27 00:00:00,11:49:00,COM VÍTIMA,BOA VISTA,PTE SEIS DE MARCO,,,COLISÃO LATERAL,0,1,0,0,0,0,0,0,0,1,0,,,,,,,,,
2023-10-27 00:00:00,12:12:00,COM VÍTIMA,IBURA,AV DOM HELDER CAMARA,,,COLISÃO,0,1,0,0,0,0,0,0,0,1,0,,,,,,,,,
2023-10-27 00:00:00,03:35:00,COM VÍTIMA,IMBIRIBEIRA,RUA OLIVIA MENELAU,,,COLISÃO LATERAL,0,1,0,0,0,0,1,0,0,1,0,,,,,,,,,
2023-10-27 00:00:00,04:26:00,COM VÍTIMA,CORDEIRO,RUA CORONEL FERNANDO FURTADO,,,COLISÃO LATERAL,0,0,0,0,0,0,0,0,0,1,0,,,,,,,,,
2023-10-27 00:00:00,05:23:00,COM VÍTIMA,BAIRRO DO RECIFE,CAIS DO APOLO,,,COLISÃO LATERAL,0,1,0,0,0,1,0,0,0,1,0,,,,,,,,,
2023-10-27 00:00:00,05:14:00,COM VÍTIMA,PINA,AV ANTONIO DE GOES,,,COLISÃO LATERAL,0,0,0,0,0,0,0,0,0,1,0,,,,,,,,,
2023-10-27 00:00:00,05:23:00,COM VÍTIMA,PINA,AV ANTONIO DE GOES,,,ATROPELAMENTO DE PESSOA,0,1,0,0,1,0,0,0,0,1,0,,,,,,,,,
2023-10-28 00:00:00,07:36:00,COM VÍTIMA,ARRUDA,RUA DAS MOCAS,,,COLISÃO,1,1,0,0,0,0,0,0,0,2,0,,,,,,,,,
2023-10-28 00:00:00,07:52:00,COM VÍTIMA,BOA VIAGEM,RUA DES JOAO PAES,,,COLISÃO LATERAL,0,1,0,0,0,0,0,0,0,1,0,,,,,,,,,
2023-10-28 00:00:00,10:22:00,SEM VÍTIMA,ESPINHEIRO,RUA DO ESPINHEIRO,,CIDADE,COLISÃO TRASEIRA,1,1,0,0,0,0,0,0,0,0,0,,,,,,,,,
2023-10-28 00:00:00,10:48:00,COM VÍTIMA,TORRE,RUA TOMAZ GONZAGA,,,COLISÃO LATERAL,1,1,0,0,0,0,0,0,0,2,0,,,,,,,,,
2023-10-28 00:00:00,11:04:00,COM VÍTIMA,CORDEIRO,AV PROFESSOR ESTEVAO FRANCISCO DA COSTA,,,COLISÃO LATERAL,1,1,0,0,0,0,0,0,0,1,0,,,,,,,,,
2023-10-28 00:00:00,11:19:00,COM VÍTIMA,IBURA,RUA RIO DA PRATA,,,COLISÃO LATERAL,1,1,0,0,0,0,0,0,0,1,0,,,,,,,,,
2023-10-28 00:00:00,12:13:00,COM VÍTIMA,SAO JOSE,RUA VINTE E TRES DE MARCO,,,COLISÃO TRASEIRA,1,1,0,0,0,0,0,0,0,1,0,,,,,,,,,
2023-10-28 00:00:00,02:50:00,COM VÍTIMA,CAMPO GRANDE,AV PROFESSOR JOSE DOS ANJOS,,,QUEDA,0,0,0,0,0,0,0,0,0,1,0,,,,,,,,,
2023-10-28 00:00:00,03:36:00,COM VÍTIMA,CAXANGA,AV CAXANGA,,,COLISÃO LATERAL,0,0,0,0,0,0,0,0,0,1,0,,,,,,,,,
2023-10-28 00:00:00,04:48:00,SEM VÍTIMA,CASA AMARELA,EST DO ARRAIAL,,,CHOQUE,0,0,0,0,0,0,0,0,0,0,0,,,,,,,,,
2023-10-28 00:00:00,05:44:00,COM VÍTIMA,DERBY,AV GOVERNADOR AGAMENON MAGALHAES,75,,COLISÃO COM CICLISTA,0,1,0,1,0,0,0,0,0,1,0,,,,,,,,,
2023-10-28 00:00:00,05:53:00,COM VÍTIMA,SAO JOSE,RUA BOM SUCESSO,,,COLISÃO FRONTAL,2,0,0,0,0,0,0,0,0,2,0,,,,,,,,,
2023-10-28 00:00:00,11:07:00,COM VÍTIMA,SAN MARTIN,AV GENERAL SAN MARTIN,,,COLISÃO,0,0,0,0,0,0,0,0,0,1,0,,,,,,,,,
2023-10-29 00:00:00,08:07:00,COM VÍTIMA,GRACAS,RUA CRUZ DAS GRACAS,,,COLISÃO,1,1,0,0,0,0,0,0,0,2,0,,,,,,,,,
2023-10-29 00:00:00,09:26:00,COM VÍTIMA,CASA FORTE,AV FLOR DE SANTANA,,,COLISÃO,0,1,0,0,0,0,0,0,0,1,0,,,,,,,,,
2023-10-29 00:00:00,11:34:00,COM VÍTIMA,GUABIRABA,AV DA RECUPERACAO,,,COLISÃO,0,1,0,0,0,0,0,0,0,1,0,,,,,,,,,
2023-10-29 00:00:00,12:33:00,COM VÍTIMA,PARNAMIRIM,AV PARNAMIRIM,,,COLISÃO LATERAL,1,1,0,0,0,0,0,0,0,1,0,,,,,,,,,
2023-10-29 00:00:00,01:42:00,COM VÍTIMA,MACAXEIRA,RUA ALTO DO PITU,,,COLISÃO,0,1,0,0,0,0,0,0,0,1,0,,,,,,,,,
2023-10-29 00:00:00,05:47:00,COM VÍTIMA,MACAXEIRA,RUA MARIA AMALIA,,,COLISÃO LATERAL,0,1,0,0,0,0,0,0,0,1,0,,,,,,,,,
2023-10-29 00:00:00,07:33:00,COM VÍTIMA,COHAB,RUA DR BENIGNO JORDAO DE VASCONCELOS,,,COLISÃO LATERAL,0,1,0,0,0,0,0,0,0,1,0,,,,,,,,,
2023-10-29 00:00:00,08:03:00,COM VÍTIMA,AFOGADOS,RUA AUGUSTO CALHEIROS,,,COLISÃO LATERAL,0,2,0,0,0,0,0,0,0,1,0,,,,,,,,,
2023-10-29 00:00:00,09:36:00,COM VÍTIMA,SANTO AMARO,AV PREFEITO ARTUR LIMA CAVALCANTI,,,COLISÃO TRANSVERSAL,2,0,0,0,0,0,0,0,0,2,0,,,,,,,,,
2023-10-29 00:00:00,11:27:00,COM VÍTIMA,BOA VIAGEM,AV ENGENHEIRO DOMINGOS FERREIRA,,,COLISÃO TRASEIRA,1,1,0,0,0,0,0,0,0,2,0,,,,,,,,,
2023-10-30 00:00:00,07:07:00,COM VÍTIMA,MADALENA,AV VISCONDE DE ALBUQUERQUE,,,COLISÃO LATERAL,1,1,0,0,0,0,0,0,0,1,0,,,,,,,,,
2023-10-30 00:00:00,08:36:00,COM VÍTIMA,MADALENA,RUA PESSOA DE MELO,,,COLISÃO FRONTAL,1,1,0,0,0,0,0,0,0,1,0,,,,,,,,,
2023-10-30 00:00:00,08:37:00,SEM VÍTIMA,AFOGADOS,RUA VINTE E UM DE ABRIL,334,CIDADE,COLISÃO TRASEIRA,2,1,0,0,0,0,0,0,0,0,0,,,,,,,,,
2023-10-30 00:00:00,08:50:00,COM VÍTIMA,CAMPO GRANDE,EST DE BELEM,,,COLISÃO,1,1,0,0,0,0,0,0,0,1,0,,,,,,,,,
2023-10-30 00:00:00,09:34:00,COM VÍTIMA,AFOGADOS,EST DOS REMEDIOS,,,COLISÃO,0,1,0,0,0,0,0,0,0,1,0,,,,,,,,,
2023-10-30 00:00:00,11:38:00,COM VÍTIMA,IMBIRIBEIRA,AV MARECHAL MASCARENHAS DE MORAES,,,COLISÃO,0,1,0,0,0,0,0,0,0,1,0,,,,,,,,,
2023-10-30 00:00:00,11:51:00,COM VÍTIMA,JOANA BEZERRA,VDO PAPA JOAO PAULO II,,,COLISÃO,0,0,0,0,0,0,0,0,0,1,0,,,,,,,,,
2023-10-30 00:00:00,12:12:00,COM VÍTIMA,SANTO AMARO,RUA TREZE DE MAIO,,,COLISÃO LATERAL,0,1,0,0,0,0,0,0,0,1,0,,,,,,,,,
2023-10-30 00:00:00,04:39:00,COM VÍTIMA,BOA VIAGEM,AV ENGENHEIRO DOMINGOS FERREIRA,,,COLISÃO TRASEIRA,1,1,0,0,0,0,0,0,0,1,0,,,,,,,,,
2023-10-30 00:00:00,07:50:00,COM VÍTIMA,SANTO AMARO,AV CRUZ CABUGA,,,COLISÃO,0,1,0,0,0,0,0,0,0,1,0,,,,,,,,,
2023-10-30 00:00:00,08:31:00,COM VÍTIMA,SANTO AMARO,AV CRUZ CABUGA,,,COLISÃO,0,1,0,0,0,0,0,0,0,1,0,,,,,,,,,
2023-10-30 00:00:00,08:31:00,COM VÍTIMA,ENCRUZILHADA,AV NORTE MIGUEL ARRAES DE ALENCAR,,,COLISÃO,0,1,0,0,0,0,0,0,0,1,0,,,,,,,,,
2023-10-30 00:00:00,09:54:00,COM VÍTIMA,IMBIRIBEIRA,AV DES JOSE NEVES,,,COLISÃO,0,2,0,0,0,0,0,0,0,3,0,,,,,,,,,
2023-10-30 00:00:00,10:29:00,COM VÍTIMA,IBURA,AV SANTA FE,,,ATROPELAMENTO DE PESSOA,0,0,0,0,0,0,0,0,0,1,0,,,,,,,,,
2023-10-31 00:00:00,08:07:00,COM VÍTIMA,VARZEA,AV CAXANGA,,CIDADE,ATROPELAMENTO DE PESSOA,0,1,0,0,1,0,0,0,0,2,0,,,,,,,,,
2023-10-31 00:00:00,08:28:00,COM VÍTIMA,BOA VISTA,RUA BERNARDO GUIMARAES,,,COLISÃO,0,1,0,0,0,0,0,0,0,1,0,,,,,,,,,
2023-10-31 00:00:00,08:28:00,COM VÍTIMA,BOA VIAGEM,RUA DEZ DE JULHO,,,COLISÃO LATERAL,0,1,0,0,0,0,0,0,0,1,0,,,,,,,,,
2023-10-31 00:00:00,09:23:00,SEM VÍTIMA,AFOGADOS,RUA QUITERIO INACIO DE MELLO,,,COLISÃO LATERAL,1,0,0,0,0,0,0,1,0,0,0,,,,,,,,,
2023-10-31 00:00:00,09:27:00,COM VÍTIMA,IPUTINGA,RUA BOM PASTOR,,,COLISÃO,1,1,0,0,0,0,0,0,0,2,0,,,,,,,,,
2023-10-31 00:00:00,11:58:00,COM VÍTIMA,JOANA BEZERRA,AV GOVERNADOR AGAMENON MAGALHAES,,,COLISÃO,0,1,0,0,0,0,0,0,0,1,0,,,,,,,,,
2023-10-31 00:00:00,12:44:00,COM VÍTIMA,CORDEIRO,AV INACIO MONTEIRO,,,COLISÃO,0,1,0,0,0,0,0,0,0,1,0,,,,,,,,,
2023-10-31 00:00:00,04:38:00,COM VÍTIMA,IPSEP,AV RECIFE,,,ATROPELAMENTO DE PESSOA,1,0,0,0,1,0,0,0,0,1,0,,,,,,,,,
2023-10-31 00:00:00,04:55:00,COM VÍTIMA,DERBY,AV GOVERNADOR CARLOS DE LIMA CAVALCANTI,75,,COLISÃO LATERAL,1,1,0,0,0,0,0,0,0,1,0,,,,,,,,,
2023-10-31 00:00:00,05:34:00,COM VÍTIMA,PINA,AV ANTONIO DE GOES,,,COLISÃO,0,1,0,0,0,0,0,0,0,1,0,,,,,,,,,
2023-10-31 00:00:00,05:44:00,COM VÍTIMA,IBURA,AV DOIS RIOS,,,COLISÃO,0,0,0,0,0,0,0,0,0,1,0,,,,,,,,,
2023-10-31 00:00:00,06:10:00,COM VÍTIMA,MADALENA,RUA BENFICA,,,COLISÃO,1,1,0,0,0,0,0,0,0,1,0,,,,,,,,,
2023-10-31 00:00:00,06:53:00,COM VÍTIMA,VARZEA,AV PROFESSOR ARTUR DE SA,,,COLISÃO,0,1,0,0,0,0,0,0,0,1,0,,,,,,,,,
2023-10-31 00:00:00,08:41:00,COM VÍTIMA,IPUTINGA,RUA MONSENHOR FABRICIO,,,COLISÃO,0,1,0,0,0,0,0,0,0,1,0,,,,,,,,,
2023-10-31 00:00:00,09:56:00,COM VÍTIMA,BOA VIAGEM,AV ARMINDO MOURA,,,COLISÃO,0,1,0,0,0,0,0,0,0,1,0,,,,,,,,,