data,hora,natureza,bairro,endereco,num_semaforo,sentido_via,tipo,auto,moto,ciclom,ciclista,pedestre,onibus,caminhao,viatura,outros,vitimas,vitimasfatais,acidente_verificado,tempo_clima,sinalizacao,condicao_via,conservacao_via,situacao_placa,velocidade_max_via,mao_direcao,divisao_via1
2023-11-01 00:00:00,12:22:00,COM VÍTIMA,IPSEP,AV RECIFE,,,COLISÃO LATERAL,1,2,0,0,0,0,0,0,0,2,0,,,,,,,,,
2023-11-01 00:00:00,09:30:00,COM VÍTIMA,TORREAO,AV NORTE MIGUEL ARRAES DE ALENCAR,,,COLISÃO LATERAL,0,1,0,0,0,0,0,0,0,1,0,,,,,,,,,
2023-11-01 00:00:00,09:39:00,COM VÍTIMA,IMBIRIBEIRA,RUA JEAN EMILE FAVRE,,,COLISÃO LATERAL,0,1,0,0,0,0,0,0,0,1,0,,,,,,,,,
2023-11-01 00:00:00,11:02:00,COM VÍTIMA,JOANA BEZERRA,TRV DO RAPOSO,,,COLISÃO FRONTAL,1,1,0,0,0,0,0,0,0,1,0,,,,,,,,,
2023-11-01 00:00:00,11:51:00,COM VÍTIMA,VARZEA,RUA GASTAO VIDIGAL,,,COLISÃO,0,1,0,0,0,0,0,0,0,1,0,,,,,,,,,
2023-11-01 00:00:00,11:54:00,COM VÍTIMA,DERBY,AV GOVERNADOR AGAMENON MAGALHAES,,,COLISÃO,0,1,0,0,0,0,0,0,0,1,0,,,,,,,,,
2023-11-01 00:00:00,12:14:00,COM VÍTIMA,DERBY,RUA JENER DE SOUZA,,,QUEDA,0,2,0,0,0,0,0,0,0,1,0,,,,,,,,,
2023-11-01 00:00:00,12:17:00,COM VÍTIMA,VASCO DA GAMA,AV VEREADOR OTACILIO AZEVEDO,,,ATROPELAMENTO DE PESSOA,0,1,0,0,1,0,0,0,0,1,0,,,,,,,,,
2023-11-01 00:00:00,12:20:00,SEM VÍTIMA,MADALENA,RUA ALIADOS,,,CHOQUE,0,0,0,0,0,0,0,1,0,0,0,,,,,,,,,
2023-11-01 00:00:00,03:42:00,COM VÍTIMA,JARDIM SAO PAULO,AV LIBERDADE,,,COLISÃO LATERAL,0,0,0,0,0,0,0,0,0,1,0,,,,,,,,,
2023-11-01 00:00:00,07:30:00,COM VÍTIMA,CASA FORTE,RUA JOAO TUDE DE MELO,,,COLISÃO,1,1,0,0,0,0,0,0,0,1,0,,,,,,,,,
2023-11-01 00:00:00,07:58:00,COM VÍTIMA,BOA VIAGEM,VIADUTO TANCREDO NEVES,,,COLISÃO,0,1,0,1,0,0,0,0,0,2,0,,,,,,,,,
2023-11-01 00:00:00,09:43:00,SEM VÍTIMA,CAXANGA,AV AFONSO OLINDENSE,,,COLISÃO,2,0,0,0,0,0,0,0,0,0,0,,,,,,,,,
2023-11-02 00:00:00,06:57:00,COM VÍTIMA,ESTANCIA,AV RECIFE,,,COLISÃO TRASEIRA,2,0,0,0,0,0,0,0,0,1,0,,,,,,,,,
2023-11-02 00:00:00,08:08:00,COM VÍTIMA,BAIRRO DO RECIFE,AV MILITAR,,,COLISÃO,0,1,0,0,0,0,0,0,0,1,0,,,,,,,,,
2023-11-02 00:00:00,11:44:00,COM VÍTIMA,BOA VISTA,RUA DO PROGRESSO,,,COLISÃO,1,1,0,0,0,0,0,0,0,1,0,,,,,,,,,
2023-11-02 00:00:00,12:02:00,COM VÍTIMA,SAO JOSE,AV SUL,,,COLISÃO,0,0,0,0,0,0,0,0,0,1,0,,,,,,,,,
2023-11-02 00:00:00,12:42:00,COM VÍTIMA,MADALENA,RUA CARLOS GOMES,623,,COLISÃO,1,1,0,0,0,0,0,0,0,1,0,,,,,,,,,
2023-11-02 00:00:00,06:27:00,COM VÍTIMA,ENCRUZILHADA,AV BEBERIBE,,,COLISÃO LATERAL,1,1,0,0,0,0,0,0,0,1,0,,,,,,,,,
2023-11-02 00:00:00,09:03:00,COM VÍTIMA,CAMPO GRANDE,RUA OTHON PARAISO,,,COLISÃO,0,1,0,0,0,0,0,0,0,1,0,,,,,,,,,
2023-11-03 00:00:00,06:10:00,COM VÍTIMA,PINA,PTE VICE PRESIDENTE JOSE ALENCAR,,,CAPOTAMENTO,1,0,0,0,0,0,0,0,0,1,0,,,,,,,,,
2023-11-03 00:00:00,06:44:00,COM VÍTIMA,PINA,PTE VICE PRESIDENTE JOSE ALENCAR,,,COLISÃO,0,1,0,0,0,0,0,0,0,1,0,,,,,,,,,
2023-11-03 00:00:00,06:44:00,COM VÍTIMA,PINA,PTE VICE PRESIDENTE JOSE ALENCAR,,,COLISÃO,0,1,0,0,0,0,0,0,0,1,0,,,,,,,,,
2023-11-03 00:00:00,09:25:00,COM VÍTIMA,IBURA,AV DOIS RIOS,,,COLISÃO,0,1,0,0,0,0,0,0,0,1,0,,,,,,,,,
2023-11-03 00:00:00,11:04:00,COM VÍTIMA,GRACAS,AV RUI BARBOSA,,,COLISÃO,0,2,0,0,0,0,0,0,0,2,0,,,,,,,,,
2023-11-03 00:00:00,11:16:00,COM VÍTIMA,MACAXEIRA,AV NORTE MIGUEL ARRAES DE ALENCAR,,,COLISÃO LATERAL,0,1,0,0,0,0,0,0,0,1,0,,,,,,,,,
2023-11-03 00:00:00,11:49:00,COM VÍTIMA,SANTO ANTONIO,RUA DA PALMA,,,COLISÃO,0,1,0,0,0,0,0,0,0,1,0,,,,,,,,,
2023-11-03 00:00:00,01:23:00,COM VÍTIMA,ESTANCIA,AV RECIFE,,,COLISÃO LATERAL,1,0,0,0,0,0,0,0,0,1,0,,,,,,,,,
2023-11-03 00:00:00,01:40:00,COM VÍTIMA,CAXANGA,AV CAXANGA,,,COLISÃO LATERAL,0,0,0,0,0,0,0,0,0,1,0,,,,,,,,,
2023-11-03 00:00:00,04:46:00,COM VÍTIMA,IBURA,RUA PORTO MOZ,,,COLISÃO LATERAL,0,1,0,0,0,0,0,0,0,1,0,,,,,,,,,
2023-11-03 00:00:00,04:52:00,COM VÍTIMA,SAO JOSE,AV SUL,,,COLISÃO LATERAL,0,1,0,0,0,0,0,0,0,1,0,,,,,,,,,
2023-11-03 00:00:00,05:45:00,COM VÍTIMA,MADALENA,AV BEIRA RIO,,,COLISÃO LATERAL,0,0,0,0,0,0,0,0,0,1,0,,,,,,,,,
2023-11-03 00:00:00,08:22:00,COM VÍTIMA,PINA,AV HERCULANO BANDEIRA,,,COLISÃO,1,1,0,0,0,0,0,0,0,1,0,,,,,,,,,
2023-11-04 00:00:00,08:46:00,COM VÍTIMA,AREIAS,AV RECIFE,,,COLISÃO,0,1,0,0,0,0,0,0,0,1,0,,,,,,,,,
2023-11-04 00:00:00,09:10:00,COM VÍTIMA,BOA VIAGEM,RUA PADRE CARAPUCEIRO,,,COLISÃO,1,1,0,0,0,0,0,0,0,1,0,,,,,,,,,
2023-11-04 00:00:00,11:34:00,COM VÍTIMA,AREIAS,RUA DR VILAS BOAS,,,COLISÃO,0,1,0,0,0,0,0,0,0,1,0,,,,,,,,,
2023-11-04 00:00:00,01:15:00,COM VÍTIMA,VARZEA,AV CAXANGA,,,COLISÃO TRASEIRA,1,1,0,0,0,0,0,0,0,2,0,,,,,,,,,
2023-11-04 00:00:00,03:46:00,COM VÍTIMA,CAXANGA,AV CAXANGA,,,COLISÃO LATERAL,0,0,0,0,0,0,0,0,0,1,0,,,,,,,,,
2023-11-04 00:00:00,03:46:00,COM VÍTIMA,BOA VIAGEM,AV DES JOSE NEVES,567,,COLISÃO LATERAL,1,1,0,0,0,0,0,0,0,1,0,,,,,,,,,
2023-11-04 00:00:00,11:13:00,COM VÍTIMA,ESPINHEIRO,RUA DO ESPINHEIRO,,,COLISÃO TRANSVERSAL,1,1,0,0,0,0,0,0,0,2,0,,,,,,,,,
2023-11-05 00:00:00,06:15:00,COM VÍTIMA,TAMARINEIRA,AV PROFESSOR JOSE DOS ANJOS,,,COLISÃO LATERAL,0,1,0,0,0,0,0,0,0,1,0,,,,,,,,,
2023-11-05 00:00:00,08:47:00,COM VÍTIMA,CORDEIRO,AV INACIO MONTEIRO,,,COLISÃO LATERAL,0,1,0,0,0,0,0,0,0,1,0,,,,,,,,,
2023-11-05 00:00:00,09:56:00,COM VÍTIMA,VASCO DA GAMA,RUA CAMBORIU,,,COLISÃO LATERAL,0,1,0,0,0,0,0,0,0,1,0,,,,,,,,,
2023-11-05 00:00:00,11:38:00,COM VÍTIMA,AGUA FRIA,AV BEBERIBE,,,COLISÃO LATERAL,0,1,0,0,0,0,0,0,0,1,0,,,,,,,,,
2023-11-05 00:00:00,12:54:00,COM VÍTIMA,AREIAS,AV CENTRAL,,,COLISÃO LATERAL,0,1,0,0,0,0,0,0,0,1,0,,,,,,,,,
2023-11-05 00:00:00,01:05:00,COM VÍTIMA,BOA VIAGEM,RUA PADRE CABRAL,,,COLISÃO,0,1,0,0,0,0,0,0,0,1,0,,,,,,,,,
2023-11-05 00:00:00,05:29:00,COM VÍTIMA,SANTO AMARO,RUA AURORA,,,COLISÃO LATERAL,0,1,0,0,0,0,0,0,0,1,0,,,,,,,,,
2023-11-05 00:00:00,05:31:00,COM VÍTIMA,IMBIRIBEIRA,RUA ITACARI,,,COLISÃO LATERAL,0,1,0,0,0,0,0,0,0,1,0,,,,,,,,,
2023-11-05 00:00:00,05:34:00,COM VÍTIMA,IMBIRIBEIRA,AV MARECHAL MASCARENHAS DE MORAES,,,COLISÃO LATERAL,0,1,0,0,0,0,0,0,0,1,0,,,,,,,,,
2023-11-05 00:00:00,08:20:00,COM VÍTIMA,BOA VISTA,AV GOVERNADOR CARLOS DE LIMA CAVALCANTI,,,COLISÃO,0,0,0,1,0,0,0,1,0,1,0,,,,,,,,,
2023-11-05 00:00:00,08:32:00,SEM VÍTIMA,JOANA BEZERRA,AV CENTRAL,,SUBURBIO,COLISÃO,1,0,0,0,0,0,0,1,0,0,0,,,,,,,,,
2023-11-05 00:00:00,10:16:00,COM VÍTIMA,IPSEP,AV RECIFE,,,COLISÃO,0,1,0,1,0,0,0,0,0,2,0,,,,,,,,,
2023-11-06 00:00:00,06:42:00,COM VÍTIMA,MADALENA,RUA JOSE BONIFACIO,,,COLISÃO FRONTAL,3,0,0,0,0,0,0,0,0,2,0,,,,,,,,,
2023-11-06 00:00:00,08:53:00,COM VÍTIMA,CAJUEIRO,AV BEBERIBE,,,COLISÃO LATERAL,0,1,0,0,0,0,0,0,0,1,0,,,,,,,,,
2023-11-06 00:00:00,10:06:00,SEM VÍTIMA,BOA VIAGEM,AVENIDA CELSO FURTADO (VIA MANGUE),,CIDADE,COLISÃO LATERAL,1,0,0,0,0,0,0,1,0,0,0,,,,,,,,,
2023-11-06 00:00:00,10:52:00,COM VÍTIMA,TORRE,RUA VISCONDE DE ITAPARICA,,,COLISÃO LATERAL,0,1,0,0,0,0,0,0,0,1,0,,,,,,,,,
2023-11-06 00:00:00,11:28:00,COM VÍTIMA,BOA VIAGEM,RUA PROFESSOR EDUARDO WANDERLEY FILHO,,,COLISÃO,0,1,0,0,0,0,0,0,0,1,0,,,,,,,,,
2023-11-06 00:00:00,12:35:00,COM VÍTIMA,IMBIRIBEIRA,AV MARECHAL MASCARENHAS DE MORAES,,,COLISÃO,0,1,0,0,0,0,0,0,0,1,0,,,,,,,,,
2023-11-06 00:00:00,12:54:00,COM VÍTIMA,BOA VIAGEM,VIADUTO TANCREDO NEVES,,,COLISÃO,0,1,0,0,0,0,0,0,0,1,0,,,,,,,,,
2023-11-06 00:00:00,01:19:00,COM VÍTIMA,IMBIRIBEIRA,RUA JAMAICA,,,COLISÃO FRONTAL,2,1,0,0,0,0,0,0,0,1,0,,,,,,,,,
2023-11-06 00:00:00,01:38:00,COM VÍTIMA,IMBIRIBEIRA,AV MARECHAL MASCARENHAS DE MORAES,,,COLISÃO LATERAL,0,0,0,0,0,0,0,0,0,1,0,,,,,,,,,
2023-11-06 00:00:00,01:46:00,COM VÍTIMA,CAXANGA,AV CAXANGA,,,COLISÃO LATERAL,0,0,0,0,0,0,0,0,0,1,0,,,,,,,,,
2023-11-06 00:00:00,02:25:00,COM VÍTIMA,SAN MARTIN,AV GENERAL SAN MARTIN,,,COLISÃO LATERAL,0,0,0,0,0,0,0,0,0,1,0,,,,,,,,,
2023-11-06 00:00:00,04:38:00,SEM VÍTIMA,IMBIRIBEIRA,AV MARECHAL MASCARENHAS DE MORAES,,CIDADE,COLISÃO LATERAL,1,0,0,0,0,0,0,1,0,0,0,,,,,,,,,
2023-11-06 00:00:00,04:46:00,COM VÍTIMA,BOA VIAGEM,RUA DEZ DE JULHO,,,COLISÃO LATERAL,1,1,0,0,0,0,0,0,0,1,0,,,,,,,,,
2023-11-06 00:00:00,04:55:00,COM VÍTIMA,TAMARINEIRA,RUA CONEGO BARATA,,,COLISÃO LATERAL,0,1,0,0,0,0,0,0,0,1,0,,,,,,,,,
2023-11-06 00:00:00,05:24:00,COM VÍTIMA,VARZEA,RUA FRANCISCO LACERDA,,,COLISÃO LATERAL,0,1,0,1,0,0,0,0,0,1,0,,,,,,,,,
2023-11-06 00:00:00,05:59:00,COM VÍTIMA,TORREAO,RUA DJALMA FARIAS,,,COLISÃO LATERAL,1,1,0,0,0,0,0,0,0,1,0,,,,,,,,,
2023-11-06 00:00:00,06:53:00,COM VÍTIMA,BOA VIAGEM,AV CONSELHEIRO AGUIAR,,,COLISÃO LATERAL,1,1,0,0,0,0,0,0,0,1,0,,,,,,,,,
2023-11-06 00:00:00,06:53:00,COM VÍTIMA,VARZEA,RUA VALE DO SIRIJI,,,COLISÃO LATERAL,0,0,0,0,0,0,0,0,0,1,0,,,,,,,,,
2023-11-06 00:00:00,10:15:00,COM VÍTIMA,SITIO DOS PINTOS,RUA MANUEL DE MEDEIROS,,,COLISÃO TRANSVERSAL,1,1,0,0,0,0,0,0,0,1,0,,,,,,,,,
2023-11-07 00:00:00,09:24:00,COM VÍTIMA,BOA VIAGEM,RUA DEZ DE JULHO,,,COLISÃO LATERAL,1,1,0,0,0,0,0,0,0,1,0,,,,,,,,,
2023-11-07 00:00:00,12:19:00,COM VÍTIMA,PORTO DA MADEIRA,AV BEBERIBE,,,ATROPELAMENTO DE PESSOA,1,0,0,0,1,0,0,0,0,1,0,,,,,,,,,
2023-11-07 00:00:00,12:25:00,COM VÍTIMA,CORDEIRO,AV CAXANGA,,SUBURBIO,COLISÃO LATERAL,1,1,0,0,0,0,0,0,0,1,0,,,,,,,,,
2023-11-07 00:00:00,12:31:00,COM VÍTIMA,ESPINHEIRO,AV JOAO DE BARROS,,,COLISÃO,0,0,0,0,0,0,0,0,0,1,0,,,,,,,,,
2023-11-07 00:00:00,02:14:00,COM VÍTIMA,IMBIRIBEIRA,AV MARECHAL MASCARENHAS DE MORAES,,,COLISÃO,0,1,0,0,0,0,0,0,0,1,0,,,,,,,,,
2023-11-07 00:00:00,03:38:00,COM VÍTIMA,ESPINHEIRO,RUA CONS PORTELA,,,CHOQUE,1,0,0,0,0,0,0,0,0,1,0,,,,,,,,,
2023-11-07 00:00:00,05:10:00,COM VÍTIMA,IPUTINGA,AV CAXANGA,,,COLISÃO TRASEIRA,1,1,0,0,0,0,0,0,0,1,0,,,,,,,,,
2023-11-07 00:00:00,05:21:00,COM VÍTIMA,SANTO ANTONIO,RUA FLORIANO PEIXOTO,,,ATROPELAMENTO DE PESSOA,0,0,0,0,1,1,0,0,0,1,0,,,,,,,,,
2023-11-07 00:00:00,05:49:00,COM VÍTIMA,CORREGO DO JENIPAPO,AV NORTE MIGUEL ARRAES DE ALENCAR,,,COLISÃO LATERAL,0,0,0,0,0,0,0,0,0,1,0,,,,,,,,,
2023-11-07 00:00:00,06:35:00,COM VÍTIMA,ROSARINHO,AV NORTE MIGUEL ARRAES DE ALENCAR,,,QUEDA,0,0,0,0,0,0,0,1,0,1,0,,,,,,,,,
2023-11-07 00:00:00,06:37:00,COM VÍTIMA,VASCO DA GAMA,RUA PLANALTO,,,COLISÃO LATERAL,0,0,0,0,0,0,0,0,0,1,0,,,,,,,,,
2023-11-07 00:00:00,07:20:00,COM VÍTIMA,DOIS IRMAOS,RUA DOIS IRMAOS,,,COLISÃO,1,1,0,0,0,0,0,0,0,2,0,,,,,,,,,
2023-11-07 00:00:00,10:05:00,COM VÍTIMA,MACAXEIRA,AV NORTE MIGUEL ARRAES DE ALENCAR,,SUBURBIO,COLISÃO,1,1,0,0,0,0,0,0,0,2,0,,,,,,,,,
2023-11-07 00:00:00,10:46:00,COM VÍTIMA,AGUA FRIA,AV BEBERIBE,,,COLISÃO,0,1,0,1,0,0,0,0,0,1,0,,,,,,,,,
2023-11-08 00:00:00,07:53:00,COM VÍTIMA,JARDIM SAO PAULO,AV RECIFE,,,COLISÃO,1,1,0,0,0,0,0,0,0,2,0,,,,,,,,,
2023-11-08 00:00:00,08:00:00,COM VÍTIMA,CASA FORTE,AV DEZESSETE DE AGOSTO,,,COLISÃO,1,1,0,0,0,0,0,0,0,1,0,,,,,,,,,
2023-11-08 00:00:00,08:25:00,COM VÍTIMA,APIPUCOS,RUA DE APIPUCOS,,,COLISÃO,0,0,0,0,0,0,0,0,0,1,0,,,,,,,,,
2023-11-08 00:00:00,08:28:00,COM VÍTIMA,IMBIRIBEIRA,AV MARECHAL MASCARENHAS DE MORAES,,,COLISÃO,0,1,0,0,0,0,0,0,0,1,0,,,,,,,,,
2023-11-08 00:00:00,08:47:00,COM VÍTIMA,IPSEP,AV RECIFE,,,COLISÃO LATERAL,0,1,0,0,0,0,0,0,0,1,0,,,,,,,,,
2023-11-08 00:00:00,08:50:00,COM VÍTIMA,DERBY,AV GOVERNADOR AGAMENON MAGALHAES,,,COLISÃO TRASEIRA,2,1,0,0,0,0,0,0,0,2,0,,,,,,,,,
2023-11-08 00:00:00,08:58:00,COM VÍTIMA,JOANA BEZERRA,AV CENTRAL,,,COLISÃO,0,1,0,0,0,0,0,0,0,1,0,,,,,,,,,
2023-11-08 00:00:00,09:54:00,COM VÍTIMA,BOA VIAGEM,RUA RIBEIRO DE BRITO,,,COLISÃO LATERAL,0,1,0,0,0,0,0,0,0,1,0,,,,,,,,,
2023-11-08 00:00:00,10:23:00,COM VÍTIMA,JARDIM SAO PAULO,AV SAO PAULO,,,COLISÃO LATERAL,0,1,0,0,0,0,0,0,0,1,0,,,,,,,,,
2023-11-08 00:00:00,11:02:00,COM VÍTIMA,MADALENA,RUA ERNANI BRAGA,,,COLISÃO,0,1,0,0,0,0,0,0,0,1,0,,,,,,,,,
2023-11-08 00:00:00,11:04:00,COM VÍTIMA,IMBIRIBEIRA,AV ENGENHEIRO ALVES DE SOUZA,,,COLISÃO LATERAL,1,1,0,0,0,0,0,0,0,1,0,,,,,,,,,
2023-11-08 00:00:00,11:09:00,COM VÍTIMA,AFOGADOS,EST DOS REMEDIOS,,,COLISÃO LATERAL,2,0,0,0,0,0,0,0,0,1,0,,,,,,,,,
2023-11-08 00:00:00,02:12:00,SEM VÍTIMA,BOA VIAGEM,RUA COSMORAMA,,,COLISÃO TRASEIRA,1,0,0,0,0,0,0,1,0,0,0,,,,,,,,,
2023-11-08 00:00:00,03:06:00,COM VÍTIMA,IBURA,AV DOIS RIOS,,,COLISÃO,1,1,0,0,0,0,0,0,0,1,0,,,,,,,,,
2023-11-08 00:00:00,03:21:00,COM VÍTIMA,IBURA,AV DOIS RIOS,,,COLISÃO LATERAL,0,0,0,0,0,0,0,0,0,1,0,,,,,,,,,
2023-11-08 00:00:00,03:24:00,COM VÍTIMA,AFOGADOS,EST DOS REMEDIOS,,,COLISÃO LATERAL,1,1,0,0,0,0,0,0,0,1,0,,,,,,,,,
2023-11-08 00:00:00,03:54:00,COM VÍTIMA,BOA VISTA,AV JOAO DE BARROS,,,COLISÃO LATERAL,1,1,0,0,0,0,0,0,0,1,0,,,,,,,,,
2023-11-08 00:00:00,06:16:00,COM VÍTIMA,CASA FORTE,AV DEZESSETE DE AGOSTO,,,COLISÃO LATERAL,0,0,0,0,0,0,0,0,0,1,0,,,,,,,,,
2023-11-08 00:00:00,08:32:00,COM VÍTIMA,IBURA,AV DOIS RIOS,,,COLISÃO TRANSVERSAL,1,1,0,0,0,0,0,0,0,1,0,,,,,,,,,
2023-11-08 00:00:00,10:12:00,COM VÍTIMA,BEBERIBE,AV BEBERIBE,,,COLISÃO TRANSVERSAL,1,1,0,0,0,0,0,0,0,1,0,,,,,,,,,
2023-11-09 00:00:00,06:39:00,COM VÍTIMA,SANTO AMARO,AV GOVERNADOR AGAMENON MAGALHAES,,,COLISÃO,1,1,0,0,0,0,0,0,0,1,0,,,,,,,,,
2023-11-09 00:00:00,07:24:00,COM VÍTIMA,CAXANGA,AV CAXANGA,,,COLISÃO,0,1,0,0,0,0,0,0,0,1,0,,,,,,,,,
2023-11-09 00:00:00,07:50:00,COM VÍTIMA,PINA,AVENIDA CELSO FURTADO (VIA MANGUE),,,COLISÃO LATERAL,0,1,0,0,0,0,0,0,0,1,0,,,,,,,,,
2023-11-09 00:00:00,07:58:00,COM VÍTIMA,IPUTINGA,EST DO BARBALHO,,,COLISÃO FRONTAL,1,1,0,0,0,0,0,0,0,1,0,,,,,,,,,
2023-11-09 00:00:00,10:05:00,COM VÍTIMA,IBURA,AV DOIS RIOS,,,COLISÃO LATERAL,0,1,0,0,0,0,0,0,0,1,0,,,,,,,,,
2023-11-09 00:00:00,10:56:00,COM VÍTIMA,BOA VISTA,AV CONDE DA BOA VISTA,,,COLISÃO COM CICLISTA,1,0,0,1,0,0,0,0,0,2,0,,,,,,,,,
2023-11-09 00:00:00,11:02:00,COM VÍTIMA,BOA VIAGEM,AV CONSELHEIRO AGUIAR,,,COLISÃO,1,2,0,0,0,0,0,0,0,1,0,,,,,,,,,
2023-11-09 00:00:00,01:35:00,COM VÍTIMA,IBURA,RUA EMILIO MONTEIRO FONSECA,,,COLISÃO LATERAL,1,1,0,0,0,0,0,0,0,1,0,,,,,,,,,
2023-11-09 00:00:00,04:20:00,COM VÍTIMA,AFOGADOS,RUA SAO MIGUEL,,,COLISÃO COM CICLISTA,0,0,0,1,0,0,0,0,0,1,0,,,,,,,,,
2023-11-09 00:00:00,04:22:00,COM VÍTIMA,0,AV NORTE MIGUEL ARRAES DE ALENCAR,,,COLISÃO LATERAL,0,0,0,0,0,0,0,0,0,1,0,,,,,,,,,
2023-11-09 00:00:00,04:38:00,COM VÍTIMA,AFOGADOS,RUA SAO MIGUEL,,,COLISÃO COM CICLISTA,0,0,0,1,0,0,0,0,0,1,0,,,,,,,,,
2023-11-09 00:00:00,05:15:00,COM VÍTIMA,SAO JOSE,RUA DO PEIXOTO,,,COLISÃO,0,0,0,0,0,0,0,0,0,1,0,,,,,,,,,
2023-11-09 00:00:00,05:36:00,COM VÍTIMA,VARZEA,RUA VISCONDE DE BARBACENA,,,COLISÃO LATERAL,1,1,0,0,0,0,0,0,0,1,0,,,,,,,,,
2023-11-09 00:00:00,05:52:00,COM VÍTIMA,ENGENHO DO MEIO,RUA ANTONIO CURADO,,,COLISÃO LATERAL,0,0,0,0,0,0,0,0,0,1,0,,,,,,,,,
2023-11-09 00:00:00,06:33:00,SEM VÍTIMA,SANTO ANTONIO,AV RIO CAPIBARIBE,,,COLISÃO LATERAL,0,0,0,0,0,1,0,1,0,0,0,,,,,,,,,
2023-11-09 00:00:00,07:43:00,COM VÍTIMA,SANTO AMARO,RUA DOS PALMARES,30,,COLISÃO FRONTAL,0,0,0,0,0,0,0,0,0,1,0,,,,,,,,,
2023-11-09 00:00:00,07:53:00,COM VÍTIMA,SANTO AMARO,RUA DOS PALMARES,,,COLISÃO,1,1,0,0,0,0,0,0,0,1,0,,,,,,,,,
2023-11-09 00:00:00,08:20:00,COM VÍTIMA,PINA,AV ENGENHEIRO DOMINGOS FERREIRA,,,ATROPELAMENTO DE PESSOA,0,0,0,0,1,1,0,0,0,1,0,,,,,,,,,
2023-11-10 00:00:00,03:28:00,SEM VÍTIMA,BOA VIAGEM,RUA SA E SOUZA,159,CIDADE,COLISÃO TRASEIRA,1,0,0,0,0,0,0,1,0,0,0,,,,,,,,,
2023-11-10 00:00:00,08:57:00,COM VÍTIMA,SANTO AMARO,AV GOVERNADOR AGAMENON MAGALHAES,,SUBURBIO,COLISÃO LATERAL,1,1,0,0,0,0,0,0,0,1,0,,,,,,,,,
2023-11-10 00:00:00,02:51:00,COM VÍTIMA,PARNAMIRIM,RUA SEBASTIAO ALVES,,,COLISÃO FRONTAL,1,1,0,0,0,0,0,0,0,1,0,,,,,,,,,
2023-11-10 00:00:00,02:59:00,COM VÍTIMA,ENCRUZILHADA,RUA CONS PORTELA,,,COLISÃO LATERAL,0,0,0,0,0,0,0,0,0,1,0,,,,,,,,,
2023-11-10 00:00:00,04:21:00,COM VÍTIMA,IBURA,AV DOIS RIOS,,,COLISÃO LATERAL,0,1,0,0,0,1,0,0,0,1,0,,,,,,,,,
2023-11-10 00:00:00,04:21:00,COM VÍTIMA,SANTO AMARO,AV MARIO MELO,,,COLISÃO LATERAL,0,0,0,0,0,0,0,0,0,1,0,,,,,,,,,
2023-11-10 00:00:00,05:51:00,COM VÍTIMA,IBURA,AV DOIS RIOS,,,COLISÃO TRASEIRA,1,1,0,0,0,0,0,0,0,1,0,,,,,,,,,
2023-11-10 00:00:00,06:55:00,COM VÍTIMA,ARRUDA,RUA RAMIZ GALVAO,,,COLISÃO FRONTAL,1,1,0,0,0,0,0,0,0,1,0,,,,,,,,,
2023-11-10 00:00:00,07:09:00,COM VÍTIMA,BAIRRO DO RECIFE,RUA DO BRUM,,,COLISÃO TRANSVERSAL,1,1,0,0,0,0,0,0,0,1,0,,,,,,,,,
2023-11-10 00:00:00,07:20:00,COM VÍTIMA,JARDIM SAO PAULO,AV SAO PAULO,,,COLISÃO TRASEIRA,1,1,0,0,0,0,0,0,0,1,0,,,,,,,,,
2023-11-10 00:00:00,07:37:00,COM VÍTIMA,ENGENHO DO MEIO,RUA ANTONIO CURADO,,,COLISÃO TRANSVERSAL,1,1,0,0,0,0,0,0,0,1,0,,,,,,,,,
2023-11-10 00:00:00,07:53:00,COM VÍTIMA,TORROES,AV ENGENHEIRO ABDIAS DE CARVALHO,,,ATROPELAMENTO DE PESSOA,1,0,0,0,2,0,0,0,0,2,0,,,,,,,,,
2023-11-11 00:00:00,01:26:00,COM VÍTIMA,CORDEIRO,AV CAXANGA,,CIDADE,COLISÃO,1,1,0,0,0,0,0,0,0,2,0,,,,,,,,,
2023-11-11 00:00:00,03:51:00,COM VÍTIMA,MADALENA,RUA REAL DA TORRE,,,COLISÃO TRANSVERSAL,1,1,0,0,0,0,0,0,0,2,0,,,,,,,,,
2023-11-11 00:00:00,05:42:00,COM VÍTIMA,AFOGADOS,RUA PROFESSOR AUGUSTO WANDERLEY FILHO,,,COLISÃO,0,1,0,0,0,0,0,0,0,2,0,,,,,,,,,
2023-11-11 00:00:00,11:27:00,COM VÍTIMA,BOA VIAGEM,RUA ANTONIO FALCAO,,,COLISÃO LATERAL,0,1,0,0,0,0,0,0,0,1,0,,,,,,,,,
2023-11-11 00:00:00,02:11:00,COM VÍTIMA,CAXANGA,RUA ELIZEU CAVALCANTE,,,COLISÃO COM CICLISTA,0,0,0,1,0,0,0,0,0,1,0,,,,,,,,,
2023-11-11 00:00:00,02:39:00,COM VÍTIMA,AFOGADOS,TRV SAO MIGUEL,,,COLISÃO TRASEIRA,1,1,0,0,0,0,0,0,0,1,0,,,,,,,,,
2023-11-11 00:00:00,02:45:00,COM VÍTIMA,CASA FORTE,AV DEZESSETE DE AGOSTO,,,COLISÃO LATERAL,1,1,0,0,0,0,0,0,0,1,0,,,,,,,,,
2023-11-11 00:00:00,03:06:00,COM VÍTIMA,BOA VIAGEM,RUA ANTONIO FALCAO,,,COLISÃO TRASEIRA,1,1,0,0,0,0,0,0,0,2,0,,,,,,,,,
2023-11-11 00:00:00,03:08:00,COM VÍTIMA,ILHA DO RETIRO,EST DOS REMEDIOS,1355,,COLISÃO LATERAL,0,0,0,0,0,0,0,0,0,1,0,,,,,,,,,
2023-11-11 00:00:00,04:39:00,COM VÍTIMA,SAO JOSE,AV SUL,,SUBURBIO,COLISÃO FRONTAL,0,0,0,0,0,2,0,0,0,2,0,,,,,,,,,
2023-11-11 00:00:00,05:05:00,COM VÍTIMA,PRADO,RUA JOAO IVO DA SILVA,,,COLISÃO TRASEIRA,1,1,0,0,0,0,0,0,0,1,0,,,,,,,,,
2023-11-11 00:00:00,05:08:00,COM VÍTIMA,CORDEIRO,RUA CLAUDIO BROTHERHOOD,,,COLISÃO LATERAL,0,1,0,0,0,0,0,0,0,1,0,,,,,,,,,
2023-11-11 00:00:00,05:09:00,COM VÍTIMA,IMBIRIBEIRA,AV MARECHAL MASCARENHAS DE MORAES,,CIDADE,COLISÃO TRASEIRA,4,1,0,0,0,0,0,0,0,2,0,,,,,,,,,
2023-11-11 00:00:00,05:11:00,COM VÍTIMA,IMBIRIBEIRA,RUA JOSE DA SILVA LUCENA,,,COLISÃO LATERAL,0,0,0,0,0,0,0,0,0,1,0,,,,,,,,,
2023-11-11 00:00:00,05:37:00,COM VÍTIMA,PORTO DA MADEIRA,AV BEBERIBE,,,QUEDA,0,1,0,0,0,0,0,0,0,1,0,,,,,,,,,
2023-11-11 00:00:00,05:53:00,COM VÍTIMA,SAN MARTIN,AV ENGENHEIRO ABDIAS DE CARVALHO,,,COLISÃO LATERAL,0,0,0,0,0,0,0,0,0,1,0,,,,,,,,,
2023-11-11 00:00:00,05:54:00,COM VÍTIMA,JAQUEIRA,AV RUI BARBOSA,,,COLISÃO FRONTAL,1,1,0,0,0,0,0,0,0,1,0,,,,,,,,,
2023-11-11 00:00:00,08:43:00,COM VÍTIMA,SANTO AMARO,RUA DA UNIAO,,,COLISÃO TRANSVERSAL,1,1,0,0,0,0,0,0,0,1,0,,,,,,,,,
2023-11-11 00:00:00,09:22:00,COM VÍTIMA,SAO JOSE,RUA IMPERIAL,,,CAPOTAMENTO,2,1,0,0,0,0,0,0,0,2,0,,,,,,,,,
2023-11-11 00:00:00,11:21:00,COM VÍTIMA,VARZEA,RUA ABATIA,,,COLISÃO TRANSVERSAL,1,1,0,0,0,0,0,0,0,1,0,,,,,,,,,
2023-11-12 00:00:00,09:22:00,COM VÍTIMA,IMBIRIBEIRA,VIADUTO TANCREDO NEVES,,,COLISÃO,1,1,0,0,0,0,0,0,0,1,0,,,,,,,,,
2023-11-12 00:00:00,10:24:00,COM VÍTIMA,ILHA DO RETIRO,AV ENGENHEIRO ABDIAS DE CARVALHO,,,COLISÃO,0,1,0,0,0,0,0,0,0,1,0,,,,,,,,,