data,hora,natureza,bairro,endereco,num_semaforo,sentido_via,tipo,auto,moto,ciclom,ciclista,pedestre,onibus,caminhao,viatura,outros,vitimas,vitimasfatais,acidente_verificado,tempo_clima,sinalizacao,condicao_via,conservacao_via,situacao_placa,velocidade_max_via,mao_direcao,divisao_via1
2023-11-12 00:00:00,11:02:00,COM VÍTIMA,COQUEIRAL,RUA DR JOSE CORNELIO,,,COLISÃO,0,1,0,0,0,0,0,0,0,1,0,,,,,,,,,
2023-11-12 00:00:00,11:39:00,COM VÍTIMA,ILHA DO RETIRO,AV ENGENHEIRO ABDIAS DE CARVALHO,,,COLISÃO,0,1,0,0,0,0,0,0,0,1,0,,,,,,,,,
2023-11-12 00:00:00,12:28:00,COM VÍTIMA,PONTO DE PARADA,RUA PROFESSOR JERONIMO GUEIROS,,,QUEDA,0,1,0,0,0,0,0,0,0,1,0,,,,,,,,,
2023-11-12 00:00:00,05:16:00,SEM VÍTIMA,AREIAS,AV CAPITAO GREGORIO DE CALDAS,,,COLISÃO FRONTAL,4,0,0,0,0,0,0,0,0,0,0,,,,,,,,,
2023-11-12 00:00:00,06:01:00,COM VÍTIMA,TEJIPIO,AV DR JOSE RUFINO,,,COLISÃO LATERAL,0,0,0,0,0,0,0,0,0,1,0,,,,,,,,,
2023-11-12 00:00:00,06:56:00,COM VÍTIMA,PARNAMIRIM,RUA VIRGINIA LORETO,,,COLISÃO LATERAL,0,0,0,0,0,0,0,0,0,1,0,,,,,,,,,
2023-11-12 00:00:00,08:35:00,COM VÍTIMA,IPUTINGA,AV CAXANGA,,,COLISÃO,0,0,0,0,0,0,0,0,0,1,0,,,,,,,,,
2023-11-12 00:00:00,08:46:00,SEM VÍTIMA,MACAXEIRA,RUA CORONEL JOAO BATISTA DO REGO BARROS,671,,COLISÃO TRASEIRA,1,1,0,0,0,0,0,0,0,0,0,,,,,,,,,
2023-11-12 00:00:00,09:16:00,COM VÍTIMA,CASA FORTE,AV DEZESSETE DE AGOSTO,,,COLISÃO,0,2,0,0,0,0,0,0,0,2,0,,,,,,,,,
2023-11-12 00:00:00,10:50:00,COM VÍTIMA,BOA VIAGEM,RUA VISCONDE DE JEQUITINHONHA,,,COLISÃO,0,1,0,0,0,0,0,0,0,1,0,,,,,,,,,
2023-11-13 00:00:00,06:33:00,COM VÍTIMA,SANTO ANTONIO,RUA DO SOL,,,COLISÃO LATERAL,0,1,0,0,0,0,0,0,0,1,0,,,,,,,,,
2023-11-13 00:00:00,09:20:00,COM VÍTIMA,MADALENA,RUA CLOVIS BEVILAQUA,,,COLISÃO,0,1,0,0,0,0,0,0,0,1,0,,,,,,,,,
2023-11-13 00:00:00,10:38:00,COM VÍTIMA,GUABIRABA,RUA ALTO JOSE IDALINO,,,COLISÃO,0,1,0,0,0,0,0,0,0,1,0,,,,,,,,,
2023-11-13 00:00:00,11:43:00,COM VÍTIMA,COELHOS,PTE JOAQUIM CARDOSO,,,COLISÃO,0,1,0,0,0,0,0,0,0,1,0,,,,,,,,,
2023-11-13 00:00:00,02:50:00,SEM VÍTIMA,TEJIPIO,RUA FALCAO DE LACERDA,,,COLISÃO,0,0,0,0,0,0,0,0,0,0,0,,,,,,,,,
2023-11-13 00:00:00,05:42:00,COM VÍTIMA,ENGENHO DO MEIO,RUA FRANCISCO BEZERRA MONTEIRO,,,COLISÃO LATERAL,0,0,0,0,0,0,0,0,0,1,0,,,,,,,,,
2023-11-13 00:00:00,07:26:00,COM VÍTIMA,CAMPO GRANDE,AV PROFESSOR JOSE DOS ANJOS,,,COLISÃO LATERAL,1,0,0,1,0,0,0,0,0,1,0,,,,,,,,,
2023-11-13 00:00:00,07:16:00,COM VÍTIMA,BOA VIAGEM,RUA DOS NAVEGANTES,,,COLISÃO LATERAL,1,1,0,0,0,0,0,0,0,1,0,,,,,,,,,
2023-11-14 00:00:00,07:56:00,COM VÍTIMA,TORREAO,RUA OTHON PARAISO,,,COLISÃO LATERAL,1,1,0,0,0,0,0,0,0,1,0,,,,,,,,,
2023-11-14 00:00:00,08:38:00,COM VÍTIMA,IMBIRIBEIRA,RUA ALVARO AMORIM,,,COLISÃO LATERAL,1,1,0,0,0,0,0,0,0,1,0,,,,,,,,,
2023-11-14 00:00:00,09:38:00,COM VÍTIMA,IBURA,RUA DOZE DE JUNHO,,,COLISÃO LATERAL,0,1,0,0,0,0,0,0,0,1,0,,,,,,,,,
2023-11-14 00:00:00,11:12:00,COM VÍTIMA,IMBIRIBEIRA,AV MARECHAL MASCARENHAS DE MORAES,,,COLISÃO,0,1,0,0,0,0,0,0,0,1,0,,,,,,,,,
2023-11-14 00:00:00,12:35:00,SEM VÍTIMA,SAO JOSE,TRV DO GUSMAO,,,COLISÃO LATERAL,1,0,0,0,0,1,0,0,0,0,0,,,,,,,,,
2023-11-14 00:00:00,12:46:00,COM VÍTIMA,CASA FORTE,AV DEZESSETE DE AGOSTO,,,COLISÃO,0,1,0,0,0,0,0,0,0,1,0,,,,,,,,,
2023-11-14 00:00:00,12:50:00,COM VÍTIMA,SANTO AMARO,AV CRUZ CABUGA,,,COLISÃO,0,1,0,0,0,0,0,0,0,1,0,,,,,,,,,
2023-11-14 00:00:00,04:20:00,COM VÍTIMA,IPUTINGA,EST DO BARBALHO,,,COLISÃO FRONTAL,0,2,0,0,0,0,0,0,0,2,0,,,,,,,,,
2023-11-14 00:00:00,06:56:00,COM VÍTIMA,ARRUDA,AV BEBERIBE,,,COLISÃO LATERAL,1,1,0,0,0,0,0,0,0,1,0,,,,,,,,,
2023-11-14 00:00:00,07:52:00,COM VÍTIMA,DOIS UNIDOS,AV HILDEBRANDO DE VASCONCELOS,,,COLISÃO,0,1,0,0,0,0,0,0,0,1,0,,,,,,,,,
2023-11-14 00:00:00,08:26:00,COM VÍTIMA,IBURA,AV RIO SAO FRANCISCO,,,COLISÃO,0,0,0,0,0,0,0,0,0,1,0,,,,,,,,,
2023-11-14 00:00:00,10:37:00,COM VÍTIMA,BOA VIAGEM,RUA BARAO DE SOUZA LEAO,,,COLISÃO,0,0,0,0,0,0,0,0,0,1,0,,,,,,,,,
2023-11-15 00:00:00,01:45:00,COM VÍTIMA,IBURA,AV DOIS RIOS,,,COLISÃO FRONTAL,1,1,0,0,0,0,0,0,0,1,0,,,,,,,,,
2023-11-15 00:00:00,05:12:00,SEM VÍTIMA,IBURA,AV PRESIDENTE DUTRA,,SUBURBIO,CHOQUE,1,0,0,0,0,0,0,0,0,0,0,,,,,,,,,
2023-11-15 00:00:00,05:19:00,COM VÍTIMA,SANTO AMARO,AV GOVERNADOR AGAMENON MAGALHAES,,,COLISÃO LATERAL,1,1,0,0,0,0,0,0,0,1,0,,,,,,,,,
2023-11-15 00:00:00,07:38:00,COM VÍTIMA,MACAXEIRA,RUA MARIA CANDIDA,,,COLISÃO LATERAL,0,1,0,0,0,0,0,0,0,1,0,,,,,,,,,
2023-11-15 00:00:00,09:09:00,COM VÍTIMA,SAN MARTIN,AV GENERAL SAN MARTIN,,,COLISÃO LATERAL,0,1,0,0,0,0,0,0,0,1,0,,,,,,,,,
2023-11-15 00:00:00,12:01:00,COM VÍTIMA,BOA VIAGEM,RUA CAMBOIM,,,COLISÃO LATERAL,1,1,0,0,0,0,0,0,0,1,0,,,,,,,,,
2023-11-15 00:00:00,03:01:00,COM VÍTIMA,TEJIPIO,RUA APRIGIO GUIMARAES,,,COLISÃO LATERAL,1,1,0,0,0,0,0,0,0,1,0,,,,,,,,,
2023-11-15 00:00:00,04:37:00,COM VÍTIMA,BOA VIAGEM,VIADUTO TANCREDO NEVES,,,COLISÃO LATERAL,1,1,0,0,0,0,0,0,0,1,0,,,,,,,,,
2023-11-15 00:00:00,06:59:00,COM VÍTIMA,JARDIM SAO PAULO,RUA LEANDRO BARRETO,,,COLISÃO FRONTAL,1,1,0,0,0,0,0,0,0,1,0,,,,,,,,,
2023-11-15 00:00:00,07:45:00,COM VÍTIMA,IPSEP,AV RECIFE,,,COLISÃO TRANSVERSAL,1,1,0,0,0,0,0,0,0,1,0,,,,,,,,,
2023-11-16 00:00:00,06:58:00,COM VÍTIMA,PASSARINHO,RUA ANDORINHA,,,COLISÃO LATERAL,0,1,0,0,0,0,0,0,0,1,0,,,,,,,,,
2023-11-16 00:00:00,07:35:00,COM VÍTIMA,BOA VIAGEM,RUA PROFESSOR JOAO MEDEIROS,,,COLISÃO TRASEIRA,1,1,0,0,0,0,0,0,0,1,0,,,,,,,,,
2023-11-16 00:00:00,07:58:00,COM VÍTIMA,ESPINHEIRO,RUA QUARENTA E OITO,,,COLISÃO,0,1,0,0,0,1,0,0,0,1,0,,,,,,,,,
2023-11-16 00:00:00,09:19:00,SEM VÍTIMA,MORRO DA CONCEICAO,COR DO BARTOLOMEU,,CIDADE,COLISÃO TRASEIRA,2,0,0,0,0,0,0,0,0,0,0,,,,,,,,,
2023-11-16 00:00:00,09:36:00,COM VÍTIMA,SAO JOSE,RUA IMPERIAL,,,COLISÃO,0,1,0,0,0,0,0,0,0,1,0,,,,,,,,,
2023-11-16 00:00:00,10:58:00,COM VÍTIMA,BARRO,AV DR JOSE RUFINO,,,COLISÃO LATERAL,1,0,0,0,0,0,1,0,0,2,0,,,,,,,,,
2023-11-16 00:00:00,01:08:00,SEM VÍTIMA,SANTO AMARO,AV JOAO DE BARROS,,CIDADE,COLISÃO TRASEIRA,3,0,0,0,0,0,0,0,0,0,0,,,,,,,,,
2023-11-16 00:00:00,01:38:00,SEM VÍTIMA,ESPINHEIRO,AV JOAO DE BARROS,,,COLISÃO LATERAL,0,0,0,0,0,0,0,0,0,0,0,,,,,,,,,
2023-11-16 00:00:00,03:02:00,SEM VÍTIMA,NOVA DESCOBERTA,ALT DO OLHO D'AGUA,,,COLISÃO FRONTAL,0,1,0,0,0,0,0,1,0,0,0,,,,,,,,,
2023-11-16 00:00:00,03:15:00,COM VÍTIMA,BONGI,AV ENGENHEIRO ABDIAS DE CARVALHO,,,COLISÃO,0,1,0,0,0,0,0,0,0,1,0,,,,,,,,,
2023-11-16 00:00:00,05:03:00,COM VÍTIMA,AFOGADOS,RUA ERNESTO CAVALCANTI,,,COLISÃO FRONTAL,1,1,0,0,0,0,0,0,0,1,0,,,,,,,,,
2023-11-16 00:00:00,05:37:00,COM VÍTIMA,TORROES,AV ENGENHEIRO ABDIAS DE CARVALHO,,,COLISÃO TRASEIRA,2,1,0,0,0,0,0,0,0,1,0,,,,,,,,,
2023-11-16 00:00:00,08:12:00,COM VÍTIMA,SANTO AMARO,AV GOVERNADOR AGAMENON MAGALHAES,,,COLISÃO TRASEIRA,1,1,0,0,0,0,0,0,0,1,0,,,,,,,,,
2023-11-16 00:00:00,08:37:00,COM VÍTIMA,IBURA,AV DOIS RIOS,,,COLISÃO FRONTAL,1,2,0,0,0,0,0,0,0,2,0,,,,,,,,,
2023-11-16 00:00:00,08:49:00,COM VÍTIMA,GUABIRABA,AV DA RECUPERACAO,,,COLISÃO TRASEIRA,1,1,0,0,0,0,0,0,0,1,0,,,,,,,,,
2023-11-17 00:00:00,06:44:00,COM VÍTIMA,IPSEP,AV RECIFE,,,COLISÃO TRASEIRA,1,1,0,0,0,0,0,0,0,1,0,,,,,,,,,
2023-11-17 00:00:00,09:33:00,COM VÍTIMA,SANTO AMARO,AV DR JAYME DA FONTE,,,TOMBAMENTO,0,0,0,0,0,0,0,0,0,1,0,,,,,,,,,
2023-11-17 00:00:00,11:43:00,SEM VÍTIMA,ESPINHEIRO,RUA AFONSO BATISTA,,,COLISÃO,2,0,0,0,0,0,0,0,0,0,0,,,,,,,,,
2023-11-17 00:00:00,12:49:00,SEM VÍTIMA,AFLITOS,RUA SAMUEL CAMPELO,,,COLISÃO FRONTAL,1,0,0,0,0,0,0,1,0,0,0,,,,,,,,,
2023-11-17 00:00:00,02:42:00,COM VÍTIMA,SANTO AMARO,AV CRUZ CABUGA,,,COLISÃO,0,1,0,0,0,0,0,0,0,1,0,,,,,,,,,
2023-11-17 00:00:00,03:20:00,COM VÍTIMA,AREIAS,AV DR JOSE RUFINO,,,COLISÃO LATERAL,1,1,0,0,0,0,0,0,0,2,0,,,,,,,,,
2023-11-17 00:00:00,05:28:00,COM VÍTIMA,MADALENA,AV VISCONDE DE ALBUQUERQUE,,,COLISÃO LATERAL,1,1,0,0,0,0,0,0,0,1,0,,,,,,,,,
2023-11-17 00:00:00,05:35:00,COM VÍTIMA,PAISSANDU,RUA PAISSANDU,,,COLISÃO,1,0,0,0,0,0,0,0,0,1,0,,,,,,,,,
2023-11-17 00:00:00,06:19:00,COM VÍTIMA,PAISSANDU,RUA PAISSANDU,,,COLISÃO FRONTAL,1,1,0,0,0,0,0,0,0,1,0,,,,,,,,,
2023-11-17 00:00:00,06:41:00,SEM VÍTIMA,IPSEP,RUA JEAN EMILE FAVRE,,,COLISÃO FRONTAL,3,0,0,0,0,0,0,0,0,0,0,,,,,,,,,
2023-11-17 00:00:00,09:01:00,SEM VÍTIMA,SAO JOSE,AV SUL,,,COLISÃO,1,0,0,0,0,0,0,1,0,0,0,,,,,,,,,
2023-11-17 00:00:00,09:28:00,SEM VÍTIMA,CORDEIRO,RUA BRASILANDIA,,,COLISÃO,2,0,0,0,0,0,0,0,0,0,0,,,,,,,,,
2023-11-17 00:00:00,10:11:00,COM VÍTIMA,BONGI,AV ENGENHEIRO ABDIAS DE CARVALHO,,,COLISÃO,1,1,0,0,0,0,0,0,0,1,0,,,,,,,,,
2023-11-18 00:00:00,07:18:00,COM VÍTIMA,SANTO AMARO,RUA DOS PALMARES,,,COLISÃO FRONTAL,1,1,0,0,0,0,0,0,0,2,0,,,,,,,,,
2023-11-18 00:00:00,07:28:00,COM VÍTIMA,IMBIRIBEIRA,AV MARECHAL MASCARENHAS DE MORAES,,,COLISÃO,1,1,0,0,0,0,0,0,0,1,0,,,,,,,,,
2023-11-18 00:00:00,08:31:00,COM VÍTIMA,TAMARINEIRA,RUA CONEGO BARATA,,,COLISÃO,0,1,0,0,0,0,0,0,0,1,0,,,,,,,,,
2023-11-18 00:00:00,01:28:00,COM VÍTIMA,CORDEIRO,RUA MARAVILHA,,,COLISÃO LATERAL,1,1,0,0,0,0,0,0,0,1,0,,,,,,,,,
2023-11-18 00:00:00,07:57:00,COM VÍTIMA,CAXANGA,AV CAXANGA,,,COLISÃO,1,1,0,0,0,0,0,0,0,1,0,,,,,,,,,
2023-11-18 00:00:00,08:19:00,SEM VÍTIMA,AREIAS,RUA CAPITAO MANUEL DE AGUIAR,,,COLISÃO TRASEIRA,2,0,0,0,0,0,0,0,0,0,0,,,,,,,,,
2023-11-18 00:00:00,11:37:00,COM VÍTIMA,CORDEIRO,EST DO FORTE DO ARRAIAL N. DO B. JESUS,,,COLISÃO LATERAL,1,1,0,0,0,0,0,0,0,1,0,,,,,,,,,
2023-11-19 00:00:00,12:08:00,COM VÍTIMA,TORRE,RUA JOSE BONIFACIO,,,COLISÃO LATERAL,2,0,0,0,0,0,0,0,0,1,0,,,,,,,,,
2023-11-19 00:00:00,07:15:00,COM VÍTIMA,MACAXEIRA,AV NORTE MIGUEL ARRAES DE ALENCAR,,,COLISÃO LATERAL,0,1,0,0,0,0,0,0,0,1,0,,,,,,,,,
2023-11-19 00:00:00,07:59:00,COM VÍTIMA,PASSARINHO,EST DE PASSARINHO,,,ATROPELAMENTO DE PESSOA,0,1,0,0,1,0,0,0,0,2,0,,,,,,,,,
2023-11-19 00:00:00,08:01:00,COM VÍTIMA,AFOGADOS,RUA SAO MIGUEL,,,COLISÃO LATERAL,1,1,0,0,0,0,0,0,0,2,0,,,,,,,,,
2023-11-19 00:00:00,11:38:00,COM VÍTIMA,BOA VIAGEM,AV VINTE DE JANEIRO,,,COLISÃO LATERAL,1,1,0,0,0,0,0,0,0,2,0,,,,,,,,,
2023-11-19 00:00:00,03:33:00,COM VÍTIMA,CAMPO GRANDE,AV. LUÍS CORRÊA DE BRITO,,,COLISÃO,0,1,0,0,0,0,0,0,0,1,0,,,,,,,,,
2023-11-19 00:00:00,04:03:00,COM VÍTIMA,VASCO DA GAMA,RUA GRIJALVA COSTA,,,COLISÃO,0,1,0,0,0,0,0,0,0,1,0,,,,,,,,,
2023-11-19 00:00:00,04:52:00,COM VÍTIMA,NOVA DESCOBERTA,RUA NOVA DESCOBERTA,,,COLISÃO,0,1,0,0,0,1,0,0,0,1,0,,,,,,,,,
2023-11-19 00:00:00,05:48:00,COM VÍTIMA,BARRO,RUA POETA APRENDIZ,,,COLISÃO,0,1,0,0,0,0,0,0,0,1,0,,,,,,,,,
2023-11-19 00:00:00,07:27:00,COM VÍTIMA,IBURA,AV JORNALISTA COSTA PORTO,,,COLISÃO FRONTAL,0,3,0,0,0,0,0,0,0,2,0,,,,,,,,,
2023-11-20 00:00:00,06:42:00,COM VÍTIMA,SAO JOSE,AV SUL,,,QUEDA,0,1,0,0,0,0,0,0,0,1,0,,,,,,,,,
2023-11-20 00:00:00,07:23:00,COM VÍTIMA,PRADO,AV ENGENHEIRO ABDIAS DE CARVALHO,,,COLISÃO,0,1,0,0,0,0,0,0,0,1,0,,,,,,,,,
2023-11-20 00:00:00,07:35:00,SEM VÍTIMA,TORROES,AV ENGENHEIRO ABDIAS DE CARVALHO,,,COLISÃO TRASEIRA,0,1,0,0,0,0,0,1,0,0,0,,,,,,,,,
2023-11-20 00:00:00,07:48:00,COM VÍTIMA,CORDEIRO,AV INACIO MONTEIRO,,,COLISÃO LATERAL,1,1,0,0,0,0,0,0,0,1,0,,,,,,,,,
2023-11-20 00:00:00,08:06:00,COM VÍTIMA,CAMPO GRANDE,AV CORREIA DE BRITO,,,COLISÃO,0,1,0,0,0,0,1,0,0,1,0,,,,,,,,,
2023-11-20 00:00:00,10:55:00,COM VÍTIMA,ILHA JOANA BEZERRA,AV BEIRA RIO,,,ATROPELAMENTO DE PESSOA,0,1,0,0,1,0,0,0,0,1,0,,,,,,,,,
2023-11-20 00:00:00,11:00:00,COM VÍTIMA,VASCO DA GAMA,RUA PLANALTO,,,COLISÃO LATERAL,0,1,0,0,0,0,0,0,0,1,0,,,,,,,,,
2023-11-20 00:00:00,11:51:00,COM VÍTIMA,CORDEIRO,RUA MARIA QUITERIA,,,COLISÃO,0,1,0,0,0,0,0,0,0,1,0,,,,,,,,,
2023-11-20 00:00:00,11:57:00,COM VÍTIMA,ESTANCIA,AV RECIFE,,,COLISÃO,0,1,0,0,0,0,0,0,0,1,0,,,,,,,,,
2023-11-20 00:00:00,12:03:00,COM VÍTIMA,TORRE,RUA ZILDA S DE SANTANA,,,ATROPELAMENTO DE PESSOA,1,0,0,0,1,0,0,0,0,1,0,,,,,,,,,
2023-11-20 00:00:00,01:49:00,COM VÍTIMA,DERBY,AV GOVERNADOR AGAMENON MAGALHAES,,,COLISÃO TRASEIRA,1,1,0,0,0,0,0,0,0,1,0,,,,,,,,,
2023-11-20 00:00:00,01:54:00,COM VÍTIMA,VARZEA,RUA GENERAL POLIDORO,,,COLISÃO LATERAL,1,1,0,0,0,0,0,0,0,1,0,,,,,,,,,
2023-11-20 00:00:00,02:57:00,COM VÍTIMA,SANTO AMARO,AV GOVERNADOR AGAMENON MAGALHAES,,,COLISÃO LATERAL,0,1,0,0,0,0,0,0,0,1,0,,,,,,,,,
2023-11-20 00:00:00,03:35:00,COM VÍTIMA,JOANA BEZERRA,AV BEIRA RIO,,,COLISÃO TRASEIRA,1,1,0,0,0,0,0,0,0,2,0,,,,,,,,,
2023-11-20 00:00:00,05:32:00,COM VÍTIMA,FUNDAO,AV BEBERIBE,307,,COLISÃO LATERAL,1,1,0,0,0,0,0,0,0,1,0,,,,,,,,,
2023-11-20 00:00:00,06:33:00,COM VÍTIMA,SANCHO,RUA APRIGIO GUIMARAES,,,COLISÃO LATERAL,1,1,0,0,0,0,0,0,0,1,0,,,,,,,,,
2023-11-20 00:00:00,08:25:00,COM VÍTIMA,PINA,RUA TOME GIBSON,,,COLISÃO LATERAL,1,1,0,0,0,0,0,0,0,1,0,,,,,,,,,
2023-11-21 00:00:00,07:10:00,COM VÍTIMA,BONGI,AV ENGENHEIRO ABDIAS DE CARVALHO,,,COLISÃO,0,1,0,0,0,0,0,0,0,1,0,,,,,,,,,
2023-11-21 00:00:00,07:24:00,COM VÍTIMA,ILHA DO RETIRO,AV ENGENHEIRO ABDIAS DE CARVALHO,,,COLISÃO,1,1,0,0,0,0,0,0,0,1,0,,,,,,,,,
2023-11-21 00:00:00,08:43:00,COM VÍTIMA,BONGI,AV CONSUL VILARES FRAGOSO,,,COLISÃO,0,1,0,0,0,0,0,0,0,1,0,,,,,,,,,
2023-11-21 00:00:00,09:30:00,COM VÍTIMA,ESPINHEIRO,RUA CONS PORTELA,,,COLISÃO TRASEIRA,1,1,0,0,0,0,0,0,0,1,0,,,,,,,,,
2023-11-21 00:00:00,09:47:00,COM VÍTIMA,SANTO ANTONIO,RUA FLORIANO PEIXOTO,,,COLISÃO,0,1,0,0,0,0,0,0,0,1,0,,,,,,,,,
2023-11-21 00:00:00,10:24:00,COM VÍTIMA,IPUTINGA,RUA MINISTRO JOAO ALBERTO,,,COLISÃO,0,1,0,0,0,0,0,0,0,1,0,,,,,,,,,
2023-11-21 00:00:00,10:45:00,COM VÍTIMA,IMBIRIBEIRA,AV MARECHAL MASCARENHAS DE MORAES,,,COLISÃO,0,1,0,0,0,0,0,0,0,1,0,,,,,,,,,
2023-11-21 00:00:00,10:52:00,COM VÍTIMA,ESPINHEIRO,RUA CONS PORTELA,,,COLISÃO LATERAL,0,1,0,0,0,0,0,0,0,1,0,,,,,,,,,
2023-11-21 00:00:00,11:25:00,COM VÍTIMA,CABANGA,VIADUTO CAPITAO TEMUDO,,,COLISÃO,0,1,0,0,0,0,0,0,0,1,0,,,,,,,,,
2023-11-21 00:00:00,11:37:00,COM VÍTIMA,BOA VIAGEM,AV MARECHAL JUAREZ TAVORA,,,COLISÃO LATERAL,0,1,0,0,0,0,0,0,0,1,0,,,,,,,,,
2023-11-21 00:00:00,11:53:00,COM VÍTIMA,NOVA DESCOBERTA,RUA CORREGO DO JOAQUIM,,,COLISÃO,0,1,0,0,0,0,0,0,0,1,0,,,,,,,,,
2023-11-21 00:00:00,12:06:00,COM VÍTIMA,CASA AMARELA,AV NORTE MIGUEL ARRAES DE ALENCAR,,,COLISÃO,0,1,0,0,0,0,0,0,0,1,0,,,,,,,,,
2023-11-21 00:00:00,01:15:00,COM VÍTIMA,MADALENA,RUA JOSE BONIFACIO,,,COLISÃO,0,0,0,0,0,0,0,0,0,1,0,,,,,,,,,
2023-11-21 00:00:00,01:19:00,COM VÍTIMA,CAXANGA,AV CAXANGA,,,COLISÃO,0,1,0,0,0,0,0,0,0,1,0,,,,,,,,,
2023-11-21 00:00:00,02:36:00,COM VÍTIMA,VASCO DA GAMA,AV NORTE MIGUEL ARRAES DE ALENCAR,,,COLISÃO LATERAL,1,1,0,0,0,0,0,0,0,1,0,,,,,,,,,
2023-11-21 00:00:00,02:47:00,COM VÍTIMA,IMBIRIBEIRA,AV MARECHAL MASCARENHAS DE MORAES,,,COLISÃO TRASEIRA,1,1,0,0,0,0,0,0,0,1,0,,,,,,,,,
2023-11-21 00:00:00,04:08:00,COM VÍTIMA,AGUA FRIA,RUA SAO SEBASTIAO,,,COLISÃO LATERAL,2,1,0,0,0,0,0,0,0,1,0,,,,,,,,,
2023-11-21 00:00:00,04:55:00,COM VÍTIMA,BARRO,RUA AMADOR ARAUJO,,,COLISÃO FRONTAL,1,1,0,0,0,0,0,0,0,1,0,,,,,,,,,
2023-11-21 00:00:00,06:08:00,COM VÍTIMA,ESTANCIA,AV RECIFE,,,COLISÃO LATERAL,1,1,0,0,0,0,0,0,0,2,0,,,,,,,,,
2023-11-21 00:00:00,06:10:00,COM VÍTIMA,SAO JOSE,AV SUL,,,COLISÃO FRONTAL,0,0,0,1,0,1,0,0,0,1,0,,,,,,,,,
2023-11-21 00:00:00,07:35:00,COM VÍTIMA,ARRUDA,AV BEBERIBE,,,COLISÃO,1,1,0,0,0,0,0,0,0,1,0,,,,,,,,,
2023-11-22 00:00:00,07:11:00,COM VÍTIMA,BOA VIAGEM,AVENIDA CELSO FURTADO (VIA MANGUE),,,COLISÃO LATERAL,1,1,0,0,0,0,0,0,0,1,0,,,,,,,,,
2023-11-22 00:00:00,07:25:00,COM VÍTIMA,SANTO AMARO,AV CRUZ CABUGA,,,COLISÃO,0,2,0,0,0,0,0,0,0,1,0,,,,,,,,,
2023-11-22 00:00:00,07:27:00,SEM VÍTIMA,BOA VIAGEM,AV ENGENHEIRO DOMINGOS FERREIRA,,,COLISÃO,0,0,0,0,0,0,0,0,0,0,0,,,,,,,,,
2023-11-22 00:00:00,08:29:00,COM VÍTIMA,VARZEA,AV PROFESSOR ARTUR DE SA,,,COLISÃO,1,1,0,0,0,0,0,0,0,1,0,,,,,,,,,
2023-11-22 00:00:00,08:52:00,COM VÍTIMA,MANGABEIRA,AV NORTE MIGUEL ARRAES DE ALENCAR,,,COLISÃO LATERAL,1,1,0,0,0,0,0,0,0,2,0,,,,,,,,,
2023-11-22 00:00:00,09:00:00,COM VÍTIMA,AGUA FRIA,RUA ALEGRE,,,COLISÃO,0,1,0,0,0,0,0,0,0,1,0,,,,,,,,,
2023-11-22 00:00:00,09:10:00,COM VÍTIMA,NOVA DESCOBERTA,RUA NOVA DESCOBERTA,,,COLISÃO LATERAL,0,2,0,0,0,0,0,0,0,1,0,,,,,,,,,
2023-11-22 00:00:00,09:34:00,COM VÍTIMA,AFOGADOS,RUA SAO MIGUEL,,,COLISÃO LATERAL,0,1,0,0,0,0,0,0,0,1,0,,,,,,,,,
2023-11-22 00:00:00,10:09:00,COM VÍTIMA,BEBERIBE,AV BEBERIBE,,,COLISÃO,0,1,0,0,0,0,0,0,0,1,0,,,,,,,,,
2023-11-22 00:00:00,10:31:00,COM VÍTIMA,JARDIM SAO PAULO,AV RECIFE,,,COLISÃO,0,0,0,0,0,0,0,0,0,1,0,,,,,,,,,
2023-11-22 00:00:00,10:44:00,COM VÍTIMA,IMBIRIBEIRA,AV MARECHAL MASCARENHAS DE MORAES,,,COLISÃO LATERAL,1,1,0,0,0,0,0,0,0,2,0,,,,,,,,,
2023-11-22 00:00:00,04:18:00,COM VÍTIMA,IPUTINGA,AV CAXANGA,,,COLISÃO TRASEIRA,0,2,0,0,0,0,0,0,0,1,0,,,,,,,,,
2023-11-22 00:00:00,04:56:00,COM VÍTIMA,CORDEIRO,RUA GOMES TABORDA,,,COLISÃO TRASEIRA,0,2,0,0,0,0,0,0,0,2,0,,,,,,,,,
2023-11-22 00:00:00,07:32:00,COM VÍTIMA,AFOGADOS,RUA PADRE TEOFILO TWORZ,,,COLISÃO,0,1,0,0,0,0,0,0,0,1,0,,,,,,,,,
2023-11-22 00:00:00,08:10:00,COM VÍTIMA,BOA VIAGEM,RUA ERNESTO DE PAULA SANTOS,,,COLISÃO,1,1,0,0,0,0,0,0,0,1,0,,,,,,,,,
2023-11-22 00:00:00,08:53:00,COM VÍTIMA,CAXANGA,AV CAXANGA,,,COLISÃO,0,1,0,0,0,0,0,0,0,1,0,,,,,,,,,
2023-11-22 00:00:00,09:23:00,COM VÍTIMA,LINHA DO TIRO,RUA MAMEDE COELHO,,,COLISÃO FRONTAL,0,1,0,0,0,0,0,1,0,2,0,,,,,,,,,
2023-11-22 00:00:00,09:25:00,COM VÍTIMA,PINA,AV ANTONIO DE GOES,,,ATROPELAMENTO DE PESSOA,1,0,0,0,1,0,0,0,0,1,0,,,,,,,,,
2023-11-22 00:00:00,11:09:00,SEM VÍTIMA,BOA VIAGEM,AV DES JOSE NEVES,,CIDADE,COLISÃO TRASEIRA,1,1,0,0,0,0,0,0,0,0,0,,,,,,,,,
2023-11-23 00:00:00,06:10:00,COM VÍTIMA,CAXANGA,AV CAXANGA,232,CIDADE,COLISÃO,0,1,0,0,0,0,1,0,0,1,0,,,,,,,,,
2023-11-23 00:00:00,06:58:00,COM VÍTIMA,DOIS IRMAOS,RUA MANUEL DE MEDEIROS,,,COLISÃO LATERAL,0,1,0,0,0,0,0,0,0,1,0,,,,,,,,,
2023-11-23 00:00:00,07:05:00,COM VÍTIMA,ALTO JOSE DO PINHO,COR DO BARTOLOMEU,,,ATROPELAMENTO DE PESSOA,0,0,0,0,1,0,1,0,0,1,0,,,,,,,,,
2023-11-23 00:00:00,07:25:00,COM VÍTIMA,VARZEA,AV BARAO DE BONITO,,,COLISÃO FRONTAL,2,0,0,0,0,0,0,0,0,1,0,,,,,,,,,
2023-11-23 00:00:00,08:08:00,COM VÍTIMA,TORRE,RUA CONDE DE IRAJA,,,COLISÃO LATERAL,1,1,0,0,0,0,0,0,0,1,0,,,,,,,,,
2023-11-23 00:00:00,09:16:00,SEM VÍTIMA,BOA VISTA,RUA DO HOSPICIO,,CIDADE,COLISÃO,0,0,0,0,0,0,0,1,0,0,0,,,,,,,,,
2023-11-23 00:00:00,09:55:00,COM VÍTIMA,SANTO ANTONIO,RUA IMPERADOR PEDRO SEGUNDO,,,COLISÃO,0,1,0,0,0,0,0,0,0,1,0,,,,,,,,,
2023-11-23 00:00:00,12:50:00,COM VÍTIMA,AREIAS,AV RECIFE,,,COLISÃO TRASEIRA,1,1,0,0,0,0,0,0,0,1,0,,,,,,,,,
2023-11-23 00:00:00,02:28:00,SEM VÍTIMA,TORROES,AV ENGENHEIRO ABDIAS DE CARVALHO,,,COLISÃO FRONTAL,3,0,0,0,0,0,0,0,0,0,0,,,,,,,,,
2023-11-23 00:00:00,03:51:00,SEM VÍTIMA,SANTO ANTONIO,AV MARTINS DE BARROS,204,CIDADE,COLISÃO LATERAL,1,1,0,0,0,0,0,0,0,0,0,,,,,,,,,
2023-11-23 00:00:00,04:05:00,COM VÍTIMA,SANTO AMARO,AV CRUZ CABUGA,,CIDADE,,1,1,0,0,0,0,0,0,0,1,0,,,,,,,,,
2023-11-23 00:00:00,06:18:00,COM VÍTIMA,BOA VISTA,AV VISCONDE DE SUASSUNA,,CIDADE,COLISÃO TRANSVERSAL,1,0,0,0,0,0,0,0,0,1,0,,,,,,,,,
2023-11-23 00:00:00,07:30:00,COM VÍTIMA,VARZEA,RUA BARAO DE COTEGIPE,,,COLISÃO,0,2,0,0,0,0,0,0,0,3,0,,,,,,,,,
2023-11-23 00:00:00,10:15:00,COM VÍTIMA,IMBIRIBEIRA,AV MARECHAL MASCARENHAS DE MORAES,,CIDADE,COLISÃO,1,1,0,0,0,0,0,0,0,2,0,,,,,,,,,