data,hora,natureza,bairro,endereco,num_semaforo,sentido_via,tipo,auto,moto,ciclom,ciclista,pedestre,onibus,caminhao,viatura,outros,vitimas,vitimasfatais,acidente_verificado,tempo_clima,sinalizacao,condicao_via,conservacao_via,situacao_placa,velocidade_max_via,mao_direcao,divisao_via1
2023-11-24 00:00:00,06:36:00,COM VÍTIMA,SAO JOSE,C SANTA RITA,,,COLISÃO,1,1,0,0,0,0,0,0,0,1,0,,,,,,,,,
2023-11-24 00:00:00,07:35:00,COM VÍTIMA,SAO JOSE,C SANTA RITA,,,ATROPELAMENTO DE PESSOA,0,1,0,0,1,0,0,0,0,1,0,,,,,,,,,
2023-11-24 00:00:00,07:50:00,COM VÍTIMA,CAXANGA,AV CAXANGA,,,COLISÃO LATERAL,0,1,0,0,0,0,0,0,0,1,0,,,,,,,,,
2023-11-24 00:00:00,09:07:00,COM VÍTIMA,TAMARINEIRA,AV NORTE MIGUEL ARRAES DE ALENCAR,62,,COLISÃO,0,1,0,0,0,0,0,0,0,1,0,,,,,,,,,
2023-11-24 00:00:00,09:18:00,COM VÍTIMA,SANTO ANTONIO,AV DANTAS BARRETO,,,COLISÃO,0,0,0,0,0,0,0,0,0,1,0,,,,,,,,,
2023-11-24 00:00:00,10:58:00,COM VÍTIMA,BOA VIAGEM,AV CONSELHEIRO AGUIAR,,,COLISÃO,2,0,0,0,0,0,0,0,0,1,0,,,,,,,,,
2023-11-24 00:00:00,11:27:00,COM VÍTIMA,AFOGADOS,RUA CORONEL ALFREDO DUARTE,,,COLISÃO,1,1,0,0,0,0,0,0,0,1,0,,,,,,,,,
2023-11-24 00:00:00,11:34:00,COM VÍTIMA,IMBIRIBEIRA,AV MARECHAL MASCARENHAS DE MORAES,,,COLISÃO,0,1,0,0,0,0,0,0,0,1,0,,,,,,,,,
2023-11-24 00:00:00,03:02:00,SEM VÍTIMA,DERBY,RUA JORNALISTA PAULO BITTENCOURT,,CIDADE,COLISÃO TRANSVERSAL,1,0,0,0,0,0,0,1,0,0,0,,,,,,,,,
2023-11-24 00:00:00,04:37:00,COM VÍTIMA,ENCRUZILHADA,AV NORTE MIGUEL ARRAES DE ALENCAR,,,ATROPELAMENTO DE PESSOA,0,1,0,0,1,0,0,0,0,1,0,,,,,,,,,
2023-11-24 00:00:00,04:58:00,SEM VÍTIMA,IPSEP,RUA RIO IPOJUCA,,,COLISÃO LATERAL,0,2,0,0,0,0,0,0,0,0,0,,,,,,,,,
2023-11-24 00:00:00,05:25:00,COM VÍTIMA,IPUTINGA,AV MAURICIO DE NASSAU,,,COLISÃO LATERAL,1,1,0,0,0,0,0,0,0,1,0,,,,,,,,,
2023-11-24 00:00:00,06:00:00,COM VÍTIMA,AFLITOS,AV CONS ROSA E SILVA,,,COLISÃO FRONTAL,1,1,0,0,0,0,0,0,0,1,0,,,,,,,,,
2023-11-24 00:00:00,06:52:00,COM VÍTIMA,CAMPO GRANDE,RUA JERONIMO VILELA,,,COLISÃO FRONTAL,1,1,0,0,0,0,0,0,0,1,0,,,,,,,,,
2023-11-24 00:00:00,06:54:00,COM VÍTIMA,ESPINHEIRO,RUA MARQUES DO PARANA,,,COLISÃO FRONTAL,0,1,0,0,0,0,0,0,0,1,0,,,,,,,,,
2023-11-24 00:00:00,06:59:00,COM VÍTIMA,AFLITOS,AV CONS ROSA E SILVA,,,COLISÃO FRONTAL,0,1,0,0,0,0,0,0,0,1,0,,,,,,,,,
2023-11-24 00:00:00,07:54:00,COM VÍTIMA,TORROES,AV ENGENHEIRO ABDIAS DE CARVALHO,,,COLISÃO,1,1,0,0,0,0,0,0,0,1,0,,,,,,,,,
2023-11-24 00:00:00,09:25:00,COM VÍTIMA,IMBIRIBEIRA,RUA ARQUITETO LUIZ NUNES,,,COLISÃO LATERAL,1,1,0,0,0,0,0,0,0,1,0,,,,,,,,,
2023-11-24 00:00:00,10:50:00,SEM VÍTIMA,ILHA DO RETIRO,AV BEIRA RIO,,CIDADE,CHOQUE,1,0,0,0,0,0,0,0,0,0,0,,,,,,,,,
2023-11-24 00:00:00,11:20:00,COM VÍTIMA,ROSARINHO,AV NORTE MIGUEL ARRAES DE ALENCAR,,SUBURBIO,COLISÃO TRANSVERSAL,0,2,0,0,0,0,0,0,0,1,0,,,,,,,,,
2023-11-25 00:00:00,07:52:00,COM VÍTIMA,SANTO AMARO,RUA ALVARES DE AZEVEDO,,,COLISÃO COM CICLISTA,1,0,0,1,0,0,0,0,0,1,0,,,,,,,,,
2023-11-25 00:00:00,08:14:00,COM VÍTIMA,SANTO AMARO,AV GOVERNADOR AGAMENON MAGALHAES,,,COLISÃO TRASEIRA,1,1,0,0,0,0,0,0,0,1,0,,,,,,,,,
2023-11-25 00:00:00,09:08:00,COM VÍTIMA,IPSEP,AV RECIFE,,,COLISÃO LATERAL,0,1,0,0,0,0,0,0,0,1,0,,,,,,,,,
2023-11-25 00:00:00,09:35:00,COM VÍTIMA,GRACAS,RUA BRUNO MAIA,,,COLISÃO FRONTAL,1,1,0,0,0,0,0,0,0,1,0,,,,,,,,,
2023-11-25 00:00:00,09:55:00,COM VÍTIMA,CAXANGA,RUA RIBEIRO PESSOA,,,COLISÃO LATERAL,1,1,0,0,0,0,0,0,0,1,0,,,,,,,,,
2023-11-25 00:00:00,12:04:00,SEM VÍTIMA,BOA VIAGEM,AVENIDA CELSO FURTADO (VIA MANGUE),,,CHOQUE,1,0,0,0,0,0,0,0,0,0,0,,,,,,,,,
2023-11-25 00:00:00,01:07:00,COM VÍTIMA,IBURA,RUA RIBEIRAO VERMELHO,,,COLISÃO LATERAL,1,1,0,0,0,0,0,0,0,1,0,,,,,,,,,
2023-11-25 00:00:00,01:17:00,SEM VÍTIMA,ARRUDA,RUA DAS MOCAS,,SUBURBIO,,0,0,0,0,0,1,0,2,0,0,0,,,,,,,,,
2023-11-25 00:00:00,05:34:00,COM VÍTIMA,BEBERIBE,EST VELHA DE AGUA FRIA,,,COLISÃO TRASEIRA,2,0,0,0,0,0,0,0,0,1,0,,,,,,,,,
2023-11-25 00:00:00,05:36:00,COM VÍTIMA,SAN MARTIN,RUA VINTE E UM DE ABRIL,,,COLISÃO LATERAL,2,1,0,0,0,0,0,0,0,1,0,,,,,,,,,
2023-11-25 00:00:00,07:27:00,COM VÍTIMA,BOA VIAGEM,RUA JOAO CARDOSO AIRES,,,COLISÃO,1,1,0,0,0,0,0,0,0,1,0,,,,,,,,,
2023-11-25 00:00:00,08:56:00,SEM VÍTIMA,MADALENA,RUA JOSE OSORIO,,,COLISÃO,2,0,0,0,0,0,0,0,0,0,0,,,,,,,,,
2023-11-25 00:00:00,11:05:00,SEM VÍTIMA,CORDEIRO,AV INACIO MONTEIRO,,,COLISÃO,2,0,0,0,0,0,0,0,0,0,0,,,,,,,,,
2023-11-26 00:00:00,05:09:00,COM VÍTIMA,SAO JOSE,RUA IMPERIAL,,,COLISÃO,0,1,0,0,0,1,0,0,0,1,0,,,,,,,,,
2023-11-26 00:00:00,06:34:00,COM VÍTIMA,IBURA,AV RECIFE,,,COLISÃO,2,0,0,0,0,0,0,0,0,1,0,,,,,,,,,
2023-11-26 00:00:00,08:30:00,COM VÍTIMA,ENGENHO DO MEIO,RUA ANTONIO CURADO,,,COLISÃO TRANSVERSAL,1,1,0,0,0,0,0,0,0,1,0,,,,,,,,,
2023-11-26 00:00:00,04:37:00,COM VÍTIMA,CORDEIRO,RUA DR MIGUEL VIEIRA FERREIRA,,,COLISÃO LATERAL,1,1,0,0,0,0,0,0,0,1,0,,,,,,,,,
2023-11-26 00:00:00,07:43:00,COM VÍTIMA,ROSARINHO,RUA COUTO MAGALHAES,,,COLISÃO FRONTAL,1,1,0,0,0,0,0,0,0,1,0,,,,,,,,,
2023-11-27 00:00:00,05:02:00,COM VÍTIMA,BOA VISTA,AV GOVERNADOR AGAMENON MAGALHAES,,,ATROPELAMENTO DE PESSOA,0,0,0,0,1,1,0,0,0,1,0,,,,,,,,,
2023-11-27 00:00:00,06:20:00,SEM VÍTIMA,PINA,AV ENGENHEIRO DOMINGOS FERREIRA,,SUBURBIO,CHOQUE,0,0,0,0,0,1,0,0,0,0,0,,,,,,,,,
2023-11-27 00:00:00,06:43:00,COM VÍTIMA,ALTO JOSE BONIFACIO,RUA ALTO JOSE BONIFACIO,,,COLISÃO LATERAL,0,1,0,0,0,0,0,0,0,1,0,,,,,,,,,
2023-11-27 00:00:00,06:57:00,COM VÍTIMA,AGUA FRIA,AV BEBERIBE,,,COLISÃO LATERAL,0,1,0,0,0,0,0,0,0,1,0,,,,,,,,,
2023-11-27 00:00:00,07:15:00,COM VÍTIMA,BOA VIAGEM,RUA WALDEMAR NERY CARNEIRO MONTEIRO,,,COLISÃO LATERAL,0,1,0,0,0,0,0,0,0,1,0,,,,,,,,,
2023-11-27 00:00:00,07:49:00,COM VÍTIMA,BEBERIBE,AV BEBERIBE,,,COLISÃO LATERAL,0,1,0,0,0,0,0,0,0,1,0,,,,,,,,,
2023-11-27 00:00:00,08:35:00,COM VÍTIMA,CORDEIRO,RUA GOMES TABORDA,,,ATROPELAMENTO DE PESSOA,0,1,0,0,1,0,0,0,0,1,0,,,,,,,,,
2023-11-27 00:00:00,09:15:00,COM VÍTIMA,BOA VIAGEM,RUA VISCONDE DE JEQUITINHONHA,,,COLISÃO,0,1,0,0,0,0,0,0,0,1,0,,,,,,,,,
2023-11-27 00:00:00,09:38:00,COM VÍTIMA,LINHA DO TIRO,RUA URIEL DE HOLANDA,,,COLISÃO,0,1,0,0,0,0,0,0,0,1,0,,,,,,,,,
2023-11-27 00:00:00,09:44:00,COM VÍTIMA,ROSARINHO,AV SANTOS DUMONT,,,COLISÃO,1,1,0,0,0,0,0,0,0,1,0,,,,,,,,,
2023-11-27 00:00:00,10:10:00,COM VÍTIMA,ESPINHEIRO,AV GOVERNADOR AGAMENON MAGALHAES,,,COLISÃO LATERAL,1,2,0,0,0,0,0,0,0,2,0,,,,,,,,,
2023-11-27 00:00:00,10:30:00,COM VÍTIMA,CAXANGA,AV CAXANGA,,SUBURBIO,,1,0,0,0,0,0,0,0,0,1,0,,,,,,,,,
2023-11-27 00:00:00,12:50:00,COM VÍTIMA,AGUA FRIA,RUA BELO JARDIM,,,COLISÃO,0,1,0,0,0,0,0,0,0,1,0,,,,,,,,,
2023-11-27 00:00:00,01:58:00,COM VÍTIMA,VARZEA,RUA POETA CARLOS DRUMMOND DE ANDRADE,,,COLISÃO LATERAL,1,1,0,0,0,0,0,0,0,1,0,,,,,,,,,
2023-11-27 00:00:00,03:48:00,COM VÍTIMA,CASA AMARELA,AV NORTE MIGUEL ARRAES DE ALENCAR,,,QUEDA,0,1,0,0,0,0,0,0,0,1,0,,,,,,,,,
2023-11-27 00:00:00,04:34:00,COM VÍTIMA,SANTO AMARO,AV GOVERNADOR AGAMENON MAGALHAES,,,ATROPELAMENTO DE PESSOA,1,1,0,0,1,0,0,0,0,1,0,,,,,,,,,
2023-11-27 00:00:00,07:14:00,COM VÍTIMA,BOA VIAGEM,RUA DEZ DE JULHO,,,COLISÃO,1,1,0,0,0,0,0,0,0,1,0,,,,,,,,,
2023-11-27 00:00:00,09:20:00,COM VÍTIMA,AREIAS,AV DR JOSE RUFINO,,,COLISÃO FRONTAL,0,0,0,0,0,0,0,0,0,1,0,,,,,,,,,
2023-11-27 00:00:00,11:25:00,SEM VÍTIMA,BOA VIAGEM,RUA FELIX DE BRITO E MELO,,,COLISÃO,0,0,0,0,0,0,0,0,0,0,0,,,,,,,,,
2023-11-28 00:00:00,07:20:00,COM VÍTIMA,CAXANGA,AV CAXANGA,,,COLISÃO LATERAL,0,1,0,0,0,0,0,0,0,1,0,,,,,,,,,
2023-11-28 00:00:00,07:21:00,COM VÍTIMA,ARRUDA,AV BEBERIBE,,,COLISÃO,0,1,0,0,0,0,0,0,0,1,0,,,,,,,,,
2023-11-28 00:00:00,08:11:00,COM VÍTIMA,IBURA,LAD DA COHAB,,,QUEDA,0,1,0,0,0,0,0,0,0,1,0,,,,,,,,,
2023-11-28 00:00:00,08:27:00,COM VÍTIMA,MADALENA,AV ENGENHEIRO ABDIAS DE CARVALHO,,,COLISÃO,1,1,0,0,0,0,0,0,0,1,0,,,,,,,,,
2023-11-28 00:00:00,08:27:00,COM VÍTIMA,MACAXEIRA,AV NORTE MIGUEL ARRAES DE ALENCAR,,,COLISÃO LATERAL,0,1,0,0,0,0,0,0,0,1,0,,,,,,,,,
2023-11-28 00:00:00,09:07:00,COM VÍTIMA,GRACAS,AV BEIRA RIO,,,COLISÃO,0,1,0,0,0,0,0,0,0,1,0,,,,,,,,,
2023-11-28 00:00:00,10:38:00,COM VÍTIMA,AFOGADOS,AV DR JOSE RUFINO,,,COLISÃO,0,1,0,0,0,0,0,0,0,1,0,,,,,,,,,
2023-11-28 00:00:00,11:29:00,COM VÍTIMA,CORDEIRO,AV CAXANGA,,,COLISÃO TRASEIRA,1,1,0,0,0,0,0,0,0,1,0,,,,,,,,,
2023-11-28 00:00:00,11:46:00,COM VÍTIMA,CAXANGA,AV CAXANGA,,,COLISÃO COM CICLISTA,0,0,0,0,0,1,0,0,0,1,0,,,,,,,,,
2023-11-28 00:00:00,12:56:00,COM VÍTIMA,CAXANGA,AV CAXANGA,,,COLISÃO,0,1,0,0,0,0,0,0,0,1,0,,,,,,,,,
2023-11-28 00:00:00,03:43:00,COM VÍTIMA,IPSEP,RUA ARAPUA,,,COLISÃO,0,1,0,0,0,0,0,0,0,1,0,,,,,,,,,
2023-11-28 00:00:00,04:34:00,COM VÍTIMA,AGUA FRIA,AV BEBERIBE,,,COLISÃO,0,1,0,0,0,0,0,0,0,1,0,,,,,,,,,
2023-11-28 00:00:00,06:42:00,SEM VÍTIMA,BOA VIAGEM,AV BOA VIAGEM,,CIDADE,,2,0,0,0,0,0,0,0,0,0,0,,,,,,,,,
2023-11-28 00:00:00,06:56:00,COM VÍTIMA,JOANA BEZERRA,AV BEIRA RIO,,,COLISÃO TRASEIRA,1,1,0,0,0,0,0,0,0,1,0,,,,,,,,,
2023-11-28 00:00:00,07:22:00,COM VÍTIMA,IMBIRIBEIRA,AV MARECHAL MASCARENHAS DE MORAES,,SUBURBIO,COLISÃO LATERAL,0,2,0,0,0,0,0,0,0,1,0,,,,,,,,,
2023-11-28 00:00:00,07:31:00,COM VÍTIMA,ENCRUZILHADA,RUA FERNANDO CESAR,,,COLISÃO TRANSVERSAL,0,1,0,0,0,0,1,0,0,1,0,,,,,,,,,
2023-11-28 00:00:00,07:48:00,COM VÍTIMA,ILHA DO LEITE,RUA ESTADO DE ISRAEL,,,COLISÃO LATERAL,2,1,0,0,0,0,0,0,0,1,0,,,,,,,,,
2023-11-28 00:00:00,08:07:00,COM VÍTIMA,CORDEIRO,AV GENERAL SAN MARTIN,,,COLISÃO LATERAL,1,1,0,0,0,0,0,0,0,1,0,,,,,,,,,
2023-11-28 00:00:00,09:48:00,COM VÍTIMA,CASA FORTE,RUA JADER DE ANDRADE,,,COLISÃO,0,0,0,0,0,0,0,0,0,1,0,,,,,,,,,
2023-11-28 00:00:00,09:48:00,COM VÍTIMA,CASA FORTE,AV DEZESSETE DE AGOSTO,,,COLISÃO,1,1,0,0,0,0,0,0,0,1,0,,,,,,,,,
2023-11-29 00:00:00,05:53:00,COM VÍTIMA,CORDEIRO,AV CAXANGA,,CIDADE,COLISÃO TRASEIRA,1,1,0,0,0,1,0,0,0,1,0,,,,,,,,,
2023-11-29 00:00:00,07:14:00,COM VÍTIMA,ARRUDA,AV BEBERIBE,,,COLISÃO,0,1,0,0,0,0,0,0,0,1,0,,,,,,,,,
2023-11-29 00:00:00,07:35:00,COM VÍTIMA,IMBIRIBEIRA,RUA ITAJAI,,,COLISÃO LATERAL,0,1,0,0,0,0,0,0,0,1,0,,,,,,,,,
2023-11-29 00:00:00,07:44:00,COM VÍTIMA,MANGUEIRA,RUA DR JOAO ELISIO,,,COLISÃO LATERAL,0,1,0,0,0,0,0,0,0,1,0,,,,,,,,,
2023-11-29 00:00:00,08:12:00,COM VÍTIMA,PRADO,RUA GOMES TABORDA,,,COLISÃO,0,1,0,0,0,0,0,0,0,1,0,,,,,,,,,
2023-11-29 00:00:00,08:33:00,COM VÍTIMA,IMBIRIBEIRA,AV MARECHAL MASCARENHAS DE MORAES,,,COLISÃO LATERAL,0,1,0,0,0,0,0,0,0,1,0,,,,,,,,,
2023-11-29 00:00:00,08:53:00,COM VÍTIMA,AFOGADOS,RUA COSME VIANA,,,COLISÃO LATERAL,0,1,0,0,0,0,1,0,0,1,0,,,,,,,,,
2023-11-29 00:00:00,10:49:00,COM VÍTIMA,COQUEIRAL,6TR ANANIAS CATANHO,,,CHOQUE,1,0,0,0,0,0,0,0,0,1,0,,,,,,,,,
2023-11-29 00:00:00,11:06:00,SEM VÍTIMA,BOA VISTA,AV LINS PETIT,,SUBURBIO,COLISÃO LATERAL,2,0,0,0,0,0,0,0,0,0,0,,,,,,,,,
2023-11-29 00:00:00,11:33:00,COM VÍTIMA,MADALENA,RUA BENFICA,,,COLISÃO,0,1,0,0,0,0,0,0,0,1,0,,,,,,,,,
2023-11-29 00:00:00,03:45:00,COM VÍTIMA,SANTO AMARO,RUA FREI CASSIMIRO,,,COLISÃO LATERAL,0,2,0,0,0,0,0,0,0,3,0,,,,,,,,,
2023-11-29 00:00:00,03:50:00,SEM VÍTIMA,TORRE,RUA JOSE BONIFACIO,,,COLISÃO,0,0,0,0,0,0,0,0,0,0,0,,,,,,,,,
2023-11-29 00:00:00,05:23:00,SEM VÍTIMA,IPSEP,RUA BLUMENAU,,,COLISÃO FRONTAL,2,0,0,0,0,0,0,0,0,0,0,,,,,,,,,
2023-11-29 00:00:00,06:56:00,VÍTIMA FATAL,CASA AMARELA,AV NORTE MIGUEL ARRAES DE ALENCAR,,,ATROPELAMENTO DE PESSOA,0,0,0,0,1,0,0,0,0,0,1,,,,,,,,,
2023-11-29 00:00:00,10:27:00,COM VÍTIMA,BOMBA DO HEMETERIO,RUA PROFESSOR JOSE AMARINO DOS REIS,,,COLISÃO FRONTAL,0,0,0,0,0,0,0,0,0,1,0,,,,,,,,,
2023-11-30 00:00:00,06:54:00,COM VÍTIMA,IMBIRIBEIRA,AV MARECHAL MASCARENHAS DE MORAES,,,COLISÃO TRASEIRA,1,1,0,0,0,0,0,0,0,1,0,,,,,,,,,
2023-11-30 00:00:00,07:30:00,COM VÍTIMA,APIPUCOS,RUA DE APIPUCOS,,,COLISÃO,0,0,0,0,0,0,0,0,0,1,0,,,,,,,,,
2023-11-30 00:00:00,07:36:00,COM VÍTIMA,CAXANGA,AV CAXANGA,,,COLISÃO LATERAL,0,1,0,0,0,0,0,0,0,1,0,,,,,,,,,
2023-11-30 00:00:00,08:18:00,SEM VÍTIMA,BOA VISTA,RUA DO HOSPICIO,,,COLISÃO,0,0,0,0,0,0,0,0,0,0,0,,,,,,,,,
2023-11-30 00:00:00,08:20:00,COM VÍTIMA,AFOGADOS,RUA COSME VIANA,,,COLISÃO LATERAL,1,1,0,0,0,0,0,0,0,1,0,,,,,,,,,
2023-11-30 00:00:00,08:53:00,COM VÍTIMA,SANTO AMARO,RUA DOS PALMARES,,,COLISÃO LATERAL,0,1,0,0,0,0,0,0,0,1,0,,,,,,,,,
2023-11-30 00:00:00,09:42:00,COM VÍTIMA,BOMBA DO HEMETERIO,RUA BOMBA DO HEMETERIO,,,COLISÃO,0,1,0,0,0,0,0,0,0,1,0,,,,,,,,,
2023-11-30 00:00:00,10:43:00,COM VÍTIMA,ILHA DO LEITE,AV GOVERNADOR AGAMENON MAGALHAES,,,COLISÃO LATERAL,0,1,0,0,0,0,0,0,0,1,0,,,,,,,,,
2023-11-30 00:00:00,11:11:00,COM VÍTIMA,DOIS IRMAOS,RUA MANUEL DE MEDEIROS,,,COLISÃO LATERAL,1,1,0,0,0,0,0,0,0,1,0,,,,,,,,,
2023-11-30 00:00:00,11:54:00,COM VÍTIMA,IPSEP,RUA ROSA MAGALHAES,,,COLISÃO LATERAL,0,1,0,0,0,0,0,0,0,1,0,,,,,,,,,
2023-11-30 00:00:00,12:31:00,COM VÍTIMA,AFOGADOS,RUA SAO MIGUEL,,,COLISÃO TRASEIRA,1,1,0,0,0,0,0,0,0,1,0,,,,,,,,,
2023-11-30 00:00:00,01:00:00,COM VÍTIMA,VARZEA,AV AFONSO OLINDENSE,,,COLISÃO LATERAL,0,2,0,0,0,0,0,0,0,1,0,,,,,,,,,
2023-11-30 00:00:00,01:09:00,COM VÍTIMA,IPSEP,RUA ADERBAL DE MELO,,,COLISÃO FRONTAL,1,1,0,0,0,0,0,0,0,1,0,,,,,,,,,
2023-11-30 00:00:00,01:18:00,COM VÍTIMA,BOA VIAGEM,AV ENGENHEIRO DOMINGOS FERREIRA,,,COLISÃO FRONTAL,1,1,0,0,0,0,0,0,0,1,0,,,,,,,,,
2023-11-30 00:00:00,01:41:00,COM VÍTIMA,SANCHO,RUA GUANABARA,,,COLISÃO LATERAL,1,2,0,0,0,0,0,0,0,1,0,,,,,,,,,
2023-11-30 00:00:00,01:58:00,COM VÍTIMA,IPSEP,RUA PINTOR ANTONIO ALBUQUERQUE,,,COLISÃO LATERAL,0,0,0,0,0,0,0,0,0,2,0,,,,,,,,,
2023-11-30 00:00:00,02:20:00,SEM VÍTIMA,DERBY,AV GOVERNADOR AGAMENON MAGALHAES,,,COLISÃO LATERAL,1,0,0,0,0,0,0,1,0,0,0,,,,,,,,,
2023-11-30 00:00:00,02:24:00,SEM VÍTIMA,MACAXEIRA,AV NORTE MIGUEL ARRAES DE ALENCAR,671,CIDADE,COLISÃO TRASEIRA,1,0,0,0,0,1,0,0,0,0,0,,,,,,,,,
2023-11-30 00:00:00,02:56:00,COM VÍTIMA,ENCRUZILHADA,AV NORTE MIGUEL ARRAES DE ALENCAR,665,,COLISÃO TRASEIRA,1,1,0,0,0,0,0,0,0,1,0,,,,,,,,,
2023-11-30 00:00:00,02:57:00,COM VÍTIMA,BOA VIAGEM,AV ENGENHEIRO DOMINGOS FERREIRA,,,COLISÃO,0,1,0,0,0,0,0,0,0,1,0,,,,,,,,,
2023-11-30 00:00:00,04:35:00,COM VÍTIMA,IMBIRIBEIRA,AV MARECHAL MASCARENHAS DE MORAES,,,COLISÃO,0,1,0,0,0,0,0,0,0,1,0,,,,,,,,,
2023-11-30 00:00:00,05:38:00,COM VÍTIMA,IMBIRIBEIRA,AV MARECHAL MASCARENHAS DE MORAES,,AFOGADOS,COLISÃO LATERAL,0,0,0,0,0,0,0,0,0,1,0,,,,,,,,,
2023-11-30 00:00:00,05:49:00,COM VÍTIMA,AFOGADOS,RUA JOAQUIM DE VASCONCELOS PEREIRA,,,ATROPELAMENTO DE PESSOA,0,1,0,0,1,0,0,0,0,1,0,,,,,,,,,
2023-11-30 00:00:00,06:53:00,COM VÍTIMA,PORTO DA MADEIRA,AV CIDADE DE MONTEIRO,,,COLISÃO,0,1,0,0,0,0,0,0,0,1,0,,,,,,,,,
2023-11-30 00:00:00,08:07:00,COM VÍTIMA,AGUA FRIA,AV BEBERIBE,,,COLISÃO LATERAL,0,1,0,0,0,0,0,0,0,1,0,,,,,,,,,
2023-11-30 00:00:00,11:03:00,COM VÍTIMA,JAQUEIRA,AV CONS ROSA E SILVA,,,COLISÃO LATERAL,1,1,0,0,0,0,0,0,0,2,0,,,,,,,,,
2023-12-01 00:00:00,06:43:00,COM VÍTIMA,IPSEP,AV RECIFE,,,ATROPELAMENTO DE PESSOA,0,1,0,0,1,0,0,0,0,1,0,,,,,,,,,
2023-12-01 00:00:00,07:20:00,COM VÍTIMA,AGUA FRIA,AV BEBERIBE,,,COLISÃO LATERAL,0,1,0,0,0,0,0,0,0,1,0,,,,,,,,,
2023-12-01 00:00:00,07:27:00,COM VÍTIMA,IPSEP,RUA ITACARI,,,COLISÃO,0,0,0,0,0,0,0,0,0,2,0,,,,,,,,,
2023-12-01 00:00:00,07:27:00,COM VÍTIMA,IMBIRIBEIRA,RUA ITACARI,,,COLISÃO,0,1,0,0,0,0,0,0,0,1,0,,,,,,,,,
2023-12-01 00:00:00,07:37:00,COM VÍTIMA,AFOGADOS,RUA SAO MIGUEL,,,COLISÃO LATERAL,1,1,0,0,0,0,0,0,0,1,0,,,,,,,,,
2023-12-01 00:00:00,07:40:00,COM VÍTIMA,SANTO AMARO,RUA SANTO AMARO,,,COLISÃO,0,1,0,0,0,0,0,0,0,1,0,,,,,,,,,
2023-12-01 00:00:00,08:27:00,COM VÍTIMA,SANTO AMARO,AV PREFEITO ARTUR LIMA CAVALCANTI,,,COLISÃO LATERAL,1,1,0,0,0,0,0,0,0,1,0,,,,,,,,,
2023-12-01 00:00:00,09:53:00,COM VÍTIMA,ARRUDA,RUA DA REGENERACAO,,,COLISÃO,0,0,0,0,0,0,0,0,0,1,0,,,,,,,,,
2023-12-01 00:00:00,10:22:00,COM VÍTIMA,BOA VIAGEM,AV BOA VIAGEM,,,COLISÃO,0,1,0,0,0,0,0,0,0,1,0,,,,,,,,,
2023-12-01 00:00:00,01:08:00,COM VÍTIMA,AFOGADOS,RUA COSME VIANA,,,COLISÃO,0,1,0,0,0,0,0,0,0,1,0,,,,,,,,,
2023-12-01 00:00:00,02:32:00,COM VÍTIMA,VARZEA,AV AFONSO OLINDENSE,,,COLISÃO LATERAL,1,1,0,0,0,0,0,0,0,2,0,,,,,,,,,
2023-12-01 00:00:00,03:05:00,COM VÍTIMA,CAXANGA,AV CAXANGA,,,COLISÃO,0,1,0,0,0,0,0,0,0,1,0,,,,,,,,,
2023-12-01 00:00:00,03:46:00,COM VÍTIMA,ARRUDA,AV BEBERIBE,,,COLISÃO LATERAL,1,1,0,0,0,0,0,0,0,1,0,,,,,,,,,
2023-12-01 00:00:00,03:47:00,COM VÍTIMA,SAN MARTIN,RUA COMENDADOR FRANCO FERREIRA,,,COLISÃO,0,1,0,0,0,0,0,0,0,1,0,,,,,,,,,
2023-12-01 00:00:00,03:50:00,COM VÍTIMA,TAMARINEIRA,RUA DO FUTURO,,,COLISÃO,0,1,0,0,0,0,0,0,0,1,0,,,,,,,,,
2023-12-01 00:00:00,04:11:00,COM VÍTIMA,SAO JOSE,AV ENGENHEIRO JOSE ESTELITA,,,COLISÃO,0,1,0,0,0,0,0,0,0,1,0,,,,,,,,,
2023-12-01 00:00:00,04:08:00,COM VÍTIMA,DERBY,RUA CARLOS PORTO CARREIRO,,,COLISÃO LATERAL,1,1,0,0,0,0,0,0,0,1,0,,,,,,,,,
2023-12-01 00:00:00,04:29:00,COM VÍTIMA,BOMBA DO HEMETERIO,RUA CHA DE ALEGRIA,,,COLISÃO FRONTAL,1,1,0,0,0,0,0,0,0,1,0,,,,,,,,,
2023-12-01 00:00:00,05:43:00,COM VÍTIMA,CAXANGA,AV CAXANGA,,,COLISÃO,0,1,0,0,0,0,0,0,0,1,0,,,,,,,,,
2023-12-01 00:00:00,05:46:00,COM VÍTIMA,CAMPO GRANDE,RUA DR MACHADO,,,COLISÃO,0,1,0,0,0,0,0,0,0,1,0,,,,,,,,,
2023-12-01 00:00:00,05:47:00,SEM VÍTIMA,IBURA,LAD DA COHAB,,,CHOQUE,0,0,0,0,0,0,1,0,0,0,0,,,,,,,,,
2023-12-01 00:00:00,06:17:00,VÍTIMA FATAL,IPSEP,AV MARECHAL MASCARENHAS DE MORAES,,,COLISÃO COM CICLISTA,0,0,0,1,0,0,1,0,0,0,1,,,,,,,,,
2023-12-01 00:00:00,06:53:00,COM VÍTIMA,IBURA,AV DOIS RIOS,,,COLISÃO FRONTAL,1,1,0,0,0,0,0,0,0,1,0,,,,,,,,,
2023-12-01 00:00:00,09:44:00,COM VÍTIMA,VARZEA,AV CAXANGA,,,COLISÃO,0,2,0,0,0,0,0,0,0,2,0,,,,,,,,,
2023-12-01 00:00:00,11:39:00,VÍTIMA FATAL,IBURA,RUA VALE DO ITAJAI,,,ATROPELAMENTO DE PESSOA,0,0,0,0,1,0,0,0,0,0,1,,,,,,,,,
2023-12-02 00:00:00,01:41:00,SEM VÍTIMA,BOA VIAGEM,RUA VISCONDE DE JEQUITINHONHA,,SUBURBIO,COLISÃO,1,1,0,0,0,0,0,0,0,0,0,,,,,,,,,
2023-12-02 00:00:00,06:14:00,SEM VÍTIMA,CIDADE UNIVERSITARIA,RUA GENERAL POLIDORO,,,COLISÃO,2,0,0,0,0,0,0,0,0,0,0,,,,,,,,,
2023-12-02 00:00:00,07:59:00,COM VÍTIMA,IPUTINGA,RUA PADRE FERNAO CARDIM,,,COLISÃO,0,1,0,0,0,0,0,0,0,1,0,,,,,,,,,
2023-12-02 00:00:00,09:01:00,COM VÍTIMA,IBURA,AV DOIS RIOS,,,COLISÃO,0,1,0,0,0,0,0,0,0,1,0,,,,,,,,,
2023-12-02 00:00:00,09:10:00,COM VÍTIMA,IPUTINGA,AV MAURICIO DE NASSAU,,,COLISÃO,0,1,0,0,0,0,0,0,0,1,0,,,,,,,,,
2023-12-02 00:00:00,10:00:00,COM VÍTIMA,LINHA DO TIRO,RUA URIEL DE HOLANDA,,,COLISÃO LATERAL,1,1,0,0,0,0,0,0,0,1,0,,,,,,,,,
2023-12-02 00:00:00,12:21:00,COM VÍTIMA,CAXANGA,AV CAXANGA,,SUBURBIO,COLISÃO COM CICLISTA,1,0,0,1,0,0,0,0,0,1,0,,,,,,,,,
2023-12-02 00:00:00,12:45:00,COM VÍTIMA,SANTO AMARO,AV CRUZ CABUGA,,,COLISÃO,1,1,0,0,0,0,0,0,0,1,0,,,,,,,,,
2023-12-02 00:00:00,10:27:00,COM VÍTIMA,IPSEP,AV RECIFE,,,COLISÃO TRASEIRA,2,0,0,0,0,0,0,0,0,1,0,,,,,,,,,
2023-12-03 00:00:00,12:01:00,COM VÍTIMA,BONGI,EST DO BONGI,,,COLISÃO LATERAL,1,1,0,0,0,0,0,0,0,1,0,,,,,,,,,
2023-12-03 00:00:00,12:12:00,COM VÍTIMA,CAXANGA,AV CAXANGA,,,COLISÃO TRASEIRA,2,0,0,0,0,0,0,0,0,1,0,,,,,,,,,
2023-12-03 00:00:00,08:19:00,COM VÍTIMA,BAIRRO DO RECIFE,AV BARBOSA LIMA,,,COLISÃO LATERAL,0,1,0,0,0,0,0,0,0,1,0,,,,,,,,,
2023-12-03 00:00:00,08:59:00,SEM VÍTIMA,PINA,AV DR DIRCEU VELLOSO TOSCANO DE BRITO,,,COLISÃO LATERAL,1,0,0,0,0,0,1,0,0,0,0,,,,,,,,,