data,hora,natureza,bairro,endereco,num_semaforo,sentido_via,tipo,auto,moto,ciclom,ciclista,pedestre,onibus,caminhao,viatura,outros,vitimas,vitimasfatais,acidente_verificado,tempo_clima,sinalizacao,condicao_via,conservacao_via,situacao_placa,velocidade_max_via,mao_direcao,divisao_via1
2023-12-03 00:00:00,09:52:00,COM VÍTIMA,BOA VIAGEM,RUA SETUBAL,,,COLISÃO,0,1,0,0,0,0,0,0,0,1,0,,,,,,,,,
2023-12-03 00:00:00,12:55:00,SEM VÍTIMA,CAMPO GRANDE,RUA PROFESSOR FRANCISCO DA TRINDADE,,SUBURBIO,COLISÃO LATERAL,2,0,0,0,0,0,0,0,0,0,0,,,,,,,,,
2023-12-03 00:00:00,12:58:00,COM VÍTIMA,PRADO,RUA GOMES TABORDA,,,COLISÃO,0,1,0,0,0,0,0,0,0,1,0,,,,,,,,,
2023-12-03 00:00:00,01:37:00,COM VÍTIMA,BOMBA DO HEMETERIO,RUA BOMBA DO HEMETERIO,,,COLISÃO,1,1,0,0,0,0,0,0,0,1,0,,,,,,,,,
2023-12-03 00:00:00,01:50:00,COM VÍTIMA,DERBY,AV GOVERNADOR AGAMENON MAGALHAES,,,ATROPELAMENTO DE PESSOA,0,1,0,0,1,0,0,0,0,1,0,,,,,,,,,
2023-12-03 00:00:00,05:09:00,SEM VÍTIMA,BOA VIAGEM,AV ENGENHEIRO DOMINGOS FERREIRA,,SUBURBIO,COLISÃO LATERAL,0,2,0,0,0,0,0,0,0,0,0,,,,,,,,,
2023-12-03 00:00:00,06:08:00,COM VÍTIMA,CAXANGA,AV CAXANGA,,,ATROPELAMENTO DE PESSOA,1,0,0,1,0,0,0,0,0,1,0,,,,,,,,,
2023-12-03 00:00:00,06:19:00,COM VÍTIMA,BOA VIAGEM,RUA DOS NAVEGANTES,,,COLISÃO LATERAL,1,1,0,0,0,0,0,0,0,1,0,,,,,,,,,
2023-12-03 00:00:00,06:31:00,COM VÍTIMA,CAXANGA,AV CAXANGA,,,COLISÃO FRONTAL,1,1,0,0,0,0,0,0,0,1,0,,,,,,,,,
2023-12-03 00:00:00,07:19:00,SEM VÍTIMA,NOVA DESCOBERTA,RUA VASCO DA GAMA,,,COLISÃO,1,1,0,0,0,0,0,0,0,0,0,,,,,,,,,
2023-12-03 00:00:00,07:58:00,SEM VÍTIMA,AREIAS,AV IZABEL DE GOES,,,COLISÃO,1,1,0,0,0,0,0,0,0,0,0,,,,,,,,,
2023-12-04 00:00:00,03:29:00,VÍTIMA FATAL,MADALENA,AV VISCONDE DE ALBUQUERQUE,,,COLISÃO,1,0,0,0,0,0,1,0,0,0,2,,,,,,,,,
2023-12-04 00:00:00,08:48:00,COM VÍTIMA,PINA,AVENIDA CELSO FURTADO (VIA MANGUE),,,COLISÃO,0,1,0,0,0,0,0,0,0,1,0,,,,,,,,,
2023-12-04 00:00:00,08:49:00,COM VÍTIMA,SAO JOSE,PRC DAS CINCO PONTAS,,,COLISÃO LATERAL,1,1,0,0,0,0,0,0,0,1,0,,,,,,,,,
2023-12-04 00:00:00,09:30:00,COM VÍTIMA,ESPINHEIRO,RUA DA HORA,,,COLISÃO LATERAL,0,1,0,0,0,0,0,0,0,1,0,,,,,,,,,
2023-12-04 00:00:00,09:29:00,COM VÍTIMA,SAO JOSE,AV ENGENHEIRO JOSE ESTELITA,,,COLISÃO,0,1,0,0,0,0,0,0,0,1,0,,,,,,,,,
2023-12-04 00:00:00,10:15:00,SEM VÍTIMA,IPSEP,RUA JAMAICA,,CIDADE,COLISÃO LATERAL,2,0,0,0,0,0,0,0,0,0,0,,,,,,,,,
2023-12-04 00:00:00,10:31:00,COM VÍTIMA,IPSEP,AV RECIFE,,,COLISÃO TRASEIRA,1,1,0,0,0,0,0,0,0,1,0,,,,,,,,,
2023-12-04 00:00:00,10:32:00,COM VÍTIMA,IMBIRIBEIRA,AV MARECHAL MASCARENHAS DE MORAES,,CIDADE,COLISÃO LATERAL,1,1,0,0,0,0,0,0,0,1,0,,,,,,,,,
2023-12-04 00:00:00,10:52:00,COM VÍTIMA,IPSEP,AV RECIFE,,,COLISÃO LATERAL,1,1,0,0,0,0,0,0,0,1,0,,,,,,,,,
2023-12-04 00:00:00,12:54:00,COM VÍTIMA,BONGI,RUA ITAPEMIRIM,,,COLISÃO LATERAL,1,1,0,0,0,0,0,0,0,1,0,,,,,,,,,
2023-12-04 00:00:00,01:40:00,COM VÍTIMA,TORREAO,AV GOVERNADOR AGAMENON MAGALHAES,,,COLISÃO TRASEIRA,0,2,0,0,0,0,0,0,0,2,0,,,,,,,,,
2023-12-04 00:00:00,02:17:00,COM VÍTIMA,IMBIRIBEIRA,AV MARECHAL MASCARENHAS DE MORAES,,,COLISÃO LATERAL,1,1,0,0,0,0,1,0,0,1,0,,,,,,,,,
2023-12-04 00:00:00,05:29:00,COM VÍTIMA,IPSEP,AV RAIMUNDO DINIZ,,,COLISÃO FRONTAL,1,1,0,0,0,0,0,0,0,1,0,,,,,,,,,
2023-12-04 00:00:00,05:51:00,COM VÍTIMA,CAXANGA,AV CAXANGA,,,COLISÃO LATERAL,0,0,0,0,0,0,0,0,0,1,0,,,,,,,,,
2023-12-04 00:00:00,07:19:00,COM VÍTIMA,GRACAS,AV GOVERNADOR AGAMENON MAGALHAES,,,COLISÃO,1,1,0,0,0,0,0,0,0,1,0,,,,,,,,,
2023-12-05 00:00:00,06:55:00,COM VÍTIMA,MADALENA,RUA REAL DA TORRE,,,COLISÃO LATERAL,1,1,0,0,0,0,0,0,0,1,0,,,,,,,,,
2023-12-05 00:00:00,07:53:00,COM VÍTIMA,VARZEA,RUA VALE DO SIRIJI,,,COLISÃO LATERAL,0,1,0,0,0,0,0,0,0,1,0,,,,,,,,,
2023-12-05 00:00:00,09:40:00,COM VÍTIMA,SAO JOSE,RUA IMPERIAL,,,COLISÃO FRONTAL,0,1,0,0,0,0,0,0,0,1,0,,,,,,,,,
2023-12-05 00:00:00,10:03:00,COM VÍTIMA,BOA VIAGEM,AV ENGENHEIRO DOMINGOS FERREIRA,,,COLISÃO LATERAL,0,1,0,0,0,0,0,0,0,1,0,,,,,,,,,
2023-12-05 00:00:00,11:51:00,COM VÍTIMA,MORRO DA CONCEICAO,AV NORTE MIGUEL ARRAES DE ALENCAR,,,COLISÃO,2,1,0,0,0,0,0,0,0,1,0,,,,,,,,,
2023-12-05 00:00:00,11:53:00,COM VÍTIMA,AREIAS,AV RECIFE,,,COLISÃO LATERAL,0,1,0,0,0,0,0,0,0,1,0,,,,,,,,,
2023-12-05 00:00:00,02:05:00,COM VÍTIMA,AREIAS,AV RECIFE,,,COLISÃO COM CICLISTA,0,0,0,1,0,1,0,0,0,1,0,,,,,,,,,
2023-12-05 00:00:00,03:28:00,COM VÍTIMA,MADALENA,RUA JOAO IVO DA SILVA,,,COLISÃO,0,1,0,0,0,0,0,0,0,1,0,,,,,,,,,
2023-12-05 00:00:00,04:19:00,COM VÍTIMA,PINA,AV ENGENHEIRO DOMINGOS FERREIRA,,,COLISÃO,1,1,0,0,0,0,0,0,0,1,0,,,,,,,,,
2023-12-05 00:00:00,05:50:00,COM VÍTIMA,MACAXEIRA,AV NORTE MIGUEL ARRAES DE ALENCAR,,CIDADE,COLISÃO LATERAL,1,1,0,0,0,0,0,0,0,2,0,,,,,,,,,
2023-12-05 00:00:00,05:58:00,COM VÍTIMA,APIPUCOS,RUA DE APIPUCOS,,,COLISÃO,0,1,0,0,0,0,0,0,0,1,0,,,,,,,,,
2023-12-05 00:00:00,06:06:00,COM VÍTIMA,CAMPO GRANDE,AV CORREIA DE BRITO,,,COLISÃO,0,1,0,0,0,0,0,0,0,1,0,,,,,,,,,
2023-12-05 00:00:00,06:15:00,COM VÍTIMA,JORDAO,AV MARIA IRENE,,,COLISÃO,1,1,0,0,0,0,0,0,0,1,0,,,,,,,,,
2023-12-05 00:00:00,06:45:00,COM VÍTIMA,CORDEIRO,AV GENERAL SAN MARTIN,,,COLISÃO,0,1,0,0,0,0,0,0,0,1,0,,,,,,,,,
2023-12-05 00:00:00,06:58:00,COM VÍTIMA,BOA VIAGEM,RUA PADRE CABRAL,,,COLISÃO LATERAL,1,1,0,0,0,0,0,0,0,1,0,,,,,,,,,
2023-12-05 00:00:00,08:16:00,COM VÍTIMA,BOA VIAGEM,AVENIDA CELSO FURTADO (VIA MANGUE),,,COLISÃO,1,1,0,0,0,0,0,0,0,1,0,,,,,,,,,
2023-12-06 00:00:00,07:29:00,SEM VÍTIMA,IPSEP,RUA BLUMENAU,,SUBURBIO,COLISÃO TRASEIRA,2,0,0,0,0,0,0,0,0,0,0,,,,,,,,,
2023-12-06 00:00:00,07:40:00,COM VÍTIMA,MADALENA,AV JOSE GONCALVES DE MEDEIROS,,,COLISÃO,0,2,0,0,0,0,0,0,0,1,0,,,,,,,,,
2023-12-06 00:00:00,11:00:00,COM VÍTIMA,,RUA SAO MIGUEL,,,COLISÃO LATERAL,0,0,0,0,0,0,0,0,0,1,0,,,,,,,,,
2023-12-06 00:00:00,12:51:00,COM VÍTIMA,SANTO AMARO,RUA TRES DE MAIO,,,ENGAVETAMENTO,3,0,0,0,0,0,0,0,0,1,0,,,,,,,,,
2023-12-06 00:00:00,02:08:00,COM VÍTIMA,SAN MARTIN,AV ENGENHEIRO ABDIAS DE CARVALHO,,,COLISÃO LATERAL,0,0,0,0,0,0,0,0,0,1,0,,,,,,,,,
2023-12-06 00:00:00,03:25:00,SEM VÍTIMA,SOLEDADE,AV JOAO DE BARROS,198,SUBURBIO,COLISÃO LATERAL,1,0,0,0,0,1,0,0,0,0,0,,,,,,,,,
2023-12-06 00:00:00,05:25:00,SEM VÍTIMA,TAMARINEIRA,AV CONS ROSA E SILVA,253,SUBURBIO,COLISÃO LATERAL,1,0,0,0,0,0,0,1,0,0,0,,,,,,,,,
2023-12-06 00:00:00,05:50:00,SEM VÍTIMA,SAO JOSE,AV MARTINS DE BARROS,194,CIDADE,COLISÃO LATERAL,2,0,0,0,0,0,0,0,0,0,0,,,,,,,,,
2023-12-06 00:00:00,06:52:00,COM VÍTIMA,CASA FORTE,AV DEZESSETE DE AGOSTO,,,COLISÃO FRONTAL,1,1,0,0,0,0,0,0,0,1,0,,,,,,,,,
2023-12-07 00:00:00,07:06:00,COM VÍTIMA,MADALENA,RUA DEMOCRITO DE SOUZA FILHO,,,COLISÃO LATERAL,1,1,0,0,0,0,0,0,0,1,0,,,,,,,,,
2023-12-07 00:00:00,07:40:00,COM VÍTIMA,AREIAS,AV RECIFE,,,COLISÃO LATERAL,0,1,0,0,0,0,0,0,0,1,0,,,,,,,,,
2023-12-07 00:00:00,08:20:00,SEM VÍTIMA,GRACAS,RUA DAS GRACAS,,CIDADE,COLISÃO TRASEIRA,2,0,0,0,0,0,0,0,0,0,0,,,,,,,,,
2023-12-07 00:00:00,08:43:00,COM VÍTIMA,CASA FORTE,RUA DA HARMONIA,,,COLISÃO,0,1,0,0,0,0,0,0,0,1,0,,,,,,,,,
2023-12-07 00:00:00,09:25:00,COM VÍTIMA,CAMPO GRANDE,RUA PROFESSOR FRANCISCO DA TRINDADE,,,COLISÃO,0,1,0,0,0,0,0,0,0,1,0,,,,,,,,,
2023-12-07 00:00:00,08:46:00,SEM VÍTIMA,SANTO AMARO,PTE DO LIMOEIRO,,,COLISÃO,0,0,0,0,0,0,0,0,0,0,0,,,,,,,,,
2023-12-07 00:00:00,11:17:00,COM VÍTIMA,TORROES,AV ENGENHEIRO ABDIAS DE CARVALHO,,,COLISÃO,0,1,0,0,0,0,0,0,0,1,0,,,,,,,,,
2023-12-07 00:00:00,11:24:00,SEM VÍTIMA,MADALENA,RUA DOM JOAO DE SOUZA,,,COLISÃO LATERAL,1,0,0,0,0,0,0,1,0,0,0,,,,,,,,,
2023-12-07 00:00:00,12:01:00,COM VÍTIMA,DOIS IRMAOS,RUA MANUEL DE MEDEIROS,,,COLISÃO,0,1,0,0,0,0,0,0,0,1,0,,,,,,,,,
2023-12-07 00:00:00,12:50:00,COM VÍTIMA,BOA VIAGEM,RUA DOS NAVEGANTES,,,COLISÃO FRONTAL,0,1,0,0,0,0,0,0,0,1,0,,,,,,,,,
2023-12-07 00:00:00,12:56:00,COM VÍTIMA,BOA VIAGEM,RUA DOS NAVEGANTES,,,COLISÃO FRONTAL,1,1,0,0,0,0,0,0,0,1,0,,,,,,,,,
2023-12-07 00:00:00,01:01:00,COM VÍTIMA,CAXANGA,AV CAXANGA,,,COLISÃO TRASEIRA,1,1,0,0,0,0,0,0,0,1,0,,,,,,,,,
2023-12-07 00:00:00,01:05:00,COM VÍTIMA,ARRUDA,RUA MADRE ROSA GATTORNO,,,ATROPELAMENTO DE PESSOA,1,0,0,0,1,0,0,0,0,1,0,,,,,,,,,
2023-12-07 00:00:00,01:15:00,COM VÍTIMA,BOA VIAGEM,RUA ARTUR MUNIZ,,,COLISÃO,0,1,0,0,0,0,0,0,0,1,0,,,,,,,,,
2023-12-07 00:00:00,02:25:00,COM VÍTIMA,IMBIRIBEIRA,RUA ARQUITETO LUIZ NUNES,,,COLISÃO LATERAL,1,1,0,0,0,0,0,0,0,1,0,,,,,,,,,
2023-12-07 00:00:00,02:59:00,COM VÍTIMA,CURADO,RUA DR GEORGE WILLIAM BUTLER,,,COLISÃO LATERAL,1,1,0,0,0,0,0,0,0,1,0,,,,,,,,,
2023-12-07 00:00:00,03:15:00,COM VÍTIMA,BOA VISTA,AV MONTEVIDEU,,,COLISÃO,0,1,0,0,0,0,0,0,0,1,0,,,,,,,,,
2023-12-07 00:00:00,03:28:00,SEM VÍTIMA,SAO JOSE,RUA CORACAO DE MARIA,,,COLISÃO TRASEIRA,1,0,0,0,0,0,0,1,0,0,0,,,,,,,,,
2023-12-07 00:00:00,03:29:00,COM VÍTIMA,AFOGADOS,RUA SAO MIGUEL,,,COLISÃO FRONTAL,1,1,0,0,0,0,0,0,0,1,0,,,,,,,,,
2023-12-07 00:00:00,03:48:00,COM VÍTIMA,VARZEA,RUA DR GEORGE WILLIAM BUTLER,,,COLISÃO,0,1,0,0,0,0,0,0,0,1,0,,,,,,,,,
2023-12-07 00:00:00,04:07:00,COM VÍTIMA,IPUTINGA,AV MAURICIO DE NASSAU,,,COLISÃO,0,1,0,0,0,0,0,0,0,1,0,,,,,,,,,
2023-12-07 00:00:00,05:47:00,SEM VÍTIMA,CAXANGA,AV CAXANGA,,,ENGAVETAMENTO,6,0,0,0,0,0,0,0,0,0,0,,,,,,,,,
2023-12-07 00:00:00,05:58:00,COM VÍTIMA,PRADO,AV ENGENHEIRO ABDIAS DE CARVALHO,,,,0,0,0,0,0,0,0,0,0,1,0,,,,,,,,,
2023-12-07 00:00:00,06:19:00,COM VÍTIMA,ILHA DO RETIRO,AV ENGENHEIRO ABDIAS DE CARVALHO,,,COLISÃO,0,1,0,0,0,0,0,0,0,1,0,,,,,,,,,
2023-12-08 00:00:00,03:11:00,COM VÍTIMA,AFOGADOS,RUA SAO MIGUEL,,,COLISÃO,0,1,0,0,0,1,0,0,0,1,0,,,,,,,,,
2023-12-08 00:00:00,09:21:00,COM VÍTIMA,TORRE,RUA JOSE BONIFACIO,,,COLISÃO,0,1,0,0,0,0,0,0,0,1,0,,,,,,,,,
2023-12-08 00:00:00,11:12:00,SEM VÍTIMA,BOA VISTA,RUA ROSARIO DA BOA VISTA,,,COLISÃO,0,0,0,0,0,0,0,1,1,0,0,,,,,,,,,
2023-12-08 00:00:00,11:38:00,SEM VÍTIMA,ALTO SANTA TERESINHA,RUA ALTO BRASIL,,,COLISÃO,0,1,0,0,0,0,0,1,0,0,0,,,,,,,,,
2023-12-08 00:00:00,11:57:00,COM VÍTIMA,IBURA,AV PERNAMBUCO,,,COLISÃO,0,1,0,0,0,0,0,0,0,1,0,,,,,,,,,
2023-12-08 00:00:00,12:08:00,COM VÍTIMA,TAMARINEIRA,AV CONS ROSA E SILVA,,,COLISÃO,0,1,0,0,0,0,0,0,0,1,0,,,,,,,,,
2023-12-08 00:00:00,12:18:00,COM VÍTIMA,CAMPO GRANDE,EST DE BELEM,,,COLISÃO FRONTAL,1,1,0,0,0,0,0,0,0,1,0,,,,,,,,,
2023-12-08 00:00:00,12:58:00,SEM VÍTIMA,BOA VIAGEM,AV DOM JOAO VI,,,COLISÃO LATERAL,1,1,0,0,0,0,0,0,0,0,0,,,,,,,,,
2023-12-08 00:00:00,01:19:00,COM VÍTIMA,ALTO SANTA TERESINHA,RUA LADEIRA DE PEDRA,,,COLISÃO COM CICLISTA,0,1,0,1,0,0,0,0,0,2,0,,,,,,,,,
2023-12-08 00:00:00,10:13:00,COM VÍTIMA,CAMPO GRANDE,EST DE BELEM,,,COLISÃO TRANSVERSAL,0,1,0,0,0,0,0,0,0,1,0,,,,,,,,,
2023-12-09 00:00:00,05:24:00,SEM VÍTIMA,MADALENA,RUA BENFICA,,,COLISÃO,2,0,0,0,0,0,0,0,0,0,0,,,,,,,,,
2023-12-09 00:00:00,09:00:00,COM VÍTIMA,SANTO AMARO,RUA DO POMBAL,,,COLISÃO,0,1,0,0,0,0,0,0,0,1,0,,,,,,,,,
2023-12-09 00:00:00,09:22:00,COM VÍTIMA,AREIAS,AV RECIFE,,,COLISÃO TRASEIRA,1,1,0,0,0,0,0,0,0,1,0,,,,,,,,,
2023-12-09 00:00:00,09:35:00,COM VÍTIMA,ENCRUZILHADA,AV BEBERIBE,,,COLISÃO,0,2,0,0,0,0,0,0,0,1,0,,,,,,,,,
2023-12-09 00:00:00,12:54:00,COM VÍTIMA,PARNAMIRIM,AV CONS ROSA E SILVA,,,QUEDA,0,1,0,0,0,0,0,0,0,1,0,,,,,,,,,
2023-12-09 00:00:00,01:50:00,SEM VÍTIMA,BOA VIAGEM,RUA CORONEL ANIZIO RODRIGUES COELHO,,,COLISÃO TRASEIRA,2,0,0,0,0,0,0,0,0,0,0,,,,,,,,,
2023-12-09 00:00:00,05:34:00,COM VÍTIMA,AFOGADOS,RUA VINTE E UM DE ABRIL,,,COLISÃO LATERAL,1,1,0,0,0,0,0,0,0,1,0,,,,,,,,,
2023-12-09 00:00:00,05:38:00,COM VÍTIMA,TAMARINEIRA,EST VELHA DE AGUA FRIA,,,COLISÃO LATERAL,1,1,0,0,0,0,0,0,0,1,0,,,,,,,,,
2023-12-09 00:00:00,09:04:00,COM VÍTIMA,ARRUDA,RUA DESENHISTA EULINO SANTOS,,,ATROPELAMENTO DE PESSOA,0,0,0,0,1,0,0,0,0,1,0,,,,,,,,,
2023-12-09 00:00:00,11:12:00,SEM VÍTIMA,CASA AMARELA,AV NORTE MIGUEL ARRAES DE ALENCAR,,CIDADE,COLISÃO,2,1,0,0,0,0,0,0,0,0,0,,,,,,,,,
2023-12-10 00:00:00,12:33:00,COM VÍTIMA,BOA VIAGEM,AV BOA VIAGEM,,,CAPOTAMENTO,1,0,0,0,0,0,0,0,0,1,0,,,,,,,,,
2023-12-10 00:00:00,11:11:00,COM VÍTIMA,IBURA,AV DOZE DE JUNHO,,,COLISÃO LATERAL,0,1,0,0,0,0,0,0,0,1,0,,,,,,,,,
2023-12-10 00:00:00,02:08:00,COM VÍTIMA,AGUA FRIA,RUA SAO BENTO,,,COLISÃO TRASEIRA,1,1,0,0,0,0,0,0,0,1,0,,,,,,,,,
2023-12-10 00:00:00,02:11:00,COM VÍTIMA,SAN MARTIN,RUA VINTE E UM DE ABRIL,,,COLISÃO,0,1,0,0,0,0,0,0,0,1,0,,,,,,,,,
2023-12-10 00:00:00,02:40:00,COM VÍTIMA,BOA VIAGEM,RUA DOS NAVEGANTES,,,COLISÃO,0,1,0,0,0,0,0,0,0,1,0,,,,,,,,,
2023-12-10 00:00:00,07:06:00,COM VÍTIMA,CAMPO GRANDE,RUA MARECHAL DEODORO,,,COLISÃO TRANSVERSAL,0,1,0,0,0,0,0,0,0,1,0,,,,,,,,,
2023-12-10 00:00:00,07:23:00,COM VÍTIMA,MORRO DA CONCEICAO,AV NORTE MIGUEL ARRAES DE ALENCAR,,,COLISÃO TRANSVERSAL,0,1,0,0,0,0,0,0,0,1,0,,,,,,,,,
2023-12-10 00:00:00,07:55:00,COM VÍTIMA,SAN MARTIN,AV JOAO CABRAL DE MELO NETO,,,COLISÃO LATERAL,1,1,0,0,0,0,0,0,0,1,0,,,,,,,,,
2023-12-11 00:00:00,04:32:00,SEM VÍTIMA,AREIAS,AV ESTANCIA,,,COLISÃO TRASEIRA,0,1,0,0,0,0,0,1,0,0,0,,,,,,,,,
2023-12-11 00:00:00,04:39:00,SEM VÍTIMA,AFOGADOS,RUA SAO MIGUEL,,,COLISÃO LATERAL,1,0,0,0,0,0,0,1,0,0,0,,,,,,,,,
2023-12-11 00:00:00,06:56:00,COM VÍTIMA,MACAXEIRA,AV NORTE MIGUEL ARRAES DE ALENCAR,,CIDADE,COLISÃO COM CICLISTA,0,1,0,1,0,0,0,0,0,1,0,,,,,,,,,
2023-12-11 00:00:00,07:31:00,COM VÍTIMA,AFOGADOS,RUA COSME VIANA,,,COLISÃO LATERAL,0,1,0,0,0,0,0,0,0,1,0,,,,,,,,,
2023-12-11 00:00:00,08:18:00,COM VÍTIMA,CORDEIRO,AV CAXANGA,,,COLISÃO LATERAL,0,1,0,0,0,0,0,0,0,1,0,,,,,,,,,
2023-12-11 00:00:00,08:50:00,COM VÍTIMA,AFOGADOS,RUA JACIRA,,,COLISÃO,0,1,0,0,0,0,0,0,0,1,0,,,,,,,,,
2023-12-11 00:00:00,10:16:00,COM VÍTIMA,MACAXEIRA,AV NORTE MIGUEL ARRAES DE ALENCAR,,,COLISÃO TRASEIRA,1,0,0,0,0,1,0,0,0,2,0,,,,,,,,,
2023-12-11 00:00:00,11:57:00,COM VÍTIMA,SANTO AMARO,AV CRUZ CABUGA,,,COLISÃO,0,1,0,0,0,0,0,0,0,1,0,,,,,,,,,
2023-12-11 00:00:00,12:44:00,COM VÍTIMA,ESPINHEIRO,AV GOVERNADOR AGAMENON MAGALHAES,,,COLISÃO,1,0,0,0,0,0,0,0,0,1,0,,,,,,,,,
2023-12-11 00:00:00,12:50:00,SEM VÍTIMA,SANTO AMARO,RUA ARNOBIO MARQUES,,,COLISÃO TRASEIRA,2,0,0,0,0,0,0,0,0,0,0,,,,,,,,,
2023-12-11 00:00:00,01:55:00,COM VÍTIMA,BOA VIAGEM,AV BOA VIAGEM,,,COLISÃO LATERAL,1,2,0,0,0,0,0,0,0,1,0,,,,,,,,,
2023-12-11 00:00:00,02:36:00,COM VÍTIMA,TORRE,RUA JOSE BONIFACIO,,,COLISÃO LATERAL,1,1,0,0,0,0,0,0,0,1,0,,,,,,,,,
2023-12-11 00:00:00,02:45:00,COM VÍTIMA,TORROES,RUA DR MIGUEL VIEIRA FERREIRA,,,COLISÃO,0,1,0,0,0,0,0,0,0,1,0,,,,,,,,,
2023-12-11 00:00:00,04:37:00,SEM VÍTIMA,SANTO AMARO,AV NORTE MIGUEL ARRAES DE ALENCAR,,,COLISÃO LATERAL,2,0,0,0,0,0,0,0,0,0,0,,,,,,,,,
2023-12-11 00:00:00,04:47:00,SEM VÍTIMA,IMBIRIBEIRA,AV MARECHAL MASCARENHAS DE MORAES,,,COLISÃO TRASEIRA,1,0,0,0,0,0,0,1,0,0,0,,,,,,,,,
2023-12-11 00:00:00,06:10:00,COM VÍTIMA,PRADO,RUA MANOEL DE ARRUDA CAMARA,,,ATROPELAMENTO DE PESSOA,0,0,0,0,1,1,0,0,0,1,0,,,,,,,,,
2023-12-11 00:00:00,06:22:00,COM VÍTIMA,MONTEIRO,RUA DE APIPUCOS,,,COLISÃO LATERAL,1,1,0,0,0,0,0,0,0,1,0,,,,,,,,,
2023-12-11 00:00:00,06:22:00,COM VÍTIMA,IMBIRIBEIRA,RUA SARGENTO SILVINO DE MACEDO,,,COLISÃO,0,1,0,0,0,0,0,0,0,1,0,,,,,,,,,
2023-12-11 00:00:00,07:45:00,COM VÍTIMA,CAXANGA,AV CAXANGA,,,COLISÃO,1,1,0,0,0,0,0,0,0,1,0,,,,,,,,,
2023-12-12 00:00:00,06:52:00,SEM VÍTIMA,VARZEA,AV CAXANGA,,SUBURBIO,ENGAVETAMENTO,3,0,0,0,0,0,0,0,0,0,0,,,,,,,,,
2023-12-12 00:00:00,07:02:00,COM VÍTIMA,TORRE,RUA REAL DA TORRE,,,COLISÃO LATERAL,1,1,0,0,0,0,0,0,0,1,0,,,,,,,,,
2023-12-12 00:00:00,08:37:00,SEM VÍTIMA,GRACAS,AV RUI BARBOSA,,CIDADE,COLISÃO LATERAL,0,0,0,0,0,1,0,1,0,0,0,,,,,,,,,
2023-12-12 00:00:00,08:58:00,COM VÍTIMA,ESPINHEIRO,AV JOAO DE BARROS,,,COLISÃO LATERAL,0,2,0,0,0,0,0,0,0,1,0,,,,,,,,,
2023-12-12 00:00:00,09:16:00,COM VÍTIMA,IMBIRIBEIRA,AV MARECHAL MASCARENHAS DE MORAES,,,COLISÃO,0,1,0,0,0,0,0,0,0,1,0,,,,,,,,,
2023-12-12 00:00:00,09:35:00,COM VÍTIMA,MACAXEIRA,RUA SUBIDA DO PLATO,,,COLISÃO FRONTAL,0,1,0,0,0,1,0,0,0,1,0,,,,,,,,,
2023-12-12 00:00:00,10:21:00,COM VÍTIMA,BREJO DE BEBERIBE,AV VEREADOR OTACILIO AZEVEDO,,,COLISÃO,0,1,0,0,0,1,0,0,0,1,0,,,,,,,,,
2023-12-12 00:00:00,01:20:00,COM VÍTIMA,BOA VIAGEM,RUA AYRTON SENNA,,,COLISÃO,0,1,0,0,0,0,0,0,0,1,0,,,,,,,,,
2023-12-12 00:00:00,01:40:00,COM VÍTIMA,JORDAO,RUA DR ALVARO FERRAZ,,,COLISÃO,0,1,0,0,0,0,0,0,0,1,0,,,,,,,,,
2023-12-12 00:00:00,01:45:00,COM VÍTIMA,JARDIM SAO PAULO,AV LIBERDADE,,,COLISÃO,0,1,0,0,0,0,0,0,0,1,0,,,,,,,,,
2023-12-12 00:00:00,02:29:00,COM VÍTIMA,AREIAS,AV CENTRAL,,,COLISÃO,0,1,0,0,0,0,0,0,0,1,0,,,,,,,,,
2023-12-12 00:00:00,03:51:00,COM VÍTIMA,IBURA,RUA DOIS RIOS,,,COLISÃO LATERAL,1,1,0,0,0,0,0,0,0,1,0,,,,,,,,,
2023-12-12 00:00:00,05:12:00,COM VÍTIMA,IPUTINGA,RUA AMBROSIO MACHADO,,,COLISÃO LATERAL,1,1,0,0,0,0,0,0,0,1,0,,,,,,,,,
2023-12-12 00:00:00,05:20:00,COM VÍTIMA,TORRE,RUA NETO CAMPELO,,,COLISÃO,0,1,0,0,0,0,0,0,0,1,0,,,,,,,,,
2023-12-12 00:00:00,05:40:00,COM VÍTIMA,JIQUIA,AV RECIFE,,,COLISÃO TRANSVERSAL,1,1,0,0,0,0,0,0,0,1,0,,,,,,,,,
2023-12-12 00:00:00,10:10:00,COM VÍTIMA,VARZEA,RUA JOAO CARNEIRO DA CUNHA,,,COLISÃO FRONTAL,1,1,0,0,0,0,0,0,0,1,0,,,,,,,,,
2023-12-13 00:00:00,07:18:00,COM VÍTIMA,BOA VIAGEM,RUA SA E SOUZA,,,COLISÃO LATERAL,0,1,0,0,0,0,0,0,0,1,0,,,,,,,,,
2023-12-13 00:00:00,07:24:00,COM VÍTIMA,TOTO,RUA ONZE DE AGOSTO,,,COLISÃO LATERAL,0,1,0,0,0,0,0,0,0,1,0,,,,,,,,,
2023-12-13 00:00:00,07:43:00,COM VÍTIMA,IPSEP,AV RECIFE,,,COLISÃO,0,1,0,0,0,0,0,0,0,1,0,,,,,,,,,
2023-12-13 00:00:00,07:58:00,COM VÍTIMA,MUSTARDINHA,AV MANOEL GONCALVES DA LUZ,,,COLISÃO,0,1,0,0,0,1,0,0,0,1,0,,,,,,,,,
2023-12-13 00:00:00,09:11:00,COM VÍTIMA,AFOGADOS,RUA SAO MIGUEL,,,COLISÃO LATERAL,1,0,0,0,0,1,0,0,0,1,0,,,,,,,,,
2023-12-13 00:00:00,09:13:00,COM VÍTIMA,MADALENA,TUNEL DA ABOLICAO,,,COLISÃO,0,0,0,0,0,0,0,0,0,1,0,,,,,,,,,
2023-12-13 00:00:00,09:26:00,COM VÍTIMA,GUABIRABA,AV DA RECUPERACAO,,,COLISÃO,0,0,0,0,0,0,0,0,0,1,0,,,,,,,,,
2023-12-13 00:00:00,10:08:00,COM VÍTIMA,FUNDAO,RUA VALENTINS,,,ATROPELAMENTO DE PESSOA,1,0,0,0,1,0,0,0,0,1,0,,,,,,,,,
2023-12-13 00:00:00,10:10:00,COM VÍTIMA,CAXANGA,AV JOAQUIM RIBEIRO,,,COLISÃO LATERAL,0,1,0,0,0,0,0,0,0,1,0,,,,,,,,,
2023-12-13 00:00:00,11:22:00,COM VÍTIMA,BOA VIAGEM,AV MARECHAL JUAREZ TAVORA,,,COLISÃO LATERAL,0,1,0,0,0,0,0,0,0,1,0,,,,,,,,,
2023-12-13 00:00:00,12:01:00,COM VÍTIMA,CASA FORTE,RUA EDSON ALVARES,,,COLISÃO,0,1,0,0,0,0,0,0,0,1,0,,,,,,,,,
2023-12-13 00:00:00,12:39:00,COM VÍTIMA,BOA VIAGEM,RUA RIBEIRO DE BRITO,,,COLISÃO LATERAL,1,1,0,0,0,0,0,0,0,1,0,,,,,,,,,
2023-12-13 00:00:00,12:52:00,COM VÍTIMA,TAMARINEIRA,EST DO ARRAIAL,,,COLISÃO LATERAL,1,1,0,0,0,0,0,0,0,1,0,,,,,,,,,
2023-12-13 00:00:00,01:36:00,COM VÍTIMA,BAIRRO DO RECIFE,CAIS DO APOLO,,,COLISÃO TRASEIRA,1,1,0,0,0,0,0,0,0,1,0,,,,,,,,,
2023-12-13 00:00:00,02:03:00,COM VÍTIMA,SAN MARTIN,RUA GOMES TABORDA,67,,COLISÃO FRONTAL,1,1,0,0,0,0,0,0,0,1,0,,,,,,,,,
2023-12-13 00:00:00,04:44:00,COM VÍTIMA,GRACAS,AV DR MALAQUIAS,,,COLISÃO,0,1,0,0,0,0,0,0,0,1,0,,,,,,,,,
2023-12-13 00:00:00,05:17:00,COM VÍTIMA,CAMPO GRANDE,RUA JERONIMO VILELA,,,COLISÃO LATERAL,0,2,0,0,0,0,0,0,0,2,0,,,,,,,,,
2023-12-13 00:00:00,05:11:00,SEM VÍTIMA,TORROES,AV ENGENHEIRO ABDIAS DE CARVALHO,,,COLISÃO LATERAL,0,1,0,0,0,0,0,1,0,0,0,,,,,,,,,
2023-12-13 00:00:00,05:28:00,COM VÍTIMA,SOLEDADE,RUA DAS NINFAS,,,COLISÃO,0,1,0,0,0,0,0,0,0,1,0,,,,,,,,,