data,hora,natureza,bairro,endereco,num_semaforo,sentido_via,tipo,auto,moto,ciclom,ciclista,pedestre,onibus,caminhao,viatura,outros,vitimas,vitimasfatais,acidente_verificado,tempo_clima,sinalizacao,condicao_via,conservacao_via,situacao_placa,velocidade_max_via,mao_direcao,divisao_via1
2023-12-13 00:00:00,06:24:00,COM VÍTIMA,AFOGADOS,AV SUL,320,,COLISÃO FRONTAL,0,1,0,1,0,0,0,0,0,1,0,,,,,,,,,
2023-12-13 00:00:00,08:37:00,SEM VÍTIMA,AFOGADOS,RUA VISCONDE DE PELOTAS,334,SUBURBIO,COLISÃO,1,1,0,0,0,0,0,0,0,0,0,,,,,,,,,
2023-12-14 00:00:00,01:07:00,SEM VÍTIMA,IMBIRIBEIRA,AV MARECHAL MASCARENHAS DE MORAES,225,SUBURBIO,COLISÃO LATERAL,0,1,0,0,0,0,0,1,0,0,0,,,,,,,,,
2023-12-14 00:00:00,01:28:00,COM VÍTIMA,AFOGADOS,EST DOS REMEDIOS,,,ATROPELAMENTO DE PESSOA,1,0,0,0,1,0,0,0,0,1,0,,,,,,,,,
2023-12-14 00:00:00,06:42:00,COM VÍTIMA,BONGI,EST DO BONGI,,,COLISÃO LATERAL,0,1,0,0,0,0,0,0,0,1,0,,,,,,,,,
2023-12-14 00:00:00,06:56:00,COM VÍTIMA,SANTO AMARO,AV CRUZ CABUGA,,,COLISÃO LATERAL,1,1,0,0,0,0,0,0,0,1,0,,,,,,,,,
2023-12-14 00:00:00,07:00:00,COM VÍTIMA,BONGI,RUA ISAAC MARKMAN,,,COLISÃO LATERAL,0,1,0,0,0,0,0,0,0,1,0,,,,,,,,,
2023-12-14 00:00:00,08:09:00,COM VÍTIMA,IPUTINGA,AV CAXANGA,,,COLISÃO,1,1,0,0,0,0,0,0,0,1,0,,,,,,,,,
2023-12-14 00:00:00,08:24:00,COM VÍTIMA,PINA,RUA FRANCISCO VALPASSOS,,,COLISÃO,1,1,0,0,0,0,0,0,0,1,0,,,,,,,,,
2023-12-14 00:00:00,09:00:00,SEM VÍTIMA,BOA VIAGEM,AV BOA VIAGEM,,,COLISÃO,0,0,0,0,0,0,0,0,0,0,0,,,,,,,,,
2023-12-14 00:00:00,10:19:00,COM VÍTIMA,IPUTINGA,EST DO BARBALHO,,,COLISÃO LATERAL,0,1,0,0,0,0,0,0,0,1,0,,,,,,,,,
2023-12-14 00:00:00,11:29:00,COM VÍTIMA,JORDAO,TUNEL FELIPE CAMARAO,,,COLISÃO,0,1,0,0,0,0,0,0,0,1,0,,,,,,,,,
2023-12-14 00:00:00,02:06:00,COM VÍTIMA,AFOGADOS,RUA CINCO DE NOVEMBRO,,,COLISÃO LATERAL,1,1,0,0,0,0,0,0,0,1,0,,,,,,,,,
2023-12-14 00:00:00,02:09:00,COM VÍTIMA,AFOGADOS,RUA DA PAZ,,,COLISÃO LATERAL,1,1,0,0,0,0,0,0,0,1,0,,,,,,,,,
2023-12-14 00:00:00,04:17:00,COM VÍTIMA,BEBERIBE,AV BEBERIBE,,,COLISÃO,0,1,0,0,0,0,0,0,0,1,0,,,,,,,,,
2023-12-14 00:00:00,04:43:00,COM VÍTIMA,CORDEIRO,RUA ODETE MONTEIRO,589,,COLISÃO LATERAL,0,2,0,0,0,0,0,0,0,1,0,,,,,,,,,
2023-12-14 00:00:00,04:52:00,COM VÍTIMA,BAIRRO DO RECIFE,RUA DO APOLO,,SUBURBIO,COLISÃO LATERAL,1,1,0,0,0,0,0,0,0,1,0,,,,,,,,,
2023-12-14 00:00:00,06:21:00,COM VÍTIMA,IMBIRIBEIRA,AV MARECHAL MASCARENHAS DE MORAES,287,,COLISÃO LATERAL,0,1,0,0,0,0,0,0,0,1,0,,,,,,,,,
2023-12-14 00:00:00,06:49:00,COM VÍTIMA,SANTO AMARO,AV GOVERNADOR AGAMENON MAGALHAES,,,COLISÃO,0,1,0,0,0,0,0,0,0,1,0,,,,,,,,,
2023-12-15 00:00:00,07:24:00,COM VÍTIMA,ARRUDA,RUA DAS MOCAS,,,COLISÃO LATERAL,0,1,0,0,0,0,0,0,0,1,0,,,,,,,,,
2023-12-15 00:00:00,08:00:00,SEM VÍTIMA,ROSARINHO,AV NORTE MIGUEL ARRAES DE ALENCAR,,CIDADE,COLISÃO TRASEIRA,2,0,0,0,0,0,0,1,0,0,0,,,,,,,,,
2023-12-15 00:00:00,08:03:00,COM VÍTIMA,JIQUIA,AV DR JOSE RUFINO,,,COLISÃO LATERAL,1,1,0,0,0,0,0,0,0,1,0,,,,,,,,,
2023-12-15 00:00:00,08:08:00,COM VÍTIMA,DERBY,AV GOVERNADOR AGAMENON MAGALHAES,,,COLISÃO,0,1,0,0,0,0,0,0,0,1,0,,,,,,,,,
2023-12-15 00:00:00,09:19:00,SEM VÍTIMA,AFOGADOS,RUA SAO MIGUEL,,,COLISÃO,0,0,0,0,0,0,0,0,0,0,0,,,,,,,,,
2023-12-15 00:00:00,10:26:00,COM VÍTIMA,MADALENA,RUA JOSE OSORIO,,,COLISÃO,0,1,0,0,0,0,0,0,0,1,0,,,,,,,,,
2023-12-15 00:00:00,10:59:00,COM VÍTIMA,JOANA BEZERRA,VIADUTO CAPITAO TEMUDO,,,COLISÃO LATERAL,0,1,0,0,0,0,0,0,0,1,0,,,,,,,,,
2023-12-15 00:00:00,11:49:00,COM VÍTIMA,JARDIM SAO PAULO,RUA LEANDRO BARRETO,,,COLISÃO FRONTAL,1,1,0,0,0,0,0,0,0,1,0,,,,,,,,,
2023-12-15 00:00:00,12:58:00,COM VÍTIMA,BOA VIAGEM,AV CONSELHEIRO AGUIAR,,,COLISÃO,0,1,0,0,0,0,0,0,0,1,0,,,,,,,,,
2023-12-15 00:00:00,02:26:00,COM VÍTIMA,BARRO,RUA AMADOR ARAUJO,,,COLISÃO FRONTAL,1,1,0,0,0,0,0,0,0,1,0,,,,,,,,,
2023-12-15 00:00:00,02:41:00,COM VÍTIMA,IPSEP,RUA SAO NICOLAU,,,COLISÃO,0,1,0,0,0,0,0,0,0,1,0,,,,,,,,,
2023-12-15 00:00:00,03:07:00,COM VÍTIMA,IMBIRIBEIRA,AV MARECHAL MASCARENHAS DE MORAES,,,COLISÃO,0,1,0,0,0,0,0,0,0,1,0,,,,,,,,,
2023-12-15 00:00:00,04:57:00,COM VÍTIMA,JORDAO,TUNEL FELIPE CAMARAO,,,QUEDA,0,1,0,0,0,0,0,0,0,1,0,,,,,,,,,
2023-12-15 00:00:00,05:52:00,SEM VÍTIMA,SAO JOSE,PRC DAS CINCO PONTAS,,SUBURBIO,COLISÃO LATERAL,1,0,0,0,0,0,1,0,0,0,0,,,,,,,,,
2023-12-15 00:00:00,06:30:00,SEM VÍTIMA,SAO JOSE,PRC DAS CINCO PONTAS,,,COLISÃO TRASEIRA,1,0,0,0,0,0,0,1,0,0,0,,,,,,,,,
2023-12-16 00:00:00,07:16:00,COM VÍTIMA,PINA,AV HERCULANO BANDEIRA,,,COLISÃO TRASEIRA,1,1,0,0,0,0,0,0,0,1,0,,,,,,,,,
2023-12-16 00:00:00,08:46:00,COM VÍTIMA,IMBIRIBEIRA,AV MARECHAL MASCARENHAS DE MORAES,,,COLISÃO,0,1,0,0,0,0,0,0,0,1,0,,,,,,,,,
2023-12-16 00:00:00,11:01:00,COM VÍTIMA,BOA VIAGEM,RUA PADRE CARAPUCEIRO,,,COLISÃO TRASEIRA,1,1,0,0,0,0,0,0,0,1,0,,,,,,,,,
2023-12-16 00:00:00,11:01:00,COM VÍTIMA,BOMBA DO HEMETERIO,RUA CHA DE ALEGRIA,,,COLISÃO,0,1,0,0,0,0,0,0,0,1,0,,,,,,,,,
2023-12-16 00:00:00,12:59:00,COM VÍTIMA,BOA VIAGEM,RUA PADRE CARAPUCEIRO,,,COLISÃO TRASEIRA,1,1,0,0,0,0,0,0,0,1,0,,,,,,,,,
2023-12-16 00:00:00,12:10:00,COM VÍTIMA,,AV SUL,,,COLISÃO,0,1,0,0,0,0,0,0,0,1,0,,,,,,,,,
2023-12-16 00:00:00,12:15:00,COM VÍTIMA,BOA VIAGEM,RUA PADRE CARAPUCEIRO,,,COLISÃO,0,1,0,0,0,0,0,0,0,1,0,,,,,,,,,
2023-12-16 00:00:00,12:19:00,COM VÍTIMA,BOA VISTA,PTE PRINCESA IZABEL,,,COLISÃO,0,1,0,0,0,0,0,0,0,1,0,,,,,,,,,
2023-12-16 00:00:00,02:30:00,COM VÍTIMA,IMBIRIBEIRA,AV MARECHAL MASCARENHAS DE MORAES,,,COLISÃO,0,1,0,0,0,0,0,0,0,1,0,,,,,,,,,
2023-12-16 00:00:00,02:57:00,COM VÍTIMA,DERBY,AV GOVERNADOR AGAMENON MAGALHAES,,,COLISÃO,1,1,0,0,0,0,0,0,0,1,0,,,,,,,,,
2023-12-16 00:00:00,05:02:00,COM VÍTIMA,IPSEP,AV RECIFE,,SUBURBIO,COLISÃO TRASEIRA,2,1,0,0,0,0,0,0,0,1,0,,,,,,,,,
2023-12-16 00:00:00,06:44:00,COM VÍTIMA,CASA AMARELA,AV NORTE MIGUEL ARRAES DE ALENCAR,,CIDADE,COLISÃO LATERAL,1,1,0,0,0,0,0,0,0,1,0,,,,,,,,,
2023-12-16 00:00:00,08:32:00,COM VÍTIMA,AGUA FRIA,RUA FLORESTOPOLIS,,,COLISÃO TRANSVERSAL,0,1,0,0,0,0,0,0,0,1,0,,,,,,,,,
2023-12-17 00:00:00,07:54:00,COM VÍTIMA,CAMPO GRANDE,EST DE BELEM,,,COLISÃO LATERAL,1,1,0,0,0,0,0,0,0,2,0,,,,,,,,,
2023-12-17 00:00:00,05:20:00,COM VÍTIMA,IPUTINGA,AV CAXANGA,,,COLISÃO FRONTAL,1,1,0,0,0,0,0,0,0,1,0,,,,,,,,,
2023-12-17 00:00:00,06:14:00,COM VÍTIMA,IBURA,RUA PAULISTA,,,COLISÃO,1,1,0,0,0,0,0,0,0,1,0,,,,,,,,,
2023-12-17 00:00:00,07:22:00,COM VÍTIMA,AFOGADOS,AV SUL,,,COLISÃO,0,1,0,0,0,0,0,0,0,2,0,,,,,,,,,
2023-12-17 00:00:00,08:12:00,COM VÍTIMA,TEJIPIO,RUA FALCAO DE LACERDA,,,COLISÃO,1,1,0,0,0,0,0,0,0,1,0,,,,,,,,,
2023-12-17 00:00:00,08:45:00,COM VÍTIMA,JORDAO,RUA DR ALVARO FERRAZ,,,COLISÃO,1,1,0,0,0,0,0,0,0,1,0,,,,,,,,,
2023-12-18 00:00:00,12:55:00,SEM VÍTIMA,TEJIPIO,RUA GUANABARA,,,CHOQUE,1,0,0,0,0,0,0,0,0,0,0,,,,,,,,,
2023-12-18 00:00:00,02:04:00,SEM VÍTIMA,IMBIRIBEIRA,AV MARECHAL MASCARENHAS DE MORAES,225,SUBURBIO,COLISÃO,1,0,0,0,0,0,1,0,0,0,0,,,,,,,,,
2023-12-18 00:00:00,07:13:00,COM VÍTIMA,TORRE,RUA JOSE BONIFACIO,,,COLISÃO,0,1,0,0,0,0,0,0,0,1,0,,,,,,,,,
2023-12-18 00:00:00,07:34:00,COM VÍTIMA,MACAXEIRA,AV NORTE MIGUEL ARRAES DE ALENCAR,,,COLISÃO LATERAL,0,1,0,0,0,0,0,0,0,1,0,,,,,,,,,
2023-12-18 00:00:00,08:02:00,COM VÍTIMA,SANTO AMARO,RUA BARROS BARRETO,,,COLISÃO LATERAL,1,1,0,0,0,0,0,0,0,1,0,,,,,,,,,
2023-12-18 00:00:00,08:13:00,COM VÍTIMA,BOA VIAGEM,AV ENGENHEIRO DOMINGOS FERREIRA,,,COLISÃO LATERAL,1,1,0,0,0,0,0,0,0,1,0,,,,,,,,,
2023-12-18 00:00:00,08:13:00,COM VÍTIMA,IPUTINGA,AV PROFESSOR JOAQUIM CAVALCANTI,,,COLISÃO,0,0,0,0,0,0,0,0,0,1,0,,,,,,,,,
2023-12-18 00:00:00,09:47:00,COM VÍTIMA,MADALENA,AV ENGENHEIRO ABDIAS DE CARVALHO,,,COLISÃO,0,1,0,0,0,1,0,0,0,1,0,,,,,,,,,
2023-12-18 00:00:00,11:10:00,COM VÍTIMA,CORDEIRO,RUA PROFESSOR JOAQUIM XAVIER DE BRITO,,,COLISÃO LATERAL,0,1,0,0,0,0,0,0,0,1,0,,,,,,,,,
2023-12-18 00:00:00,11:27:00,VÍTIMA FATAL,CAXANGA,AV CAXANGA,,,COLISÃO,0,2,0,0,0,0,0,0,0,1,1,,,,,,,,,
2023-12-18 00:00:00,11:28:00,COM VÍTIMA,TAMARINEIRA,RUA CONEGO BARATA,,,COLISÃO,0,1,0,0,0,0,0,0,0,1,0,,,,,,,,,
2023-12-18 00:00:00,12:35:00,COM VÍTIMA,GRACAS,AV GOVERNADOR AGAMENON MAGALHAES,,,,0,2,0,0,0,0,0,0,0,1,0,,,,,,,,,
2023-12-18 00:00:00,01:25:00,SEM VÍTIMA,ESPINHEIRO,RUA DO ESPINHEIRO,,,COLISÃO,0,0,0,0,0,0,0,0,0,0,0,,,,,,,,,
2023-12-18 00:00:00,05:06:00,COM VÍTIMA,MADALENA,AV ENGENHEIRO ABDIAS DE CARVALHO,52,,COLISÃO LATERAL,1,1,0,0,0,0,0,0,0,2,0,,,,,,,,,
2023-12-18 00:00:00,05:07:00,COM VÍTIMA,CAXANGA,RUA FRANCISCO TORRES,,,COLISÃO FRONTAL,0,2,0,0,0,0,0,0,0,2,0,,,,,,,,,
2023-12-18 00:00:00,09:36:00,COM VÍTIMA,JORDAO,AV MARIA IRENE,,,COLISÃO FRONTAL,2,0,0,0,0,0,0,0,0,1,0,,,,,,,,,
2023-12-19 00:00:00,01:55:00,COM VÍTIMA,DERBY,AV GOVERNADOR AGAMENON MAGALHAES,,,COLISÃO LATERAL,1,1,0,0,0,0,0,0,0,2,0,,,,,,,,,
2023-12-19 00:00:00,05:20:00,COM VÍTIMA,PAISSANDU,RUA FRANCISCO ALVES,,,COLISÃO LATERAL,1,1,0,0,0,0,0,0,0,1,0,,,,,,,,,
2023-12-19 00:00:00,06:39:00,COM VÍTIMA,IPSEP,AV RECIFE,,,ATROPELAMENTO DE PESSOA,0,1,0,0,1,0,0,0,0,3,0,,,,,,,,,
2023-12-19 00:00:00,07:28:00,COM VÍTIMA,JORDAO,AV MARIA IRENE,,,COLISÃO LATERAL,1,1,0,0,0,0,0,0,0,1,0,,,,,,,,,
2023-12-19 00:00:00,10:34:00,COM VÍTIMA,GRACAS,RUA DA HORA,,,COLISÃO,0,0,0,0,0,0,0,0,0,1,0,,,,,,,,,
2023-12-19 00:00:00,11:14:00,COM VÍTIMA,PRADO,AV ENGENHEIRO ABDIAS DE CARVALHO,,,COLISÃO TRASEIRA,2,1,0,0,0,0,0,0,0,1,0,,,,,,,,,
2023-12-19 00:00:00,11:35:00,COM VÍTIMA,IPSEP,AV RECIFE,,,COLISÃO LATERAL,1,1,0,0,1,0,0,0,0,1,0,,,,,,,,,
2023-12-19 00:00:00,01:20:00,COM VÍTIMA,CASA FORTE,AV DEZESSETE DE AGOSTO,,,COLISÃO LATERAL,1,1,0,0,0,0,0,0,0,1,0,,,,,,,,,
2023-12-19 00:00:00,04:56:00,SEM VÍTIMA,GRACAS,AV CONS ROSA E SILVA,,SUBURBIO,COLISÃO LATERAL,1,0,0,0,0,0,1,0,0,0,0,,,,,,,,,
2023-12-19 00:00:00,06:03:00,COM VÍTIMA,SAN MARTIN,AV GENERAL SAN MARTIN,,,ATROPELAMENTO DE PESSOA,1,0,0,0,1,0,0,0,0,1,0,,,,,,,,,
2023-12-19 00:00:00,06:49:00,SEM VÍTIMA,ILHA DO RETIRO,AV BEIRA RIO,,,CHOQUE,1,0,0,0,0,0,0,0,0,0,0,,,,,,,,,
2023-12-19 00:00:00,07:47:00,COM VÍTIMA,SANTO AMARO,AV CRUZ CABUGA,,,COLISÃO,1,1,0,0,0,0,0,0,0,1,0,,,,,,,,,
2023-12-19 00:00:00,07:56:00,COM VÍTIMA,IBURA,AV DOIS RIOS,,,COLISÃO,1,1,0,0,0,0,0,0,0,1,0,,,,,,,,,
2023-12-20 00:00:00,06:51:00,COM VÍTIMA,AFOGADOS,AV SUL,,,COLISÃO COM CICLISTA,0,1,0,1,0,0,0,0,0,3,0,,,,,,,,,
2023-12-20 00:00:00,08:28:00,COM VÍTIMA,VASCO DA GAMA,RUA VASCO DA GAMA,,,COLISÃO FRONTAL,1,1,0,0,0,0,0,0,0,1,0,,,,,,,,,
2023-12-20 00:00:00,11:39:00,SEM VÍTIMA,VARZEA,RUA MARIO CAMPELO,,,COLISÃO TRASEIRA,0,0,0,0,0,0,0,0,0,0,0,,,,,,,,,
2023-12-20 00:00:00,12:02:00,COM VÍTIMA,AFOGADOS,EST DOS REMEDIOS,,,COLISÃO LATERAL,1,1,0,0,0,0,0,0,0,1,0,,,,,,,,,
2023-12-20 00:00:00,04:06:00,COM VÍTIMA,BOA VIAGEM,AV BOA VIAGEM,,,COLISÃO TRASEIRA,1,1,0,0,0,0,0,0,0,1,0,,,,,,,,,
2023-12-20 00:00:00,04:10:00,COM VÍTIMA,ESPINHEIRO,AV CONS ROSA E SILVA,,,COLISÃO LATERAL,2,0,0,0,0,0,0,0,0,1,0,,,,,,,,,
2023-12-20 00:00:00,04:32:00,SEM VÍTIMA,AFLITOS,AV CONS ROSA E SILVA,,,COLISÃO,0,0,0,0,0,0,0,0,0,0,0,,,,,,,,,
2023-12-20 00:00:00,05:17:00,COM VÍTIMA,ESTANCIA,AV RECIFE,,,COLISÃO TRASEIRA,3,0,0,0,0,0,0,0,0,1,0,,,,,,,,,
2023-12-20 00:00:00,05:45:00,COM VÍTIMA,VARZEA,AV AFONSO OLINDENSE,,,COLISÃO LATERAL,1,1,0,0,0,0,0,0,0,1,0,,,,,,,,,
2023-12-20 00:00:00,09:33:00,SEM VÍTIMA,BOA VIAGEM,RUA RIBEIRO DE BRITO,,,COLISÃO,0,0,0,0,0,0,0,0,0,0,0,,,,,,,,,
2023-12-21 00:00:00,07:21:00,COM VÍTIMA,AFOGADOS,RUA CINCO DE NOVEMBRO,,,COLISÃO LATERAL,1,1,0,0,0,0,0,0,0,1,0,,,,,,,,,
2023-12-21 00:00:00,08:01:00,COM VÍTIMA,MADALENA,AV CAXANGA,,,COLISÃO LATERAL,0,1,0,0,0,0,0,0,0,1,0,,,,,,,,,
2023-12-21 00:00:00,08:43:00,SEM VÍTIMA,MADALENA,AV CAXANGA,,,COLISÃO,0,0,0,0,0,0,0,0,0,0,0,,,,,,,,,
2023-12-21 00:00:00,09:40:00,COM VÍTIMA,ILHA DO RETIRO,AV ENGENHEIRO ABDIAS DE CARVALHO,,,COLISÃO,1,1,0,0,0,1,0,0,0,1,0,,,,,,,,,
2023-12-21 00:00:00,10:47:00,COM VÍTIMA,IPSEP,AV RECIFE,,,COLISÃO,1,1,0,0,0,0,0,0,0,1,0,,,,,,,,,
2023-12-21 00:00:00,10:52:00,COM VÍTIMA,IPSEP,AV RECIFE,,,COLISÃO LATERAL,1,1,0,0,0,0,0,0,0,2,0,,,,,,,,,
2023-12-21 00:00:00,01:26:00,COM VÍTIMA,CAMPINA DO BARRETO,RUA DAS MOCAS,,,COLISÃO LATERAL,1,1,0,0,0,0,0,0,0,2,0,,,,,,,,,
2023-12-21 00:00:00,02:16:00,COM VÍTIMA,IPSEP,RUA DR RAPOSO PINTO,,,COLISÃO FRONTAL,1,1,0,0,0,0,0,0,0,1,0,,,,,,,,,
2023-12-21 00:00:00,09:11:00,COM VÍTIMA,AFLITOS,RUA DO FUTURO,,,COLISÃO COM CICLISTA,1,0,0,1,0,0,0,0,0,1,0,,,,,,,,,
2023-12-22 00:00:00,01:45:00,COM VÍTIMA,MADALENA,RUA JOSE OSORIO,,,COLISÃO TRANSVERSAL,1,1,0,0,0,0,0,0,0,2,0,,,,,,,,,
2023-12-22 00:00:00,07:06:00,COM VÍTIMA,ESTANCIA,AV RECIFE,,,COLISÃO,0,1,0,0,0,0,0,0,0,1,0,,,,,,,,,
2023-12-22 00:00:00,08:33:00,COM VÍTIMA,CASA FORTE,AV DEZESSETE DE AGOSTO,,,COLISÃO LATERAL,0,1,0,0,0,0,0,0,0,1,0,,,,,,,,,
2023-12-22 00:00:00,09:44:00,SEM VÍTIMA,SANTO AMARO,AV GOVERNADOR AGAMENON MAGALHAES,,CIDADE,COLISÃO,1,0,0,0,0,0,0,1,0,0,0,,,,,,,,,
2023-12-22 00:00:00,09:45:00,SEM VÍTIMA,MADALENA,AV ENGENHEIRO ABDIAS DE CARVALHO,132,CIDADE,COLISÃO TRASEIRA,2,0,0,0,0,0,0,0,0,0,0,,,,,,,,,
2023-12-22 00:00:00,10:08:00,COM VÍTIMA,BOA VIAGEM,RUA BRUNO VELOSO,,,COLISÃO,0,1,0,0,0,0,0,0,0,1,0,,,,,,,,,
2023-12-22 00:00:00,11:14:00,COM VÍTIMA,SANTO AMARO,AV CRUZ CABUGA,,,COLISÃO LATERAL,0,1,0,0,0,0,0,0,0,1,0,,,,,,,,,
2023-12-22 00:00:00,01:14:00,COM VÍTIMA,SANTO ANTONIO,AV DANTAS BARRETO,,,ATROPELAMENTO DE PESSOA,1,0,0,0,1,0,0,0,0,1,0,,,,,,,,,
2023-12-22 00:00:00,01:50:00,COM VÍTIMA,CASA AMARELA,RUA JOCA LEAL,,,COLISÃO,0,1,0,0,0,0,0,0,0,1,0,,,,,,,,,
2023-12-22 00:00:00,02:05:00,COM VÍTIMA,SAN MARTIN,RUA VINTE E UM DE ABRIL,,,COLISÃO,0,1,0,0,0,0,0,0,0,1,0,,,,,,,,,
2023-12-22 00:00:00,03:25:00,COM VÍTIMA,SANCHO,AV TEMPO FELIZ,,,COLISÃO,0,1,0,0,0,0,0,0,0,1,0,,,,,,,,,
2023-12-22 00:00:00,03:44:00,COM VÍTIMA,BAIRRO DO RECIFE,AV MILITAR,,,COLISÃO LATERAL,1,1,0,0,0,0,0,0,0,1,0,,,,,,,,,
2023-12-22 00:00:00,05:45:00,COM VÍTIMA,IMBIRIBEIRA,AV MARECHAL MASCARENHAS DE MORAES,,,COLISÃO LATERAL,1,1,0,0,0,0,0,0,0,1,0,,,,,,,,,
2023-12-22 00:00:00,06:02:00,COM VÍTIMA,DOIS UNIDOS,RUA PEREIRA BARRETO,,,COLISÃO,0,1,0,0,0,0,0,0,0,1,0,,,,,,,,,
2023-12-22 00:00:00,09:39:00,COM VÍTIMA,BOA VISTA,AV MANOEL BORBA,,,COLISÃO,0,1,0,0,0,0,0,0,0,1,0,,,,,,,,,
2023-12-22 00:00:00,11:48:00,COM VÍTIMA,CAMPO GRANDE,EST DE BELEM,,,CHOQUE,0,0,0,0,0,1,0,0,0,4,0,,,,,,,,,
2023-12-23 00:00:00,08:03:00,COM VÍTIMA,AGUA FRIA,AV BEBERIBE,,,COLISÃO FRONTAL,1,1,0,0,0,0,0,0,0,1,0,,,,,,,,,
2023-12-23 00:00:00,08:14:00,COM VÍTIMA,CORDEIRO,AV CAXANGA,,,COLISÃO,0,1,0,0,0,0,0,0,0,1,0,,,,,,,,,
2023-12-23 00:00:00,11:29:00,COM VÍTIMA,GRACAS,AV DR JAYME DA FONTE,,,COLISÃO FRONTAL,3,0,0,0,0,0,0,0,0,1,0,,,,,,,,,
2023-12-23 00:00:00,12:30:00,COM VÍTIMA,ARRUDA,AV PROFESSOR JOSE DOS ANJOS,,,COLISÃO COM CICLISTA,1,0,0,1,0,0,1,0,0,1,0,,,,,,,,,
2023-12-23 00:00:00,07:05:00,COM VÍTIMA,TORRE,RUA DOM MANOEL DA COSTA,,,COLISÃO TRANSVERSAL,0,2,0,0,0,0,0,0,0,2,0,,,,,,,,,
2023-12-24 00:00:00,05:19:00,SEM VÍTIMA,SANTO AMARO,RUA CAPITAO LIMA,,,COLISÃO,2,0,0,0,0,0,0,0,0,0,0,,,,,,,,,
2023-12-24 00:00:00,09:14:00,COM VÍTIMA,SANTO AMARO,PRC GENERAL ABREU E LIMA,,,COLISÃO LATERAL,0,1,0,0,0,0,0,0,0,1,0,,,,,,,,,
2023-12-24 00:00:00,10:03:00,COM VÍTIMA,BEBERIBE,RUA COMPOSITOR VINICIUS DE MORAIS,,,CHOQUE,0,0,0,0,0,0,0,0,0,3,0,,,,,,,,,
2023-12-24 00:00:00,10:38:00,COM VÍTIMA,TORRE,RUA PROFESSOR TRAJANO DE MENDONCA,,,COLISÃO LATERAL,0,1,0,0,0,0,0,0,0,1,0,,,,,,,,,
2023-12-24 00:00:00,11:29:00,COM VÍTIMA,ILHA DO RETIRO,RUA PROFESSOR BENEDITO MONTEIRO,,,COLISÃO FRONTAL,1,1,0,0,0,0,0,0,0,1,0,,,,,,,,,
2023-12-24 00:00:00,12:52:00,COM VÍTIMA,SANTO AMARO,AV NORTE MIGUEL ARRAES DE ALENCAR,,,CHOQUE,0,1,0,0,0,0,0,0,0,1,0,,,,,,,,,
2023-12-24 00:00:00,09:01:00,SEM VÍTIMA,PINA,AV ENCANTA MOCA,,SUBURBIO,COLISÃO LATERAL,1,1,0,0,0,0,0,0,0,0,0,,,,,,,,,
2023-12-25 00:00:00,01:25:00,SEM VÍTIMA,BARRO,RUA AMADOR ARAUJO,,,COLISÃO LATERAL,2,0,0,0,0,0,0,0,0,0,0,,,,,,,,,
2023-12-25 00:00:00,02:23:00,COM VÍTIMA,AFOGADOS,RUA SAO MIGUEL,,,COLISÃO LATERAL,1,1,0,0,0,0,0,0,0,1,0,,,,,,,,,
2023-12-25 00:00:00,03:15:00,SEM VÍTIMA,IBURA,RUA EXP FRANCISCO VITORIANO,,,CHOQUE,1,0,0,0,0,0,0,0,0,0,0,,,,,,,,,
2023-12-25 00:00:00,04:51:00,COM VÍTIMA,ARRUDA,RUA PETRONILA BOTELHO,,,COLISÃO LATERAL,1,1,0,0,0,0,0,0,0,1,0,,,,,,,,,
2023-12-25 00:00:00,06:39:00,SEM VÍTIMA,TORRE,RUA CONDE DE IRAJA,,,COLISÃO LATERAL,1,0,0,0,0,0,0,1,0,0,0,,,,,,,,,
2023-12-25 00:00:00,07:41:00,COM VÍTIMA,JORDAO,AV DONA CARENTINA,,,COLISÃO LATERAL,0,1,0,0,0,0,0,0,0,1,0,,,,,,,,,
2023-12-25 00:00:00,09:19:00,SEM VÍTIMA,TORROES,RUA WASHINGTON DUARTE ESPINDOLA,,,COLISÃO,1,0,0,0,0,0,0,0,0,0,0,,,,,,,,,
2023-12-25 00:00:00,10:07:00,COM VÍTIMA,CAXANGA,AV CAXANGA,,,COLISÃO LATERAL,1,0,0,0,0,0,0,0,0,1,0,,,,,,,,,
2023-12-25 00:00:00,12:23:00,SEM VÍTIMA,DERBY,PRC DO DERBY,75,CIDADE,COLISÃO,2,0,0,0,0,0,0,0,0,0,0,,,,,,,,,
2023-12-25 00:00:00,03:20:00,COM VÍTIMA,VARZEA,AV PREFEITO ANTONIO PEREIRA,,,COLISÃO LATERAL,0,1,0,0,0,1,0,0,0,2,0,,,,,,,,,
2023-12-25 00:00:00,03:37:00,COM VÍTIMA,IMBIRIBEIRA,AV MARECHAL MASCARENHAS DE MORAES,,,COLISÃO TRASEIRA,0,2,0,0,0,0,0,0,0,1,0,,,,,,,,,
2023-12-25 00:00:00,03:54:00,SEM VÍTIMA,ILHA JOANA BEZERRA,VIADUTO CAPITAO TEMUDO,,,COLISÃO,0,0,0,0,0,0,0,0,0,0,0,,,,,,,,,
2023-12-25 00:00:00,04:57:00,COM VÍTIMA,PRADO,AV ENGENHEIRO ABDIAS DE CARVALHO,,,ATROPELAMENTO DE ANIMAL,0,1,0,0,0,0,0,0,0,1,0,,,,,,,,,
2023-12-25 00:00:00,07:09:00,COM VÍTIMA,SANTO AMARO,RUA TREZE DE MAIO,,,CHOQUE,1,0,0,0,0,0,0,0,0,1,0,,,,,,,,,
2023-12-25 00:00:00,09:46:00,COM VÍTIMA,APIPUCOS,RUA DE APIPUCOS,,,ATROPELAMENTO DE PESSOA,0,0,0,0,1,0,0,0,0,1,0,,,,,,,,,
2023-12-25 00:00:00,10:33:00,COM VÍTIMA,BOA VIAGEM,RUA DEZ DE JULHO,573,,COLISÃO,1,1,0,0,0,0,0,0,0,1,0,,,,,,,,,
2023-12-26 00:00:00,07:14:00,COM VÍTIMA,TORRE,RUA JOSE BONIFACIO,,,QUEDA,0,1,0,0,0,0,0,0,0,1,0,,,,,,,,,
2023-12-26 00:00:00,08:23:00,COM VÍTIMA,JAQUEIRA,RUA DOMINGOS BASTOS,,,COLISÃO TRASEIRA,1,1,0,0,0,0,0,0,0,1,0,,,,,,,,,
2023-12-26 00:00:00,11:04:00,COM VÍTIMA,SITIO DOS PINTOS,AV LUIZ ANTONIO DE ARAUJO,,,COLISÃO,1,1,0,0,0,0,0,0,0,1,0,,,,,,,,,
2023-12-26 00:00:00,11:36:00,COM VÍTIMA,IMBIRIBEIRA,AV MARECHAL MASCARENHAS DE MORAES,,,COLISÃO TRASEIRA,0,1,0,0,0,0,0,1,0,1,0,,,,,,,,,
2023-12-26 00:00:00,11:51:00,COM VÍTIMA,AGUA FRIA,EST VELHA DE AGUA FRIA,,,COLISÃO LATERAL,0,1,0,0,0,0,0,0,0,1,0,,,,,,,,,
2023-12-26 00:00:00,12:56:00,COM VÍTIMA,TAMARINEIRA,AV NORTE MIGUEL ARRAES DE ALENCAR,,CIDADE,COLISÃO LATERAL,0,1,0,0,0,0,0,0,0,2,0,,,,,,,,,
2023-12-26 00:00:00,03:00:00,COM VÍTIMA,IBURA,RUA VISCONDE DE AZUARA,,,COLISÃO,0,1,0,0,0,0,0,0,0,1,0,,,,,,,,,
2023-12-26 00:00:00,04:24:00,SEM VÍTIMA,GRACAS,RUA DAS CREOULAS,,,COLISÃO,1,1,0,0,0,0,0,0,0,0,0,,,,,,,,,
2023-12-26 00:00:00,04:30:00,COM VÍTIMA,BOA VIAGEM,RUA BARAO DE SOUZA LEAO,,,COLISÃO FRONTAL,0,2,0,0,0,0,0,0,0,2,0,,,,,,,,,
2023-12-26 00:00:00,05:29:00,COM VÍTIMA,AGUA FRIA,AV HILDEBRANDO DE VASCONCELOS,,,COLISÃO LATERAL,0,2,0,0,0,0,0,0,0,2,0,,,,,,,,,
2023-12-26 00:00:00,06:23:00,COM VÍTIMA,SANTO AMARO,AV CRUZ CABUGA,,,COLISÃO,0,1,0,0,0,0,0,0,0,1,0,,,,,,,,,
2023-12-26 00:00:00,07:09:00,COM VÍTIMA,VARZEA,RUA EXP ANTONIO ROMANO,,,,0,1,0,0,0,0,0,0,0,1,0,,,,,,,,,