data,hora,natureza,bairro,endereco,num_semaforo,sentido_via,tipo,auto,moto,ciclom,ciclista,pedestre,onibus,caminhao,viatura,outros,vitimas,vitimasfatais,acidente_verificado,tempo_clima,sinalizacao,condicao_via,conservacao_via,situacao_placa,velocidade_max_via,mao_direcao,divisao_via1
2022-01-27 00:00:00,,COM VÍTIMA,SANTO AMARO,AV DR JAYME DA FONTE,49,CIDADE,COLISÃO COM CICLISTA,1,0,0,1,0,0,0,0,0,1,0,Cruzamento,Chuvoso,Perfeito estado,Seca,Perfeito estado,Não há placas,60 km/h,Dupla,Canteiro central
2022-01-27 00:00:00,,SEM VÍTIMA,APIPUCOS,AV DEZESSETE DE AGOSTO,,,COLISÃO TRASEIRA,3,0,0,0,0,0,0,0,0,0,0,Longo da via,Bom,Perfeito estado,Seca,Perfeito estado,,60KM/H,Dupla,Faixa contínua
2022-01-28 00:00:00,,COM VÍTIMA,CAMPO GRANDE,RUA JERONIMO VILELA,,SUBURBIO,COLISÃO TRANSVERSAL,1,1,0,0,0,0,0,0,0,1,0,Longo da via,Bom,Ilegível,Seca,Mal iluminada,Não há placas,,Dupla,Faixa seccionada
2022-01-28 00:00:00,,COM VÍTIMA,IBURA,AV DOIS RIOS,,,TOMBAMENTO,0,0,0,0,0,0,0,0,0,1,0,,,,,,,,,
2022-01-28 00:00:00,,SEM VÍTIMA,SÍTIO DOS PINTOS,RUA DO SITIO SAO BRAZ,,CIDADE,CHOQUE,1,0,0,0,0,0,1,0,0,0,0,Longo da via,Bom,Perfeito estado,Seca,Perfeito estado,Não há placas,30 km/h,Dupla,Não existe
2022-01-28 00:00:00,,SEM VÍTIMA,GRAÇAS,RUA DAS GRACAS,,,COLISÃO TRASEIRA,2,0,0,0,0,0,0,0,0,0,0,,,,,,,,,
2022-01-28 00:00:00,,SEM VÍTIMA,PINA,AVENIDA CELSO FURTADO (VIA MANGUE),,,CHOQUE,0,0,0,0,0,0,0,0,0,0,0,,,,,,,,,
2022-01-29 00:00:00,,SEM VÍTIMA,SANTO AMARO,AV GOVERNADOR AGAMENON MAGALHAES,,SUBURBIO,COLISÃO LATERAL,2,0,0,0,0,0,0,0,0,0,0,,,,,,,,,
2022-01-29 00:00:00,,SEM VÍTIMA,IMBIRIBEIRA,AV GENERAL MAC ARTHUR,,,CHOQUE,1,0,0,0,0,0,0,0,0,0,0,Longo da via,Chuvoso,Perfeito estado,Seca,Perfeito estado,R-6a,,Única,Faixa seccionada
2022-01-29 00:00:00,,COM VÍTIMA,PRADO,AV ENGENHEIRO ABDIAS DE CARVALHO,354,CIDADE,COLISÃO TRASEIRA,3,0,0,0,0,0,0,0,0,1,0,Longo da via,Nublado,Perfeito estado,Seca,Perfeito estado,Outras,40 km/h,Dupla,Canteiro central
2022-01-29 00:00:00,,COM VÍTIMA,CAXANGÁ,AV CAXANGA,,,CHOQUE,0,1,0,0,0,0,0,0,0,1,0,,,,,,,,,
2022-01-29 00:00:00,,COM VÍTIMA,VÁRZEA,RUA RIBEIRO PESSOA,281,CIDADE,COLISÃO LATERAL,1,1,0,0,0,0,0,0,0,1,0,Longo da via,Nublado,Perfeito estado,Seca,Perfeito estado,Não há placas,,Dupla,Faixa seccionada
2022-01-30 00:00:00,,COM VÍTIMA,CORDEIRO,AV CAXANGA,236,SUBURBIO,COLISÃO LATERAL,0,1,0,0,0,1,0,0,0,2,0,Cruzamento,Bom,Perfeito estado,Seca,Perfeito estado,R-25d,60 km/h,Dupla,Faixa contínua
2022-01-30 00:00:00,,COM VÍTIMA,PORTO DA MADEIRA,AV BEBERIBE,3677,,COLISÃO TRANSVERSAL,1,1,0,0,0,0,0,0,0,2,0,Cruzamento,Bom,Perfeito estado,Seca,Perfeito estado,Outras,,Dupla,Não existe
2022-01-30 00:00:00,,COM VÍTIMA,BOMBA DO HEMETÉRIO,RUA CHA DE ALEGRIA,,SUBURBIO,CHOQUE,1,0,0,0,0,0,0,0,0,2,0,Longo da via,Bom,Perfeito estado,Seca,Mal conservada,Outras,30 km/h,Dupla,Não existe
2022-01-30 00:00:00,,SEM VÍTIMA,PARNAMIRIM,EST DO ENCANAMENTO,,,COLISÃO TRASEIRA,2,0,0,0,0,0,0,0,0,0,0,,,,,,,,,
2022-01-30 00:00:00,,COM VÍTIMA,CAMPO GRANDE,EST DE BELEM,,,ATROPELAMENTO DE ANIMAL,0,0,0,0,0,0,0,0,0,1,0,,,,,,,,,
2022-01-30 00:00:00,,SEM VÍTIMA,MADALENA,RUA DOM JOAO DE SOUZA,,,CHOQUE,0,0,0,0,0,0,0,0,0,0,0,,,,,,,,,
2022-01-30 00:00:00,,COM VÍTIMA,CASA AMARELA,RUA OSCAR DE BARROS,,,COLISÃO TRANSVERSAL,1,1,0,0,0,0,0,0,0,1,0,Cruzamento,Bom,Perfeito estado,Seca,Perfeito estado,R-6a,,Dupla,Não existe
2022-01-30 00:00:00,,SEM VÍTIMA,BOMBA DO HEMETÉRIO,RUA PROFESSOR JOSE AMARINO DOS REIS,,,COLISÃO TRASEIRA,0,0,0,0,0,0,0,0,0,0,0,,,,,,,,,
2022-01-31 00:00:00,,COM VÍTIMA,JOANA BEZERRA,AV GOVERNADOR AGAMENON MAGALHAES,,SUBURBIO,COLISÃO TRANSVERSAL,1,1,0,0,0,0,0,0,0,1,0,Viaduto,Bom,Perfeito estado,Seca,Perfeito estado,Não há placas,,Única,Faixa seccionada
2022-01-31 00:00:00,,VÍTIMA FATAL,CABANGA,VIADUTO CAPITAO TEMUDO,,SUBURBIO,COLISÃO LATERAL,1,1,0,0,0,0,0,0,0,0,1,Viaduto,Bom,Perfeito estado,Seca,Perfeito estado,Não há placas,60 km/h,Dupla,Canteiro central
2022-01-31 00:00:00,,SEM VÍTIMA,APIPUCOS,AV DEZESSETE DE AGOSTO,,,COLISÃO LATERAL,0,0,0,0,0,0,0,0,0,0,0,Longo da via,Bom,Perfeito estado,Seca,Perfeito estado,Outras,,Dupla,Faixa contínua
2022-01-31 00:00:00,,SEM VÍTIMA,SANTO AMARO,RUA PRINCESA IZABEL,,,COLISÃO LATERAL,2,0,0,0,0,0,0,0,0,0,0,,,,,,,,,
2022-01-31 00:00:00,,COM VÍTIMA,BOA VISTA,AV CONDE DA BOA VISTA,,,COLISÃO FRONTAL,1,0,0,0,0,1,0,0,0,1,0,,,,,,,,,
2022-01-31 00:00:00,,COM VÍTIMA,AFOGADOS,AV SUL,,CIDADE,COLISÃO LATERAL,1,1,0,0,0,0,0,0,0,1,0,Longo da via,Bom,Perfeito estado,Seca,Perfeito estado,Não há placas,,Única,Faixa seccionada
2022-01-31 00:00:00,,COM VÍTIMA,ENCRUZILHADA,AV NORTE MIGUEL ARRAES DE ALENCAR,665,SUBURBIO,COLISÃO LATERAL,1,1,0,0,0,0,0,0,0,1,0,Longo da via,Bom,Perfeito estado,Seca,Perfeito estado,R-6a,,Dupla,Canteiro central
2022-01-31 00:00:00,,SEM VÍTIMA,IPUTINGA,RUA DR VIRGINIO MARQUES,,,CHOQUE,0,0,0,0,0,0,0,0,0,0,0,,,,,,,,,
2022-01-31 00:00:00,,SEM VÍTIMA,PINA,AV BOA VIAGEM,,CIDADE,COLISÃO TRASEIRA,2,0,0,0,0,0,0,0,0,0,0,,,,,,,,,
2022-02-01 00:00:00,,COM VÍTIMA,PARNAMIRIM,AV PARNAMIRIM,,,QUEDA,0,1,0,0,0,1,0,0,0,1,0,Longo da via,Bom,Perfeito estado,Seca,Perfeito estado,Outras,,Única,Faixa seccionada
2022-02-01 00:00:00,,COM VÍTIMA,IPSEP,RUA ITANAGE,,SUBURBIO,COLISÃO TRASEIRA,1,1,0,0,0,0,0,0,0,1,0,Longo da via,Bom,Perfeito estado,Seca,Perfeito estado,Não há placas,,Dupla,Não existe
2022-02-01 00:00:00,,COM VÍTIMA,CAXANGÁ,AV JOAQUIM RIBEIRO,,,COLISÃO FRONTAL,1,1,0,0,0,0,0,0,0,1,0,,,,,,,,,
2022-02-01 00:00:00,,COM VÍTIMA,SÃO JOSÉ,C SANTA RITA,571,CIDADE,ATROPELAMENTO DE PESSOA,0,0,0,0,1,1,0,0,0,1,0,Outros,Bom,Incompleta,Seca,Mal conservada,Não há placas,,Dupla,Outros
2022-02-01 00:00:00,,SEM VÍTIMA,JARDIM SÃO PAULO,AV SAO PAULO,,,COLISÃO FRONTAL,1,1,0,0,0,0,0,0,0,0,0,,,,,,,,,
2022-02-01 00:00:00,,COM VÍTIMA,VÁRZEA,RUA DIOGO DE VASCONCELOS,,CIDADE,COLISÃO TRASEIRA,5,0,0,0,0,1,0,0,0,1,0,Longo da via,Bom,Ilegível,Seca,Perfeito estado,Não há placas,,Dupla,Não existe
2022-02-02 00:00:00,,COM VÍTIMA,SANTO AMARO,AV GOVERNADOR AGAMENON MAGALHAES,,,COLISÃO TRANSVERSAL,1,1,0,0,0,0,0,0,0,1,0,Longo da via,Bom,Perfeito estado,Seca,Perfeito estado,Outras,,Dupla,Canteiro central
2022-02-02 00:00:00,,COM VÍTIMA,IMBIRIBEIRA,AV MARECHAL MASCARENHAS DE MORAES,,CIDADE,COLISÃO LATERAL,1,1,0,0,0,0,0,0,0,1,0,Longo da via,Bom,Perfeito estado,Seca,Perfeito estado,Não há placas,,Dupla,Canteiro central
2022-02-02 00:00:00,,COM VÍTIMA,PINA,AV ANTONIO DE GOES,538,,COLISÃO FRONTAL,1,1,0,0,0,0,0,0,0,1,0,Cruzamento,Bom,,Seca,Perfeito estado,R-19,60 km/h,Única,Faixa contínua
2022-02-02 00:00:00,,COM VÍTIMA,PARNAMIRIM,RUA JOAO TUDE DE MELO,649,CARREFOUR,COLISÃO LATERAL,1,1,0,0,0,0,0,0,1,1,0,Longo da via,Bom,Perfeito estado,Seca,Perfeito estado,Não há placas,,Única,Faixa contínua
2022-02-02 00:00:00,,COM VÍTIMA,IMBIRIBEIRA,AV MARECHAL MASCARENHAS DE MORAES,,CIDADE,COLISÃO LATERAL,1,1,0,0,0,0,0,0,0,1,0,Longo da via,Bom,Perfeito estado,Seca,Perfeito estado,Não há placas,,Única,Faixa seccionada
2022-02-02 00:00:00,,COM VÍTIMA,IMBIRIBEIRA,AV MARECHAL MASCARENHAS DE MORAES,,,COLISÃO LATERAL,1,1,0,0,0,0,0,0,0,1,0,,,,,,,,,
2022-02-02 00:00:00,,COM VÍTIMA,CAMPO GRANDE,RUA JERONIMO VILELA,565,CIDADE,COLISÃO LATERAL,1,1,0,0,0,0,0,0,0,1,0,Cruzamento,Bom,Perfeito estado,Seca,Perfeito estado,R-6a,,Dupla,Faixa contínua
2022-02-02 00:00:00,,COM VÍTIMA,JOANA BEZERRA,PTE JOSE DE BARROS LIMA,,SUBURBIO,COLISÃO TRANSVERSAL,1,1,0,0,0,0,0,0,0,1,0,Viaduto,Bom,Perfeito estado,Seca,Perfeito estado,Não há placas,60 km/h,,Faixa contínua
2022-02-02 00:00:00,,COM VÍTIMA,DOIS IRMÃOS,RUA PROF CLAUDIO SELVA,,SUBURBIO,QUEDA,0,1,0,0,0,0,0,0,0,1,0,Esquina,Bom,Perfeito estado,Seca,Perfeito estado,Outras,,Dupla,Não existe
2022-02-03 00:00:00,,COM VÍTIMA,DOIS UNIDOS,AV HILDEBRANDO DE VASCONCELOS,,SUBURBIO,COLISÃO TRANSVERSAL,1,1,0,0,0,0,0,0,0,2,0,Cruzamento,Bom,Perfeito estado,Seca,Perfeito estado,"Placas ""Pare""",,Dupla,Faixa seccionada
2022-02-03 00:00:00,,SEM VÍTIMA,BOA VIAGEM,RUA TENENTE JOAO CICERO,,SUBURBIO,CHOQUE,1,0,0,0,0,0,0,0,0,0,0,Cruzamento,Bom,Perfeito estado,Seca,Perfeito estado,Outras,,Única,Não existe
2022-02-03 00:00:00,,COM VÍTIMA,GRAÇAS,RUA DO FUTURO,,CIDADE,COLISÃO COM CICLISTA,1,0,0,1,0,0,0,0,0,1,0,Longo da via,Bom,Perfeito estado,Seca,Perfeito estado,Outras,,Única,Faixa seccionada
2022-02-03 00:00:00,,SEM VÍTIMA,AREIAS,AV TAPAJOS,620,,COLISÃO TRASEIRA,1,0,0,0,0,0,0,1,0,0,0,Longo da via,Bom,Incompleta,Seca,Perfeito estado,R-6c,,Dupla,Não existe
2022-02-03 00:00:00,,COM VÍTIMA,BOA VIAGEM,RUA VISCONDE DE JEQUITINHONHA,154,SUBURBIO,COLISÃO LATERAL,1,1,0,0,0,0,0,0,0,1,0,Cruzamento,Bom,Perfeito estado,Seca,Perfeito estado,"Placas ""Dê a preferência""",,,Faixa seccionada
2022-02-03 00:00:00,,COM VÍTIMA,IBURA,LAD DA COHAB,,CIDADE,COLISÃO LATERAL,1,1,0,0,0,0,0,0,0,1,0,Outros,Bom,Ilegível,Seca,Perfeito estado,Não há placas,,Dupla,Faixa contínua
2022-02-03 00:00:00,,COM VÍTIMA,PORTO DA MADEIRA,AV CIDADE DE MONTEIRO,,SUBURBIO,COLISÃO TRANSVERSAL,0,1,0,0,0,1,0,0,0,1,0,Cruzamento,Bom,Perfeito estado,Seca,Perfeito estado,R-6a,,Dupla,Faixa contínua
2022-02-04 00:00:00,,COM VÍTIMA,CAXANGÁ,AV CAXANGA,,CIDADE,COLISÃO TRASEIRA,1,1,0,0,0,0,0,0,0,1,0,Longo da via,Bom,Perfeito estado,Seca,Perfeito estado,Não há placas,,Única,
2022-02-04 00:00:00,,SEM VÍTIMA,BONGI,AV ENGENHEIRO ABDIAS DE CARVALHO,,,CHOQUE,0,0,0,0,0,0,0,0,0,0,0,Longo da via,Bom,Perfeito estado,Seca,Perfeito estado,,,Dupla,Canteiro central
2022-02-04 00:00:00,,COM VÍTIMA,TORRÕES,AV ENGENHEIRO ABDIAS DE CARVALHO,,,COLISÃO LATERAL,1,1,0,0,0,0,0,0,0,1,0,Longo da via,Bom,Não existente,Seca,Perfeito estado,Não há placas,60 km/h,Dupla,Canteiro central
2022-02-04 00:00:00,,COM VÍTIMA,BOA VIAGEM,AVENIDA CELSO FURTADO (VIA MANGUE),,SUBURBIO,COLISÃO LATERAL,1,1,0,0,0,0,0,0,0,1,0,Longo da via,Bom,Perfeito estado,Seca,Perfeito estado,Não há placas,,Dupla,Blocos
2022-02-04 00:00:00,,COM VÍTIMA,IMBIRIBEIRA,VIADUTO TANCREDO NEVES,,AV RECIFE,COLISÃO TRASEIRA,1,1,0,0,0,0,0,0,0,1,0,Viaduto,Bom,Perfeito estado,Seca,Perfeito estado,Não há placas,,Única,Faixa seccionada
2022-02-04 00:00:00,,COM VÍTIMA,SANTO AMARO,AV DR JAYME DA FONTE,,SUBURBIO,COLISÃO LATERAL,1,1,0,0,0,0,0,0,0,1,0,Longo da via,Bom,Perfeito estado,Seca,Perfeito estado,Não há placas,,Dupla,Canteiro central
2022-02-04 00:00:00,,COM VÍTIMA,BOA VIAGEM,RUA CAPITAO ZUZINHA,,,COLISÃO LATERAL,0,0,0,0,0,0,0,0,0,1,0,,,,,,,,,
2022-02-04 00:00:00,,COM VÍTIMA,ÁGUA FRIA,RUA MANOEL SILVA,,CIDADE,COLISÃO LATERAL,2,1,0,0,0,0,0,0,0,1,0,Longo da via,Bom,Perfeito estado,Seca,Perfeito estado,Não há placas,,Dupla,Não existe
2022-02-06 00:00:00,,SEM VÍTIMA,CAMPO GRANDE,AV GOVERNADOR AGAMENON MAGALHAES,,,CAPOTAMENTO,2,0,0,0,0,0,0,0,0,0,0,,,,,,,,,
2022-02-06 00:00:00,,COM VÍTIMA,IBURA,AV JORNALISTA COSTA PORTO,,,COLISÃO FRONTAL,1,1,0,0,0,0,0,0,0,1,0,,,,,,,,,
2022-02-06 00:00:00,,COM VÍTIMA,IBURA,AV SANTOS,,CIDADE,COLISÃO TRANSVERSAL,1,1,0,0,0,0,0,0,0,1,0,Longo da via,Bom,Perfeito estado,Seca,Perfeito estado,Não há placas,,Dupla,Não existe
2022-02-06 00:00:00,,COM VÍTIMA,SÃO JOSÉ,RUA IMPERIAL,510,SUBURBIO,COLISÃO TRANSVERSAL,1,1,0,0,0,0,0,0,0,1,0,Cruzamento,Bom,Perfeito estado,Seca,Perfeito estado,Outras,,Única,
2022-02-06 00:00:00,,COM VÍTIMA,PINA,RUA MANOEL DE BRITO,,CIDADE,COLISÃO LATERAL,1,1,0,0,0,0,0,0,0,1,0,Longo da via,Bom,Perfeito estado,Seca,Perfeito estado,Não há placas,,Única,Faixa contínua
2022-02-06 00:00:00,,COM VÍTIMA,BOMBA DO HEMETÉRIO,RUA BOMBA DO HEMETERIO,,,ATROPELAMENTO DE PESSOA,1,0,0,0,1,0,0,0,0,1,0,,,,,,,,,
2022-02-06 00:00:00,,COM VÍTIMA,TEJIPIÓ,AV DR JOSE RUFINO,,SUBURBIO,COLISÃO TRASEIRA,2,1,0,0,0,0,0,0,0,1,0,Longo da via,Bom,Perfeito estado,Seca,Perfeito estado,Não há placas,,Dupla,Faixa contínua
2022-02-06 00:00:00,,SEM VÍTIMA,AFOGADOS,RUA SAO MIGUEL,,,COLISÃO TRANSVERSAL,0,0,0,0,0,0,0,0,0,0,0,,,,,,,,,
2022-02-07 00:00:00,,SEM VÍTIMA,BOA VIAGEM,AVENIDA CELSO FURTADO (VIA MANGUE),,,COLISÃO TRASEIRA,1,1,0,0,0,0,0,0,0,0,0,,,,,,,,,
2022-02-07 00:00:00,,SEM VÍTIMA,TORRÕES,RUA TUMIRITINGA,,,QUEDA,0,0,0,0,0,0,0,0,0,0,0,,,,,,,,,
2022-02-07 00:00:00,,COM VÍTIMA,SANTO AMARO,AV CRUZ CABUGA,,,COLISÃO LATERAL,1,1,0,0,0,0,0,0,0,2,0,Longo da via,Bom,Perfeito estado,Seca,Perfeito estado,Outras,,Dupla,Faixa contínua
2022-02-08 00:00:00,,COM VÍTIMA,AFOGADOS,RUA SAO MIGUEL,,,COLISÃO LATERAL,0,0,0,0,0,0,0,0,0,1,0,,,,,,,,,
2022-02-09 00:00:00,,COM VÍTIMA,SANTO ANTÔNIO,PRC DA REPUBLICA,488,SUBURBIO,COLISÃO COM CICLISTA,1,0,0,1,0,0,0,0,0,1,0,Cruzamento,Bom,Perfeito estado,Seca,Perfeito estado,Outras,40 km/h,Única,Faixa seccionada
2022-02-09 00:00:00,,COM VÍTIMA,SANTO AMARO,RUA DO POMBAL,,SUBURBIO,COLISÃO TRANSVERSAL,1,1,0,0,0,0,0,0,0,2,0,Cruzamento,Bom,Perfeito estado,Seca,Perfeito estado,Outras,,Dupla,Faixa seccionada
2022-02-09 00:00:00,,SEM VÍTIMA,AFLITOS,AV CONS ROSA E SILVA,,SUBURBIO,,2,0,0,0,0,0,0,0,0,0,0,Longo da via,Bom,Perfeito estado,Seca,Perfeito estado,R-6a,,Única,Faixa seccionada
2022-02-09 00:00:00,,COM VÍTIMA,BOA VISTA,RUA JOAO FERNANDES VIEIRA,,CIDADE,COLISÃO TRASEIRA,0,1,0,0,0,0,0,1,0,1,0,Longo da via,Bom,Perfeito estado,Seca,Perfeito estado,R-6a,,Única,Faixa seccionada
2022-02-09 00:00:00,,COM VÍTIMA,APIPUCOS,RUA DE APIPUCOS,,CIDADE,COLISÃO TRASEIRA,1,1,0,0,0,0,0,0,0,1,0,Longo da via,Bom,Perfeito estado,Seca,Perfeito estado,Não há placas,40 km/h,Dupla,Faixa contínua
2022-02-09 00:00:00,,COM VÍTIMA,BEBERIBE,AV BEBERIBE,,SUBURBIO,COLISÃO FRONTAL,1,0,1,0,0,0,0,0,0,1,0,Longo da via,Bom,Ilegível,Seca,Perfeito estado,R-6a,60 km/h,Dupla,Faixa contínua
2022-02-10 00:00:00,,SEM VÍTIMA,SAN MARTIN,RUA DELMIRO GOUVEIA,,,COLISÃO LATERAL,2,0,0,0,0,0,0,0,0,0,0,,,,,,,,,
2022-02-10 00:00:00,,COM VÍTIMA,ILHA DO RETIRO,PTE PREFEITO LIMA DE CASTRO,,CIDADE,COLISÃO TRASEIRA,1,1,0,0,0,0,0,0,0,1,0,Ponte,Bom,Perfeito estado,Seca,Perfeito estado,Não há placas,,Dupla,Faixa contínua
2022-02-10 00:00:00,,COM VÍTIMA,SANTO ANTÔNIO,RUA SIQUEIRA CAMPOS,,CIDADE,COLISÃO LATERAL,1,1,0,0,0,0,0,0,0,1,0,Esquina,Bom,Perfeito estado,Seca,Perfeito estado,R-6a,60 km/h,Única,Faixa contínua
2022-02-10 00:00:00,,COM VÍTIMA,SANTO AMARO,AV GOVERNADOR AGAMENON MAGALHAES,,,COLISÃO COM CICLISTA,0,1,0,1,0,0,0,0,0,1,0,Longo da via,Bom,Perfeito estado,Seca,Perfeito estado,Não há placas,60 km/h,Dupla,Canteiro central
2022-02-09 00:00:00,,COM VÍTIMA,IMBIRIBEIRA,AV MARECHAL MASCARENHAS DE MORAES,570,SUBURBIO,ATROPELAMENTO DE PESSOA,1,0,0,0,1,0,0,0,0,1,0,Longo da via,Bom,Não existente,Seca,Perfeito estado,,60 km/h,Única,Faixa
2022-02-10 00:00:00,,COM VÍTIMA,BOA VISTA,RUA PRINCESA IZABEL,22,SUBURBIO,ATROPELAMENTO DE PESSOA,1,0,0,0,1,0,0,0,0,1,0,Cruzamento,Bom,Perfeito estado,Seca,Perfeito estado,Não há placas,,Única,Não existe
2022-02-10 00:00:00,,COM VÍTIMA,CORDEIRO,RUA DR MIGUEL VIEIRA FERREIRA,,,COLISÃO TRANSVERSAL,1,1,0,0,0,0,0,0,0,1,0,Cruzamento,Bom,Perfeito estado,Seca,Perfeito estado,Outras,,Dupla,Faixa contínua
2022-02-10 00:00:00,,COM VÍTIMA,SANTO AMARO,PTE DO LIMOEIRO,,CIDADE,COLISÃO LATERAL,1,1,0,0,0,0,0,0,0,1,0,Ponte,Bom,Perfeito estado,Seca,Perfeito estado,Não há placas,60 km/h,Dupla,Faixa contínua
2022-02-11 00:00:00,,SEM VÍTIMA,BOA VIAGEM,RUA PADRE BERNADINO PESSOA,,,RENDIÇÃO,0,0,0,0,0,0,0,0,0,0,0,,,,,,,,,
2022-02-11 00:00:00,,SEM VÍTIMA,,RUA REALEZA,,SUBURBIO,,1,0,0,0,0,0,1,0,0,0,0,Longo da via,Bom,Não existente,Seca,Perfeito estado,Não há placas,,Dupla,Não existe
2022-02-11 00:00:00,,COM VÍTIMA,TAMARINEIRA,RUA CONEGO BARATA,,,OUTROS,0,0,0,0,0,1,0,0,0,1,0,Longo da via,Bom,Perfeito estado,Seca,Perfeito estado,R-6c,40 km/h,Dupla,Faixa seccionada
2022-02-11 00:00:00,,COM VÍTIMA,CASA FORTE,AV DEZESSETE DE AGOSTO,,SUBURBIO,COLISÃO FRONTAL,1,1,0,0,0,0,0,0,0,1,0,Longo da via,Bom,Perfeito estado,Seca,Perfeito estado,R-6a,60 km/h,Dupla,Faixa contínua
2022-02-11 00:00:00,,COM VÍTIMA,ILHA DO RETIRO,RUA SPORT CLUBE DO RECIFE,367,CIDADE,CHOQUE,2,1,0,0,0,0,0,0,0,1,0,Longo da via,Bom,Perfeito estado,Seca,Perfeito estado,R-6a,,Dupla,Faixa contínua
2022-02-11 00:00:00,,COM VÍTIMA,SANTO AMARO,AV CRUZ CABUGA,,,COLISÃO TRANSVERSAL,1,1,0,0,0,0,0,0,0,1,0,Cruzamento,Bom,Não existente,Seca,Perfeito estado,Outras,,Dupla,Faixa contínua
2022-02-11 00:00:00,,COM VÍTIMA,TORRÕES,AV ENGENHEIRO ABDIAS DE CARVALHO,,,COLISÃO TRASEIRA,1,1,0,0,0,0,0,0,0,1,0,,,,,,,,,
2022-02-11 00:00:00,,COM VÍTIMA,IPSEP,AV RECIFE,247,CIDADE,COLISÃO TRASEIRA,1,1,0,0,0,0,0,0,0,1,0,Longo da via,Bom,Perfeito estado,Seca,Perfeito estado,Não há placas,60 km/h,Única,Canteiro central
2022-02-11 00:00:00,,SEM VÍTIMA,IPUTINGA,AV CAXANGA,,,COLISÃO LATERAL,1,1,0,0,0,0,0,0,0,0,0,,,,,,,,,
2022-02-11 00:00:00,,COM VÍTIMA,SANTO AMARO,AV GOVERNADOR AGAMENON MAGALHAES,,OLINDA,ATROPELAMENTO DE PESSOA,0,0,0,0,1,1,0,0,0,1,0,Longo da via,Bom,Perfeito estado,Seca,,Não há placas,60 km/h,Dupla,Faixa seccionada
2022-02-11 00:00:00,,COM VÍTIMA,IBURA,AV DOIS RIOS,,,COLISÃO FRONTAL,0,1,0,0,0,1,0,0,0,2,0,Longo da via,Bom,Ilegível,Seca,Perfeito estado,Não há placas,60 km/h,Dupla,Não existe
2022-02-11 00:00:00,,SEM VÍTIMA,AREIAS,AV RECIFE,,,COLISÃO TRASEIRA,2,0,0,0,0,0,0,0,0,0,0,,,,,,,,,
2022-02-11 00:00:00,,COM VÍTIMA,APIPUCOS,AV DEZESSETE DE AGOSTO,,,COLISÃO TRANSVERSAL,1,1,0,0,0,0,0,0,0,1,0,Cruzamento,Bom,Perfeito estado,Seca,Perfeito estado,Não há placas,,Dupla,Faixa contínua
2022-02-12 00:00:00,,SEM VÍTIMA,ENCRUZILHADA,AV NORTE MIGUEL ARRAES DE ALENCAR,665,,COLISÃO TRANSVERSAL,2,0,0,0,0,0,0,0,0,0,0,Cruzamento,Bom,Perfeito estado,Seca,Perfeito estado,,,Dupla,Canteiro central
2022-02-12 00:00:00,,COM VÍTIMA,ALTO SANTA TERESINHA,AV ANIBAL BENEVOLO,,CIDADE,CHOQUE,2,1,0,0,0,0,0,0,0,2,0,Longo da via,Bom,Incompleta,Seca,Mal conservada,Não há placas,,Dupla,Não existe
2022-02-12 00:00:00,,SEM VÍTIMA,VÁRZEA,AV CAXANGA,281,CIDADE,COLISÃO TRASEIRA,3,0,0,0,0,0,0,0,0,0,0,,,,,,,,,
2022-02-12 00:00:00,,COM VÍTIMA,BOA VIAGEM,RUA ERNESTO DE PAULA SANTOS,217,SUBURBIO,COLISÃO LATERAL,1,1,0,0,0,0,0,0,0,1,0,Longo da via,Chuvoso,Perfeito estado,Molhada,Perfeito estado,Não há placas,,Única,Faixa contínua
2022-02-12 00:00:00,,SEM VÍTIMA,IMBIRIBEIRA,AV RECIFE,,,COLISÃO LATERAL,0,2,0,0,0,0,0,0,0,0,0,,,,,,,,,
2022-02-12 00:00:00,,COM VÍTIMA,DERBY,AV GOVERNADOR AGAMENON MAGALHAES,,,COLISÃO LATERAL,1,1,0,0,0,0,0,0,0,1,0,,,,,,,,,
2022-02-12 00:00:00,,COM VÍTIMA,CASA AMARELA,AV NORTE MIGUEL ARRAES DE ALENCAR,676,,COLISÃO TRASEIRA,1,1,0,0,0,0,0,0,0,1,0,Longo da via,Bom,Perfeito estado,Seca,Perfeito estado,R-6a,,Dupla,Canteiro central
2022-02-12 00:00:00,,COM VÍTIMA,BOA VIAGEM,RUA SA E SOUZA,,SUBURBIO,QUEDA,0,1,0,0,0,0,0,0,0,1,0,Cruzamento,Bom,Não existente,Seca,Perfeito estado,Não há placas,,Dupla,Faixa seccionada
2022-02-12 00:00:00,,COM VÍTIMA,IMBIRIBEIRA,AV MARECHAL MASCARENHAS DE MORAES,,,COLISÃO TRASEIRA,1,1,0,0,0,0,0,0,0,1,0,,,,,,,,,
2022-02-12 00:00:00,,COM VÍTIMA,JOANA BEZERRA,VDO PAPA JOAO PAULO II,,,COLISÃO FRONTAL,2,0,0,0,0,0,0,0,0,1,0,Longo da via,Bom,Incompleta,,Mal conservada,Não há placas,,,Não existe