data,hora,natureza,bairro,endereco,num_semaforo,sentido_via,tipo,auto,moto,ciclom,ciclista,pedestre,onibus,caminhao,viatura,outros,vitimas,vitimasfatais,acidente_verificado,tempo_clima,sinalizacao,condicao_via,conservacao_via,situacao_placa,velocidade_max_via,mao_direcao,divisao_via1
2022-04-01 00:00:00,,COM VÍTIMA,IMBIRIBEIRA,RUA DUQUE ESTRADA,,SUBURBIO,COLISÃO TRANSVERSAL,1,1,0,0,0,0,0,0,0,1,0,Longo da via,Bom,Não existente,Seca,Perfeito estado,Não há placas,,Dupla,Não existe
2022-04-01 00:00:00,,COM VÍTIMA,BOA VIAGEM,RUA JOSE MARIA DE MIRANDA,,CIDADE,CHOQUE,0,1,0,0,0,0,0,0,0,1,0,Longo da via,Bom,Incompleta,Seca,Perfeito estado,Não há placas,,Dupla,Não existe
2022-04-01 00:00:00,,COM VÍTIMA,TEJIPIÓ,AV DR JOSE RUFINO,,,COLISÃO LATERAL,1,1,0,0,0,0,0,0,0,1,0,,,,,,,,,
2022-04-01 00:00:00,,COM VÍTIMA,ESPINHEIRO,AV JOAO DE BARROS,,SUBURBIO,COLISÃO TRASEIRA,1,1,0,0,0,0,0,0,0,1,0,Longo da via,Bom,Perfeito estado,Seca,Perfeito estado,R-25b,,Única,Faixa contínua
2022-04-01 00:00:00,,COM VÍTIMA,BOA VISTA,AV CONDE DA BOA VISTA,486,SUBURBIO,ATROPELAMENTO DE PESSOA,0,0,0,0,1,1,0,0,0,1,0,Cruzamento,Bom,Perfeito estado,Seca,Perfeito estado,R-19,40 km/h,Dupla,Canteiro central
2022-04-01 00:00:00,,COM VÍTIMA,ILHA DO LEITE,RUA DAS FRONTEIRAS,,,CHOQUE,1,0,0,0,0,0,0,0,0,1,0,Outros,Bom,Perfeito estado,Seca,Perfeito estado,R-6a,,Única,Não existe
2022-04-01 00:00:00,,COM VÍTIMA,BARRO,AV CENTRAL,,SUBURBIO,ATROPELAMENTO DE PESSOA,0,0,0,0,1,1,0,0,0,1,0,Longo da via,Bom,Perfeito estado,Seca,Perfeito estado,Não há placas,20 km/h,Única,Faixa seccionada
2022-04-02 00:00:00,,COM VÍTIMA,AREIAS,AV DR JOSE RUFINO,,CIDADE,COLISÃO TRANSVERSAL,1,1,0,0,0,0,0,0,0,1,0,Cruzamento,Bom,Ilegível,Seca,Mal conservada,R-6a,60 km/h,Dupla,Faixa contínua
2022-04-02 00:00:00,,COM VÍTIMA,MADALENA,RUA CARLOS GOMES,,,COLISÃO LATERAL,1,0,0,0,0,1,0,0,0,1,0,Cruzamento,Bom,Incompleta,Seca,Perfeito estado,Não há placas,40 km/h,,Faixa seccionada
2022-04-02 00:00:00,,SEM VÍTIMA,CASA FORTE,RUA DR JOAO SANTOS FILHO,,,COLISÃO LATERAL,2,0,0,0,0,0,0,0,0,0,0,,,,,,,,,
2022-04-02 00:00:00,,COM VÍTIMA,TORRÕES,RUA DR MIGUEL VIEIRA FERREIRA,,SUBURBIO,ATROPELAMENTO DE PESSOA,1,0,0,0,1,0,0,0,0,1,0,Longo da via,Bom,Perfeito estado,Seca,Perfeito estado,Não há placas,,Dupla,Não existe
2022-04-02 00:00:00,,SEM VÍTIMA,JORDÃO,RUA ALBERTO LUNDGREN,,CIDADE,COLISÃO TRASEIRA,3,0,0,0,0,0,0,0,0,0,0,Longo da via,Bom,Perfeito estado,Seca,Perfeito estado,Não há placas,,Única,Faixa seccionada
2022-04-03 00:00:00,,COM VÍTIMA,ILHA JOANA BEZERRA,VIADUTO CAPITAO TEMUDO,,SUBURBIO,CHOQUE,0,1,0,0,0,0,0,0,0,2,0,Viaduto,Bom,Não existente,Seca,Perfeito estado,Não há placas,60 km/h,Dupla,Outros
2022-04-04 00:00:00,,COM VÍTIMA,AREIAS,AV RECIFE,85,,COLISÃO LATERAL,1,1,0,0,0,0,0,0,0,1,0,Esquina,Bom,Perfeito estado,Seca,Perfeito estado,R-6a,,Dupla,Faixa contínua
2022-04-04 00:00:00,,COM VÍTIMA,IMBIRIBEIRA,AV MARECHAL MASCARENHAS DE MORAES,,SUBURBIO,COLISÃO TRASEIRA,2,1,0,0,0,0,0,0,0,1,0,Longo da via,Bom,Perfeito estado,Seca,Perfeito estado,Não há placas,,Única,Faixa seccionada
2022-04-04 00:00:00,,COM VÍTIMA,BAIRRO DO RECIFE,AV RIO BRANCO,,,COLISÃO LATERAL,1,1,0,0,0,0,0,0,0,1,0,Cruzamento,Bom,Perfeito estado,Seca,Perfeito estado,Outras,,Dupla,Faixa contínua
2022-04-04 00:00:00,,VÍTIMA FATAL,IMBIRIBEIRA,AV SUL,,,ATROPELAMENTO DE PESSOA,0,0,0,0,1,1,0,0,0,0,1,Longo da via,Bom,Não existente,Seca,Perfeito estado,Não há placas,,Única,Não existe
2022-04-04 00:00:00,,COM VÍTIMA,IPUTINGA,RUA BOM PASTOR,,CIDADE,COLISÃO LATERAL,1,1,0,0,0,0,0,0,0,1,0,Cruzamento,Bom,Incompleta,Seca,Mal conservada,R-6a,40 km/h,Dupla,Não existe
2022-04-04 00:00:00,,COM VÍTIMA,ESTÂNCIA,AV DR JOSE RUFINO,,,ATROPELAMENTO DE PESSOA,1,0,0,0,1,0,0,0,0,1,0,Esquina,Bom,Perfeito estado,Seca,Perfeito estado,Outras,60 km/h,Dupla,Faixa contínua
2022-04-05 00:00:00,,COM VÍTIMA,SANTO ANTÔNIO,AV GUARARAPES,,,COLISÃO TRANSVERSAL,1,0,0,0,0,1,0,0,0,1,0,,,,,,,,,
2022-04-05 00:00:00,,COM VÍTIMA,SÃO JOSÉ,AV SUL,,CIDADE,QUEDA,0,1,0,0,0,0,0,0,0,2,0,Longo da via,Bom,Perfeito estado,Seca,Perfeito estado,Não há placas,,Única,Faixa seccionada
2022-04-05 00:00:00,,COM VÍTIMA,PARNAMIRIM,AV DEZESSETE DE AGOSTO,,SUBURBIO,CHOQUE,2,1,0,0,0,0,0,0,0,2,0,Longo da via,Bom,Perfeito estado,Seca,Perfeito estado,Outras,40 km/h,Dupla,Faixa contínua
2022-04-05 00:00:00,,COM VÍTIMA,GRAÇAS,AV CONS ROSA E SILVA,,SUBURBIO,ATROPELAMENTO DE PESSOA,1,0,0,0,2,0,0,0,0,2,0,Longo da via,Bom,Perfeito estado,Seca,Perfeito estado,R-6a,,Única,Faixa seccionada
2022-04-05 00:00:00,,COM VÍTIMA,AREIAS,AV RECIFE,,,COLISÃO FRONTAL,1,1,0,0,0,0,0,0,0,1,0,,,,,,,,,
2022-04-05 00:00:00,,COM VÍTIMA,BONGI,RUA DONA MARIA AUGUSTA NOGUEIRA,,CIDADE,COLISÃO TRANSVERSAL,1,1,0,0,0,0,0,0,0,1,0,Esquina,Bom,Perfeito estado,Seca,Perfeito estado,Outras,,Dupla,Faixa seccionada
2022-04-05 00:00:00,,COM VÍTIMA,CASA AMARELA,RUA DA HARMONIA,,,COLISÃO LATERAL,1,1,0,0,0,0,0,0,0,1,0,,,,,,,,,
2022-04-05 00:00:00,,SEM VÍTIMA,BOA VIAGEM,AV ENGENHEIRO DOMINGOS FERREIRA,139,SUBURBIO,COLISÃO TRASEIRA,1,0,0,0,0,1,0,0,0,0,0,Cruzamento,Bom,Perfeito estado,Seca,Perfeito estado,Não há placas,,Única,Canteiro central
2022-04-05 00:00:00,,SEM VÍTIMA,PINA,AV BOA VIAGEM,117,CIDADE,,1,0,0,0,0,0,0,1,0,0,0,Longo da via,Bom,Perfeito estado,Seca,Perfeito estado,Não há placas,,Única,Faixa contínua
2022-04-05 00:00:00,,COM VÍTIMA,SAN MARTIN,AV GENERAL SAN MARTIN,,SUBURBIO,COLISÃO FRONTAL,2,0,0,0,0,0,0,0,0,1,0,Rotatória,Bom,Incompleta,Seca,Perfeito estado,Não há placas,,Única,Outros
2022-04-06 00:00:00,,COM VÍTIMA,DERBY,AV GOVERNADOR AGAMENON MAGALHAES,75,BOA VIAGEM,COLISÃO TRASEIRA,0,1,0,0,0,1,0,0,0,1,0,Longo da via,Bom,Perfeito estado,Molhada,Perfeito estado,R-4a,60 km/h,Dupla,Faixa seccionada
2022-04-06 00:00:00,,SEM VÍTIMA,MACAXEIRA,AV NORTE MIGUEL ARRAES DE ALENCAR,,,COLISÃO TRASEIRA,2,0,0,0,0,0,0,0,0,0,0,,,,,,,,,
2022-04-06 00:00:00,,SEM VÍTIMA,BOA VIAGEM,RUA PEDRO BERGAMO,,,,2,0,0,0,0,0,0,0,0,0,0,Longo da via,Bom,Perfeito estado,Seca,Perfeito estado,Não há placas,,Única,Não existe
2022-04-06 00:00:00,,COM VÍTIMA,ESTÂNCIA,AV RECIFE,,,COLISÃO LATERAL,0,2,0,0,0,0,0,0,0,2,0,,,,,,,,,
2022-04-06 00:00:00,,COM VÍTIMA,LINHA DO TIRO,RUA URIEL DE HOLANDA,,CIDADE,COLISÃO LATERAL,1,1,0,0,0,0,0,0,0,1,0,Longo da via,Bom,Ilegível,Seca,Mal iluminada,Não há placas,,Dupla,Faixa seccionada
2022-04-06 00:00:00,,COM VÍTIMA,BOA VIAGEM,AV ENGENHEIRO DOMINGOS FERREIRA,145,SUBURBIO,ATROPELAMENTO DE PESSOA,1,0,0,0,1,0,0,0,0,1,0,Longo da via,Bom,Perfeito estado,Seca,Perfeito estado,Não há placas,,Única,Faixa seccionada
2022-04-07 00:00:00,,COM VÍTIMA,BOA VIAGEM,RUA DEZ DE JULHO,,CIDADE,COLISÃO TRANSVERSAL,1,1,0,0,0,0,0,0,0,1,0,Cruzamento,Bom,Perfeito estado,Seca,Perfeito estado,Não há placas,,Dupla,Faixa contínua
2022-04-07 00:00:00,,COM VÍTIMA,TORRE,RUA PROFESSOR TRAJANO DE MENDONCA,,CIDADE,COLISÃO TRASEIRA,0,2,0,0,0,0,0,0,0,2,0,Longo da via,Chuvoso,Perfeito estado,Molhada,Perfeito estado,Não há placas,40 km/h,Única,Faixa seccionada
2022-04-07 00:00:00,,COM VÍTIMA,CORDEIRO,AV PROFESSOR ESTEVAO FRANCISCO DA COSTA,80,SUBURBIO,CHOQUE,0,1,0,0,0,0,0,0,0,1,0,Cruzamento,Bom,Perfeito estado,Seca,Perfeito estado,Outras,,Única,Faixa contínua
2022-04-07 00:00:00,,SEM VÍTIMA,,AV GOVERNADOR AGAMENON MAGALHAES,69,SUBURBIO,,0,0,0,0,0,0,1,1,0,0,0,Longo da via,Bom,Perfeito estado,Seca,Perfeito estado,Não há placas,,Única,Faixa seccionada
2022-04-07 00:00:00,,COM VÍTIMA,IMBIRIBEIRA,AV MARECHAL MASCARENHAS DE MORAES,530,CIDADE,COLISÃO TRASEIRA,1,1,0,0,0,0,0,0,0,1,0,Longo da via,Bom,Perfeito estado,Seca,Perfeito estado,Outras,60 km/h,Dupla,Faixa contínua
2022-04-07 00:00:00,,COM VÍTIMA,JOANA BEZERRA,VDO PAPA JOAO PAULO II,,SUBURBIO,COLISÃO TRASEIRA,0,1,0,0,0,1,0,0,0,1,0,Viaduto,Bom,Não existente,Seca,Perfeito estado,Não há placas,,Dupla,Canteiro central
2022-04-07 00:00:00,,COM VÍTIMA,AREIAS,RUA IPOJUCA,,SUBURBIO,COLISÃO FRONTAL,2,0,0,0,0,0,0,0,0,1,0,Longo da via,Bom,Não existente,Seca,Perfeito estado,Não há placas,40 km/h,Dupla,Faixa seccionada
2022-04-08 00:00:00,,SEM VÍTIMA,IMBIRIBEIRA,RUA JOSE DA SILVA LUCENA,,CIDADE,COLISÃO LATERAL,1,1,0,0,0,0,0,0,0,0,0,Cruzamento,Chuvoso,Perfeito estado,Molhada,Perfeito estado,Não há placas,,Dupla,Não existe
2022-04-08 00:00:00,,COM VÍTIMA,AREIAS,AV TENENTE FELIPE BANDEIRA DE MELO,,,COLISÃO LATERAL,1,1,0,0,0,0,0,0,0,1,0,,,,,,,,,
2022-04-08 00:00:00,,COM VÍTIMA,AREIAS,AV RECIFE,,CIDADE,QUEDA,0,1,0,0,0,0,0,0,0,1,0,Viaduto,Chuvoso,Perfeito estado,Molhada,Perfeito estado,Não há placas,60 km/h,Dupla,Faixa seccionada
2022-04-08 00:00:00,,COM VÍTIMA,ARRUDA,AV PROFESSOR JOSE DOS ANJOS,554,CIDADE,COLISÃO LATERAL,1,1,0,0,0,0,0,0,0,1,0,Cruzamento,Chuvoso,Perfeito estado,Molhada,Perfeito estado,Outras,,Dupla,Faixa seccionada
2022-04-08 00:00:00,,COM VÍTIMA,ÁGUA FRIA,AV BEBERIBE,307,SUBURBIO,COLISÃO COM CICLISTA,0,0,0,1,0,1,0,0,0,1,0,Longo da via,Bom,Perfeito estado,Seca,Perfeito estado,Outras,,Dupla,Faixa contínua
2022-04-08 00:00:00,,COM VÍTIMA,SAN MARTIN,AV ENGENHEIRO ABDIAS DE CARVALHO,,SUBURBIO,COLISÃO FRONTAL,0,2,0,0,0,0,0,0,0,1,0,,,,,,,,,
2022-04-08 00:00:00,,SEM VÍTIMA,BAIRRO DO RECIFE,RUA DO SOL,,CIDADE,COLISÃO TRASEIRA,1,0,0,0,0,1,0,0,0,0,0,Longo da via,Bom,Perfeito estado,Seca,Perfeito estado,Não há placas,40 km/h,Única,Faixa seccionada
2022-04-09 00:00:00,,SEM VÍTIMA,ESPINHEIRO,RUA MANUEL DE CARVALHO,,SUBURBIO,CHOQUE,1,0,0,0,0,0,0,0,0,0,0,Longo da via,Bom,Perfeito estado,Molhada,Perfeito estado,Não há placas,,Única,Não existe
2022-04-09 00:00:00,,SEM VÍTIMA,BOA VIAGEM,RUA DES JOAO PAES,,,COLISÃO LATERAL,1,1,0,0,0,0,0,0,0,0,0,,,,,,,,,
2022-04-09 00:00:00,,COM VÍTIMA,BOA VIAGEM,RUA ERNESTO DE PAULA SANTOS,,AV BOA VIAGEM,ATROPELAMENTO DE PESSOA,1,0,0,0,1,0,0,0,0,1,0,Longo da via,Bom,Perfeito estado,Seca,Perfeito estado,Outras,,Única,Faixa seccionada
2022-04-10 00:00:00,,COM VÍTIMA,PINA,AV BRASILIA FORMOSA,,SUBURBIO,CHOQUE,1,1,0,0,0,0,0,0,0,2,0,Longo da via,Bom,Não existente,Seca,Perfeito estado,Não há placas,40 km/h,Dupla,Faixa contínua
2022-04-10 00:00:00,,VÍTIMA FATAL,PINA,AV BOA VIAGEM,110,CIDADE,ATROPELAMENTO DE PESSOA,0,1,0,0,1,0,0,0,0,1,1,Cruzamento,Bom,Perfeito estado,Seca,Perfeito estado,Outras,60 km/h,Única,Faixa contínua
2022-04-10 00:00:00,,COM VÍTIMA,CORDEIRO,AV ENGENHEIRO ABDIAS DE CARVALHO,688,SUBURBIO,COLISÃO LATERAL,1,1,0,0,0,0,0,0,0,1,0,Longo da via,Bom,Perfeito estado,Seca,Perfeito estado,R-5a,,Dupla,Blocos
2022-04-10 00:00:00,,COM VÍTIMA,ALTO SANTA TERESINHA,RUA PROFESSOR JOSE AMARINO DOS REIS,,,COLISÃO TRASEIRA,1,1,0,0,0,0,0,0,0,1,0,,,,,,,,,
2022-04-10 00:00:00,,COM VÍTIMA,BONGI,EST DO BONGI,,,COLISÃO FRONTAL,1,1,0,0,0,0,0,0,0,1,0,Cruzamento,Bom,Não existente,Seca,Mal conservada,Não há placas,,Dupla,Não existe
2022-04-10 00:00:00,,COM VÍTIMA,VASCO DA GAMA,RUA DOIS DE FEVEREIRO,,,COLISÃO FRONTAL,1,1,0,0,0,0,0,0,0,1,0,,,,,,,,,
2022-04-10 00:00:00,,COM VÍTIMA,CASA AMARELA,RUA ALTO JOSE BONIFACIO,,SUBURBIO,COLISÃO FRONTAL,2,0,0,0,0,0,0,0,0,1,0,Longo da via,Bom,Não existente,Seca,Perfeito estado,Não há placas,,Dupla,Não existe
2022-04-11 00:00:00,,COM VÍTIMA,BOA VISTA,RUA GERVASIO PIRES,24,CIDADE,COLISÃO LATERAL,1,1,0,0,0,0,0,0,0,2,0,Longo da via,Bom,Perfeito estado,Seca,Perfeito estado,R-6a,,Única,Faixa seccionada
2022-04-11 00:00:00,,COM VÍTIMA,BOA VISTA,RUA IMPERADOR PEDRO SEGUNDO,,SUBURBIO,COLISÃO LATERAL,2,1,0,0,0,0,0,0,0,1,0,Longo da via,Bom,Perfeito estado,Seca,Perfeito estado,Não há placas,,Única,Faixa seccionada
2022-04-12 00:00:00,,COM VÍTIMA,BOA VIAGEM,AV BOA VIAGEM,84,SUBURBIO,COLISÃO LATERAL,1,1,0,0,0,0,0,0,0,1,0,Longo da via,Bom,Perfeito estado,Seca,Perfeito estado,Outras,,Única,Faixa seccionada
2022-04-12 00:00:00,,COM VÍTIMA,BOA VISTA,RUA DOM BOSCO,,SUBURBIO,COLISÃO LATERAL,1,1,0,0,0,0,0,0,0,1,0,Longo da via,Bom,Perfeito estado,Seca,Perfeito estado,R-6a,,Dupla,Faixa contínua
2022-04-12 00:00:00,,SEM VÍTIMA,MACAXEIRA,AV NORTE MIGUEL ARRAES DE ALENCAR,,,TOMBAMENTO,0,0,0,0,0,0,0,0,0,0,0,,,,,,,,,
2022-04-12 00:00:00,,SEM VÍTIMA,MACAXEIRA,AV NORTE MIGUEL ARRAES DE ALENCAR,,,TOMBAMENTO,0,0,0,0,0,0,0,0,0,0,0,,,,,,,,,
2022-04-12 00:00:00,,COM VÍTIMA,IPUTINGA,AV CAXANGA,,CIDADE,COLISÃO TRASEIRA,3,0,0,0,0,0,0,0,0,1,0,Longo da via,Bom,Perfeito estado,Seca,Perfeito estado,Não há placas,60 km/h,Dupla,Canteiro central
2022-04-12 00:00:00,,COM VÍTIMA,BOA VIAGEM,AV CONSELHEIRO AGUIAR,,CIDADE,COLISÃO TRASEIRA,1,0,0,0,0,1,0,0,0,1,0,Longo da via,Bom,Perfeito estado,Seca,Perfeito estado,R-6a,60 km/h,Única,Faixa contínua
2022-04-12 00:00:00,,COM VÍTIMA,IPSEP,AV RECIFE,,SUBURBIO,ENGAVETAMENTO,4,0,0,0,0,0,0,0,0,1,0,Longo da via,Bom,Perfeito estado,Seca,Perfeito estado,R-6a,60 km/h,Única,Faixa seccionada
2022-04-12 00:00:00,,COM VÍTIMA,IMBIRIBEIRA,AV SUL,,,COLISÃO TRASEIRA,0,0,0,0,0,2,0,0,0,5,0,Outros,Bom,Não existente,Seca,Mal conservada,Não há placas,,Única,
2022-04-12 00:00:00,,COM VÍTIMA,IPSEP,AV RECIFE,,SUBURBIO,ENGAVETAMENTO,4,0,0,0,0,0,0,0,0,1,0,Longo da via,Bom,Perfeito estado,Seca,Perfeito estado,Não há placas,,Dupla,Faixa contínua
2022-04-12 00:00:00,,COM VÍTIMA,JORDÃO,AV JULIO CESAR,,SUBURBIO,COLISÃO TRANSVERSAL,3,0,0,0,0,0,0,0,0,2,0,Cruzamento,Bom,Não existente,Seca,Perfeito estado,Não há placas,,Dupla,Faixa seccionada
2022-04-12 00:00:00,,COM VÍTIMA,AFOGADOS,RUA COSME VIANA,430,SUBURBIO,COLISÃO TRANSVERSAL,1,1,0,0,0,0,0,0,0,1,0,Cruzamento,Bom,Incompleta,Seca,Perfeito estado,Outras,,Única,Faixa contínua
2022-04-12 00:00:00,,COM VÍTIMA,APIPUCOS,RUA DOIS IRMAOS,,CIDADE,COLISÃO TRANSVERSAL,1,1,0,0,0,0,0,0,0,1,0,Longo da via,Bom,Perfeito estado,Seca,Perfeito estado,R-6a,,Dupla,Faixa contínua
2022-04-13 00:00:00,,SEM VÍTIMA,MUSTARDINHA,EST DO BONGI,,SUBURBIO,COLISÃO FRONTAL,2,0,0,0,0,0,0,0,0,0,0,Cruzamento,Bom,Ilegível,Seca,Mal conservada,Não há placas,,Dupla,Não existe
2022-04-13 00:00:00,,COM VÍTIMA,SANTO AMARO,AV MARIO MELO,,SUBURBIO,COLISÃO LATERAL,1,1,0,0,0,0,0,0,0,1,0,Longo da via,Bom,Perfeito estado,Seca,Perfeito estado,Outras,,Dupla,Canteiro central
2022-04-13 00:00:00,,COM VÍTIMA,IMBIRIBEIRA,AV ANTONIO TORRES GALVAO,442,SUBURBIO,COLISÃO TRANSVERSAL,1,1,0,0,0,0,0,0,0,1,0,Cruzamento,Bom,Perfeito estado,Seca,Perfeito estado,R-19,,Única,Faixa seccionada
2022-04-14 00:00:00,,COM VÍTIMA,CORDEIRO,AV CAXANGA,,CIDADE,COLISÃO COM CICLISTA,0,0,0,1,0,1,0,0,0,1,0,Cruzamento,Bom,Perfeito estado,Seca,Perfeito estado,Outras,60 km/h,Dupla,Faixa contínua
2022-04-14 00:00:00,,COM VÍTIMA,IPSEP,AV ENGENHEIRO ALVES DE SOUZA,634,SUBURBIO,COLISÃO LATERAL,1,1,0,0,0,0,0,0,0,1,0,Cruzamento,Bom,Perfeito estado,Seca,Perfeito estado,Outras,60 km/h,Dupla,Faixa contínua
2022-04-14 00:00:00,,COM VÍTIMA,IBURA,AV ENGENHO MURIBECA,,SUBURBIO,COLISÃO TRASEIRA,0,1,0,0,0,0,1,0,0,1,0,Longo da via,Bom,Perfeito estado,Seca,Perfeito estado,Não há placas,,Única,Faixa seccionada
2022-04-14 00:00:00,,COM VÍTIMA,CORDEIRO,AV GENERAL SAN MARTIN,,SUBURBIO,COLISÃO TRANSVERSAL,2,0,0,0,0,0,0,0,0,1,0,Longo da via,Bom,Perfeito estado,Seca,Mal conservada,Não há placas,,Dupla,Não existe
2022-04-14 00:00:00,,COM VÍTIMA,SANTO AMARO,AV CRUZ CABUGA,202,SUBURBIO,COLISÃO LATERAL,0,1,0,0,0,1,0,0,0,1,0,Longo da via,Bom,Perfeito estado,Seca,Perfeito estado,Não há placas,,Dupla,Blocos
2022-04-14 00:00:00,,COM VÍTIMA,PRADO,AV ENGENHEIRO ABDIAS DE CARVALHO,,SUBURBIO,COLISÃO LATERAL,1,1,0,0,0,0,0,0,0,1,0,Longo da via,Bom,Perfeito estado,Seca,Perfeito estado,R-6a,60 km/h,Dupla,Faixa seccionada
2022-04-15 00:00:00,,SEM VÍTIMA,MADALENA,AV VISCONDE DE ALBUQUERQUE,,SUBURBIO,CHOQUE,2,0,0,0,0,0,0,0,0,0,0,Longo da via,Bom,Perfeito estado,Seca,Perfeito estado,Não há placas,,Única,Faixa seccionada
2022-04-15 00:00:00,,SEM VÍTIMA,BOA VIAGEM,RUA FREI LEANDRO,,SUBURBIO,COLISÃO TRANSVERSAL,2,0,0,0,0,0,0,0,0,0,0,Cruzamento,Bom,Perfeito estado,Seca,Perfeito estado,Outras,,Única,Não existe
2022-04-15 00:00:00,,COM VÍTIMA,TEJIPIÓ,AV DR JOSE RUFINO,,CIDADE,COLISÃO TRANSVERSAL,1,1,0,0,0,0,0,0,0,1,0,Longo da via,Bom,Perfeito estado,Seca,Perfeito estado,Não há placas,40 km/h,Dupla,Faixa contínua
2022-04-15 00:00:00,,COM VÍTIMA,BOA VIAGEM,RUA PROFESSOR MARIO CASTRO,,SUBURBIO,COLISÃO TRANSVERSAL,2,1,0,0,0,0,0,0,0,1,0,Longo da via,Bom,,Seca,Perfeito estado,,,Dupla,Não existe
2022-04-15 00:00:00,,COM VÍTIMA,IMBIRIBEIRA,RUA ARQUITETO LUIZ NUNES,,SUBURBIO,COLISÃO LATERAL,1,1,0,0,0,0,0,0,0,1,0,Longo da via,Bom,Ilegível,Seca,Perfeito estado,Outras,,Dupla,Faixa contínua
2022-04-16 00:00:00,,COM VÍTIMA,VÁRZEA,AV CAXANGA,568,CIDADE,COLISÃO TRASEIRA,0,1,0,0,0,0,1,0,0,1,0,Longo da via,Bom,Perfeito estado,Seca,Perfeito estado,Outras,,Dupla,Faixa contínua
2022-04-16 00:00:00,,COM VÍTIMA,BOA VIAGEM,RUA VISCONDE DE JEQUITINHONHA,,SUBURBIO,COLISÃO TRANSVERSAL,0,1,0,0,0,0,0,0,0,1,0,Longo da via,Bom,Perfeito estado,Seca,Perfeito estado,"Placas ""Pare""",30 km/h,Única,Canteiro central
2022-04-16 00:00:00,,COM VÍTIMA,ENCRUZILHADA,AV BEBERIBE,,,COLISÃO LATERAL,0,2,0,0,0,0,0,0,0,1,0,,,,,,,,,
2022-04-16 00:00:00,,COM VÍTIMA,BOA VIAGEM,RUA TENENTE JOAO CICERO,,CIDADE,COLISÃO TRANSVERSAL,2,0,0,0,0,0,0,0,0,1,0,Cruzamento,Bom,Perfeito estado,Seca,Perfeito estado,"Placas ""Pare""",,Única,Faixa contínua
2022-04-16 00:00:00,,SEM VÍTIMA,VÁRZEA,RUA GASTAO VIDIGAL,,,COLISÃO TRASEIRA,1,0,0,0,0,0,1,0,0,0,0,,,,,,,,,
2022-04-16 00:00:00,,COM VÍTIMA,PAISSANDU,AV GOVERNADOR AGAMENON MAGALHAES,,BOA VIAGEM,COLISÃO LATERAL,1,1,0,0,0,0,0,0,0,1,0,,,,,,,,,
2022-04-17 00:00:00,,SEM VÍTIMA,TORRÕES,AV ENGENHEIRO ABDIAS DE CARVALHO,,,CHOQUE,1,0,0,0,0,0,0,0,0,0,0,Longo da via,Chuvoso,Perfeito estado,Molhada,Perfeito estado,Outras,60 km/h,Dupla,Canteiro central
2022-04-17 00:00:00,,COM VÍTIMA,BOA VIAGEM,AV ENGENHEIRO DOMINGOS FERREIRA,545,CIDADE,COLISÃO TRANSVERSAL,1,1,0,0,0,0,0,0,0,1,0,Cruzamento,Bom,Perfeito estado,Molhada,Perfeito estado,Não há placas,60 km/h,Única,Faixa contínua
2022-04-17 00:00:00,,COM VÍTIMA,BOA VIAGEM,RUA ERNESTO DE PAULA SANTOS,,CIDADE,COLISÃO LATERAL,1,1,0,0,0,0,0,0,0,2,0,Cruzamento,Bom,Perfeito estado,Seca,Perfeito estado,R-4b,,Única,Faixa seccionada
2022-04-17 00:00:00,,COM VÍTIMA,ÁGUA FRIA,AV BEBERIBE,187,SUBURBIO,COLISÃO TRASEIRA,1,1,0,0,0,0,0,0,0,1,0,Longo da via,Bom,Perfeito estado,Seca,Perfeito estado,R-6a,,Dupla,Faixa contínua
2022-04-17 00:00:00,,COM VÍTIMA,TORREÃO,RUA NATIVIDADE SALDANHA,,SUBURBIO,QUEDA,0,1,0,0,0,0,0,0,0,1,0,Longo da via,Bom,Perfeito estado,Seca,Perfeito estado,Outras,,Única,
2022-04-17 00:00:00,,COM VÍTIMA,FUNDÃO,AV BEBERIBE,,CIDADE,COLISÃO FRONTAL,1,1,0,0,0,0,0,0,0,1,0,Longo da via,Bom,Perfeito estado,Seca,Perfeito estado,Não há placas,,Dupla,Faixa
2022-04-18 00:00:00,,COM VÍTIMA,CORDEIRO,AV ENGENHEIRO ABDIAS DE CARVALHO,58,SUBURBIO,COLISÃO TRANSVERSAL,2,0,0,0,0,0,0,0,0,1,0,Cruzamento,Bom,Perfeito estado,Seca,Perfeito estado,R-4a,,Dupla,Canteiro central
2022-04-18 00:00:00,,COM VÍTIMA,IPUTINGA,AV CAXANGA,,CIDADE,COLISÃO LATERAL,1,1,0,0,0,0,0,0,0,1,0,Longo da via,Bom,Perfeito estado,Seca,Perfeito estado,Não há placas,60 km/h,Dupla,Canteiro central