data,hora,natureza,bairro,endereco,num_semaforo,sentido_via,tipo,auto,moto,ciclom,ciclista,pedestre,onibus,caminhao,viatura,outros,vitimas,vitimasfatais,acidente_verificado,tempo_clima,sinalizacao,condicao_via,conservacao_via,situacao_placa,velocidade_max_via,mao_direcao,divisao_via1
2022-05-04 00:00:00,,COM VÍTIMA,TORRÕES,AV ENGENHEIRO ABDIAS DE CARVALHO,272,CIDADE,COLISÃO TRASEIRA,1,1,0,0,0,0,0,0,0,1,0,Longo da via,Bom,Perfeito estado,Seca,Perfeito estado,R-6a,60 km/h,Dupla,Faixa contínua
2022-05-04 00:00:00,,COM VÍTIMA,ARRUDA,AV BEBERIBE,,SUBURBIO,COLISÃO LATERAL,1,1,0,0,0,0,0,0,0,2,0,Cruzamento,Bom,Perfeito estado,Seca,Perfeito estado,Não há placas,,Dupla,Faixa contínua
2022-05-04 00:00:00,,COM VÍTIMA,IMBIRIBEIRA,RUA ARQUITETO LUIZ NUNES,,CIDADE,COLISÃO LATERAL,1,1,0,0,0,0,0,0,0,1,0,Outros,Bom,Perfeito estado,Seca,Perfeito estado,Não há placas,,Única,Faixa contínua
2022-05-05 00:00:00,,SEM VÍTIMA,TOTÓ,RUA ONZE DE AGOSTO,,,CHOQUE,1,0,0,0,0,1,0,0,0,0,0,Outros,Bom,Não existente,Seca,Mal conservada,Não há placas,,Única,Não existe
2022-05-05 00:00:00,,COM VÍTIMA,PRADO,RUA PADRE TEOFILO TWORZ,,CIDADE,COLISÃO TRANSVERSAL,1,1,0,0,0,0,0,0,0,1,0,Cruzamento,Bom,Perfeito estado,Seca,Perfeito estado,Outras,40 km/h,Única,Não existe
2022-05-05 00:00:00,,COM VÍTIMA,SANTO AMARO,AV GOVERNADOR AGAMENON MAGALHAES,,,COLISÃO LATERAL,0,2,0,0,0,0,0,0,0,2,0,,,,,,,,,
2022-05-05 00:00:00,,COM VÍTIMA,CASA FORTE,AV DEZESSETE DE AGOSTO,,SUBURBIO,COLISÃO LATERAL,1,1,0,0,0,0,0,0,0,1,0,Longo da via,Bom,Perfeito estado,Seca,Perfeito estado,R-6a,,Dupla,Faixa contínua
2022-05-05 00:00:00,,SEM VÍTIMA,CORDEIRO,RUA PEREIRA DE MORAES,,,,2,0,0,0,0,0,0,0,0,0,0,Cruzamento,Bom,Não existente,Seca,Perfeito estado,Não há placas,,Dupla,Não existe
2022-05-05 00:00:00,,COM VÍTIMA,CIDADE UNIVERSITÁRIA,AV PROFESSOR ARTUR DE SA,,SUBURBIO,COLISÃO TRANSVERSAL,1,1,0,0,0,0,0,0,0,1,0,Longo da via,Bom,Perfeito estado,Seca,Perfeito estado,Não há placas,,Dupla,Faixa contínua
2022-05-05 00:00:00,,SEM VÍTIMA,SANTO AMARO,AV GOVERNADOR AGAMENON MAGALHAES,,SUBURBIO,,1,0,0,0,0,0,0,1,0,0,0,Longo da via,Bom,Perfeito estado,Seca,Perfeito estado,Não há placas,60 km/h,Dupla,Faixa seccionada
2022-05-05 00:00:00,,COM VÍTIMA,IMBIRIBEIRA,AV MARECHAL MASCARENHAS DE MORAES,289,CIDADE,COLISÃO LATERAL,0,2,0,0,0,0,0,0,0,1,0,Longo da via,Bom,Perfeito estado,Seca,Perfeito estado,Não há placas,60 km/h,Única,Faixa contínua
2022-05-05 00:00:00,,COM VÍTIMA,CAJUEIRO,AV CIDADE DE MONTEIRO,,,COLISÃO LATERAL,1,0,0,0,0,0,1,0,0,2,0,Longo da via,Bom,Perfeito estado,Seca,Perfeito estado,Outras,,Dupla,Faixa contínua
2022-05-05 00:00:00,,COM VÍTIMA,BOA VISTA,RUA AURORA,22,,COLISÃO LATERAL,0,2,0,0,0,0,0,0,0,1,0,Cruzamento,Bom,Perfeito estado,Seca,Perfeito estado,Outras,,Única,Faixa contínua
2022-05-05 00:00:00,,SEM VÍTIMA,SANTO AMARO,AV GOVERNADOR AGAMENON MAGALHAES,,OLINDA,COLISÃO TRASEIRA,3,0,0,0,0,0,0,0,0,0,0,,,,,,,,,
2022-05-05 00:00:00,,COM VÍTIMA,BEBERIBE,RUA URIEL DE HOLANDA,,SUBURBIO,ATROPELAMENTO DE PESSOA,0,1,0,0,1,0,0,0,0,1,0,Longo da via,Bom,Perfeito estado,Seca,Perfeito estado,R-6a,40 km/h,Dupla,Não existe
2022-05-05 00:00:00,,COM VÍTIMA,MADALENA,RUA DEMOCRITO DE SOUZA FILHO,,SUBURBIO,COLISÃO TRANSVERSAL,1,1,0,0,0,0,0,0,0,1,0,Cruzamento,Bom,Incompleta,Seca,Perfeito estado,Não há placas,,Única,Não existe
2022-05-06 00:00:00,,COM VÍTIMA,IBURA,AV DOIS RIOS,,SUBURBIO,COLISÃO TRANSVERSAL,2,1,0,0,0,0,0,0,0,1,0,Longo da via,Bom,Perfeito estado,Seca,Perfeito estado,R-6a,,Dupla,Faixa contínua
2022-05-06 00:00:00,,COM VÍTIMA,BOA VISTA,RUA DA SOLEDADE,578,AV CDE DA BOA VISTA,COLISÃO TRASEIRA,1,1,0,0,0,0,0,0,0,1,0,Longo da via,Bom,Perfeito estado,Seca,Perfeito estado,Outras,30 km/h,Única,Não existe
2022-05-06 00:00:00,,COM VÍTIMA,SANTO AMARO,AV GOVERNADOR AGAMENON MAGALHAES,,CIDADE,QUEDA,0,0,1,0,0,0,0,0,0,1,0,Longo da via,Bom,Perfeito estado,,Mal conservada,Não há placas,60 km/h,Dupla,Faixa seccionada
2022-05-06 00:00:00,,COM VÍTIMA,TORRÕES,AV ENGENHEIRO ABDIAS DE CARVALHO,375,CIDADE,ATROPELAMENTO DE PESSOA,0,1,0,0,1,0,0,0,0,1,0,Longo da via,Bom,Perfeito estado,Seca,Perfeito estado,Não há placas,60 km/h,Única,Canteiro central
2022-05-06 00:00:00,,COM VÍTIMA,SÃO JOSÉ,C SANTA RITA,,,QUEDA,0,1,0,0,0,0,0,0,0,1,0,,,,,,,,,
2022-05-06 00:00:00,,COM VÍTIMA,SANTO AMARO,AV GOVERNADOR AGAMENON MAGALHAES,,OLINDA,ATROPELAMENTO DE PESSOA,0,1,0,0,1,0,0,0,0,2,0,Viaduto,Bom,Perfeito estado,Seca,Perfeito estado,R-32,60 km/h,Dupla,Faixa contínua
2022-05-06 00:00:00,,COM VÍTIMA,APIPUCOS,RUA DE APIPUCOS,,CIDADE,COLISÃO LATERAL,1,1,0,0,0,0,0,0,0,2,0,Longo da via,Bom,Perfeito estado,Seca,Perfeito estado,Não há placas,,Dupla,Faixa contínua
2022-05-07 00:00:00,,COM VÍTIMA,BAIRRO DO RECIFE,CAIS DO APOLO,436,CIDADE,QUEDA,0,1,0,0,0,0,0,0,0,1,0,Cruzamento,Bom,Perfeito estado,Seca,Perfeito estado,Outras,,Única,Faixa contínua
2022-05-07 00:00:00,,COM VÍTIMA,JARDIM SÃO PAULO,RUA LEANDRO BARRETO,,SUBURBIO,QUEDA,0,1,0,0,0,0,0,0,0,1,0,Longo da via,Chuvoso,Ilegível,Molhada,Mal conservada,Não há placas,40 km/h,Dupla,Faixa contínua
2022-05-07 00:00:00,,SEM VÍTIMA,TAMARINEIRA,RUA GUIMARAES PEIXOTO,,,COLISÃO LATERAL,1,0,0,0,0,0,1,0,0,0,0,Longo da via,Chuvoso,Perfeito estado,Molhada,Perfeito estado,,20km/h,Única,Não existe
2022-05-07 00:00:00,,COM VÍTIMA,JAQUEIRA,AV RUI BARBOSA,,,COLISÃO LATERAL,1,1,0,0,0,0,0,0,0,1,0,Cruzamento,Bom,Perfeito estado,Molhada,Perfeito estado,R-6a,,Única,Faixa contínua
2022-05-07 00:00:00,,COM VÍTIMA,TAMARINEIRA,AV NORTE MIGUEL ARRAES DE ALENCAR,62,,COLISÃO TRANSVERSAL,1,1,0,0,0,0,0,0,0,1,0,Cruzamento,Bom,Perfeito estado,Seca,Perfeito estado,Outras,60 km/h,Dupla,Blocos
2022-05-08 00:00:00,,COM VÍTIMA,CAXANGÁ,AV CAXANGA,489,CIDADE,COLISÃO TRASEIRA,1,1,0,0,0,0,0,0,0,2,0,Longo da via,Bom,Incompleta,Seca,Perfeito estado,Não há placas,60 km/h,Única,Não existe
2022-05-08 00:00:00,,COM VÍTIMA,JORDÃO,AV DONA CARENTINA,,SUBURBIO,COLISÃO LATERAL,1,1,0,0,0,0,0,0,0,1,0,Longo da via,Bom,Incompleta,Seca,Mal conservada,R-6a,,Dupla,Não existe
2022-05-08 00:00:00,,SEM VÍTIMA,SÃO JOSÉ,RUA IMPERIAL,,,COLISÃO LATERAL,0,1,0,0,0,0,0,1,0,0,0,Cruzamento,Bom,Perfeito estado,Seca,Perfeito estado,Não há placas,60km/h,Única,Faixa seccionada
2022-05-08 00:00:00,,SEM VÍTIMA,BONGI,RUA ISAAC MARKMAN,,,COLISÃO LATERAL,2,0,0,0,0,0,0,0,0,0,0,,,,,,,,,
2022-05-08 00:00:00,,SEM VÍTIMA,ÁGUA FRIA,RUA EGAS MUNIZ,,,CHOQUE,1,0,0,0,0,0,0,0,0,0,0,,,,,,,,,
2022-05-08 00:00:00,,COM VÍTIMA,IMBIRIBEIRA,AV MARECHAL MASCARENHAS DE MORAES,,CIDADE,CHOQUE,0,1,0,0,0,0,0,0,0,1,0,Longo da via,Bom,Não existente,Seca,Perfeito estado,Não há placas,,Única,Não existe
2022-05-08 00:00:00,,COM VÍTIMA,BOA VIAGEM,RUA SA E SOUZA,,CIDADE,COLISÃO LATERAL,1,1,0,0,0,0,0,0,0,1,0,Longo da via,Chuvoso,Perfeito estado,Molhada,Perfeito estado,Não há placas,,Dupla,Faixa seccionada
2022-05-09 00:00:00,,COM VÍTIMA,IPUTINGA,AV CAXANGA,,,CHOQUE,1,0,0,0,0,0,0,0,0,1,0,,,,,,,,,
2022-05-09 00:00:00,,COM VÍTIMA,DOIS UNIDOS,AV HILDEBRANDO DE VASCONCELOS,,CIDADE,COLISÃO COM CICLISTA,0,0,0,1,0,1,0,0,0,1,0,Longo da via,Bom,Não existente,Seca,Perfeito estado,Não há placas,,Dupla,Não existe
2022-05-09 00:00:00,,COM VÍTIMA,IPSEP,AV RECIFE,,SUBURBIO,COLISÃO LATERAL,1,1,0,0,0,0,0,0,0,1,0,Longo da via,Bom,Perfeito estado,Seca,Perfeito estado,Outras,,Dupla,Faixa seccionada
2022-05-09 00:00:00,,COM VÍTIMA,JARDIM SÃO PAULO,AV SAO PAULO,,SUBURBIO,COLISÃO LATERAL,1,1,0,0,0,0,0,0,0,1,0,Longo da via,Bom,Ilegível,Seca,Mal conservada,Não há placas,,Dupla,Faixa seccionada
2022-05-09 00:00:00,,SEM VÍTIMA,BAIRRO DO RECIFE,AV ALFREDO LISBOA,,,COLISÃO TRASEIRA,2,0,0,0,0,0,0,0,0,0,0,,,,,,,,,
2022-05-09 00:00:00,,COM VÍTIMA,BAIRRO DO RECIFE,AV MILITAR,,SUBURBIO,COLISÃO TRANSVERSAL,1,1,0,0,0,0,0,0,0,1,0,Longo da via,Bom,Perfeito estado,Seca,Perfeito estado,Outras,60 km/h,,Faixa seccionada
2022-05-09 00:00:00,,SEM VÍTIMA,SÃO JOSÉ,RUA CORACAO DE MARIA,,,COLISÃO TRASEIRA,1,0,0,0,0,0,0,1,0,0,0,Longo da via,Bom,Perfeito estado,Seca,Perfeito estado,Outras,,Dupla,Canteiro central
2022-05-09 00:00:00,,COM VÍTIMA,IMBIRIBEIRA,AV RECIFE,,,COLISÃO LATERAL,0,1,0,0,0,0,1,0,0,1,0,,,,,,,,,
2022-05-10 00:00:00,,COM VÍTIMA,CORDEIRO,RUA DR JOAO LACERDA,,SUBURBIO,COLISÃO TRANSVERSAL,1,1,0,0,0,0,0,0,0,1,0,Cruzamento,Chuvoso,Perfeito estado,Molhada,Perfeito estado,"Placas ""Pare""",,Dupla,Não existe
2022-05-10 00:00:00,,SEM VÍTIMA,SOLEDADE,AV JOAO DE BARROS,,,COLISÃO LATERAL,2,0,0,0,0,0,0,0,0,0,0,Longo da via,Bom,Perfeito estado,Seca,Perfeito estado,,,Única,Canteiro central
2022-05-10 00:00:00,,COM VÍTIMA,PORTO DA MADEIRA,RUA DALVA DE OLIVEIRA,,CIDADE,COLISÃO TRANSVERSAL,1,1,0,0,0,0,0,0,0,1,0,Cruzamento,Bom,Incompleta,Seca,Perfeito estado,Outras,,Dupla,Não existe
2022-05-10 00:00:00,,SEM VÍTIMA,ÁGUA FRIA,RUA JORNALISTA JOSE CAMPELO JUNIOR,,,CHOQUE,0,0,0,0,0,0,1,0,0,0,0,Longo da via,Bom,Perfeito estado,Seca,Perfeito estado,Não há placas,,Dupla,Não existe
2022-05-11 00:00:00,,COM VÍTIMA,BOA VISTA,RUA DA UNIAO,,CIDADE,COLISÃO TRANSVERSAL,1,1,0,0,0,0,0,0,0,1,0,Cruzamento,Chuvoso,Perfeito estado,Molhada,Perfeito estado,"Placas ""Pare""",,Única,Não existe
2022-05-11 00:00:00,,SEM VÍTIMA,CAXANGÁ,AV CAXANGA,232,CIDADE,COLISÃO LATERAL,1,0,0,0,0,0,0,1,0,0,0,Esquina,Bom,Perfeito estado,Seca,Perfeito estado,Outras,,Dupla,Faixa seccionada
2022-05-11 00:00:00,,COM VÍTIMA,COELHOS,RUA DOS COELHOS,,CIDADE,QUEDA,0,1,0,0,1,0,0,0,0,1,0,Longo da via,Chuvoso,Perfeito estado,Molhada,Perfeito estado,Outras,,Dupla,Canteiro central
2022-05-11 00:00:00,,SEM VÍTIMA,JARDIM SÃO PAULO,RUA DR HOLMES DO REGO BARROS,,,COLISÃO LATERAL,1,0,0,0,0,0,1,0,0,0,0,Longo da via,Bom,Não existente,Molhada,Mal iluminada,Não há placas,,Dupla,Não existe
2022-05-11 00:00:00,,COM VÍTIMA,CAXANGÁ,AV CAXANGA,,CIDADE,QUEDA,0,1,0,0,0,0,0,0,0,1,0,Longo da via,Bom,Perfeito estado,Oleosa,Perfeito estado,Outras,,Dupla,Faixa seccionada
2022-05-11 00:00:00,,SEM VÍTIMA,MADALENA,RUA REAL DA TORRE,,,COLISÃO LATERAL,1,0,0,0,0,0,0,1,0,0,0,Esquina,Chuvoso,Perfeito estado,Molhada,Perfeito estado,,,Única,Faixa seccionada
2022-05-11 00:00:00,,COM VÍTIMA,IMBIRIBEIRA,RUA ARQUITETO LUIZ NUNES,560,CIDADE,ATROPELAMENTO DE PESSOA,1,0,0,0,1,0,0,0,0,1,0,Longo da via,Bom,Perfeito estado,Seca,Perfeito estado,R-19,30 km/h,Dupla,Faixa contínua
2022-05-11 00:00:00,,COM VÍTIMA,BOA VIAGEM,RUA DOS NAVEGANTES,,SUBURBIO,COLISÃO TRANSVERSAL,2,1,0,0,0,0,0,0,0,1,0,Longo da via,Bom,Perfeito estado,Seca,Perfeito estado,Não há placas,,Única,Não existe
2022-05-11 00:00:00,,SEM VÍTIMA,BOA VISTA,RUA DA UNIAO,,,COLISÃO LATERAL,2,0,0,0,0,0,0,0,0,0,0,Cruzamento,Bom,Perfeito estado,Seca,Perfeito estado,"Placas ""Pare""",,Única,Não existe
2022-05-11 00:00:00,,COM VÍTIMA,PRADO,RUA RODRIGUES DE MENDONCA,,CIDADE,COLISÃO TRANSVERSAL,0,2,0,0,0,0,0,0,0,1,0,Cruzamento,Bom,Perfeito estado,Seca,Perfeito estado,Outras,,Única,Não existe
2022-05-11 00:00:00,,COM VÍTIMA,MONTEIRO,AV DEZESSETE DE AGOSTO,,,COLISÃO TRASEIRA,1,2,0,0,0,0,0,0,0,1,0,Longo da via,Bom,Perfeito estado,Seca,Perfeito estado,Outras,,Dupla,Faixa contínua
2022-05-12 00:00:00,,SEM VÍTIMA,BOA VIAGEM,RUA ERNESTO DE PAULA SANTOS,,,COLISÃO LATERAL,1,1,0,0,0,0,0,0,0,0,0,,,,,,,,,
2022-05-12 00:00:00,,COM VÍTIMA,PAISSANDU,AV GOVERNADOR AGAMENON MAGALHAES,,BOA VIAGEM,COLISÃO TRASEIRA,1,1,0,0,0,0,0,0,0,1,0,Longo da via,Bom,Perfeito estado,Seca,Perfeito estado,Outras,60 km/h,Única,Canteiro central
2022-05-12 00:00:00,,COM VÍTIMA,CAMPO GRANDE,RUA ODORICO MENDES,,CIDADE,COLISÃO TRANSVERSAL,1,1,0,0,0,0,0,0,0,1,0,Cruzamento,Bom,Perfeito estado,Seca,Perfeito estado,Não há placas,,Dupla,Faixa
2022-05-12 00:00:00,,COM VÍTIMA,BOA VIAGEM,AV ENGENHEIRO DOMINGOS FERREIRA,,SUBURBIO,COLISÃO TRASEIRA,1,1,0,0,0,0,0,0,0,1,0,Longo da via,Bom,Perfeito estado,Seca,Perfeito estado,Outras,60 km/h,Única,Faixa seccionada
2022-05-12 00:00:00,,COM VÍTIMA,SANTO AMARO,RUA DO HOSPICIO,32,SUBURBIO,COLISÃO TRANSVERSAL,1,1,0,0,0,0,0,0,0,1,0,Cruzamento,Chuvoso,Perfeito estado,Molhada,Perfeito estado,Outras,,Dupla,Faixa seccionada
2022-05-12 00:00:00,,COM VÍTIMA,ARRUDA,AV BEBERIBE,,CIDADE,COLISÃO LATERAL,1,1,0,0,0,0,0,0,0,1,0,Cruzamento,Bom,Perfeito estado,Seca,Perfeito estado,R-6a,60 km/h,Dupla,Faixa contínua
2022-05-12 00:00:00,,COM VÍTIMA,BOA VISTA,AV GOVERNADOR AGAMENON MAGALHAES,174,SUBURBIO,COLISÃO TRASEIRA,1,1,0,0,0,0,0,0,0,1,0,Longo da via,Bom,Perfeito estado,Molhada,Perfeito estado,Não há placas,60 km/h,Única,Faixa seccionada
2022-05-12 00:00:00,,COM VÍTIMA,IPUTINGA,RUA QUIPAPA,,SUBURBIO,COLISÃO LATERAL,0,1,0,0,0,1,0,0,0,1,0,Longo da via,Chuvoso,Perfeito estado,Molhada,Perfeito estado,Não há placas,,Única,Não existe
2022-05-12 00:00:00,,COM VÍTIMA,BOA VIAGEM,RUA JOAO CARDOSO AIRES,,SUBURBIO,COLISÃO LATERAL,1,1,0,0,0,0,0,0,0,1,0,Cruzamento,Bom,Perfeito estado,Seca,Perfeito estado,Outras,,Única,Outros
2022-05-13 00:00:00,,COM VÍTIMA,ESTÂNCIA,AV RECIFE,,CIDADE,COLISÃO LATERAL,2,1,0,0,0,0,0,0,0,2,0,Longo da via,Chuvoso,Perfeito estado,Molhada,Perfeito estado,Não há placas,,Única,Faixa seccionada
2022-05-13 00:00:00,,COM VÍTIMA,GRAÇAS,AV RUI BARBOSA,305,,COLISÃO TRASEIRA,1,1,0,0,0,0,0,0,0,1,0,,,,,,,,,
2022-05-13 00:00:00,,COM VÍTIMA,ENCRUZILHADA,AV BEBERIBE,186,SUBURBIO,COLISÃO TRANSVERSAL,1,1,0,0,0,0,0,0,0,1,0,Cruzamento,Bom,Perfeito estado,Seca,Perfeito estado,R-6a,40 km/h,Dupla,Faixa contínua
2022-05-13 00:00:00,,COM VÍTIMA,PINA,AV BOA VIAGEM,119,CIDADE,COLISÃO LATERAL,1,1,0,0,0,0,0,0,0,1,0,Longo da via,Bom,Perfeito estado,Seca,Perfeito estado,Não há placas,60 km/h,Única,Faixa contínua
2022-05-13 00:00:00,,COM VÍTIMA,SÃO JOSÉ,VDO DAS CINCO PONTAS,,,QUEDA,0,0,0,1,0,0,0,0,0,1,0,,,,,,,,,
2022-05-13 00:00:00,,COM VÍTIMA,AFOGADOS,RUA SAO MIGUEL,,,COLISÃO LATERAL,0,0,0,0,0,0,0,0,0,1,0,,,,,,,,,
2022-05-13 00:00:00,,COM VÍTIMA,MADALENA,AV ENGENHEIRO ABDIAS DE CARVALHO,52,SUBURBIO,COLISÃO TRANSVERSAL,0,1,0,0,0,0,0,0,1,1,0,Cruzamento,Bom,Perfeito estado,Seca,Perfeito estado,Não há placas,,Dupla,Canteiro central
2022-05-13 00:00:00,,SEM VÍTIMA,BOA VISTA,AV MANOEL BORBA,,,COLISÃO LATERAL,2,0,0,0,0,0,0,0,0,0,0,,,,,,,,,
2022-05-14 00:00:00,,VÍTIMA FATAL,CORDEIRO,AV MAURICIO DE NASSAU,,SUBURBIO,CHOQUE,1,0,0,0,0,0,0,0,0,1,1,Outros,Chuvoso,Perfeito estado,Molhada,Perfeito estado,Outras,,Dupla,Faixa contínua
2022-05-14 00:00:00,,COM VÍTIMA,AFOGADOS,EST DOS REMEDIOS,,CIDADE,COLISÃO LATERAL,1,1,0,0,0,0,0,0,0,1,0,Longo da via,Chuvoso,Perfeito estado,Molhada,Perfeito estado,R-6a,,Única,Faixa seccionada
2022-05-14 00:00:00,,COM VÍTIMA,BOA VISTA,AV CONDE DA BOA VISTA,,SUBURBIO,COLISÃO LATERAL,1,1,0,0,0,0,0,0,0,1,0,Longo da via,Chuvoso,Perfeito estado,Molhada,Perfeito estado,R-6c,40 km/h,Dupla,Faixa seccionada
2022-05-14 00:00:00,,COM VÍTIMA,ROSARINHO,AV NORTE MIGUEL ARRAES DE ALENCAR,,,COLISÃO LATERAL,1,1,0,0,0,0,0,0,0,1,0,,,,,,,,,
2022-05-14 00:00:00,,COM VÍTIMA,TOTÓ,RUA PAULINO DE FARIAS,,AV LIBERDADE,QUEDA,0,1,0,0,0,0,0,0,0,2,0,Longo da via,Bom,Perfeito estado,Seca,Perfeito estado,R-6a,,Dupla,Não existe
2022-05-14 00:00:00,,COM VÍTIMA,TEJIPIÓ,RUA FALCAO DE LACERDA,,SUBURBIO,COLISÃO LATERAL,2,1,0,0,0,0,0,0,0,1,0,Longo da via,Bom,Perfeito estado,Seca,Mal conservada,Não há placas,,Dupla,Faixa contínua
2022-05-14 00:00:00,,COM VÍTIMA,BOA VIAGEM,AVENIDA CELSO FURTADO (VIA MANGUE),,SUBURBIO,COLISÃO LATERAL,1,1,0,0,0,0,0,0,0,2,0,Viaduto,Bom,Incompleta,Seca,,Não há placas,,Dupla,Faixa seccionada
2022-05-14 00:00:00,,SEM VÍTIMA,CAMPO GRANDE,RUA MARIA AUGUSTA DE SOUZA,,,COLISÃO LATERAL,2,0,0,0,0,0,0,0,0,0,0,,,,,,,,,
2022-05-14 00:00:00,,COM VÍTIMA,AFOGADOS,AV SUL,39,CIDADE,COLISÃO COM CICLISTA,0,0,0,1,0,1,0,0,0,1,0,Longo da via,Chuvoso,Perfeito estado,Molhada,Perfeito estado,Não há placas,,Única,Faixa seccionada
2022-05-14 00:00:00,,SEM VÍTIMA,AREIAS,AV CAPITAO GREGORIO DE CALDAS,,,COLISÃO LATERAL,2,0,0,0,0,0,0,0,0,0,0,,,,,,,,,
2022-05-15 00:00:00,,COM VÍTIMA,GRAÇAS,AV GOVERNADOR AGAMENON MAGALHAES,173,CIDADE,COLISÃO LATERAL,0,1,0,0,0,0,0,0,1,2,0,Cruzamento,Bom,Perfeito estado,Seca,Perfeito estado,R-26,60 km/h,Dupla,Canteiro central
2022-05-15 00:00:00,,COM VÍTIMA,IPSEP,AV RECIFE,,CIDADE,COLISÃO TRASEIRA,1,1,0,0,0,0,0,0,0,1,0,Longo da via,Chuvoso,Perfeito estado,Molhada,Perfeito estado,Não há placas,60 km/h,Dupla,Canteiro central
2022-05-15 00:00:00,,COM VÍTIMA,BOA VIAGEM,AV CONSELHEIRO AGUIAR,,CIDADE,COLISÃO TRANSVERSAL,3,0,0,0,0,0,0,0,0,2,0,Longo da via,Bom,Perfeito estado,Seca,Perfeito estado,Não há placas,60 km/h,Única,Faixa seccionada
2022-05-15 00:00:00,,COM VÍTIMA,CORDEIRO,AV GENERAL SAN MARTIN,67,,COLISÃO LATERAL,1,1,0,0,0,0,0,0,0,1,0,Cruzamento,Bom,Incompleta,Seca,Mal conservada,R-6a,,Dupla,Faixa seccionada
2022-05-15 00:00:00,,SEM VÍTIMA,PAISSANDU,AV GOVERNADOR AGAMENON MAGALHAES,68,,,1,0,0,0,0,0,0,1,0,0,0,Cruzamento,Bom,Perfeito estado,Seca,Perfeito estado,R-4a,60 km/h,Dupla,Faixa contínua
2022-05-15 00:00:00,,COM VÍTIMA,BOA VIAGEM,RUA SA E SOUZA,,SUBURBIO,COLISÃO TRANSVERSAL,1,1,0,0,0,0,0,0,0,2,0,Cruzamento,Bom,Perfeito estado,Seca,Perfeito estado,"Placas ""Pare""",,Dupla,Faixa contínua
2022-05-16 00:00:00,,COM VÍTIMA,BONGI,EST DO BONGI,,SUBURBIO,COLISÃO TRANSVERSAL,1,1,0,0,0,0,0,0,0,2,0,Longo da via,Bom,Perfeito estado,Seca,Perfeito estado,R-6a,40 km/h,Dupla,Faixa contínua
2022-05-16 00:00:00,,COM VÍTIMA,ROSARINHO,AV SANTOS DUMONT,,,QUEDA,0,1,0,0,0,0,0,0,0,1,0,,,,,,,,,
2022-05-16 00:00:00,,COM VÍTIMA,ROSARINHO,AV SANTOS DUMONT,,SUBURBIO,COLISÃO LATERAL,1,1,0,0,0,0,0,0,0,1,0,Cruzamento,Bom,Perfeito estado,Seca,Perfeito estado,"Placas ""Pare""",40 km/h,Única,Faixa seccionada
2022-05-16 00:00:00,,COM VÍTIMA,CURADO,RUA DR GEORGE WILLIAM BUTLER,,CIDADE,COLISÃO FRONTAL,0,1,0,0,0,1,0,0,0,1,0,Longo da via,Bom,Incompleta,Seca,Perfeito estado,Não há placas,,Dupla,Não existe
2022-05-16 00:00:00,,COM VÍTIMA,SANTO AMARO,AV NORTE MIGUEL ARRAES DE ALENCAR,243,SUBURBIO,COLISÃO COM CICLISTA,1,0,0,1,0,0,0,0,0,1,0,Cruzamento,Bom,Perfeito estado,Seca,Perfeito estado,R-6a,,Dupla,Faixa seccionada
2022-05-17 00:00:00,,COM VÍTIMA,CORDEIRO,AV CAXANGA,,SUBURBIO,COLISÃO TRASEIRA,1,0,1,0,0,0,0,0,0,1,0,Longo da via,Bom,Perfeito estado,Seca,Perfeito estado,Outras,,Dupla,Faixa seccionada
2022-05-17 00:00:00,,COM VÍTIMA,CASA AMARELA,AV NORTE MIGUEL ARRAES DE ALENCAR,677,SUBURBIO,COLISÃO LATERAL,1,1,0,0,0,0,0,0,0,1,0,Longo da via,Bom,Perfeito estado,Seca,Perfeito estado,R-6a,,Dupla,Blocos
2022-05-17 00:00:00,,COM VÍTIMA,JORDÃO,AV MARIA IRENE,,CIDADE,ATROPELAMENTO DE PESSOA,0,0,0,0,1,0,0,1,0,1,0,Longo da via,Bom,Perfeito estado,Seca,Perfeito estado,Não há placas,,Dupla,Faixa contínua
2022-05-17 00:00:00,,SEM VÍTIMA,JARDIM SÃO PAULO,EST DO CURADO,,SUBURBIO,,1,0,0,0,0,1,0,0,0,0,0,Cruzamento,Bom,Não existente,Seca,Mal conservada,"Placas ""Pare""",40 km/h,Dupla,Não existe
2022-05-17 00:00:00,,COM VÍTIMA,CORDEIRO,AV CAXANGA,236,SUBURBIO,COLISÃO COM CICLISTA,0,1,0,1,0,0,0,0,0,2,0,Cruzamento,Bom,Perfeito estado,Seca,Perfeito estado,Não há placas,60 km/h,Única,Faixa contínua