data,hora,natureza,bairro,endereco,num_semaforo,sentido_via,tipo,auto,moto,ciclom,ciclista,pedestre,onibus,caminhao,viatura,outros,vitimas,vitimasfatais,acidente_verificado,tempo_clima,sinalizacao,condicao_via,conservacao_via,situacao_placa,velocidade_max_via,mao_direcao,divisao_via1
2022-05-17 00:00:00,,COM VÍTIMA,BOA VISTA,AV GOVERNADOR AGAMENON MAGALHAES,,BOA VIAGEM,COLISÃO LATERAL,1,1,0,0,0,0,0,0,0,1,0,Longo da via,Bom,Perfeito estado,Seca,Perfeito estado,R-4b,60 km/h,Única,Faixa contínua
2022-05-17 00:00:00,,COM VÍTIMA,MANGUEIRA,RUA VINTE E UM DE ABRIL,,CIDADE,COLISÃO FRONTAL,1,1,0,0,0,0,0,0,0,1,0,Longo da via,Bom,Perfeito estado,Seca,Perfeito estado,Outras,,Dupla,Faixa seccionada
2022-05-17 00:00:00,,COM VÍTIMA,BOA VIAGEM,RUA VISCONDE DE JEQUITINHONHA,154,,ATROPELAMENTO DE PESSOA,1,0,0,0,1,0,0,0,0,1,0,,,,,,,,,
2022-05-17 00:00:00,,COM VÍTIMA,MACAXEIRA,AV JOSE AMERICO DE ALMEIDA,,CIDADE,COLISÃO LATERAL,0,1,0,0,0,1,0,0,0,1,0,Longo da via,Bom,Incompleta,Seca,Perfeito estado,Não há placas,,Dupla,Não existe
2022-05-18 00:00:00,,COM VÍTIMA,AREIAS,AV CAPITAO GREGORIO DE CALDAS,494,SUBURBIO,ATROPELAMENTO DE PESSOA,0,0,0,0,2,1,0,0,0,2,0,Cruzamento,Bom,Não existente,Seca,Perfeito estado,Não há placas,30 km/h,Dupla,Canteiro central
2022-05-18 00:00:00,,COM VÍTIMA,AFOGADOS,AV SUL,,CIDADE,COLISÃO TRASEIRA,2,0,0,0,0,0,0,0,0,1,0,Longo da via,Bom,Perfeito estado,Seca,Mal iluminada,Não há placas,,Única,Faixa seccionada
2022-05-18 00:00:00,,COM VÍTIMA,AREIAS,AV RECIFE,620,BR-101,COLISÃO LATERAL,2,1,0,0,0,0,0,0,0,1,0,Longo da via,Bom,Perfeito estado,Seca,Perfeito estado,R-6a,,Dupla,Faixa seccionada
2022-05-18 00:00:00,,SEM VÍTIMA,SANTO AMARO,AV GOVERNADOR AGAMENON MAGALHAES,,,COLISÃO TRASEIRA,1,0,0,0,0,0,0,1,0,0,0,,,,,,,,,
2022-05-18 00:00:00,,SEM VÍTIMA,ESPINHEIRO,RUA SANTO ELIAS,,,COLISÃO TRASEIRA,1,0,0,0,0,0,1,0,0,0,0,,,,,,,,,
2022-05-18 00:00:00,,COM VÍTIMA,JOANA BEZERRA,VIADUTO CAPITAO TEMUDO,,BOA VIAGEM,COLISÃO TRASEIRA,1,1,0,0,0,0,0,0,0,1,0,Viaduto,Bom,Perfeito estado,Seca,Perfeito estado,Não há placas,60 km/h,Dupla,Canteiro central
2022-05-18 00:00:00,,SEM VÍTIMA,GRAÇAS,RUA DR BANDEIRA FILHO,,,COLISÃO LATERAL,2,0,0,0,0,0,0,0,0,0,0,,,,,,,,,
2022-05-18 00:00:00,,SEM VÍTIMA,BOA VIAGEM,RUA BRUNO VELOSO,,,COLISÃO LATERAL,2,0,0,0,0,0,0,0,0,0,0,,,,,,,,,
2022-05-18 00:00:00,,COM VÍTIMA,PORTO DA MADEIRA,AV BEBERIBE,,,COLISÃO TRANSVERSAL,1,1,0,0,0,0,0,0,0,1,0,Longo da via,Bom,Perfeito estado,Seca,Perfeito estado,R-6a,,Dupla,Faixa contínua
2022-05-19 00:00:00,,SEM VÍTIMA,SÃO JOSÉ,RUA IMPERIAL,511,SUBURBIO,COLISÃO TRASEIRA,1,0,0,0,0,0,0,1,0,0,0,Longo da via,Bom,Perfeito estado,Seca,Perfeito estado,Não há placas,,Única,Faixa contínua
2022-05-19 00:00:00,,COM VÍTIMA,NOVA DESCOBERTA,RUA DA PAZ,,SUBURBIO,COLISÃO FRONTAL,0,1,0,0,0,1,0,0,0,1,0,Ponte,Bom,Não existente,Seca,Mal conservada,Não há placas,,Dupla,Não existe
2022-05-19 00:00:00,,COM VÍTIMA,BOA VIAGEM,RUA DOS NAVEGANTES,,,COLISÃO TRANSVERSAL,2,0,0,0,0,0,0,0,0,3,0,Cruzamento,Bom,Perfeito estado,Seca,Perfeito estado,"Placas ""Pare""",,Única,Faixa seccionada
2022-05-19 00:00:00,,COM VÍTIMA,DERBY,AV GOVERNADOR AGAMENON MAGALHAES,,,COLISÃO TRASEIRA,0,1,0,0,0,1,0,0,0,1,0,Longo da via,Bom,Perfeito estado,Seca,Perfeito estado,Outras,60 km/h,Única,Faixa seccionada
2022-05-19 00:00:00,,SEM VÍTIMA,SANTO AMARO,RUA ALMEIDA CUNHA,,,COLISÃO LATERAL,2,0,0,0,0,0,0,0,0,0,0,,,,,,,,,
2022-05-20 00:00:00,,COM VÍTIMA,IMBIRIBEIRA,RUA ARQUITETO LUIZ NUNES,634,CIDADE,COLISÃO TRANSVERSAL,1,1,0,0,0,0,0,0,0,1,0,Cruzamento,Bom,Perfeito estado,Seca,Perfeito estado,Não há placas,40 km/h,Dupla,Faixa contínua
2022-05-21 00:00:00,,SEM VÍTIMA,CASA FORTE,RUA JADER DE ANDRADE,,,,1,1,0,0,0,0,0,0,0,0,0,Longo da via,Chuvoso,Não existente,Molhada,Perfeito estado,Não há placas,,Dupla,Não existe
2022-05-21 00:00:00,,COM VÍTIMA,ARRUDA,RUA DO MACHADO,,CIDADE,COLISÃO FRONTAL,1,1,0,0,0,0,0,0,0,1,0,Longo da via,Bom,Perfeito estado,Seca,Perfeito estado,"Placas ""Pare""",30 km/h,Dupla,Não existe
2022-05-21 00:00:00,,COM VÍTIMA,APIPUCOS,RUA DE APIPUCOS,,SUBURBIO,COLISÃO TRASEIRA,1,1,0,0,0,0,0,0,0,1,0,Longo da via,Bom,Perfeito estado,Seca,Perfeito estado,R-6a,,Dupla,Faixa contínua
2022-05-21 00:00:00,,COM VÍTIMA,IMBIRIBEIRA,AV SUL,,,COLISÃO FRONTAL,0,1,0,0,0,0,0,0,0,2,0,,,,,,,,,
2022-05-21 00:00:00,,COM VÍTIMA,MADALENA,AV JOSE GONCALVES DE MEDEIROS,,CIDADE,COLISÃO LATERAL,1,1,0,0,0,0,0,0,0,2,0,Longo da via,Bom,Incompleta,Seca,Perfeito estado,R-6a,,Única,Não existe
2022-05-21 00:00:00,,SEM VÍTIMA,SANTO AMARO,AV CRUZ CABUGA,674,SUBURBIO,CHOQUE,1,0,0,0,0,0,0,0,0,0,0,Cruzamento,Bom,Perfeito estado,Seca,Perfeito estado,Não há placas,,Dupla,Faixa seccionada
2022-05-21 00:00:00,,SEM VÍTIMA,ESPINHEIRO,AV GOVERNADOR AGAMENON MAGALHAES,,BOA VIAGEM,COLISÃO LATERAL,2,0,0,0,0,0,0,0,0,0,0,,,,,,,,,
2022-05-21 00:00:00,,COM VÍTIMA,TORRE,RUA PROFESSOR TRAJANO DE MENDONCA,,CIDADE,COLISÃO COM CICLISTA,1,0,0,1,0,0,0,0,0,1,0,Longo da via,Bom,Perfeito estado,Seca,Perfeito estado,Não há placas,,Única,Faixa seccionada
2022-05-22 00:00:00,,COM VÍTIMA,MADALENA,EST DOS REMEDIOS,353,CIDADE,COLISÃO TRANSVERSAL,1,1,0,0,0,0,0,0,0,1,0,Cruzamento,Bom,Perfeito estado,Seca,Perfeito estado,"Placas ""Pare""",,Única,Faixa seccionada
2022-05-22 00:00:00,,COM VÍTIMA,AFOGADOS,RUA SAO MIGUEL,,CIDADE,ATROPELAMENTO DE PESSOA,0,1,0,0,1,0,0,0,0,2,0,Cruzamento,Bom,Perfeito estado,Seca,Perfeito estado,,60 km/h,Dupla,Faixa contínua
2022-05-22 00:00:00,,COM VÍTIMA,VÁRZEA,AV AFONSO OLINDENSE,568,SUBURBIO,COLISÃO LATERAL,1,1,0,0,0,0,0,0,0,1,0,Longo da via,Bom,Incompleta,Seca,Perfeito estado,R-6a,30 km/h,Dupla,Faixa contínua
2022-05-22 00:00:00,,COM VÍTIMA,MACAXEIRA,RUA MARIA AMALIA,,CIDADE,COLISÃO LATERAL,1,1,0,0,0,0,0,0,0,1,0,Longo da via,Chuvoso,Não existente,Seca,Mal conservada,Não há placas,,Dupla,Não existe
2022-05-22 00:00:00,,SEM VÍTIMA,IPUTINGA,AV CAXANGA,533,,,1,1,0,0,0,0,0,0,0,0,0,Cruzamento,Bom,Perfeito estado,,,Não há placas,,Dupla,Canteiro central
2022-05-22 00:00:00,,COM VÍTIMA,BOA VIAGEM,RUA RIBEIRO DE BRITO,331,,COLISÃO TRANSVERSAL,1,1,0,0,0,0,0,0,0,2,0,Cruzamento,Chuvoso,Perfeito estado,Molhada,Perfeito estado,Não há placas,,Única,Não existe
2022-05-22 00:00:00,,COM VÍTIMA,JAQUEIRA,AV CONS ROSA E SILVA,686,SUBURBIO,COLISÃO TRANSVERSAL,0,2,0,0,0,0,0,0,0,1,0,Longo da via,Bom,Perfeito estado,Seca,Perfeito estado,Não há placas,60 km/h,Única,Faixa seccionada
2022-05-23 00:00:00,,COM VÍTIMA,CORDEIRO,AV CAXANGA,235,SUBURBIO,ATROPELAMENTO DE PESSOA,1,0,0,0,1,1,0,0,0,1,0,Longo da via,Chuvoso,Perfeito estado,Molhada,Perfeito estado,Outras,,Dupla,Faixa seccionada
2022-05-23 00:00:00,,COM VÍTIMA,CAXANGÁ,AV CAXANGA,,,ATROPELAMENTO DE PESSOA,0,0,0,0,1,1,0,0,0,1,0,,,,,,,,,
2022-05-23 00:00:00,,COM VÍTIMA,PARNAMIRIM,RUA DA ESTRELA,,SUBURBIO,COLISÃO LATERAL,1,1,0,0,0,0,0,0,0,2,0,Longo da via,Chuvoso,Perfeito estado,Molhada,Perfeito estado,Outras,30 km/h,Dupla,Não existe
2022-05-23 00:00:00,,COM VÍTIMA,TORRE,RUA JOSE BONIFACIO,301,SUBURBIO,COLISÃO TRASEIRA,1,1,0,0,0,0,0,0,0,1,0,Longo da via,Bom,Perfeito estado,Seca,Perfeito estado,Não há placas,,Única,Faixa seccionada
2022-05-23 00:00:00,,COM VÍTIMA,BOA VISTA,RUA DOM BOSCO,,SUBURBIO,COLISÃO TRANSVERSAL,1,1,0,0,0,0,0,0,0,1,0,Longo da via,Bom,Perfeito estado,Seca,Perfeito estado,Não há placas,40 km/h,Única,Faixa seccionada
2022-05-23 00:00:00,,COM VÍTIMA,PINA,RUA MANOEL DE BRITO,,CIDADE,COLISÃO COM CICLISTA,1,0,0,1,0,0,0,0,0,1,0,Longo da via,Bom,Perfeito estado,Seca,Perfeito estado,Não há placas,,Única,Faixa seccionada
2022-05-23 00:00:00,,COM VÍTIMA,BOA VIAGEM,AV ENGENHEIRO DOMINGOS FERREIRA,,,ATROPELAMENTO DE PESSOA,1,0,0,0,1,0,0,0,0,1,0,,,,,,,,,
2022-05-23 00:00:00,,COM VÍTIMA,TORRE,RUA JOSE OSORIO,,,COLISÃO FRONTAL,1,1,0,0,0,0,0,0,0,1,0,,,,,,,,,
2022-05-23 00:00:00,,COM VÍTIMA,NOVA DESCOBERTA,RUA TEREZA CARNEIRO,,,COLISÃO LATERAL,0,1,0,0,0,0,1,0,0,1,0,,,,,,,,,
2022-05-23 00:00:00,,COM VÍTIMA,JOANA BEZERRA,VDO PAPA JOAO PAULO II,,SUBURBIO,ATROPELAMENTO DE PESSOA,3,0,0,0,1,0,0,0,0,1,0,Viaduto,Chuvoso,Não existente,Molhada,Perfeito estado,Não há placas,60 km/h,Única,
2022-05-23 00:00:00,,SEM VÍTIMA,IPUTINGA,AV PROFESSOR MORAES REGO,,,COLISÃO TRASEIRA,3,0,0,0,0,0,0,0,0,0,0,,,,,,,,,
2022-05-24 00:00:00,,SEM VÍTIMA,GRAÇAS,RUA AMARO BEZERRA,,CIDADE,,1,0,0,0,0,0,0,0,0,0,0,Longo da via,Chuvoso,Perfeito estado,Molhada,Perfeito estado,Outras,,Única,Não existe
2022-05-24 00:00:00,,COM VÍTIMA,TORRÕES,RUA QUINZE DE MARCO,,SUBURBIO,CHOQUE,1,0,0,0,0,0,0,0,0,1,0,Cruzamento,Chuvoso,Perfeito estado,Molhada,Mal conservada,Não há placas,60 km/h,Dupla,Faixa seccionada
2022-05-24 00:00:00,,COM VÍTIMA,IMBIRIBEIRA,AV MARECHAL MASCARENHAS DE MORAES,,SUBURBIO,CAPOTAMENTO,1,0,0,0,0,0,0,0,0,1,0,Longo da via,Chuvoso,Perfeito estado,Molhada,Perfeito estado,Outras,,Única,Não existe
2022-05-24 00:00:00,,COM VÍTIMA,ESTÂNCIA,AV RECIFE,705,SUBURBIO,COLISÃO LATERAL,0,1,0,0,0,0,1,0,0,1,0,Cruzamento,Chuvoso,Perfeito estado,Molhada,Perfeito estado,R-19,50 km/h,Dupla,Canteiro central
2022-05-24 00:00:00,,SEM VÍTIMA,BOA VIAGEM,AVENIDA CELSO FURTADO (VIA MANGUE),,,CAPOTAMENTO,0,0,0,0,0,0,0,0,0,0,0,,,,,,,,,
2022-05-24 00:00:00,,COM VÍTIMA,SAN MARTIN,AV CONSUL VILARES FRAGOSO,,,COLISÃO LATERAL,1,1,0,0,0,0,0,0,0,1,0,,,,,,,,,
2022-05-24 00:00:00,,COM VÍTIMA,VÁRZEA,AV CAXANGA,568,SUBURBIO,COLISÃO COM CICLISTA,0,0,0,1,0,1,0,0,0,1,0,Longo da via,Chuvoso,Perfeito estado,Molhada,Perfeito estado,Outras,,Dupla,Faixa contínua
2022-05-25 00:00:00,,COM VÍTIMA,CASA AMARELA,RUA DA HARMONIA,,SUBURBIO,COLISÃO FRONTAL,2,0,0,0,0,0,0,0,0,1,0,Longo da via,Chuvoso,Perfeito estado,Seca,Perfeito estado,Outras,30 km/h,Dupla,Faixa contínua
2022-05-26 00:00:00,,SEM VÍTIMA,BOA VIAGEM,RUA AVIADOR SEVERIANO LINS,,SUBURBIO,COLISÃO TRANSVERSAL,3,0,0,0,0,0,0,0,0,0,0,Longo da via,Chuvoso,Não existente,Molhada,Perfeito estado,Não há placas,,Dupla,Não existe
2022-05-26 00:00:00,,SEM VÍTIMA,BOA VIAGEM,RUA AVIADOR SEVERIANO LINS,,,COLISÃO TRASEIRA,3,0,0,0,0,0,0,0,0,0,0,,,,,,,,,
2022-05-26 00:00:00,,COM VÍTIMA,BARRO,AV DR JOSE RUFINO,539,CIDADE,COLISÃO FRONTAL,3,0,0,0,0,0,0,0,0,1,0,Cruzamento,Bom,Incompleta,Seca,Mal conservada,R-6a,40 km/h,Dupla,Faixa contínua
2022-05-26 00:00:00,,SEM VÍTIMA,MADALENA,RUA SPORT CLUBE DO RECIFE,481,CIDADE,COLISÃO TRASEIRA,3,0,0,0,0,0,0,0,0,0,0,Longo da via,Bom,Perfeito estado,Seca,Perfeito estado,Não há placas,,Dupla,Canteiro central
2022-05-26 00:00:00,,COM VÍTIMA,GRAÇAS,AV GOVERNADOR AGAMENON MAGALHAES,,CIDADE,COLISÃO LATERAL,1,2,0,0,0,0,0,0,0,2,0,Longo da via,Chuvoso,Perfeito estado,Molhada,Perfeito estado,Não há placas,,Dupla,Canteiro central
2022-05-26 00:00:00,,COM VÍTIMA,ALTO SANTA TERESINHA,RUA PROFESSOR JOSE AMARINO DOS REIS,,,COLISÃO FRONTAL,1,1,0,0,0,0,0,0,0,1,0,Longo da via,Chuvoso,Perfeito estado,Molhada,Perfeito estado,Não há placas,,Dupla,Faixa seccionada
2022-05-26 00:00:00,,COM VÍTIMA,CASA AMARELA,AV DR EURICO CHAVES,,SUBURBIO,COLISÃO FRONTAL,0,2,0,0,0,0,0,0,0,1,0,Longo da via,Chuvoso,Perfeito estado,Molhada,Perfeito estado,Não há placas,,Dupla,Faixa seccionada
2022-05-27 00:00:00,,COM VÍTIMA,DERBY,AV GOVERNADOR AGAMENON MAGALHAES,174,SUBURBIO,COLISÃO TRASEIRA,1,1,0,0,0,0,0,0,0,1,0,Longo da via,Chuvoso,Perfeito estado,Molhada,Perfeito estado,R-6a,60 km/h,Dupla,Canteiro central
2022-05-27 00:00:00,,COM VÍTIMA,DERBY,PRC DO DERBY,40,CIDADE,COLISÃO TRASEIRA,1,1,0,0,0,0,0,0,0,1,0,Cruzamento,Chuvoso,Perfeito estado,Molhada,Perfeito estado,Não há placas,,Única,Faixa contínua
2022-05-27 00:00:00,,COM VÍTIMA,IMBIRIBEIRA,AV MARECHAL MASCARENHAS DE MORAES,289,CIDADE,COLISÃO LATERAL,2,1,0,0,0,0,0,0,0,1,0,Longo da via,Chuvoso,Perfeito estado,Molhada,Perfeito estado,Outras,,Dupla,Canteiro central
2022-05-27 00:00:00,,COM VÍTIMA,CABANGA,RUA GUTIUBA,,SUBURBIO,COLISÃO FRONTAL,1,1,0,0,0,0,0,0,0,1,0,Cruzamento,Chuvoso,Perfeito estado,Seca,Perfeito estado,Não há placas,40 km/h,Dupla,Não existe
2022-05-27 00:00:00,,SEM VÍTIMA,CORDEIRO,AV GENERAL SAN MARTIN,,,COLISÃO LATERAL,2,0,0,0,0,0,0,0,0,0,0,,,,,,,,,
2022-05-27 00:00:00,,SEM VÍTIMA,VÁRZEA,AV AFONSO OLINDENSE,,,COLISÃO LATERAL,1,0,0,0,0,0,0,1,0,0,0,,,,,,,,,
2022-05-27 00:00:00,,COM VÍTIMA,BOA VIAGEM,AV ENGENHEIRO DOMINGOS FERREIRA,,SUBURBIO,ATROPELAMENTO DE PESSOA,0,1,0,0,1,0,0,0,0,1,0,Longo da via,Chuvoso,Perfeito estado,Molhada,Mal conservada,Outras,,Única,Faixa contínua
2022-05-30 00:00:00,,COM VÍTIMA,PORTO DA MADEIRA,AV BEBERIBE,388,SUBURBIO,COLISÃO TRANSVERSAL,1,1,0,0,0,0,0,0,0,1,0,Longo da via,Chuvoso,Perfeito estado,Molhada,Perfeito estado,R-6a,,Dupla,Faixa contínua
2022-05-30 00:00:00,,COM VÍTIMA,DERBY,AV GOVERNADOR AGAMENON MAGALHAES,68,,ATROPELAMENTO DE PESSOA,0,0,0,0,1,1,0,0,0,1,0,Longo da via,Chuvoso,Perfeito estado,Molhada,Perfeito estado,,60 km/h,Dupla,Canal
2022-05-30 00:00:00,,COM VÍTIMA,AREIAS,RUA JOSE NATARIO,,,COLISÃO LATERAL,0,1,0,0,0,0,1,0,0,1,0,Longo da via,Chuvoso,Ilegível,Seca,Perfeito estado,R-6a,40 km/h,Dupla,Faixa seccionada
2022-05-30 00:00:00,,SEM VÍTIMA,,AV SUL,,,COLISÃO TRASEIRA,3,0,0,0,0,0,0,0,0,0,0,,,,,,,,,
2022-05-31 00:00:00,,COM VÍTIMA,CASA AMARELA,AV NORTE MIGUEL ARRAES DE ALENCAR,,CIDADE,COLISÃO TRASEIRA,1,1,0,0,0,0,1,0,0,1,0,Longo da via,Chuvoso,Perfeito estado,Molhada,Perfeito estado,Não há placas,,Dupla,Faixa seccionada
2022-05-31 00:00:00,,COM VÍTIMA,DOIS IRMÃOS,RUA DOIS IRMAOS,416,SUBURBIO,CHOQUE,0,0,0,0,0,1,0,0,0,1,0,Longo da via,Bom,Perfeito estado,Molhada,Perfeito estado,R-6a,,Dupla,Faixa contínua
2022-06-01 00:00:00,,COM VÍTIMA,ÁGUA FRIA,EST VELHA DE AGUA FRIA,,,QUEDA,0,1,0,0,0,0,0,0,0,1,0,,,,,,,,,
2022-06-01 00:00:00,,SEM VÍTIMA,TORRE,RUA CONDE DE IRAJA,630,SUBURBIO,,2,0,0,0,0,0,0,0,0,0,0,Longo da via,Chuvoso,Perfeito estado,Molhada,Perfeito estado,R-3,,Única,Faixa seccionada
2022-06-01 00:00:00,,COM VÍTIMA,IMBIRIBEIRA,VIADUTO TANCREDO NEVES,,SUBURBIO,COLISÃO LATERAL,1,1,0,0,0,0,0,0,0,1,0,,,,,,,,,
2022-06-01 00:00:00,,COM VÍTIMA,CASA AMARELA,AV NORTE MIGUEL ARRAES DE ALENCAR,,SUBURBIO,ATROPELAMENTO DE PESSOA,0,1,0,0,1,0,0,0,0,1,0,Longo da via,Bom,Perfeito estado,Seca,Perfeito estado,Não há placas,,Dupla,Canteiro central
2022-06-01 00:00:00,,COM VÍTIMA,IMBIRIBEIRA,AV PINHEIROS,,,COLISÃO LATERAL,2,0,0,0,0,0,0,0,0,2,0,,,,,,,,,
2022-06-01 00:00:00,,COM VÍTIMA,ENCRUZILHADA,AV BEBERIBE,,,ATROPELAMENTO DE PESSOA,0,0,0,0,0,1,0,0,0,1,0,,,,,,,,,
2022-06-02 00:00:00,,COM VÍTIMA,SÃO JOSÉ,AV DANTAS BARRETO,54,SUBURBIO,COLISÃO TRANSVERSAL,1,0,0,0,0,1,0,0,0,2,0,Cruzamento,Chuvoso,Perfeito estado,Molhada,Perfeito estado,Não há placas,,Dupla,Faixa contínua
2022-06-02 00:00:00,,COM VÍTIMA,ILHA DO RETIRO,AV ENGENHEIRO ABDIAS DE CARVALHO,355,SUBURBIO,COLISÃO COM CICLISTA,0,1,0,1,0,0,0,0,0,2,0,Cruzamento,Bom,Perfeito estado,Molhada,Perfeito estado,Não há placas,60 km/h,Dupla,Canteiro central
2022-06-02 00:00:00,,COM VÍTIMA,ENCRUZILHADA,AV NORTE MIGUEL ARRAES DE ALENCAR,43,CIDADE,ATROPELAMENTO DE PESSOA,0,1,0,0,1,0,0,0,0,2,0,Longo da via,Bom,Perfeito estado,Seca,Perfeito estado,R-6a,,Dupla,Blocos
2022-06-02 00:00:00,,COM VÍTIMA,PINA,AV ENGENHEIRO DOMINGOS FERREIRA,,SUBURBIO,COLISÃO LATERAL,3,1,0,0,0,0,0,0,0,1,0,Longo da via,Bom,Não existente,Seca,Perfeito estado,Não há placas,60 km/h,Única,Não existe
2022-06-02 00:00:00,,COM VÍTIMA,ENCRUZILHADA,AV NORTE MIGUEL ARRAES DE ALENCAR,,,ATROPELAMENTO DE PESSOA,0,1,0,0,1,0,0,0,0,2,0,,,,,,,,,
2022-06-02 00:00:00,,COM VÍTIMA,ENCRUZILHADA,EST DE BELEM,,CIDADE,QUEDA,0,1,0,0,0,0,0,0,0,2,0,Longo da via,Bom,Perfeito estado,Seca,Perfeito estado,R-6a,,Dupla,Faixa contínua
2022-06-02 00:00:00,,COM VÍTIMA,AREIAS,AV DR JOSE RUFINO,,,ATROPELAMENTO DE PESSOA,0,1,0,0,1,0,0,0,0,1,0,,,,,,,,,
2022-06-03 00:00:00,,SEM VÍTIMA,AREIAS,AV RECIFE,,,CHOQUE,1,0,0,0,0,0,0,0,0,0,0,Longo da via,Chuvoso,Não existente,Molhada,Mal conservada,Não há placas,50 km/h,Dupla,Canteiro central
2022-06-03 00:00:00,,COM VÍTIMA,PRADO,AV ENGENHEIRO ABDIAS DE CARVALHO,57,SUBURBIO,COLISÃO TRASEIRA,1,1,0,0,0,0,0,0,0,1,0,Cruzamento,Chuvoso,Perfeito estado,Molhada,Perfeito estado,,60 km/h,Única,Faixa seccionada
2022-06-03 00:00:00,,COM VÍTIMA,CAMPO GRANDE,AV GOVERNADOR AGAMENON MAGALHAES,49,CIDADE,COLISÃO TRANSVERSAL,2,0,0,0,0,0,0,0,0,1,0,Cruzamento,Bom,Perfeito estado,Seca,Perfeito estado,Não há placas,60 km/h,Dupla,Faixa contínua
2022-06-03 00:00:00,,SEM VÍTIMA,IMBIRIBEIRA,RUA ARQUITETO LUIZ NUNES,,SUBURBIO,COLISÃO TRASEIRA,1,1,0,0,0,0,0,0,0,0,0,,,,,,,,,
2022-06-03 00:00:00,,COM VÍTIMA,CASA FORTE,AV DEZESSETE DE AGOSTO,,,COLISÃO LATERAL,1,1,0,0,0,0,0,0,0,1,0,Longo da via,Bom,Perfeito estado,Seca,Perfeito estado,Outras,,Dupla,Faixa contínua
2022-06-03 00:00:00,,COM VÍTIMA,TEJIPIÓ,RUA SARGENTO JUVENCIO,,,COLISÃO LATERAL,1,1,0,0,0,0,0,0,0,1,0,,,,,,,,,
2022-06-03 00:00:00,,COM VÍTIMA,CAXANGÁ,AV CAXANGA,,SUBURBIO,ENGAVETAMENTO,2,0,0,0,0,1,0,0,0,2,0,,,,,,,,,
2022-06-04 00:00:00,,SEM VÍTIMA,ENCRUZILHADA,AV BEBERIBE,,,COLISÃO TRANSVERSAL,1,1,0,0,0,0,0,0,0,0,0,,,,,,,,,
2022-06-04 00:00:00,,COM VÍTIMA,CAMPO GRANDE,RUA JERONIMO VILELA,642,,COLISÃO LATERAL,2,0,0,0,0,0,0,0,0,1,0,Cruzamento,Chuvoso,Perfeito estado,Molhada,Perfeito estado,,40 km/h,Dupla,Canteiro central
2022-06-04 00:00:00,,COM VÍTIMA,ESPINHEIRO,RUA DR FERNANDO ALLAIN,,,COLISÃO LATERAL,1,1,0,0,0,0,0,0,0,1,0,,,,,,,,,
2022-06-04 00:00:00,,COM VÍTIMA,PINA,AV HERCULANO BANDEIRA,,SUBURBIO,COLISÃO TRASEIRA,1,1,0,0,0,0,0,0,0,1,0,Longo da via,Chuvoso,Perfeito estado,Molhada,Mal conservada,R-6a,,Única,Faixa contínua
2022-06-04 00:00:00,,COM VÍTIMA,AFOGADOS,RUA SAO MIGUEL,391,CIDADE,COLISÃO LATERAL,1,1,0,0,0,0,0,0,0,1,0,Esquina,Chuvoso,Perfeito estado,Molhada,Perfeito estado,Outras,,Dupla,Faixa contínua
2022-06-04 00:00:00,,SEM VÍTIMA,CASA AMARELA,AV NORTE MIGUEL ARRAES DE ALENCAR,,CIDADE,,2,0,0,0,0,0,0,0,0,0,0,Longo da via,Bom,Não existente,Seca,Perfeito estado,Não há placas,,Única,Não existe
2022-06-04 00:00:00,,COM VÍTIMA,CASA AMARELA,AV NORTE MIGUEL ARRAES DE ALENCAR,79,CIDADE,COLISÃO TRANSVERSAL,0,2,0,0,0,0,0,0,0,2,0,Longo da via,Chuvoso,Perfeito estado,Molhada,Perfeito estado,R-6a,,Dupla,Blocos
2022-06-05 00:00:00,,COM VÍTIMA,MANGABEIRA,RUA JACOB,,SUBURBIO,COLISÃO TRASEIRA,1,0,0,0,0,0,0,1,0,1,0,Longo da via,Chuvoso,Incompleta,Molhada,Perfeito estado,Outras,,Dupla,Não existe
2022-06-05 00:00:00,,SEM VÍTIMA,ÁGUA FRIA,RUA SAO BENTO,,SUBURBIO,COLISÃO TRASEIRA,2,0,0,0,0,0,0,0,0,0,0,,Bom,Incompleta,Seca,Perfeito estado,R-6a,,Única,Outros
2022-06-05 00:00:00,,COM VÍTIMA,BOA VIAGEM,RUA DEZ DE JULHO,,CIDADE,COLISÃO TRANSVERSAL,1,1,0,0,0,0,0,0,0,1,0,Cruzamento,Bom,Perfeito estado,Seca,Perfeito estado,"Placas ""Pare""",,Única,Faixa seccionada
2022-06-05 00:00:00,,COM VÍTIMA,ARRUDA,AV BEBERIBE,,SUBURBIO,COLISÃO LATERAL,1,1,0,0,0,0,0,0,0,1,0,Longo da via,Bom,Perfeito estado,Seca,Perfeito estado,Não há placas,,Dupla,Faixa seccionada
2022-06-06 00:00:00,,COM VÍTIMA,TEJIPIÓ,RUA GENERAL MANUEL RABELO,,SUBURBIO,COLISÃO COM CICLISTA,1,1,0,1,0,0,0,0,0,3,0,Longo da via,Chuvoso,Perfeito estado,Molhada,Perfeito estado,Não há placas,,Dupla,Faixa contínua