data,hora,natureza,bairro,endereco,num_semaforo,sentido_via,tipo,auto,moto,ciclom,ciclista,pedestre,onibus,caminhao,viatura,outros,vitimas,vitimasfatais,acidente_verificado,tempo_clima,sinalizacao,condicao_via,conservacao_via,situacao_placa,velocidade_max_via,mao_direcao,divisao_via1
2022-06-06 00:00:00,,COM VÍTIMA,CAXANGÁ,AV CAXANGA,,SUBURBIO,COLISÃO LATERAL,0,0,0,0,0,0,0,0,0,1,0,,,,,,,,,
2022-06-06 00:00:00,,COM VÍTIMA,IPSEP,RUA JEAN EMILE FAVRE,,CIDADE,COLISÃO TRANSVERSAL,1,1,0,0,0,0,0,0,0,1,0,Longo da via,Chuvoso,,Molhada,Perfeito estado,R-6a,,Dupla,Faixa contínua
2022-06-06 00:00:00,,SEM VÍTIMA,MADALENA,AV BEIRA RIO,,SUBURBIO,,2,0,0,0,0,0,0,0,0,0,0,Longo da via,Chuvoso,Perfeito estado,Molhada,Perfeito estado,Não há placas,,Dupla,Não existe
2022-06-06 00:00:00,,SEM VÍTIMA,CIDADE UNIVERSITÁRIA,RUA EMILIANO BRAGA,,,COLISÃO LATERAL,1,0,0,0,0,0,1,0,0,0,0,,,,,,,,,
2022-06-07 00:00:00,,COM VÍTIMA,CASA AMARELA,AV NORTE MIGUEL ARRAES DE ALENCAR,256,SUBURBIO,COLISÃO TRASEIRA,1,1,0,0,0,0,0,0,0,1,0,Esquina,Chuvoso,Perfeito estado,Molhada,Perfeito estado,R-6a,60 km/h,Dupla,Faixa contínua
2022-06-07 00:00:00,,COM VÍTIMA,BOA VISTA,AV GOVERNADOR AGAMENON MAGALHAES,174,SUBURBIO,COLISÃO TRANSVERSAL,1,1,0,0,0,0,0,0,0,1,0,Cruzamento,Chuvoso,Incompleta,Molhada,Mal conservada,,60 km/h,Dupla,Canal
2022-06-07 00:00:00,,COM VÍTIMA,MADALENA,RUA JANUARIO BARBOSA,,SUBURBIO,COLISÃO LATERAL,1,1,0,0,0,0,0,0,0,1,0,Cruzamento,Chuvoso,Perfeito estado,Molhada,Perfeito estado,R-6a,,Única,Faixa seccionada
2022-06-07 00:00:00,,SEM VÍTIMA,DERBY,AV BEIRA RIO,,CIDADE,COLISÃO TRANSVERSAL,0,0,0,0,0,0,0,0,0,0,0,,,,,,,,,
2022-06-07 00:00:00,,COM VÍTIMA,ESTÂNCIA,AV DR JOSE RUFINO,,SUBURBIO,COLISÃO LATERAL,1,1,0,0,0,0,0,0,0,1,0,,,,,,,,,
2022-06-07 00:00:00,,COM VÍTIMA,CASA FORTE,AV DEZESSETE DE AGOSTO,,CIDADE,COLISÃO TRANSVERSAL,1,1,0,0,0,0,0,0,0,1,0,Longo da via,Bom,Perfeito estado,Seca,Perfeito estado,Outras,,Dupla,Faixa contínua
2022-06-07 00:00:00,,COM VÍTIMA,AREIAS,AV RECIFE,,,COLISÃO LATERAL,0,1,0,0,0,0,0,1,0,1,0,Longo da via,Bom,Perfeito estado,Seca,,Não há placas,60 km/h,Dupla,Canteiro central
2022-06-07 00:00:00,,SEM VÍTIMA,VÁRZEA,AV AFONSO OLINDENSE,,CIDADE,CHOQUE,2,0,0,0,0,0,0,0,0,0,0,Longo da via,Bom,Perfeito estado,Seca,Perfeito estado,R-6a,40 km/h,Única,Faixa seccionada
2022-06-07 00:00:00,,COM VÍTIMA,BOA VISTA,RUA GERVASIO PIRES,169,SUBURBIO,COLISÃO TRASEIRA,2,0,0,0,0,0,0,0,0,1,0,Cruzamento,Bom,Perfeito estado,Seca,Perfeito estado,,,Única,Faixa contínua
2022-06-08 00:00:00,,COM VÍTIMA,FUNDÃO,AV BEBERIBE,,SUBURBIO,COLISÃO FRONTAL,1,1,0,0,0,0,0,0,0,1,0,Longo da via,Chuvoso,Não existente,Molhada,Perfeito estado,Não há placas,,Dupla,Canteiro central
2022-06-08 00:00:00,,COM VÍTIMA,ILHA DO RETIRO,RUA ASTORGA,,CIDADE,COLISÃO LATERAL,1,1,0,0,0,0,0,0,0,1,0,Longo da via,Bom,Perfeito estado,Seca,Perfeito estado,Não há placas,30 km/h,Dupla,Não existe
2022-06-08 00:00:00,,COM VÍTIMA,ILHA DO RETIRO,RUA SPORT CLUBE DO RECIFE,367,CIDADE,COLISÃO LATERAL,0,0,0,0,0,0,0,0,0,1,0,,,,,,,,,
2022-06-08 00:00:00,,SEM VÍTIMA,SÃO JOSÉ,RUA BARAO DA VITORIA,,,COLISÃO TRASEIRA,1,0,0,0,0,0,0,1,0,0,0,Longo da via,Bom,Perfeito estado,Seca,Perfeito estado,Não há placas,,Única,Não existe
2022-06-08 00:00:00,,SEM VÍTIMA,,AV CAXANGA,231,CIDADE,COLISÃO TRANSVERSAL,2,0,0,0,0,0,0,0,0,0,0,Cruzamento,Bom,Perfeito estado,Seca,Perfeito estado,Outras,60 km/h,Dupla,Canteiro central
2022-06-08 00:00:00,,SEM VÍTIMA,SANTO AMARO,AV CRUZ CABUGA,,SUBURBIO,,0,0,0,0,0,1,0,1,0,0,0,Cruzamento,Bom,Perfeito estado,Seca,Perfeito estado,"Placas ""Pare""",,Dupla,Faixa contínua
2022-06-08 00:00:00,,COM VÍTIMA,PINA,AV HERCULANO BANDEIRA,,,COLISÃO FRONTAL,1,1,0,0,0,0,0,0,0,1,0,,,,,,,,,
2022-06-08 00:00:00,,COM VÍTIMA,IPUTINGA,AV CAXANGA,,SUBURBIO,ATROPELAMENTO DE PESSOA,1,1,0,0,1,0,0,0,0,1,0,Longo da via,Bom,Perfeito estado,Seca,Perfeito estado,Não há placas,60 km/h,Única,Faixa seccionada
2022-06-08 00:00:00,,COM VÍTIMA,BOA VIAGEM,AV BOA VIAGEM,,CIDADE,COLISÃO TRASEIRA,1,1,0,0,0,0,0,0,0,1,0,Longo da via,Bom,Perfeito estado,Seca,Perfeito estado,Não há placas,60 km/h,Única,
2022-06-08 00:00:00,,COM VÍTIMA,SÃO JOSÉ,AV DANTAS BARRETO,,SUBURBIO,ATROPELAMENTO DE PESSOA,0,0,0,0,1,1,0,0,0,1,0,Longo da via,Bom,Perfeito estado,Seca,Perfeito estado,Outras,,Dupla,Faixa contínua
2022-06-08 00:00:00,,COM VÍTIMA,GRAÇAS,RUA ALBERTO PAIVA,,SUBURBIO,COLISÃO TRASEIRA,1,1,0,0,0,0,0,0,0,1,0,Longo da via,Bom,Perfeito estado,Seca,Perfeito estado,R-6a,,Única,Faixa seccionada
2022-06-09 00:00:00,,COM VÍTIMA,SÍTIO DOS PINTOS,EST DOS PINTOS,,DOIS IRMÃOS,COLISÃO FRONTAL,0,1,0,0,0,1,0,0,0,1,0,Longo da via,Nublado,Incompleta,Seca,Perfeito estado,Outras,,Dupla,Não existe
2022-06-09 00:00:00,,COM VÍTIMA,TEJIPIÓ,AV DR JOSE RUFINO,434,SUBURBIO,COLISÃO TRANSVERSAL,1,1,0,0,0,0,0,0,0,1,0,Longo da via,Bom,Incompleta,Seca,Perfeito estado,,,,Faixa contínua
2022-06-09 00:00:00,,COM VÍTIMA,CORDEIRO,AV CAXANGA,,SUBURBIO,ATROPELAMENTO DE PESSOA,0,1,0,0,1,0,0,0,0,1,0,,,,,,,,,
2022-06-09 00:00:00,,COM VÍTIMA,PINA,AV ENGENHEIRO DOMINGOS FERREIRA,,SUBURBIO,COLISÃO FRONTAL,1,0,0,1,0,1,0,0,0,1,0,,,,,,,,,
2022-06-09 00:00:00,,COM VÍTIMA,CAXANGÁ,RUA RIBEIRO PESSOA,,SUBURBIO,COLISÃO TRANSVERSAL,1,1,0,0,0,0,0,0,0,1,0,Longo da via,Bom,Perfeito estado,Seca,Perfeito estado,,60 km/h,Dupla,Faixa seccionada
2022-06-09 00:00:00,,COM VÍTIMA,ESTÂNCIA,AV DR JOSE RUFINO,,SUBURBIO,ATROPELAMENTO DE PESSOA,1,0,0,0,1,0,0,0,0,1,0,Longo da via,Bom,Perfeito estado,Seca,Perfeito estado,Outras,50 km/h,Dupla,Faixa contínua
2022-06-10 00:00:00,,COM VÍTIMA,BOA VIAGEM,AV BOA VIAGEM,,CIDADE,COLISÃO LATERAL,5,0,0,0,0,0,0,0,0,1,0,Longo da via,Bom,Perfeito estado,Seca,Perfeito estado,Não há placas,,Única,Faixa seccionada
2022-06-10 00:00:00,,SEM VÍTIMA,BOA VIAGEM,RUA FRANCISCO DA CUNHA,,,COLISÃO LATERAL,2,0,0,0,1,0,0,0,0,0,0,,,,,,,,,
2022-06-10 00:00:00,,COM VÍTIMA,SANTO AMARO,AV GOVERNADOR AGAMENON MAGALHAES,,SUBURBIO,COLISÃO LATERAL,1,1,0,0,0,0,0,0,0,1,0,Viaduto,Bom,Não existente,Seca,Perfeito estado,Outras,,Dupla,Canteiro central
2022-06-10 00:00:00,,COM VÍTIMA,CAMPO GRANDE,AV GOVERNADOR AGAMENON MAGALHAES,49,CIDADE,COLISÃO TRANSVERSAL,2,0,0,1,0,0,0,0,0,2,0,Cruzamento,Bom,Perfeito estado,Seca,Perfeito estado,Outras,,Dupla,Faixa contínua
2022-06-10 00:00:00,,COM VÍTIMA,SANTO AMARO,RUA DOS PALMARES,,SUBURBIO,COLISÃO TRANSVERSAL,1,1,0,0,0,0,0,0,0,1,0,Cruzamento,Bom,Perfeito estado,Seca,Perfeito estado,Não há placas,60 km/h,Única,Faixa seccionada
2022-06-10 00:00:00,,COM VÍTIMA,SANTO AMARO,RUA DA AURORA,429,SUBURBIO,COLISÃO TRASEIRA,2,0,0,0,0,2,0,0,0,3,0,Longo da via,Bom,Perfeito estado,Seca,Perfeito estado,R-6a,,Única,Canteiro central
2022-06-10 00:00:00,,COM VÍTIMA,BOA VIAGEM,RUA DOS NAVEGANTES,,SUBURBIO,COLISÃO TRANSVERSAL,1,1,0,0,0,0,0,0,0,2,0,Cruzamento,Bom,Perfeito estado,Seca,Perfeito estado,"Placas ""Pare""",,Única,Não existe
2022-06-10 00:00:00,,COM VÍTIMA,CASA AMARELA,AV NORTE MIGUEL ARRAES DE ALENCAR,364,SUBURBIO,COLISÃO TRANSVERSAL,1,1,0,0,0,0,0,0,0,1,0,Longo da via,Bom,Perfeito estado,Seca,Perfeito estado,"Placas ""Pare""",,Dupla,Canteiro central
2022-06-10 00:00:00,,COM VÍTIMA,JORDÃO,AV MARIA IRENE,,SUBURBIO,COLISÃO FRONTAL,1,1,0,0,0,0,0,0,0,1,0,Esquina,Bom,Não existente,Molhada,Mal conservada,Não há placas,30 km/h,Dupla,Faixa contínua
2022-06-11 00:00:00,,COM VÍTIMA,IMBIRIBEIRA,AV MARECHAL MASCARENHAS DE MORAES,,CIDADE,ATROPELAMENTO DE PESSOA,0,0,0,0,1,1,0,0,0,1,0,Longo da via,Chuvoso,,Molhada,,Não há placas,,Única,Faixa seccionada
2022-06-11 00:00:00,,SEM VÍTIMA,ALTO SANTA TERESINHA,RUA TAMBOARA,,,COLISÃO TRASEIRA,1,1,0,0,0,0,0,0,0,0,0,Longo da via,Chuvoso,Não existente,Molhada,Perfeito estado,Não há placas,,Dupla,
2022-06-11 00:00:00,,COM VÍTIMA,HIPÓDROMO,RUA MADRE ROSA GATTORNO,,,COLISÃO LATERAL,1,1,0,0,0,0,0,0,0,1,0,,,,,,,,,
2022-06-11 00:00:00,,COM VÍTIMA,MUSTARDINHA,AV MANOEL GONCALVES DA LUZ,,SUBURBIO,COLISÃO LATERAL,1,1,0,0,0,0,0,0,0,1,0,Longo da via,Chuvoso,Incompleta,Molhada,Mal conservada,R-6a,,Dupla,Faixa seccionada
2022-06-11 00:00:00,,COM VÍTIMA,JAQUEIRA,RUA PADRE ROMA,223,SUBURBIO,COLISÃO COM CICLISTA,0,0,0,1,0,1,0,0,0,1,0,Longo da via,Chuvoso,Perfeito estado,Molhada,Perfeito estado,R-4b,,Dupla,Canteiro central
2022-06-11 00:00:00,,COM VÍTIMA,AFOGADOS,EST DOS REMEDIOS,,,COLISÃO TRASEIRA,2,0,0,0,0,0,0,0,0,1,0,,,,,,,,,
2022-06-12 00:00:00,,COM VÍTIMA,SANTO AMARO,AV DR JAYME DA FONTE,,SUBURBIO,ATROPELAMENTO DE PESSOA,1,0,0,0,1,0,0,0,0,1,0,Longo da via,Bom,Perfeito estado,Seca,Perfeito estado,Não há placas,,Dupla,Faixa seccionada
2022-06-12 00:00:00,,COM VÍTIMA,PINA,RUA ARTUR MUNIZ,,CIDADE,CHOQUE,1,1,0,0,0,0,0,0,0,1,0,Longo da via,Bom,Não existente,Seca,Perfeito estado,Não há placas,30 km/h,Dupla,Não existe
2022-06-12 00:00:00,,COM VÍTIMA,MADALENA,RUA REAL DA TORRE,,CIDADE,COLISÃO TRANSVERSAL,2,0,0,0,0,0,0,0,0,1,0,Longo da via,Bom,Perfeito estado,Seca,Perfeito estado,R-6a,,Única,Faixa seccionada
2022-06-12 00:00:00,,COM VÍTIMA,IMBIRIBEIRA,AV MARECHAL MASCARENHAS DE MORAES,,CIDADE,COLISÃO LATERAL,2,0,0,0,0,0,0,0,0,1,0,Cruzamento,Bom,Perfeito estado,Seca,Perfeito estado,Não há placas,,Dupla,Canteiro central
2022-06-12 00:00:00,,COM VÍTIMA,TOTÓ,AV LIBERDADE,,CIDADE,ATROPELAMENTO DE PESSOA,1,0,0,0,1,0,0,0,0,1,0,,,,,,,,,
2022-06-12 00:00:00,,COM VÍTIMA,BOMBA DO HEMETÉRIO,RUA ARLINDO CISNEIRO,,SUBURBIO,ATROPELAMENTO DE PESSOA,1,0,0,0,2,0,0,0,0,2,0,Rotatória,Bom,Incompleta,Seca,Perfeito estado,Não há placas,,Dupla,Não existe
2022-06-12 00:00:00,,COM VÍTIMA,CORDEIRO,EST DO FORTE DO ARRAIAL N. DO B. JESUS,249,SUBURBIO,COLISÃO FRONTAL,1,1,0,0,0,0,0,0,0,1,0,Cruzamento,Bom,Perfeito estado,Seca,Perfeito estado,Não há placas,30 km/h,Dupla,Faixa contínua
2022-06-13 00:00:00,,SEM VÍTIMA,SANTO AMARO,AV GOVERNADOR AGAMENON MAGALHAES,,SUBURBIO,CHOQUE,0,0,0,0,0,0,0,1,0,0,0,Longo da via,Bom,Não existente,Seca,Perfeito estado,Não há placas,30KM/H,Única,
2022-06-13 00:00:00,,SEM VÍTIMA,AFOGADOS,RUA DORMENTOS,,,COLISÃO TRASEIRA,2,0,0,0,0,0,0,0,0,0,0,Longo da via,Bom,Perfeito estado,Seca,Perfeito estado,Não há placas,,Única,Faixa seccionada
2022-06-13 00:00:00,,COM VÍTIMA,PINA,AVENIDA CELSO FURTADO (VIA MANGUE),,SUBURBIO,COLISÃO TRASEIRA,0,2,0,0,0,0,0,0,0,2,0,Viaduto,Bom,Perfeito estado,Seca,Perfeito estado,Não há placas,60 km/h,Única,Faixa seccionada
2022-06-13 00:00:00,,SEM VÍTIMA,BOA VIAGEM,RUA PROFESSOR JOAO MEDEIROS,,,COLISÃO LATERAL,1,0,0,0,0,0,1,0,0,0,0,Esquina,Bom,Perfeito estado,Seca,Perfeito estado,,,Única,Faixa seccionada
2022-06-13 00:00:00,,SEM VÍTIMA,BOA VIAGEM,RUA CONEGO ROMEU,,,COLISÃO TRANSVERSAL,1,0,0,0,0,0,0,1,0,0,0,Longo da via,Bom,Incompleta,Seca,Mal iluminada,Não há placas,40KM/H,Dupla,Faixa contínua
2022-06-13 00:00:00,,SEM VÍTIMA,CAMPO GRANDE,1TR MARQUES DE BAIPENDI,,SUBURBIO,COLISÃO LATERAL,1,0,0,0,0,0,0,1,0,0,0,Cruzamento,Bom,Perfeito estado,Seca,Perfeito estado,Não há placas,,Dupla,Faixa contínua
2022-06-13 00:00:00,,COM VÍTIMA,IPSEP,AV RAIMUNDO DINIZ,247,SUBURBIO,COLISÃO TRASEIRA,0,0,0,0,0,0,0,0,0,1,0,,,,,,,,,
2022-06-14 00:00:00,,COM VÍTIMA,BONGI,AV ENGENHEIRO ABDIAS DE CARVALHO,57,CIDADE,COLISÃO COM CICLISTA,0,1,0,1,0,0,0,0,0,1,0,Cruzamento,Bom,Perfeito estado,Seca,Perfeito estado,Não há placas,30 km/h,Única,Não existe
2022-06-14 00:00:00,,COM VÍTIMA,IBURA,AV DOIS RIOS,,SUBURBIO,COLISÃO LATERAL,0,1,0,0,0,0,1,0,0,1,0,Longo da via,Bom,Ilegível,Seca,Mal conservada,,,Dupla,Não existe
2022-06-14 00:00:00,,COM VÍTIMA,JARDIM SÃO PAULO,AV SAO PAULO,,CIDADE,COLISÃO LATERAL,1,1,0,0,0,0,0,0,0,1,0,Longo da via,Bom,Incompleta,Seca,Perfeito estado,Não há placas,,Dupla,Não existe
2022-06-14 00:00:00,,COM VÍTIMA,IPUTINGA,AV CAXANGA,533,SUBURBIO,COLISÃO TRANSVERSAL,0,2,0,0,0,0,0,0,0,3,0,Cruzamento,Bom,Perfeito estado,Seca,Perfeito estado,Não há placas,60 km/h,Única,Canteiro central
2022-06-14 00:00:00,,SEM VÍTIMA,CORDEIRO,AV GENERAL SAN MARTIN,67,,COLISÃO TRASEIRA,1,0,0,0,0,0,1,0,0,0,0,Cruzamento,Bom,Ilegível,Seca,Mal conservada,Não há placas,,Dupla,Não existe
2022-06-14 00:00:00,,COM VÍTIMA,CORDEIRO,AV GENERAL SAN MARTIN,,CORDEIRO,COLISÃO TRASEIRA,0,2,0,0,0,0,0,0,0,1,0,Longo da via,Bom,Perfeito estado,Seca,Perfeito estado,Não há placas,40 km/h,Dupla,Faixa contínua
2022-06-14 00:00:00,,COM VÍTIMA,CAMPO GRANDE,RUA PROFESSOR FRANCISCO DA TRINDADE,,SUBURBIO,COLISÃO TRANSVERSAL,2,0,0,0,0,0,0,0,0,1,0,Não informado,Bom,Não existente,Seca,Perfeito estado,Não há placas,,Dupla,Não existe
2022-06-14 00:00:00,,COM VÍTIMA,CORDEIRO,AV CAXANGA,,SUBURBIO,COLISÃO TRASEIRA,1,1,0,0,0,0,0,0,0,2,0,Longo da via,Bom,Perfeito estado,Seca,Perfeito estado,Não há placas,,Dupla,Canteiro central
2022-06-14 00:00:00,,COM VÍTIMA,MANGUEIRA,RUA DR JOAO ELISIO,,SUBURBIO,COLISÃO TRANSVERSAL,0,2,0,0,0,0,0,0,0,2,0,Longo da via,Bom,Ilegível,Seca,Mal conservada,Não há placas,,Dupla,Não existe
2022-06-15 00:00:00,,COM VÍTIMA,BEBERIBE,AV BEBERIBE,,CIDADE,COLISÃO LATERAL,0,2,0,0,0,0,0,0,0,3,0,Longo da via,Bom,Perfeito estado,Seca,Perfeito estado,Não há placas,,Dupla,Faixa contínua
2022-06-15 00:00:00,,COM VÍTIMA,BOA VIAGEM,AV ENGENHEIRO DOMINGOS FERREIRA,128,SUBURBIO,COLISÃO TRASEIRA,1,1,0,0,0,0,0,0,0,1,0,Cruzamento,Bom,Perfeito estado,Seca,Perfeito estado,Outras,60 km/h,Única,Faixa contínua
2022-06-15 00:00:00,,COM VÍTIMA,MADALENA,AV CAXANGA,257,CIDADE,COLISÃO TRANSVERSAL,0,2,0,0,0,0,0,0,0,2,0,Cruzamento,Bom,Perfeito estado,Seca,Perfeito estado,Não há placas,60 km/h,Única,Faixa contínua
2022-06-15 00:00:00,,SEM VÍTIMA,CORDEIRO,RUA OCIDENTAL,,,COLISÃO LATERAL,1,1,0,0,0,0,0,0,0,0,0,Cruzamento,Bom,Não existente,Seca,Perfeito estado,Não há placas,30KM/H,Única,Canteiro central
2022-06-15 00:00:00,,SEM VÍTIMA,DERBY,PRC DO DERBY,,SUBURBIO,COLISÃO LATERAL,0,0,0,0,0,1,0,1,0,0,0,Longo da via,Bom,Perfeito estado,Seca,Perfeito estado,Não há placas,50KM/H,Dupla,Canteiro central
2022-06-15 00:00:00,,COM VÍTIMA,TORRE,RUA PROFESSOR TRAJANO DE MENDONCA,,CIDADE,COLISÃO LATERAL,2,1,0,0,0,0,0,0,0,1,0,Longo da via,Bom,Perfeito estado,Seca,Perfeito estado,R-6a,,Única,Faixa seccionada
2022-06-15 00:00:00,,COM VÍTIMA,SANTO AMARO,RUA FRANCISCO JACINTO,,CIDADE,COLISÃO TRANSVERSAL,1,1,0,0,0,0,0,0,0,1,0,Longo da via,Bom,Não existente,Seca,Perfeito estado,Não há placas,,Dupla,Não existe
2022-06-15 00:00:00,,SEM VÍTIMA,IMBIRIBEIRA,AV PRESIDENTE DUTRA,,,COLISÃO TRASEIRA,2,0,0,0,0,0,0,1,0,0,0,,,,,,,,,
2022-06-15 00:00:00,,COM VÍTIMA,SAN MARTIN,AV GENERAL SAN MARTIN,,SUL,COLISÃO COM CICLISTA,1,0,0,1,0,0,0,0,0,1,0,Longo da via,Bom,Perfeito estado,Seca,Perfeito estado,Não há placas,40 km/h,Dupla,Faixa seccionada
2022-06-15 00:00:00,,COM VÍTIMA,GRAÇAS,AV RUI BARBOSA,,,COLISÃO TRASEIRA,1,1,0,0,0,0,0,0,0,1,0,,,,,,,,,
2022-06-15 00:00:00,,COM VÍTIMA,BOA VIAGEM,RUA RIBEIRO DE BRITO,,SUBURBIO,ATROPELAMENTO DE ANIMAL,0,1,0,0,0,0,0,0,0,1,0,Longo da via,Bom,Perfeito estado,Seca,Perfeito estado,Não há placas,,Única,Faixa seccionada
2022-06-15 00:00:00,,SEM VÍTIMA,CAMPINA DO BARRETO,AV POETA VINICIUS DE MORAIS,,,COLISÃO TRASEIRA,0,0,0,0,0,0,0,2,0,0,0,Longo da via,Bom,Perfeito estado,Seca,Perfeito estado,Não há placas,,Dupla,Faixa seccionada
2022-06-15 00:00:00,,SEM VÍTIMA,CAMPO GRANDE,RUA ODORICO MENDES,,,COLISÃO LATERAL,1,0,0,0,0,0,0,1,0,0,0,,,,,,,,,
2022-06-16 00:00:00,,COM VÍTIMA,BOA VIAGEM,AV ENGENHEIRO DOMINGOS FERREIRA,144,SUBURBIO,COLISÃO TRANSVERSAL,2,0,0,0,0,0,0,0,0,3,0,Cruzamento,Chuvoso,Perfeito estado,Molhada,Perfeito estado,Não há placas,,Única,Canteiro central
2022-06-16 00:00:00,,COM VÍTIMA,SANTO AMARO,AV NORTE MIGUEL ARRAES DE ALENCAR,397,SUBURBIO,ATROPELAMENTO DE PESSOA,0,1,0,0,1,0,0,0,0,1,0,Longo da via,Bom,Perfeito estado,Seca,Perfeito estado,Não há placas,60 km/h,Dupla,Canteiro central
2022-06-16 00:00:00,,COM VÍTIMA,ENCRUZILHADA,AV NORTE MIGUEL ARRAES DE ALENCAR,,,COLISÃO TRASEIRA,1,1,0,0,0,0,0,0,0,1,0,Longo da via,Chuvoso,Incompleta,Seca,Perfeito estado,Não há placas,,Dupla,Blocos
2022-06-16 00:00:00,,COM VÍTIMA,DERBY,AV GOVERNADOR CARLOS DE LIMA CAVALCANTI,75,CIDADE,ATROPELAMENTO DE PESSOA,0,0,0,0,1,1,0,0,0,1,0,Cruzamento,Bom,Perfeito estado,Seca,Perfeito estado,R-25d,,Única,Canteiro central
2022-06-17 00:00:00,,COM VÍTIMA,JARDIM SÃO PAULO,RUA LORENA,,,COLISÃO FRONTAL,1,1,0,0,0,0,0,0,0,1,0,,,,,,,,,
2022-06-17 00:00:00,,COM VÍTIMA,ESTÂNCIA,AV DR JOSE RUFINO,,CIDADE,COLISÃO TRANSVERSAL,1,1,0,0,0,0,0,0,0,1,0,Cruzamento,Bom,Incompleta,Seca,Mal conservada,"Placas ""Pare""",60 km/h,Dupla,Faixa seccionada
2022-06-17 00:00:00,,COM VÍTIMA,BOA VIAGEM,AV MARECHAL JUAREZ TAVORA,556,CIDADE,COLISÃO FRONTAL,1,1,0,0,0,0,0,0,0,1,0,Cruzamento,Bom,Perfeito estado,Seca,Perfeito estado,R-24a,30 km/h,Única,Faixa contínua
2022-06-17 00:00:00,,COM VÍTIMA,IBURA,AV DOIS RIOS,,SUBURBIO,COLISÃO LATERAL,0,2,0,0,0,0,0,0,0,1,0,Cruzamento,Bom,Perfeito estado,Seca,Perfeito estado,Outras,,Dupla,Faixa contínua
2022-06-17 00:00:00,,COM VÍTIMA,SÃO JOSÉ,C SANTA RITA,76,CIDADE,QUEDA,1,1,0,0,0,0,0,0,0,1,0,Longo da via,Bom,Perfeito estado,Seca,Perfeito estado,Não há placas,60 km/h,Única,Faixa seccionada
2022-06-17 00:00:00,,COM VÍTIMA,SÃO JOSÉ,AV DANTAS BARRETO,181,CIDADE,COLISÃO TRANSVERSAL,0,1,0,0,0,1,0,0,0,1,0,Cruzamento,Bom,Perfeito estado,Seca,Perfeito estado,Outras,60 km/h,Dupla,Faixa contínua
2022-06-17 00:00:00,,COM VÍTIMA,ÁGUA FRIA,RUA LADEIRA DE PEDRA,,SUBURBIO,ATROPELAMENTO DE PESSOA,0,0,0,0,1,1,0,0,0,1,0,Longo da via,Bom,Perfeito estado,Seca,Mal conservada,Outras,,Dupla,Faixa seccionada
2022-06-17 00:00:00,,COM VÍTIMA,ILHA DO LEITE,AV GOVERNADOR AGAMENON MAGALHAES,,SUBURBIO,QUEDA,0,1,0,0,0,0,0,0,0,1,0,,,,,,,,,
2022-06-17 00:00:00,,COM VÍTIMA,BOA VISTA,RUA DO PRINCIPE,,CIDADE,COLISÃO LATERAL,1,1,0,0,0,0,0,0,0,1,0,Longo da via,Bom,Perfeito estado,Seca,Perfeito estado,Outras,,Única,Faixa seccionada
2022-06-18 00:00:00,,COM VÍTIMA,MADALENA,RUA LOPES DE CARVALHO,,SUBURBIO,COLISÃO TRANSVERSAL,1,1,0,0,0,0,0,0,0,1,0,Cruzamento,Bom,Perfeito estado,Seca,Perfeito estado,Outras,,Única,Faixa seccionada
2022-06-18 00:00:00,,COM VÍTIMA,IMBIRIBEIRA,RUA PAMPULHA,,,COLISÃO LATERAL,1,1,0,0,0,0,0,0,0,1,0,,,,,,,,,
2022-06-18 00:00:00,,COM VÍTIMA,IMBIRIBEIRA,RUA PARIS,,,COLISÃO LATERAL,1,1,0,0,0,0,0,0,0,1,0,,,,,,,,,
2022-06-18 00:00:00,,COM VÍTIMA,ESPINHEIRO,RUA DA HORA,,,COLISÃO TRASEIRA,2,0,0,0,0,0,0,0,0,1,0,,,,,,,,,
2022-06-18 00:00:00,,COM VÍTIMA,IPUTINGA,RUA BOM PASTOR,254,CIDADE,COLISÃO LATERAL,1,1,0,0,0,0,0,0,0,1,0,Cruzamento,Bom,Perfeito estado,Seca,Perfeito estado,R-6a,,Dupla,Faixa contínua
2022-06-18 00:00:00,,COM VÍTIMA,CASA FORTE,AV DEZESSETE DE AGOSTO,469,,COLISÃO COM CICLISTA,0,1,0,1,0,0,0,0,0,1,0,,,,,,,,,
2022-06-18 00:00:00,,COM VÍTIMA,IPUTINGA,AV CAXANGA,533,CIDADE,COLISÃO LATERAL,1,1,0,0,0,0,0,0,0,1,0,Cruzamento,Bom,Perfeito estado,Seca,Perfeito estado,Outras,,Dupla,Canteiro central
2022-06-18 00:00:00,,SEM VÍTIMA,CASA AMARELA,EST DO ARRAIAL,,SUBURBIO,,2,0,0,0,0,0,0,0,0,0,0,Longo da via,Bom,Perfeito estado,Seca,Perfeito estado,,,Única,