data,hora,natureza,bairro,endereco,num_semaforo,sentido_via,tipo,auto,moto,ciclom,ciclista,pedestre,onibus,caminhao,viatura,outros,vitimas,vitimasfatais,acidente_verificado,tempo_clima,sinalizacao,condicao_via,conservacao_via,situacao_placa,velocidade_max_via,mao_direcao,divisao_via1
2022-06-18 00:00:00,,COM VÍTIMA,SANTO AMARO,AV NORTE MIGUEL ARRAES DE ALENCAR,,SUBURBIO,COLISÃO TRASEIRA,1,1,0,0,0,0,0,0,0,2,0,Longo da via,Bom,Perfeito estado,Seca,Perfeito estado,R-6a,,Dupla,Canteiro central
2022-06-18 00:00:00,,COM VÍTIMA,ÁGUA FRIA,AV BEBERIBE,187,SUBURBIO,ATROPELAMENTO DE PESSOA,0,1,0,0,1,0,0,0,0,1,0,Cruzamento,Bom,Perfeito estado,Seca,Perfeito estado,,,,
2022-06-19 00:00:00,,COM VÍTIMA,BOA VIAGEM,AV DES JOSE NEVES,567,SUBURBIO,COLISÃO TRANSVERSAL,2,0,0,0,0,0,0,0,0,4,0,Longo da via,Chuvoso,Perfeito estado,Molhada,Mal iluminada,,,Única,Faixa seccionada
2022-06-19 00:00:00,,COM VÍTIMA,SANTO AMARO,RUA CAPITAO LIMA,,,COLISÃO TRANSVERSAL,1,1,0,0,0,0,0,0,0,1,0,Cruzamento,Bom,Perfeito estado,Seca,Perfeito estado,"Placas ""Pare""",,,Faixa contínua
2022-06-19 00:00:00,,COM VÍTIMA,JORDÃO,AV MARECHAL MASCARENHAS DE MORAES,,SUBURBIO,COLISÃO LATERAL,0,2,0,0,0,0,0,0,0,1,0,Longo da via,Bom,Incompleta,Seca,Mal iluminada,Não há placas,60 km/h,Dupla,
2022-06-19 00:00:00,,SEM VÍTIMA,MORRO DA CONCEIÇÃO,RUA ITACOATIARA,,SUBURBIO,CHOQUE,1,0,0,0,0,0,0,0,0,0,0,Longo da via,Chuvoso,Não existente,Molhada,Perfeito estado,Não há placas,,Única,Não existe
2022-06-19 00:00:00,,COM VÍTIMA,IMBIRIBEIRA,AV MARECHAL MASCARENHAS DE MORAES,,SUBURBIO,COLISÃO TRASEIRA,1,1,0,0,0,0,0,0,0,1,0,Longo da via,Chuvoso,,Molhada,,,,Dupla,
2022-06-20 00:00:00,,COM VÍTIMA,CAMPO GRANDE,AV GOVERNADOR AGAMENON MAGALHAES,,CIDADE,ATROPELAMENTO DE PESSOA,0,1,0,0,1,0,0,0,0,1,0,Longo da via,Bom,Perfeito estado,Seca,Perfeito estado,R-32,60 km/h,Dupla,Canteiro central
2022-06-20 00:00:00,,COM VÍTIMA,ESTÂNCIA,AV RECIFE,,SUBURBIO,COLISÃO LATERAL,1,1,0,0,0,0,0,0,0,1,0,Longo da via,Bom,Perfeito estado,Seca,Perfeito estado,Não há placas,,Única,Faixa seccionada
2022-06-20 00:00:00,,SEM VÍTIMA,AREIAS,RUA HAVAI,,CIDADE,COLISÃO FRONTAL,1,0,0,0,0,0,1,0,0,0,0,Longo da via,Bom,Não existente,Seca,Perfeito estado,Não há placas,,Dupla,Não existe
2022-06-20 00:00:00,,COM VÍTIMA,IPSEP,RUA HELIO BRANDAO,,CIDADE,COLISÃO TRANSVERSAL,2,0,0,0,0,0,0,0,0,1,0,Cruzamento,Bom,Perfeito estado,Seca,Perfeito estado,"Placas ""Pare""",,Dupla,Faixa seccionada
2022-06-20 00:00:00,,SEM VÍTIMA,SÃO JOSÉ,AV SUL,,,COLISÃO TRASEIRA,2,0,0,0,0,0,0,0,0,0,0,,,,,,,,,
2022-06-21 00:00:00,,COM VÍTIMA,BOA VIAGEM,RUA JOSE DA SILVA LUCENA,,SUBURBIO,COLISÃO LATERAL,1,1,0,0,0,0,0,0,0,1,0,Longo da via,Bom,Perfeito estado,Seca,Perfeito estado,Outras,60 km/h,Dupla,Não existe
2022-06-21 00:00:00,,COM VÍTIMA,TOTÓ,AV LIBERDADE,,CIDADE,COLISÃO TRANSVERSAL,1,1,0,0,0,0,0,0,0,2,0,Longo da via,Bom,Não existente,Seca,Perfeito estado,Não há placas,,Dupla,Não existe
2022-06-21 00:00:00,,COM VÍTIMA,BEBERIBE,AV BEBERIBE,,,ATROPELAMENTO DE PESSOA,0,0,0,0,1,1,0,0,0,1,0,Longo da via,Bom,Perfeito estado,Seca,Perfeito estado,Não há placas,,Dupla,Faixa contínua
2022-06-21 00:00:00,,SEM VÍTIMA,JARDIM SÃO PAULO,AV LIBERDADE,,,COLISÃO TRASEIRA,0,1,0,0,0,0,0,1,0,0,0,Longo da via,Bom,Não existente,Seca,Mal conservada,Não há placas,,Dupla,Não existe
2022-06-21 00:00:00,,SEM VÍTIMA,SANTO AMARO,RUA DR CARLOS CHAGAS,,CIDADE,,1,0,0,0,0,0,0,1,0,0,0,,Bom,Perfeito estado,Seca,Perfeito estado,,,Única,Faixa seccionada
2022-06-21 00:00:00,,COM VÍTIMA,TEJIPIÓ,AV DR JOSE RUFINO,,SUBURBIO,ATROPELAMENTO DE PESSOA,0,0,0,0,1,1,0,0,0,1,0,Longo da via,Bom,Perfeito estado,Seca,Perfeito estado,Não há placas,60 km/h,Dupla,Faixa contínua
2022-06-21 00:00:00,,COM VÍTIMA,ÁGUA FRIA,AV ANIBAL BENEVOLO,,,COLISÃO TRANSVERSAL,1,1,0,0,0,0,0,0,0,1,0,,,,,,,,,
2022-06-21 00:00:00,,COM VÍTIMA,IBURA,RUA RIO BRIGIDA,,,COLISÃO FRONTAL,0,2,0,0,0,0,0,0,0,1,0,,,,,,,,,
2022-06-22 00:00:00,,COM VÍTIMA,CIDADE UNIVERSITÁRIA,AV PROFESSOR LUIZ FREIRE,,SUBURBIO,COLISÃO LATERAL,1,1,0,0,0,0,0,0,0,1,0,Longo da via,Chuvoso,Não existente,Molhada,Perfeito estado,Não há placas,40 km/h,Dupla,Faixa seccionada
2022-06-22 00:00:00,,COM VÍTIMA,CURADO,AV PROFESSOR LUIZ FREIRE,,,COLISÃO LATERAL,1,1,0,0,0,0,0,0,0,1,0,,,,,,,,,
2022-06-22 00:00:00,,SEM VÍTIMA,IPUTINGA,RUA SAO MATEUS,,,COLISÃO LATERAL,3,0,0,0,0,0,0,0,0,0,0,,,,,,,,,
2022-06-22 00:00:00,,COM VÍTIMA,SANTANA,RUA SANT'ANNA,,,COLISÃO TRANSVERSAL,2,0,0,0,0,0,0,0,0,1,0,Não informado,Chuvoso,Perfeito estado,Molhada,Perfeito estado,,,Dupla,
2022-06-22 00:00:00,,COM VÍTIMA,MADALENA,EST DOS REMEDIOS,,CIDADE,COLISÃO TRANSVERSAL,1,1,0,0,0,0,0,0,0,1,0,Longo da via,Chuvoso,Perfeito estado,Molhada,Perfeito estado,Outras,,Única,Faixa seccionada
2022-06-22 00:00:00,,COM VÍTIMA,BOA VIAGEM,AV DES JOSE NEVES,,CIDADE,COLISÃO TRASEIRA,2,0,0,0,0,0,0,0,0,1,0,Longo da via,Chuvoso,Incompleta,Molhada,Mal conservada,Não há placas,,Única,Faixa contínua
2022-06-22 00:00:00,,COM VÍTIMA,MADALENA,RUA JOSE OSORIO,,SUBURBIO,COLISÃO LATERAL,1,1,0,0,0,0,0,0,0,1,0,Longo da via,Chuvoso,Perfeito estado,Molhada,Perfeito estado,Não há placas,40 km/h,Dupla,Faixa contínua
2022-06-22 00:00:00,,SEM VÍTIMA,ARRUDA,AV PROFESSOR JOSE DOS ANJOS,131,SUBURBIO,COLISÃO TRASEIRA,1,0,0,0,0,0,0,1,0,0,0,Cruzamento,Chuvoso,Perfeito estado,Molhada,Perfeito estado,Outras,40 km/h,Dupla,Canteiro central
2022-06-22 00:00:00,,COM VÍTIMA,TAMARINEIRA,RUA SEBASTIAO ALVES,,,COLISÃO LATERAL,1,1,0,0,0,0,0,0,0,1,0,Longo da via,Chuvoso,Perfeito estado,Molhada,Perfeito estado,R-34,,Única,Outros
2022-06-22 00:00:00,,COM VÍTIMA,IMBIRIBEIRA,AV PRESIDENTE DUTRA,,SUBURBIO,COLISÃO TRANSVERSAL,1,1,0,0,0,0,0,0,0,1,0,Cruzamento,Chuvoso,Perfeito estado,Molhada,Perfeito estado,R-6a,,,Faixa seccionada
2022-06-22 00:00:00,,COM VÍTIMA,TEJIPIÓ,AV DR JOSE RUFINO,,,COLISÃO FRONTAL,1,1,0,0,0,0,0,0,0,1,0,,,,,,,,,
2022-06-22 00:00:00,,SEM VÍTIMA,AFOGADOS,RUA SAO MIGUEL,,,COLISÃO FRONTAL,1,1,0,0,0,0,0,0,0,0,0,,,,,,,,,
2022-06-22 00:00:00,,COM VÍTIMA,BOA VIAGEM,AV ENGENHEIRO DOMINGOS FERREIRA,,SUBURBIO,ATROPELAMENTO DE PESSOA,1,0,0,0,1,0,0,0,0,1,0,Longo da via,Chuvoso,Perfeito estado,Molhada,Perfeito estado,Não há placas,,Única,Faixa seccionada
2022-06-22 00:00:00,,COM VÍTIMA,GRAÇAS,PRC DO ENTRONCAMENTO,,,COLISÃO COM CICLISTA,1,0,0,2,0,0,0,0,0,1,0,,,,,,,,,
2022-06-23 00:00:00,,COM VÍTIMA,BOA VIAGEM,AV BOA VIAGEM,148,CIDADE,COLISÃO TRASEIRA,0,1,0,0,0,1,0,0,0,1,0,Longo da via,Bom,Perfeito estado,Seca,Perfeito estado,Outras,60 km/h,Única,Faixa contínua
2022-06-23 00:00:00,,COM VÍTIMA,SÃO JOSÉ,TRV DO GASPAR,,,CHOQUE,0,1,0,0,0,0,0,0,0,1,0,Longo da via,Bom,Não existente,Molhada,Mal conservada,Não há placas,,Dupla,Não existe
2022-06-23 00:00:00,,COM VÍTIMA,CAMPO GRANDE,EST DE BELEM,,CIDADE,COLISÃO LATERAL,1,1,0,0,0,0,0,0,0,1,0,Cruzamento,Bom,Perfeito estado,Seca,Perfeito estado,Outras,,Dupla,Faixa contínua
2022-06-23 00:00:00,,COM VÍTIMA,AREIAS,RUA JORNALISTA VILMA LESSA,,SUBURBIO,COLISÃO TRANSVERSAL,1,1,0,0,0,0,0,0,0,1,0,Cruzamento,Bom,Não existente,Seca,Mal conservada,Não há placas,30 km/h,Dupla,Não existe
2022-06-23 00:00:00,,SEM VÍTIMA,CORDEIRO,RUA GOMES TABORDA,,,CHOQUE,2,0,0,0,0,0,0,0,0,0,0,,,,,,,,,
2022-06-24 00:00:00,,COM VÍTIMA,BAIRRO DO RECIFE,PTE GIRATORIA,,SUBURBIO,QUEDA,0,1,0,0,0,0,0,0,0,1,0,Ponte,Chuvoso,Não existente,Oleosa,Perfeito estado,Não há placas,,Dupla,Canteiro central
2022-06-24 00:00:00,,COM VÍTIMA,CAMPO GRANDE,RUA HERMILIO GOMES,,,COLISÃO TRANSVERSAL,1,1,0,0,0,0,0,0,0,1,0,Esquina,Chuvoso,Não existente,Molhada,Perfeito estado,Não há placas,,Dupla,Não existe
2022-06-24 00:00:00,,SEM VÍTIMA,IPUTINGA,AV PROFESSOR MORAES REGO,,SUBURBIO,COLISÃO TRASEIRA,0,2,0,0,0,0,0,0,0,0,0,Longo da via,Bom,Perfeito estado,Seca,Perfeito estado,Não há placas,,Única,Faixa seccionada
2022-06-25 00:00:00,,COM VÍTIMA,MADALENA,AV VISCONDE DE ALBUQUERQUE,,SUBURBIO,COLISÃO LATERAL,1,1,0,0,0,0,0,0,0,2,0,Cruzamento,Bom,Perfeito estado,Seca,Perfeito estado,"Placas ""Pare""",60 km/h,Única,Faixa contínua
2022-06-25 00:00:00,,SEM VÍTIMA,BAIRRO DO RECIFE,CAIS DO APOLO,19,SUBURBIO,,2,0,0,0,0,0,0,0,0,0,0,Longo da via,Bom,Perfeito estado,Seca,Perfeito estado,R-6a,,Dupla,Faixa seccionada
2022-06-25 00:00:00,,COM VÍTIMA,IMBIRIBEIRA,RUA ITACARI,,,COLISÃO TRANSVERSAL,1,1,0,0,0,0,0,0,0,1,0,Cruzamento,Bom,Perfeito estado,Seca,Perfeito estado,,,Única,Faixa seccionada
2022-06-25 00:00:00,,COM VÍTIMA,DERBY,AV GOVERNADOR AGAMENON MAGALHAES,68,SUBURBIO,COLISÃO LATERAL,1,1,0,0,0,0,0,0,0,1,0,Cruzamento,Bom,Perfeito estado,Seca,Perfeito estado,Outras,60 km/h,Única,Faixa seccionada
2022-06-25 00:00:00,,SEM VÍTIMA,ESPINHEIRO,AV JOAO DE BARROS,,,COLISÃO TRASEIRA,2,0,0,0,0,0,0,0,0,0,0,,,,,,,,,
2022-06-25 00:00:00,,COM VÍTIMA,TORRE,RUA JOSE BONIFACIO,,CIDADE,ATROPELAMENTO DE PESSOA,0,1,0,0,1,0,0,0,0,1,0,Longo da via,Bom,Perfeito estado,Seca,Perfeito estado,Não há placas,,Dupla,Canteiro central
2022-06-25 00:00:00,,COM VÍTIMA,AREIAS,AV TENENTE FELIPE BANDEIRA DE MELO,,SUBURBIO,COLISÃO COM CICLISTA,1,0,0,1,0,0,0,0,0,1,0,Longo da via,Bom,,Seca,Perfeito estado,,,Dupla,Não existe
2022-06-26 00:00:00,,COM VÍTIMA,BOA VISTA,AV JOAO DE BARROS,198,SUBURBIO,COLISÃO LATERAL,1,1,0,0,0,0,0,0,0,1,0,Esquina,Bom,Perfeito estado,Seca,Perfeito estado,Outras,,Única,Faixa contínua
2022-06-26 00:00:00,,COM VÍTIMA,AREIAS,AV DR JOSE RUFINO,,CIDADE,COLISÃO FRONTAL,1,1,0,0,0,0,0,0,0,1,0,Longo da via,Bom,Perfeito estado,Seca,Perfeito estado,Não há placas,50 km/h,Dupla,Faixa contínua
2022-06-26 00:00:00,,COM VÍTIMA,AFOGADOS,RUA COSME VIANA,430,SUBURBIO,COLISÃO TRANSVERSAL,2,0,0,0,0,0,0,0,0,1,0,Cruzamento,Bom,Perfeito estado,Seca,Perfeito estado,Outras,,Única,Faixa contínua
2022-06-27 00:00:00,,COM VÍTIMA,SANTO AMARO,AV CRUZ CABUGA,,,COLISÃO TRASEIRA,1,1,0,0,0,0,0,0,0,1,0,,,,,,,,,
2022-06-27 00:00:00,,COM VÍTIMA,DOIS IRMÃOS,RUA DE APIPUCOS,,CIDADE,COLISÃO LATERAL,1,1,0,0,0,0,0,0,0,2,0,Longo da via,Chuvoso,Perfeito estado,Molhada,Perfeito estado,R-6a,,Dupla,Faixa contínua
2022-06-27 00:00:00,,COM VÍTIMA,CORDEIRO,AV PROFESSOR ESTEVAO FRANCISCO DA COSTA,589,SUBURBIO,COLISÃO FRONTAL,1,1,0,0,0,0,0,0,0,1,0,Cruzamento,Chuvoso,Perfeito estado,Molhada,Perfeito estado,Não há placas,,Dupla,Canteiro central
2022-06-27 00:00:00,,COM VÍTIMA,AREIAS,AV DR JOSE RUFINO,,CIDADE,ATROPELAMENTO DE PESSOA,0,1,0,0,1,0,0,0,0,1,0,Longo da via,Bom,Perfeito estado,Seca,Perfeito estado,Não há placas,50 km/h,Dupla,Faixa contínua
2022-06-27 00:00:00,,COM VÍTIMA,JIQUIÁ,AV DR JOSE RUFINO,,CIDADE,COLISÃO COM CICLISTA,1,0,0,1,0,0,0,0,0,1,0,Ponte,Bom,Perfeito estado,Seca,Perfeito estado,R-6a,60 km/h,Dupla,Faixa seccionada
2022-06-27 00:00:00,,COM VÍTIMA,ESTÂNCIA,AV DR JOSE RUFINO,,,ATROPELAMENTO DE PESSOA,0,1,0,0,1,0,0,0,0,1,0,,,,,,,,,
2022-06-27 00:00:00,,VÍTIMA FATAL,BOA VIAGEM,AV CONSELHEIRO AGUIAR,,CIDADE,ATROPELAMENTO DE PESSOA,0,0,0,0,1,1,0,0,0,0,1,Longo da via,Bom,Perfeito estado,Seca,Perfeito estado,Outras,,Única,Faixa seccionada
2022-06-27 00:00:00,,SEM VÍTIMA,BOA VIAGEM,RUA DR NYLO DORNELLAS CAMARA,,CIDADE,TOMBAMENTO,0,1,0,0,0,0,0,0,0,0,0,Longo da via,Bom,Perfeito estado,Seca,Perfeito estado,Outras,30 km/h,Única,Não existe
2022-06-27 00:00:00,,COM VÍTIMA,MACAXEIRA,AV NORTE MIGUEL ARRAES DE ALENCAR,,CIDADE,ATROPELAMENTO DE PESSOA,0,1,0,0,1,0,0,0,0,3,0,Longo da via,Bom,,Seca,Mal conservada,Outras,,Dupla,Canteiro central
2022-06-27 00:00:00,,SEM VÍTIMA,BOA VIAGEM,RUA BARAO DE SOUZA LEAO,,SUBURBIO,COLISÃO TRASEIRA,2,0,0,0,0,0,0,0,0,0,0,Longo da via,Bom,Perfeito estado,Seca,Perfeito estado,R-6a,,Única,Faixa seccionada
2022-06-27 00:00:00,,COM VÍTIMA,FUNDÃO,AV BEBERIBE,,CIDADE,COLISÃO TRANSVERSAL,1,1,0,0,0,0,0,0,0,2,0,Longo da via,Chuvoso,Perfeito estado,Molhada,Perfeito estado,Não há placas,,Dupla,Faixa contínua
2022-06-27 00:00:00,,COM VÍTIMA,DERBY,RUA JENER DE SOUZA,,SUBURBIO,COLISÃO TRANSVERSAL,2,0,0,0,0,0,0,0,0,2,0,Longo da via,Chuvoso,Perfeito estado,Molhada,Perfeito estado,,,Dupla,Não existe
2022-06-27 00:00:00,,COM VÍTIMA,IPUTINGA,AV MAURICIO DE NASSAU,,SUBURBIO,CHOQUE,1,0,0,0,0,0,0,0,0,2,0,Longo da via,Chuvoso,Perfeito estado,Molhada,Perfeito estado,Não há placas,60 km/h,Única,Faixa seccionada
2022-06-28 00:00:00,,COM VÍTIMA,DERBY,PRC DO DERBY,75,SUBURBIO,ATROPELAMENTO DE PESSOA,1,0,0,0,1,0,0,0,0,1,0,Longo da via,Bom,Perfeito estado,Seca,Perfeito estado,R-6c,,Única,Faixa seccionada
2022-06-28 00:00:00,,SEM VÍTIMA,DERBY,PRC DO DERBY,678,SUBURBIO,,1,0,0,0,0,1,0,0,0,0,0,Cruzamento,Bom,Perfeito estado,Seca,Perfeito estado,R-6a,,Dupla,Canteiro central
2022-06-28 00:00:00,,COM VÍTIMA,APIPUCOS,RUA DOIS IRMAOS,,,COLISÃO FRONTAL,0,2,0,0,0,0,0,0,0,2,0,Longo da via,Bom,Perfeito estado,Seca,Perfeito estado,R-6a,,Dupla,Faixa contínua
2022-06-28 00:00:00,,COM VÍTIMA,ILHA JOANA BEZERRA,AV DES GUERRA BARRETO,,CIDADE,COLISÃO LATERAL,1,1,0,0,0,0,0,0,0,1,0,Longo da via,Chuvoso,Perfeito estado,Molhada,Mal conservada,Não há placas,,Única,Não existe
2022-06-28 00:00:00,,COM VÍTIMA,BOA VIAGEM,AV BOA VIAGEM,,CIDADE,COLISÃO TRASEIRA,1,1,0,0,0,0,0,0,0,1,0,Longo da via,Chuvoso,Perfeito estado,Molhada,Perfeito estado,Outras,,Única,Faixa seccionada
2022-06-29 00:00:00,,COM VÍTIMA,BOA VIAGEM,AVENIDA CELSO FURTADO (VIA MANGUE),,SUBURBIO,COLISÃO TRASEIRA,1,1,0,0,0,0,0,0,0,1,0,Longo da via,Bom,Perfeito estado,Seca,Perfeito estado,Outras,60 km/h,Única,Faixa contínua
2022-06-29 00:00:00,,COM VÍTIMA,SANTO AMARO,VIADUTO CAPITAO TEMUDO,,,COLISÃO TRASEIRA,1,1,0,0,0,0,0,0,0,1,0,Viaduto,Bom,Perfeito estado,Seca,Perfeito estado,,,Dupla,Faixa seccionada
2022-06-29 00:00:00,,COM VÍTIMA,SANTO AMARO,AV CRUZ CABUGA,344,CIDADE,QUEDA,0,1,0,0,0,0,0,0,0,1,0,Longo da via,Bom,Perfeito estado,Seca,Perfeito estado,Não há placas,60 km/h,Dupla,Faixa contínua
2022-06-29 00:00:00,,COM VÍTIMA,SANTO AMARO,AV CRUZ CABUGA,457,SUBURBIO,COLISÃO TRASEIRA,0,1,0,0,0,1,0,0,0,2,0,Longo da via,Chuvoso,Perfeito estado,Molhada,Perfeito estado,Não há placas,,Dupla,Faixa seccionada
2022-06-29 00:00:00,,COM VÍTIMA,BOA VISTA,RUA PRINCESA IZABEL,168,SUBURBIO,ATROPELAMENTO DE PESSOA,1,0,0,0,1,0,0,0,0,1,0,Cruzamento,Chuvoso,Perfeito estado,Molhada,Perfeito estado,Não há placas,,Única,Faixa contínua
2022-06-29 00:00:00,,COM VÍTIMA,SAN MARTIN,AV GENERAL SAN MARTIN,371,CIDADE,COLISÃO LATERAL,1,1,0,0,0,0,0,0,0,1,0,Longo da via,Chuvoso,Perfeito estado,Molhada,Perfeito estado,Outras,30 km/h,,Faixa seccionada
2022-06-30 00:00:00,,SEM VÍTIMA,IMBIRIBEIRA,AV GENERAL MAC ARTHUR,225,SUBURBIO,,1,0,0,0,0,0,1,0,0,0,0,Cruzamento,Bom,Incompleta,Seca,Perfeito estado,,40 km/h,Única,Não existe
2022-06-30 00:00:00,,COM VÍTIMA,AFOGADOS,EST DOS REMEDIOS,,,COLISÃO LATERAL,1,1,0,0,0,0,0,0,0,1,0,,,,,,,,,
2022-06-30 00:00:00,,COM VÍTIMA,DERBY,AV RUI BARBOSA,37,SUBURBIO,ATROPELAMENTO DE PESSOA,0,1,0,0,1,0,0,0,0,1,0,Cruzamento,Bom,Perfeito estado,Seca,Perfeito estado,,60 km/h,Única,Canteiro central
2022-06-30 00:00:00,,VÍTIMA FATAL,ESPINHEIRO,RUA SANTO ELIAS,,CIDADE,CHOQUE,0,1,0,0,0,0,0,0,0,0,1,Cruzamento,Bom,Perfeito estado,Seca,Perfeito estado,Outras,40 km/h,Única,Não existe
2022-06-30 00:00:00,,COM VÍTIMA,SANTO AMARO,AV GOVERNADOR AGAMENON MAGALHAES,465,,COLISÃO LATERAL,1,1,0,0,0,0,0,0,0,2,0,Cruzamento,Bom,Perfeito estado,Seca,Perfeito estado,Outras,60 km/h,Única,Faixa contínua
2022-06-30 00:00:00,,COM VÍTIMA,SANTO AMARO,VDO INDEPENDENCIA,,SUBURBIO,QUEDA,0,1,0,0,0,0,0,0,0,1,0,Viaduto,Bom,Perfeito estado,Seca,Perfeito estado,Não há placas,60 km/h,Dupla,Canal
2022-06-30 00:00:00,,COM VÍTIMA,IMBIRIBEIRA,AV GENERAL MAC ARTHUR,,SUBURBIO,COLISÃO TRASEIRA,1,1,0,0,0,0,0,0,0,1,0,Longo da via,Bom,Perfeito estado,Seca,Perfeito estado,,,,
2022-07-01 00:00:00,,COM VÍTIMA,BOA VIAGEM,AV BOA VIAGEM,,CIDADE,CHOQUE,2,0,0,0,0,0,0,0,0,1,0,Longo da via,Bom,Perfeito estado,Seca,Perfeito estado,R-6b,60 km/h,Única,Faixa seccionada
2022-07-01 00:00:00,,SEM VÍTIMA,PINA,AV HERCULANO BANDEIRA,,,COLISÃO TRANSVERSAL,2,0,0,0,0,0,0,0,0,0,0,,,,,,,,,
2022-07-01 00:00:00,,COM VÍTIMA,SANTO AMARO,AV CRUZ CABUGA,,,COLISÃO LATERAL,1,1,0,0,0,0,0,0,0,1,0,,,,,,,,,
2022-07-01 00:00:00,,COM VÍTIMA,CORDEIRO,AV CAXANGA,80,CIDADE,COLISÃO COM CICLISTA,0,0,0,1,0,1,0,0,0,1,0,Longo da via,Bom,Perfeito estado,Seca,Perfeito estado,,,Dupla,Faixa contínua
2022-07-01 00:00:00,,COM VÍTIMA,TORRE,RUA JOSE BONIFACIO,576,SUBURBIO,COLISÃO TRANSVERSAL,1,1,0,0,0,0,0,0,0,1,0,Cruzamento,Bom,Perfeito estado,Seca,Perfeito estado,Não há placas,40 km/h,Única,Faixa seccionada
2022-07-01 00:00:00,,COM VÍTIMA,JOANA BEZERRA,AV MARTIN LUTHER KING,,,COLISÃO COM CICLISTA,1,0,0,1,0,0,0,0,0,1,0,,,,,,,,,
2022-07-01 00:00:00,,COM VÍTIMA,AFOGADOS,EST DOS REMEDIOS,,SUBURBIO,COLISÃO LATERAL,1,1,0,0,0,0,0,0,0,1,0,Cruzamento,Bom,Perfeito estado,Seca,Perfeito estado,Não há placas,,Dupla,Faixa contínua
2022-07-01 00:00:00,,COM VÍTIMA,IBURA,AV SANTA FE,,SUBURBIO,COLISÃO FRONTAL,1,1,0,0,0,0,0,0,0,1,0,Cruzamento,Bom,Perfeito estado,Seca,Perfeito estado,Outras,30 km/h,Dupla,Faixa seccionada
2022-07-01 00:00:00,,COM VÍTIMA,SÃO JOSÉ,PTE JOAQUIM CARDOSO,,SUBURBIO,COLISÃO LATERAL,0,1,0,0,0,0,0,1,0,2,0,Longo da via,Bom,Perfeito estado,Seca,Perfeito estado,Não há placas,,Única,Faixa seccionada
2022-07-01 00:00:00,,COM VÍTIMA,CASA AMARELA,RUA CONS NABUCO,,,COLISÃO FRONTAL,1,1,0,0,0,0,0,0,0,1,0,Esquina,Bom,Incompleta,Seca,Perfeito estado,Não há placas,,Dupla,Não existe
2022-07-01 00:00:00,,COM VÍTIMA,TOTÓ,AV LIBERDADE,,SUBURBIO,COLISÃO LATERAL,1,1,0,0,0,0,0,0,0,1,0,Longo da via,Bom,Perfeito estado,Seca,Perfeito estado,,,Dupla,Faixa contínua
2022-07-01 00:00:00,,COM VÍTIMA,IPUTINGA,AV CAXANGA,,SUBURBIO,COLISÃO TRANSVERSAL,1,1,0,0,0,0,0,0,0,2,0,Longo da via,Bom,Perfeito estado,Seca,Perfeito estado,Não há placas,,Dupla,Faixa seccionada
2022-07-01 00:00:00,,COM VÍTIMA,ENCRUZILHADA,RUA DONA ELVIRA,,CIDADE,COLISÃO TRANSVERSAL,1,1,0,0,0,0,0,0,0,2,0,Cruzamento,Bom,Perfeito estado,Seca,Perfeito estado,"Placas ""Pare""",,Dupla,Não existe
2022-07-01 00:00:00,,COM VÍTIMA,IMBIRIBEIRA,AV GENERAL MAC ARTHUR,,SUBURBIO,COLISÃO COM CICLISTA,1,0,0,1,0,0,0,0,0,1,0,Esquina,Bom,Perfeito estado,Seca,Perfeito estado,"Placas ""Pare""",,Única,Faixa seccionada
2022-07-02 00:00:00,,SEM VÍTIMA,DOIS UNIDOS,AV HILDEBRANDO DE VASCONCELOS,,,CAPOTAMENTO,1,0,0,0,0,0,0,0,0,0,0,,,,,,,,,
2022-07-02 00:00:00,,COM VÍTIMA,ESTÂNCIA,AV RECIFE,705,,COLISÃO LATERAL,1,1,0,0,0,0,0,0,0,1,0,,,,,,,,,
2022-07-02 00:00:00,,COM VÍTIMA,VÁRZEA,AV CAXANGA,,CIDADE,COLISÃO TRASEIRA,2,0,0,0,0,0,0,0,0,1,0,Ponte,Nublado,Perfeito estado,Molhada,Perfeito estado,Não há placas,,Dupla,Canteiro central
2022-07-03 00:00:00,,SEM VÍTIMA,CASA AMARELA,EST DO ARRAIAL,,SUBURBIO,CHOQUE,1,1,0,0,0,0,0,1,0,0,0,Longo da via,Chuvoso,Perfeito estado,Molhada,Perfeito estado,Não há placas,,Única,Não existe
2022-07-04 00:00:00,,COM VÍTIMA,BONGI,AV GENERAL SAN MARTIN,,SUBURBIO,COLISÃO FRONTAL,1,0,0,0,0,0,1,0,0,1,0,Longo da via,Chuvoso,Perfeito estado,Molhada,Perfeito estado,R-6a,,Dupla,Faixa contínua