data,hora,natureza,bairro,endereco,num_semaforo,sentido_via,tipo,auto,moto,ciclom,ciclista,pedestre,onibus,caminhao,viatura,outros,vitimas,vitimasfatais,acidente_verificado,tempo_clima,sinalizacao,condicao_via,conservacao_via,situacao_placa,velocidade_max_via,mao_direcao,divisao_via1
2022-07-04 00:00:00,,COM VÍTIMA,BOA VIAGEM,AV BOA VIAGEM,84,,COLISÃO TRASEIRA,1,1,0,0,0,0,0,0,0,1,0,,,,,,,,,
2022-07-04 00:00:00,,SEM VÍTIMA,DOIS UNIDOS,AV HILDEBRANDO DE VASCONCELOS,,SUBURBIO,CAPOTAMENTO,1,0,0,0,0,0,0,0,0,0,0,Longo da via,Chuvoso,Incompleta,Molhada,Perfeito estado,,,Dupla,Não existe
2022-07-04 00:00:00,,COM VÍTIMA,IPSEP,RUA JEAN EMILE FAVRE,564,SUBURBIO,COLISÃO TRANSVERSAL,1,1,0,0,0,0,0,0,0,1,0,Cruzamento,Chuvoso,Perfeito estado,Molhada,,R-4a,40 km/h,Dupla,Faixa contínua
2022-07-04 00:00:00,,COM VÍTIMA,GUABIRABA,AV VEREADOR OTACILIO AZEVEDO,,,COLISÃO LATERAL,1,1,0,0,0,0,0,0,0,1,0,,,,,,,,,
2022-07-05 00:00:00,,SEM VÍTIMA,ENCRUZILHADA,AV BEBERIBE,,CIDADE,CHOQUE,0,0,0,0,0,0,0,1,0,0,0,Longo da via,Chuvoso,Perfeito estado,Molhada,Perfeito estado,Outras,,Dupla,Faixa contínua
2022-07-05 00:00:00,,SEM VÍTIMA,SANTO AMARO,AV GOVERNADOR AGAMENON MAGALHAES,,CIDADE,,0,1,0,0,0,0,0,1,0,0,0,Longo da via,Bom,Perfeito estado,Seca,Perfeito estado,Não há placas,60 km/h,Única,Não existe
2022-07-05 00:00:00,,VÍTIMA FATAL,IPUTINGA,AV CAXANGA,269,SUBURBIO,ATROPELAMENTO DE PESSOA,0,0,0,0,1,0,1,0,0,0,1,Longo da via,Bom,Perfeito estado,Seca,Perfeito estado,Não há placas,60 km/h,Dupla,Canteiro central
2022-07-05 00:00:00,,COM VÍTIMA,SAN MARTIN,AV GENERAL SAN MARTIN,,CIDADE,COLISÃO LATERAL,1,1,0,0,0,0,0,0,0,1,0,Longo da via,Bom,Perfeito estado,Seca,Perfeito estado,Não há placas,40 km/h,Dupla,Faixa contínua
2022-07-05 00:00:00,,SEM VÍTIMA,JAQUEIRA,AV RUI BARBOSA,,CIDADE,COLISÃO TRASEIRA,1,0,0,0,0,0,0,1,0,0,0,Longo da via,Bom,Perfeito estado,Seca,Perfeito estado,Não há placas,,Única,Não existe
2022-07-05 00:00:00,,COM VÍTIMA,APIPUCOS,RUA DE APIPUCOS,,,COLISÃO LATERAL,1,1,0,0,0,0,0,0,0,1,0,,,,,,,,,
2022-07-05 00:00:00,,COM VÍTIMA,IMBIRIBEIRA,AV MARECHAL MASCARENHAS DE MORAES,,CIDADE,COLISÃO TRASEIRA,1,1,0,0,0,0,0,0,0,1,0,Longo da via,Bom,Perfeito estado,Seca,Perfeito estado,Não há placas,,Única,Faixa seccionada
2022-07-05 00:00:00,,COM VÍTIMA,IMBIRIBEIRA,RUA ITACARI,,SUBURBIO,COLISÃO TRANSVERSAL,2,1,0,0,0,0,0,0,0,1,0,Cruzamento,Bom,Perfeito estado,Seca,Perfeito estado,"Placas ""Pare""",,Única,Faixa seccionada
2022-07-05 00:00:00,,COM VÍTIMA,ROSARINHO,AV NORTE MIGUEL ARRAES DE ALENCAR,81,CIDADE,ATROPELAMENTO DE PESSOA,0,1,0,0,1,0,0,0,0,2,0,Longo da via,Bom,Perfeito estado,Seca,Perfeito estado,Outras,,Dupla,Canteiro central
2022-07-05 00:00:00,,COM VÍTIMA,CORDEIRO,AV GENERAL SAN MARTIN,,,COLISÃO LATERAL,1,1,0,0,0,0,0,0,0,1,0,,,,,,,,,
2022-07-05 00:00:00,,COM VÍTIMA,AFOGADOS,RUA CARLOS PENA FILHO,,SUBURBIO,COLISÃO LATERAL,1,1,0,0,0,0,0,0,0,1,0,Cruzamento,Chuvoso,Incompleta,Molhada,Mal conservada,Não há placas,60 km/h,Dupla,Não existe
2022-07-05 00:00:00,,SEM VÍTIMA,ESTÂNCIA,AV RECIFE,,,COLISÃO TRASEIRA,1,0,0,0,0,0,1,0,0,0,0,Longo da via,Chuvoso,Perfeito estado,Seca,Perfeito estado,Não há placas,50 km/h,Dupla,Faixa contínua
2022-07-05 00:00:00,,COM VÍTIMA,PARNAMIRIM,AV DEZESSETE DE AGOSTO,614,SUBURBIO,COLISÃO TRANSVERSAL,1,1,0,0,0,0,0,0,0,1,0,Cruzamento,Chuvoso,Perfeito estado,Molhada,Perfeito estado,Outras,,Dupla,Faixa contínua
2022-07-05 00:00:00,,COM VÍTIMA,ARRUDA,AV PROFESSOR JOSE DOS ANJOS,131,CIDADE,COLISÃO LATERAL,1,0,0,0,0,0,1,0,0,1,0,Cruzamento,Chuvoso,Perfeito estado,Molhada,Perfeito estado,Outras,,Dupla,Faixa contínua
2022-07-05 00:00:00,,COM VÍTIMA,DOIS UNIDOS,AV HILDEBRANDO DE VASCONCELOS,,CIDADE,COLISÃO LATERAL,1,1,0,0,0,1,0,0,0,1,0,Longo da via,Chuvoso,Não existente,Molhada,Perfeito estado,Não há placas,,Dupla,Não existe
2022-07-06 00:00:00,,COM VÍTIMA,SANTO AMARO,AV GOVERNADOR AGAMENON MAGALHAES,49,SUBURBIO,COLISÃO TRASEIRA,1,1,0,0,0,0,0,0,0,1,0,Cruzamento,Bom,Perfeito estado,Seca,Perfeito estado,Não há placas,60 km/h,Dupla,Faixa seccionada
2022-07-06 00:00:00,,SEM VÍTIMA,SANTO ANTÔNIO,RUA FLORIANO PEIXOTO,,CIDADE,COLISÃO TRASEIRA,1,0,0,0,0,0,0,1,0,0,0,Longo da via,Bom,Não existente,Seca,Perfeito estado,Outras,,Única,Não existe
2022-07-06 00:00:00,,COM VÍTIMA,IPUTINGA,AV MAURICIO DE NASSAU,,,COLISÃO TRANSVERSAL,1,1,0,0,0,0,0,0,0,1,0,Cruzamento,Bom,Ilegível,Seca,Perfeito estado,R-6a,,Dupla,Outros
2022-07-06 00:00:00,,SEM VÍTIMA,BOA VISTA,AV GOVERNADOR AGAMENON MAGALHAES,37,,,1,0,0,0,0,0,0,1,0,0,0,Cruzamento,Bom,Perfeito estado,Seca,Perfeito estado,Não há placas,60 km/h,Dupla,Canteiro central
2022-07-06 00:00:00,,COM VÍTIMA,DERBY,AV GOVERNADOR AGAMENON MAGALHAES,37,SUBURBIO,QUEDA,0,1,0,0,0,0,0,0,0,1,0,Longo da via,Bom,Perfeito estado,Seca,Perfeito estado,Outras,60 km/h,Única,Canteiro central
2022-07-06 00:00:00,,COM VÍTIMA,BOA VISTA,RUA DA AURORA,,,ATROPELAMENTO DE PESSOA,1,0,0,0,1,0,0,0,0,1,0,Longo da via,Bom,Perfeito estado,Seca,Perfeito estado,Não há placas,,Dupla,Canteiro central
2022-07-07 00:00:00,,SEM VÍTIMA,CIDADE UNIVERSITÁRIA,AV CAXANGA,608,,COLISÃO TRANSVERSAL,2,0,0,0,0,0,0,0,0,0,0,,,,,,,,,
2022-07-07 00:00:00,,COM VÍTIMA,BOA VIAGEM,RUA VISCONDE DE JEQUITINHONHA,433,,COLISÃO COM CICLISTA,0,0,0,1,0,1,0,0,0,1,0,Cruzamento,Bom,Perfeito estado,Seca,Perfeito estado,Outras,,,
2022-07-07 00:00:00,,COM VÍTIMA,SÃO JOSÉ,C SANTA RITA,,SUBURBIO,COLISÃO LATERAL,1,1,0,0,0,0,0,0,0,1,0,Longo da via,Chuvoso,Não existente,Molhada,Perfeito estado,Não há placas,60 km/h,Única,Faixa seccionada
2022-07-07 00:00:00,,COM VÍTIMA,CASA AMARELA,AV NORTE MIGUEL ARRAES DE ALENCAR,95,CIDADE,ATROPELAMENTO DE PESSOA,0,1,0,0,1,0,0,0,0,2,0,Longo da via,Chuvoso,Perfeito estado,Molhada,Perfeito estado,R-6a,,Dupla,Faixa seccionada
2022-07-07 00:00:00,,SEM VÍTIMA,JORDÃO,AV DONA CARENTINA,,SUBURBIO,COLISÃO TRASEIRA,3,0,0,0,0,0,0,0,0,0,0,Longo da via,Bom,Não existente,Seca,Perfeito estado,Não há placas,,Dupla,Não existe
2022-07-07 00:00:00,,COM VÍTIMA,SANTO ANTÔNIO,AV DANTAS BARRETO,,,COLISÃO LATERAL,1,1,0,0,0,0,0,0,0,1,0,,,,,,,,,
2022-07-07 00:00:00,,COM VÍTIMA,BOA VIAGEM,RUA BARAO DE SOUZA LEAO,,SUBURBIO,COLISÃO LATERAL,1,1,0,0,0,0,0,0,0,1,0,Esquina,Bom,Perfeito estado,Seca,Perfeito estado,Não há placas,,Única,Faixa seccionada
2022-07-07 00:00:00,,SEM VÍTIMA,BAIRRO DO RECIFE,AV ALFREDO LISBOA,,SUBURBIO,CHOQUE,1,0,0,0,0,0,0,0,0,0,0,Longo da via,Chuvoso,Perfeito estado,Molhada,Perfeito estado,R-6a,,Única,Faixa seccionada
2022-07-08 00:00:00,,COM VÍTIMA,PRADO,RUA CARLOS GOMES,,,COLISÃO FRONTAL,1,1,0,0,0,0,0,0,0,1,0,,,,,,,,,
2022-07-08 00:00:00,,SEM VÍTIMA,GRAÇAS,RUA ANTONIO NOVAIS,,SUBURBIO,,0,0,0,0,0,0,1,0,0,0,0,Cruzamento,Bom,Perfeito estado,Seca,Perfeito estado,,,Única,Não existe
2022-07-08 00:00:00,,COM VÍTIMA,MADALENA,RUA DEMOCRITO DE SOUZA FILHO,,CIDADE,COLISÃO TRANSVERSAL,1,1,0,0,0,0,0,0,0,2,0,Cruzamento,Bom,Perfeito estado,Seca,Perfeito estado,Não há placas,,Única,Faixa seccionada
2022-07-08 00:00:00,,COM VÍTIMA,ÁGUA FRIA,RUA SAO SEBASTIAO,,,CHOQUE,0,0,0,0,0,0,1,0,0,2,0,Longo da via,Chuvoso,Não existente,Molhada,Perfeito estado,Não há placas,,Dupla,Não existe
2022-07-08 00:00:00,,COM VÍTIMA,IPUTINGA,EST DO BARBALHO,,CIDADE,COLISÃO COM CICLISTA,0,1,0,1,0,0,0,0,0,1,0,Longo da via,Bom,Incompleta,Seca,Perfeito estado,Não há placas,,Única,Não existe
2022-07-08 00:00:00,,COM VÍTIMA,SÃO JOSÉ,AV SUL,,CIDADE,CHOQUE,0,1,0,0,0,0,0,0,1,2,0,Longo da via,Bom,Perfeito estado,Seca,Perfeito estado,Não há placas,,Única,Faixa seccionada
2022-07-08 00:00:00,,COM VÍTIMA,CAMPO GRANDE,RUA PROFESSOR FRANCISCO DA TRINDADE,,SUBURBIO,COLISÃO TRANSVERSAL,2,0,0,0,0,0,0,0,0,1,0,Cruzamento,Bom,Perfeito estado,Seca,Perfeito estado,,,Dupla,Faixa seccionada
2022-07-08 00:00:00,,COM VÍTIMA,LINHA DO TIRO,AV VEREADOR OTACILIO AZEVEDO,,,COLISÃO COM CICLISTA,0,0,0,0,0,0,0,0,0,1,0,,,,,,,,,
2022-07-08 00:00:00,,COM VÍTIMA,DOIS IRMÃOS,RUA MANUEL DE MEDEIROS,588,,COLISÃO LATERAL,1,1,0,0,0,0,0,0,0,2,0,Longo da via,Bom,Perfeito estado,Seca,Perfeito estado,Não há placas,40 km/h,Dupla,Faixa contínua
2022-07-08 00:00:00,,COM VÍTIMA,AFOGADOS,RUA SAO MIGUEL,53,SUBURBIO,COLISÃO TRANSVERSAL,0,0,1,0,0,1,0,0,0,2,0,Cruzamento,Bom,Perfeito estado,Seca,Perfeito estado,Outras,,Única,Não existe
2022-07-09 00:00:00,,COM VÍTIMA,CASA AMARELA,AV NORTE MIGUEL ARRAES DE ALENCAR,95,SUBURBIO,COLISÃO TRASEIRA,2,1,0,0,0,0,0,0,0,4,0,Longo da via,Bom,Perfeito estado,Seca,Perfeito estado,R-6a,,Dupla,Canteiro central
2022-07-09 00:00:00,,COM VÍTIMA,CASA AMARELA,EST DAS UBAIAS,655,,QUEDA,1,1,0,0,0,0,0,0,0,1,0,,,,,,,,,
2022-07-10 00:00:00,,COM VÍTIMA,NOVA DESCOBERTA,RUA NOVA DESCOBERTA,,,COLISÃO LATERAL,0,1,0,0,0,1,0,0,0,1,0,,,,,,,,,
2022-07-10 00:00:00,,COM VÍTIMA,AFOGADOS,RUA COSME VIANA,426,SUBURBIO,COLISÃO LATERAL,0,2,0,0,0,0,0,0,0,1,0,Cruzamento,Bom,Perfeito estado,Seca,Perfeito estado,Não há placas,,Única,Não existe
2022-07-10 00:00:00,,COM VÍTIMA,CASA AMARELA,EST DO ARRAIAL,,SUBURBIO,COLISÃO LATERAL,0,1,1,0,0,0,0,0,0,1,0,Esquina,Bom,Não existente,Seca,Perfeito estado,Não há placas,,Única,Faixa seccionada
2022-07-11 00:00:00,,COM VÍTIMA,IPUTINGA,AV PROFESSOR JOAQUIM CAVALCANTI,,SUBURBIO,CHOQUE,1,0,0,0,0,0,0,0,0,3,0,Outros,Chuvoso,Incompleta,Molhada,Perfeito estado,Não há placas,,Dupla,Canteiro central
2022-07-11 00:00:00,,COM VÍTIMA,DERBY,AV GOVERNADOR AGAMENON MAGALHAES,650,,COLISÃO TRASEIRA,0,2,0,0,0,0,0,0,0,2,0,Longo da via,Bom,,Molhada,Perfeito estado,Não há placas,60 km/h,Única,Faixa seccionada
2022-07-11 00:00:00,,COM VÍTIMA,AFOGADOS,EST DOS REMEDIOS,,CIDADE,COLISÃO TRASEIRA,1,1,0,0,0,0,0,0,0,1,0,Longo da via,Bom,Perfeito estado,Seca,Perfeito estado,R-6a,,Única,Faixa contínua
2022-07-11 00:00:00,,COM VÍTIMA,PINA,AV ENGENHEIRO DOMINGOS FERREIRA,,SUBURBIO,COLISÃO LATERAL,1,1,0,0,0,0,0,0,0,1,0,Longo da via,Bom,Incompleta,Seca,Mal iluminada,Não há placas,,Única,Não existe
2022-07-12 00:00:00,,COM VÍTIMA,AREIAS,RUA JOSE NATARIO,,SUBURBIO,COLISÃO TRASEIRA,0,2,0,0,0,0,0,0,0,1,0,Longo da via,Bom,Não existente,Seca,Perfeito estado,Não há placas,,Dupla,Não existe
2022-07-12 00:00:00,,COM VÍTIMA,IMBIRIBEIRA,AV MARECHAL MASCARENHAS DE MORAES,290,CIDADE,COLISÃO TRASEIRA,1,1,0,0,0,0,0,0,0,1,0,Longo da via,Bom,Perfeito estado,Seca,Perfeito estado,Outras,,Dupla,Canteiro central
2022-07-12 00:00:00,,COM VÍTIMA,TEJIPIÓ,AV DR JOSE RUFINO,,CIDADE,COLISÃO TRASEIRA,1,1,0,0,0,0,0,0,0,1,0,Longo da via,Bom,Ilegível,Seca,Perfeito estado,Não há placas,,Dupla,Faixa contínua
2022-07-13 00:00:00,,COM VÍTIMA,DOIS UNIDOS,AV HILDEBRANDO DE VASCONCELOS,,SUBURBIO,COLISÃO FRONTAL,1,1,0,0,0,0,0,0,0,1,0,Cruzamento,Chuvoso,Não existente,Molhada,Perfeito estado,Não há placas,,Dupla,Não existe
2022-07-13 00:00:00,,COM VÍTIMA,PINA,AV HERCULANO BANDEIRA,,SUBURBIO,COLISÃO TRASEIRA,1,1,0,0,0,0,0,0,0,1,0,Longo da via,Chuvoso,Perfeito estado,Molhada,Perfeito estado,R-6a,60 km/h,Única,Faixa seccionada
2022-07-13 00:00:00,,COM VÍTIMA,BOA VIAGEM,RUA WALDEMAR NERY CARNEIRO MONTEIRO,,SUBURBIO,COLISÃO LATERAL,2,1,0,0,0,0,0,0,0,1,0,Cruzamento,Bom,Não existente,Seca,Perfeito estado,Não há placas,,Dupla,Faixa contínua
2022-07-13 00:00:00,,SEM VÍTIMA,CABANGA,AV ENGENHEIRO JOSE ESTELITA,,CIDADE,,2,0,0,0,0,0,0,0,0,0,0,Longo da via,Bom,Perfeito estado,Seca,Perfeito estado,R-19,60 km/h,Dupla,Faixa seccionada
2022-07-13 00:00:00,,COM VÍTIMA,TORRE,AV BEIRA RIO,630,SUBURBIO,COLISÃO TRANSVERSAL,1,1,0,0,0,0,0,0,0,1,0,Cruzamento,Bom,Perfeito estado,Seca,Perfeito estado,Outras,,Dupla,Faixa contínua
2022-07-13 00:00:00,,COM VÍTIMA,ÁGUA FRIA,RUA DA REGENERACAO,,,COLISÃO FRONTAL,1,1,0,0,0,0,0,0,0,1,0,Longo da via,Bom,Incompleta,Seca,Perfeito estado,Não há placas,,Dupla,Não existe
2022-07-13 00:00:00,,COM VÍTIMA,IBURA,RUA IBIARA,,,COLISÃO LATERAL,0,1,0,0,0,0,1,0,0,2,0,,,,,,,,,
2022-07-13 00:00:00,,COM VÍTIMA,BOA VIAGEM,AV ENGENHEIRO DOMINGOS FERREIRA,,,ATROPELAMENTO DE PESSOA,1,0,0,0,2,0,0,0,0,2,0,,,,,,,,,
2022-07-13 00:00:00,,COM VÍTIMA,CASA AMARELA,RUA PADRE LEMOS,,SUBURBIO,COLISÃO TRASEIRA,1,1,0,0,0,0,0,0,0,1,0,Longo da via,Bom,Perfeito estado,Seca,Perfeito estado,Outras,,Dupla,
2022-07-13 00:00:00,,SEM VÍTIMA,AREIAS,AV IZABEL DE GOES,,,COLISÃO LATERAL,0,0,0,0,0,0,0,0,0,0,0,,,,,,,,,
2022-07-13 00:00:00,,SEM VÍTIMA,,RUA JOAO FERNANDES VIEIRA,173,SUBURBIO,,1,0,0,0,0,1,0,0,0,0,0,Longo da via,Bom,Perfeito estado,Seca,Perfeito estado,,,Única,Faixa seccionada
2022-07-14 00:00:00,,COM VÍTIMA,IMBIRIBEIRA,RUA ARQUITETO LUIZ NUNES,,SUBURBIO,COLISÃO LATERAL,1,1,0,0,0,0,0,0,0,1,0,Cruzamento,Chuvoso,Perfeito estado,Molhada,Perfeito estado,Não há placas,,Única,Faixa seccionada
2022-07-14 00:00:00,,COM VÍTIMA,IPSEP,AV SENADOR ROBERT KENNEDY,,SUBURBIO,COLISÃO FRONTAL,1,1,0,0,0,0,0,0,0,1,0,Cruzamento,Bom,Não existente,Seca,Perfeito estado,Não há placas,,Dupla,Faixa seccionada
2022-07-14 00:00:00,,COM VÍTIMA,AREIAS,AV SALDANHA MARINHO,,SUBURBIO,COLISÃO LATERAL,1,1,0,0,0,0,0,0,0,2,0,,,,,,,,,
2022-07-14 00:00:00,,SEM VÍTIMA,AFOGADOS,RUA SAO MIGUEL,423,,COLISÃO LATERAL,2,0,0,0,0,0,0,0,0,0,0,Longo da via,Bom,Perfeito estado,Seca,Perfeito estado,Não há placas,,Dupla,Faixa contínua
2022-07-14 00:00:00,,SEM VÍTIMA,IPSEP,AV SENADOR ROBERT KENNEDY,,,COLISÃO FRONTAL,1,0,0,0,0,0,1,0,0,0,0,,,,,,,,,
2022-07-14 00:00:00,,COM VÍTIMA,ILHA DO LEITE,RUA FRANCISCO ALVES,107,,COLISÃO FRONTAL,1,1,0,0,0,0,0,0,0,1,0,Cruzamento,Bom,Perfeito estado,Seca,Perfeito estado,"Placas ""Pare""",,Dupla,Faixa contínua
2022-07-14 00:00:00,,COM VÍTIMA,VASCO DA GAMA,RUA ALTO DO EUCALIPTO,,,COLISÃO LATERAL,0,2,0,0,0,0,0,0,0,2,0,Longo da via,Bom,Perfeito estado,Seca,Perfeito estado,,30 km/h,Dupla,Não existe
2022-07-15 00:00:00,,COM VÍTIMA,IPSEP,RUA ITACARI,,,COLISÃO FRONTAL,2,0,0,0,0,0,0,0,0,1,0,Cruzamento,Bom,Perfeito estado,Seca,Perfeito estado,"Placas ""Pare""",40 km/h,Única,Faixa contínua
2022-07-15 00:00:00,,COM VÍTIMA,BOA VIAGEM,RUA VISCONDE DE JEQUITINHONHA,,,COLISÃO TRASEIRA,1,1,0,0,0,0,0,0,0,1,0,,,,,,,,,
2022-07-15 00:00:00,,SEM VÍTIMA,TORRÕES,RUA GURUPI,,,COLISÃO LATERAL,0,0,0,0,0,0,0,0,0,0,0,Longo da via,Bom,Não existente,Seca,Perfeito estado,Não há placas,,Dupla,Não existe
2022-07-15 00:00:00,,COM VÍTIMA,IPUTINGA,AV CAXANGA,,,QUEDA,0,1,0,0,0,0,0,0,0,1,0,Longo da via,Bom,Perfeito estado,Seca,Perfeito estado,Não há placas,,Dupla,Canteiro central
2022-07-15 00:00:00,,COM VÍTIMA,SAN MARTIN,AV GENERAL SAN MARTIN,,SUBURBIO,COLISÃO COM CICLISTA,1,0,0,1,0,0,0,0,0,1,0,Longo da via,Chuvoso,Perfeito estado,Molhada,,,,Dupla,Não existe
2022-07-16 00:00:00,,COM VÍTIMA,PINA,AV ANTONIO DE GOES,103,CIDADE,COLISÃO TRASEIRA,1,1,0,0,0,0,0,0,0,1,0,Outros,Chuvoso,Perfeito estado,Molhada,Perfeito estado,,,Única,Faixa seccionada
2022-07-16 00:00:00,,COM VÍTIMA,GRAÇAS,RUA SAO SALVADOR,,,COLISÃO LATERAL,1,1,0,0,0,0,0,0,0,1,0,Longo da via,Chuvoso,,Molhada,Perfeito estado,,,,
2022-07-16 00:00:00,,COM VÍTIMA,CAMPO GRANDE,RUA MARQUES DE ABRANTES,,CIDADE,COLISÃO TRANSVERSAL,1,1,0,0,0,0,0,0,0,1,0,Cruzamento,Chuvoso,Perfeito estado,Molhada,Perfeito estado,"Placas ""Pare""",,Dupla,Faixa seccionada
2022-07-16 00:00:00,,SEM VÍTIMA,ENGENHO DO MEIO,RUA PEDRO DA CUNHA ANDRADE,,,COLISÃO TRANSVERSAL,0,0,0,0,0,0,0,0,0,0,0,,,,,,,,,
2022-07-16 00:00:00,,SEM VÍTIMA,SAN MARTIN,RUA DR TELESPHORO FRAGOSO,,,CHOQUE,3,0,0,0,0,0,0,0,0,0,0,,,,,,,,,
2022-07-17 00:00:00,,SEM VÍTIMA,SÃO JOSÉ,RUA FLORIANO PEIXOTO,,,CHOQUE,0,0,0,0,0,1,0,0,0,0,0,,,,,,,,,
2022-07-17 00:00:00,,SEM VÍTIMA,BRASÍLIA TEIMOSA,RUA DO JAU,,,COLISÃO LATERAL,1,0,0,0,0,0,1,0,0,0,0,,,,,,,,,
2022-07-17 00:00:00,,COM VÍTIMA,MADALENA,AV ENGENHEIRO ABDIAS DE CARVALHO,,,COLISÃO TRANSVERSAL,0,1,0,0,0,0,0,0,0,1,0,,,,,,,,,
2022-07-18 00:00:00,,SEM VÍTIMA,NOVA DESCOBERTA,AV NORTE MIGUEL ARRAES DE ALENCAR,65,,COLISÃO TRASEIRA,2,0,0,0,0,0,0,0,0,0,0,,,,,,,,,
2022-07-18 00:00:00,,COM VÍTIMA,VÁRZEA,AV CAXANGA,281,SUBURBIO,COLISÃO TRANSVERSAL,1,1,0,0,0,0,0,0,0,2,0,Cruzamento,Bom,Perfeito estado,Seca,Perfeito estado,,,Dupla,
2022-07-18 00:00:00,,COM VÍTIMA,BOA VIAGEM,RUA PEDRO PAES MENDONCA,544,SUBURBIO,COLISÃO TRASEIRA,1,1,0,0,0,0,0,0,0,1,0,Longo da via,Chuvoso,Perfeito estado,Molhada,,,60 km/h,Única,
2022-07-18 00:00:00,,COM VÍTIMA,CORDEIRO,RUA SOUZA BANDEIRA,,SUBURBIO,COLISÃO TRANSVERSAL,1,1,0,0,0,0,0,0,0,1,0,Cruzamento,Chuvoso,Perfeito estado,Molhada,Perfeito estado,Não há placas,60 km/h,Única,Faixa seccionada
2022-07-18 00:00:00,,SEM VÍTIMA,JARDIM SÃO PAULO,RUA OSORIO BORBA,,,COLISÃO FRONTAL,1,0,0,0,0,0,0,1,0,0,0,Longo da via,Bom,Não existente,Seca,Perfeito estado,Outras,,Única,Não existe
2022-07-18 00:00:00,,COM VÍTIMA,JARDIM SÃO PAULO,RUA EUZEBIO DE MATOS,,,COLISÃO LATERAL,1,0,0,0,0,0,1,0,0,1,0,,,,,,,,,
2022-07-18 00:00:00,,SEM VÍTIMA,BOA VISTA,AV GOVERNADOR AGAMENON MAGALHAES,,,COLISÃO LATERAL,1,0,0,0,0,1,0,0,0,0,0,Cruzamento,Bom,Perfeito estado,Seca,Perfeito estado,Outras,60km/h,Dupla,Canteiro central
2022-07-18 00:00:00,,COM VÍTIMA,AFOGADOS,EST DOS REMEDIOS,,CIDADE,ATROPELAMENTO DE PESSOA,0,1,0,0,1,0,0,0,0,2,0,Longo da via,Bom,Perfeito estado,Seca,Perfeito estado,Outras,,Única,Faixa contínua
2022-07-19 00:00:00,,COM VÍTIMA,APIPUCOS,RUA DE APIPUCOS,248,CIDADE,COLISÃO TRASEIRA,1,1,0,0,0,0,0,0,0,1,0,Longo da via,Bom,Perfeito estado,Molhada,Perfeito estado,Não há placas,,Dupla,Faixa contínua
2022-07-19 00:00:00,,COM VÍTIMA,IPSEP,AV RECIFE,,CIDADE,COLISÃO TRASEIRA,1,1,0,0,0,0,0,0,0,1,0,Longo da via,Bom,Perfeito estado,Seca,Perfeito estado,Não há placas,60 km/h,Dupla,Canteiro central
2022-07-19 00:00:00,,SEM VÍTIMA,BOA VISTA,PRC PARQUE AMORIM,,,COLISÃO LATERAL,2,0,0,0,0,0,0,0,0,0,0,Longo da via,Bom,Perfeito estado,Seca,Perfeito estado,Não há placas,,Única,Faixa seccionada
2022-07-19 00:00:00,,COM VÍTIMA,BONGI,AV CONSUL VILARES FRAGOSO,,CIDADE,COLISÃO LATERAL,0,1,0,0,0,1,0,0,0,1,0,Cruzamento,Bom,Incompleta,Seca,Perfeito estado,Não há placas,,Dupla,Não existe
2022-07-19 00:00:00,,COM VÍTIMA,ESPINHEIRO,AV CONS ROSA E SILVA,46,SUBURBIO,COLISÃO COM CICLISTA,0,1,0,1,0,0,0,0,0,1,0,Cruzamento,Bom,Perfeito estado,Seca,Perfeito estado,Outras,,Única,Faixa contínua
2022-07-19 00:00:00,,COM VÍTIMA,IBURA,AV DOIS RIOS,,CIDADE,COLISÃO FRONTAL,1,1,0,0,0,0,0,0,0,1,0,Longo da via,Bom,Não existente,Seca,Perfeito estado,Não há placas,,Dupla,Não existe
2022-07-20 00:00:00,,COM VÍTIMA,SANTO ANTÔNIO,RUA FLORIANO PEIXOTO,,,COLISÃO COM CICLISTA,1,0,0,1,0,0,0,0,0,1,0,Cruzamento,Bom,Ilegível,Seca,Mal conservada,Não há placas,,Única,Faixa seccionada
2022-07-20 00:00:00,,SEM VÍTIMA,CAXANGÁ,AV CAXANGA,,,COLISÃO LATERAL,0,1,0,0,0,0,0,1,0,0,0,Longo da via,Bom,Perfeito estado,Seca,Perfeito estado,,,Dupla,Canteiro central
2022-07-20 00:00:00,,COM VÍTIMA,IPSEP,AV RECIFE,247,CIDADE,ATROPELAMENTO DE PESSOA,0,1,0,0,1,0,0,0,0,1,0,Longo da via,Bom,Ilegível,Molhada,Perfeito estado,,60 km/h,Dupla,Canteiro central
2022-07-20 00:00:00,,COM VÍTIMA,BOA VIAGEM,RUA SA E SOUZA,420,,ATROPELAMENTO DE PESSOA,0,0,0,0,1,1,0,0,0,1,0,Cruzamento,Bom,Incompleta,Seca,Perfeito estado,Não há placas,,Única,Não existe