data,hora,natureza,bairro,endereco,num_semaforo,sentido_via,tipo,auto,moto,ciclom,ciclista,pedestre,onibus,caminhao,viatura,outros,vitimas,vitimasfatais,acidente_verificado,tempo_clima,sinalizacao,condicao_via,conservacao_via,situacao_placa,velocidade_max_via,mao_direcao,divisao_via1
2022-07-20 00:00:00,,COM VÍTIMA,TORRÕES,AV ENGENHEIRO ABDIAS DE CARVALHO,422,CIDADE,COLISÃO TRASEIRA,1,2,0,0,0,0,1,0,0,2,0,Longo da via,Bom,Perfeito estado,Seca,Perfeito estado,R-6a,,Dupla,Canteiro central
2022-07-20 00:00:00,,COM VÍTIMA,IMBIRIBEIRA,AV MARECHAL MASCARENHAS DE MORAES,,,COLISÃO LATERAL,1,1,0,0,0,0,0,0,0,1,0,,,,,,,,,
2022-07-20 00:00:00,,COM VÍTIMA,IPSEP,AV RECIFE,55,,COLISÃO COM CICLISTA,1,0,0,1,0,0,0,0,0,1,0,Cruzamento,Bom,Perfeito estado,Seca,Perfeito estado,Outras,60 km/h,Dupla,Canteiro central
2022-07-20 00:00:00,,COM VÍTIMA,APIPUCOS,RUA DOIS IRMAOS,,SUBURBIO,COLISÃO TRANSVERSAL,1,2,0,0,0,0,0,0,0,1,0,Longo da via,Chuvoso,Perfeito estado,Molhada,Perfeito estado,Outras,50 km/h,Dupla,Faixa contínua
2022-07-20 00:00:00,,COM VÍTIMA,IMBIRIBEIRA,RUA ANTONIO FALCAO,402,,COLISÃO LATERAL,1,1,0,0,0,0,0,0,0,1,0,Longo da via,Chuvoso,Perfeito estado,Molhada,Perfeito estado,Não há placas,,Única,Outros
2022-07-21 00:00:00,,VÍTIMA FATAL,MADALENA,AV CAXANGA,489,CIDADE,CHOQUE,1,0,0,0,0,0,0,0,1,0,1,Longo da via,Chuvoso,Não existente,Molhada,Perfeito estado,Não há placas,60 km/h,,Canteiro central
2022-07-21 00:00:00,,COM VÍTIMA,SANTO AMARO,AV GOVERNADOR AGAMENON MAGALHAES,,CIDADE,QUEDA,0,1,0,0,0,0,0,0,0,1,0,Longo da via,Chuvoso,Perfeito estado,Molhada,Perfeito estado,Não há placas,,Única,Faixa contínua
2022-07-21 00:00:00,,SEM VÍTIMA,CAMPO GRANDE,EST DE BELEM,,,COLISÃO TRASEIRA,2,0,0,0,0,0,0,0,0,0,0,,,,,,,,,
2022-07-22 00:00:00,,COM VÍTIMA,BOA VIAGEM,RUA SA E SOUZA,,,COLISÃO LATERAL,2,0,0,0,0,0,0,0,0,1,0,Cruzamento,Chuvoso,Ilegível,Molhada,Perfeito estado,Não há placas,,Dupla,Faixa seccionada
2022-07-22 00:00:00,,COM VÍTIMA,BOA VIAGEM,AVENIDA CELSO FURTADO (VIA MANGUE),,SUBURBIO,QUEDA,0,1,0,0,0,0,0,0,0,1,0,Longo da via,Chuvoso,Perfeito estado,Molhada,Perfeito estado,R-6a,60 km/h,Dupla,Canteiro central
2022-07-22 00:00:00,,COM VÍTIMA,IPSEP,RUA ITANAGE,,CIDADE,CHOQUE,0,1,0,0,0,0,0,0,0,2,0,Longo da via,Chuvoso,Não existente,Molhada,Perfeito estado,Não há placas,30 km/h,Dupla,Faixa seccionada
2022-07-22 00:00:00,,COM VÍTIMA,BOA VIAGEM,RUA PROF AURELIO DE CASTRO CAVALCANTI,,,COLISÃO LATERAL,1,1,0,0,0,0,0,0,0,1,0,Cruzamento,Bom,Não existente,Seca,Perfeito estado,Não há placas,,Dupla,Não existe
2022-07-22 00:00:00,,COM VÍTIMA,ARRUDA,RUA DA REGENERACAO,,SUBURBIO,COLISÃO LATERAL,1,1,0,0,0,0,0,0,0,1,0,Longo da via,Bom,Perfeito estado,Seca,Perfeito estado,Não há placas,,Dupla,Não existe
2022-07-22 00:00:00,,COM VÍTIMA,TEJIPIÓ,RUA QUEIRA DEUS,,,COLISÃO FRONTAL,1,1,0,0,0,0,0,0,0,1,0,,,,,,,,,
2022-07-22 00:00:00,,SEM VÍTIMA,GRAÇAS,AV RUI BARBOSA,,,COLISÃO LATERAL,1,0,0,0,0,0,0,1,0,0,0,,,,,,,,,
2022-07-23 00:00:00,,COM VÍTIMA,SANTO AMARO,AV GOVERNADOR AGAMENON MAGALHAES,465,SUBURBIO,COLISÃO COM CICLISTA,1,0,0,1,0,0,0,0,0,1,0,Cruzamento,Chuvoso,Perfeito estado,Molhada,Perfeito estado,Outras,60 km/h,Dupla,Canal
2022-07-23 00:00:00,,SEM VÍTIMA,VASCO DA GAMA,RUA RIO NOVO,,SUBURBIO,CHOQUE,2,0,0,0,0,0,0,0,0,0,0,Longo da via,Bom,Perfeito estado,Molhada,Perfeito estado,Não há placas,,Dupla,Faixa seccionada
2022-07-23 00:00:00,,COM VÍTIMA,BOA VISTA,RUA PRINCESA IZABEL,22,CIDADE,COLISÃO FRONTAL,1,1,0,0,0,0,0,0,0,1,0,Cruzamento,Bom,Perfeito estado,Seca,Perfeito estado,Não há placas,60 km/h,Única,Faixa seccionada
2022-07-23 00:00:00,,COM VÍTIMA,SÃO JOSÉ,RUA TOBIAS BARRETO,,SUBURBIO,ATROPELAMENTO DE PESSOA,1,0,0,0,1,0,0,0,0,1,0,Longo da via,Bom,Incompleta,Seca,Perfeito estado,Outras,,Única,Não existe
2022-07-23 00:00:00,,COM VÍTIMA,TORRE,RUA JOSE BONIFACIO,,SUBURBIO,ATROPELAMENTO DE PESSOA,1,0,0,0,1,0,0,0,0,1,0,Ponte,Bom,Perfeito estado,Seca,Perfeito estado,Não há placas,,Dupla,Canteiro central
2022-07-23 00:00:00,,COM VÍTIMA,IPSEP,RUA JEAN EMILE FAVRE,,CIDADE,COLISÃO LATERAL,1,1,0,0,0,0,0,0,0,1,0,Longo da via,Bom,Perfeito estado,Seca,Perfeito estado,R-6a,,Dupla,Faixa contínua
2022-07-23 00:00:00,,COM VÍTIMA,BRASÍLIA TEIMOSA,RUA DAS OFICINAS,,,COLISÃO TRASEIRA,0,0,0,0,0,0,0,0,0,1,0,,,,,,,,,
2022-07-23 00:00:00,,COM VÍTIMA,BOMBA DO HEMETÉRIO,RUA BOMBA DO HEMETERIO,,CIDADE,COLISÃO LATERAL,1,1,0,0,0,0,0,0,0,1,0,Longo da via,Bom,Perfeito estado,Seca,Perfeito estado,R-6a,,Dupla,Não existe
2022-07-23 00:00:00,,COM VÍTIMA,BOA VIAGEM,AV ENGENHEIRO DOMINGOS FERREIRA,155,,COLISÃO LATERAL,0,0,0,0,0,0,0,0,0,1,0,,,,,,,,,
2022-07-23 00:00:00,,COM VÍTIMA,PRADO,RUA GERVASIO CAMPELO,,CIDADE,COLISÃO TRANSVERSAL,1,1,0,0,0,0,0,0,0,1,0,Cruzamento,Bom,Perfeito estado,Molhada,Perfeito estado,Outras,,Única,Faixa seccionada
2022-07-24 00:00:00,,COM VÍTIMA,ESTÂNCIA,AV RECIFE,,,COLISÃO FRONTAL,0,2,0,0,0,0,0,0,0,1,0,,,,,,,,,
2022-07-24 00:00:00,,COM VÍTIMA,PINA,AV BOA VIAGEM,,CIDADE,COLISÃO LATERAL,1,1,0,0,0,0,0,0,0,1,0,Longo da via,Bom,Perfeito estado,Seca,Perfeito estado,R-6a,60 km/h,Única,Não existe
2022-07-24 00:00:00,,COM VÍTIMA,BOA VIAGEM,AV BOA VIAGEM,148,CIDADE,COLISÃO FRONTAL,1,1,0,0,0,0,0,0,0,2,0,Longo da via,Bom,Perfeito estado,Seca,Perfeito estado,R-4a,,Única,Não existe
2022-07-24 00:00:00,,COM VÍTIMA,SÃO JOSÉ,RUA IMPERIAL,,SUBURBIO,COLISÃO TRANSVERSAL,1,1,0,0,0,0,0,0,0,1,0,Cruzamento,Bom,Incompleta,Seca,Perfeito estado,Não há placas,,Única,Faixa seccionada
2022-07-25 00:00:00,,SEM VÍTIMA,LINHA DO TIRO,RUA PROFESSOR JOSE AMARINO DOS REIS,,,CHOQUE,1,1,0,0,0,0,0,0,0,0,0,,,,,,,,,
2022-07-25 00:00:00,,COM VÍTIMA,IPSEP,RUA JEAN EMILE FAVRE,527,,COLISÃO LATERAL,2,0,0,0,0,0,0,0,0,1,0,Cruzamento,Chuvoso,Perfeito estado,Molhada,Perfeito estado,Outras,40 km/h,Dupla,Faixa contínua
2022-07-25 00:00:00,,COM VÍTIMA,SANTO AMARO,RUA JOAO LIRA,32,SUBURBIO,COLISÃO TRASEIRA,1,1,0,0,0,0,0,0,0,1,0,Longo da via,Bom,Perfeito estado,Seca,Perfeito estado,Outras,,Única,Faixa contínua
2022-07-25 00:00:00,,COM VÍTIMA,IPSEP,RUA JEAN EMILE FAVRE,,SUBURBIO,COLISÃO LATERAL,1,1,0,0,0,0,0,0,0,1,0,Longo da via,Bom,Perfeito estado,Seca,Perfeito estado,Outras,30 km/h,Dupla,Faixa contínua
2022-07-25 00:00:00,,COM VÍTIMA,CORDEIRO,AV CAXANGA,,SUBURBIO,ATROPELAMENTO DE PESSOA,0,1,0,0,1,0,0,0,0,1,0,Longo da via,Bom,Perfeito estado,Seca,Perfeito estado,Não há placas,,Dupla,Canteiro central
2022-07-25 00:00:00,,COM VÍTIMA,AREIAS,RUA AURORA CACOTE,,CIDADE,ATROPELAMENTO DE PESSOA,1,0,0,0,1,0,0,0,0,1,0,Longo da via,Bom,Perfeito estado,Seca,Perfeito estado,Não há placas,,Única,Não existe
2022-07-25 00:00:00,,COM VÍTIMA,GRAÇAS,RUA AMELIA,177,CIDADE,COLISÃO COM CICLISTA,0,1,0,1,0,0,0,0,0,1,0,Cruzamento,Bom,Perfeito estado,Seca,Perfeito estado,R-25d,,Única,Faixa seccionada
2022-07-25 00:00:00,,COM VÍTIMA,BOA VISTA,RUA PRINCESA IZABEL,,CIDADE,QUEDA,0,0,0,0,2,1,0,0,0,1,0,Longo da via,Bom,Perfeito estado,Seca,Perfeito estado,Outras,,Única,Outros
2022-07-26 00:00:00,,COM VÍTIMA,BOA VIAGEM,AV ENGENHEIRO DOMINGOS FERREIRA,484,SUBURBIO,COLISÃO TRASEIRA,0,2,0,0,0,0,0,0,0,1,0,Longo da via,Bom,Perfeito estado,Seca,Perfeito estado,R-6a,,Única,Canteiro central
2022-07-26 00:00:00,,COM VÍTIMA,ALTO DO MANDU,RUA JAGUARANA,,SUBURBIO,COLISÃO LATERAL,1,1,0,0,0,0,0,0,0,1,0,Longo da via,Bom,Perfeito estado,Seca,Perfeito estado,Outras,30 km/h,Dupla,Não existe
2022-07-26 00:00:00,,COM VÍTIMA,SANTO AMARO,AV VISCONDE DE SUASSUNA,624,SUBURBIO,ATROPELAMENTO DE PESSOA,1,0,0,0,1,0,0,0,0,1,0,Longo da via,Bom,Perfeito estado,Seca,Perfeito estado,Não há placas,40 km/h,Única,Faixa seccionada
2022-07-26 00:00:00,,COM VÍTIMA,VÁRZEA,AV INACIO DE BARROS BARRETO,,,COLISÃO TRANSVERSAL,1,1,0,0,0,0,0,0,0,1,0,Esquina,Bom,Perfeito estado,Seca,Perfeito estado,Não há placas,,Dupla,Faixa seccionada
2022-07-26 00:00:00,,COM VÍTIMA,CASA FORTE,AV DEZESSETE DE AGOSTO,,SUBURBIO,COLISÃO LATERAL,0,1,0,0,0,0,0,0,1,1,0,Longo da via,,Perfeito estado,Seca,Perfeito estado,Outras,,Dupla,Faixa contínua
2022-07-26 00:00:00,,COM VÍTIMA,CORDEIRO,EST DO FORTE DO ARRAIAL N. DO B. JESUS,249,SUBURBIO,COLISÃO LATERAL,0,1,0,0,0,1,0,0,0,1,0,Esquina,Chuvoso,Incompleta,Molhada,Perfeito estado,Não há placas,,Dupla,
2022-07-26 00:00:00,,COM VÍTIMA,SANTO AMARO,RUA DO HOSPICIO,,,COLISÃO LATERAL,1,1,0,0,0,0,0,0,0,1,0,,,,,,,,,
2022-07-26 00:00:00,,COM VÍTIMA,ROSARINHO,RUA TELES JUNIOR,,SUBURBIO,QUEDA,0,1,0,0,0,0,0,0,0,1,0,Cruzamento,Nublado,Incompleta,Molhada,Perfeito estado,"Placas ""Pare""",30 km/h,Dupla,Não existe
2022-07-26 00:00:00,,COM VÍTIMA,CAMPO GRANDE,VDO PRESIDENTE MEDICI,,SUBURBIO,COLISÃO LATERAL,1,1,0,0,0,0,0,0,0,1,0,Viaduto,Chuvoso,Incompleta,Molhada,Perfeito estado,Não há placas,,Dupla,Blocos
2022-07-26 00:00:00,,COM VÍTIMA,BOA VIAGEM,RUA BARAO DE SOUZA LEAO,,CIDADE,ATROPELAMENTO DE PESSOA,0,0,0,0,1,1,0,0,0,1,0,Esquina,Chuvoso,Perfeito estado,Molhada,Perfeito estado,"Placas ""Pare""",30 km/h,Única,
2022-07-26 00:00:00,,COM VÍTIMA,IBURA,RUA JORNALISTA EDSON REGIS,,CIDADE,COLISÃO TRANSVERSAL,1,1,0,0,0,0,0,0,0,1,0,Longo da via,Chuvoso,Perfeito estado,Molhada,Perfeito estado,Não há placas,30 km/h,Dupla,Não existe
2022-07-27 00:00:00,,COM VÍTIMA,MANGABEIRA,AV PROFESSOR JOSE DOS ANJOS,,CIDADE,COLISÃO TRASEIRA,1,1,0,0,0,0,0,0,0,1,0,Longo da via,Chuvoso,Perfeito estado,Molhada,Perfeito estado,Outras,,Dupla,Faixa seccionada
2022-07-27 00:00:00,,COM VÍTIMA,PINA,AV ANTONIO DE GOES,538,CIDADE,QUEDA,0,1,0,0,0,0,0,0,0,2,0,Longo da via,Bom,Perfeito estado,Seca,Perfeito estado,Outras,60 km/h,Única,Canteiro central
2022-07-27 00:00:00,,COM VÍTIMA,PRADO,RUA JOAO IVO DA SILVA,132,CIDADE,COLISÃO LATERAL,1,1,0,0,0,0,0,0,0,1,0,Cruzamento,Bom,Perfeito estado,Seca,Perfeito estado,R-6a,,Dupla,Canteiro central
2022-07-27 00:00:00,,SEM VÍTIMA,PRADO,AV ENGENHEIRO ABDIAS DE CARVALHO,,CIDADE,COLISÃO TRASEIRA,1,0,0,0,0,0,0,0,0,0,0,,,,,,,,,
2022-07-27 00:00:00,,SEM VÍTIMA,PRADO,AV ENGENHEIRO ABDIAS DE CARVALHO,327,CIDADE,COLISÃO TRASEIRA,2,0,0,0,0,0,0,0,0,0,0,,,,,,,,,
2022-07-27 00:00:00,,COM VÍTIMA,CASA AMARELA,RUA PADRE LEMOS,,CIDADE,COLISÃO LATERAL,1,1,0,0,0,0,0,0,0,1,0,Longo da via,Bom,Perfeito estado,Seca,Mal conservada,Outras,,Dupla,Não existe
2022-07-27 00:00:00,,COM VÍTIMA,MANGABEIRA,RUA DA MANGABEIRA,96,,COLISÃO COM CICLISTA,1,0,0,1,0,0,0,0,0,1,0,Esquina,Bom,Incompleta,Seca,Outros,Outras,,Dupla,Canteiro central
2022-07-27 00:00:00,,SEM VÍTIMA,AFOGADOS,RUA LUIZ PEREIRA DE FARIAS,,,,2,0,0,0,0,0,0,0,0,0,0,,Bom,Perfeito estado,Seca,Perfeito estado,Não há placas,,Dupla,Não existe
2022-07-27 00:00:00,,COM VÍTIMA,AREIAS,AV DR JOSE RUFINO,82,CIDADE,COLISÃO LATERAL,0,1,0,0,0,1,0,0,0,1,0,Longo da via,Bom,Ilegível,Seca,Mal conservada,Outras,,Dupla,Não existe
2022-07-27 00:00:00,,SEM VÍTIMA,SANTO AMARO,AV GOVERNADOR AGAMENON MAGALHAES,108,CIDADE,,1,1,0,0,0,0,0,0,0,0,0,,Bom,Perfeito estado,Seca,Perfeito estado,Outras,,Dupla,Faixa seccionada
2022-07-27 00:00:00,,SEM VÍTIMA,BOA VIAGEM,AV DOM JOAO VI,400,SUBURBIO,COLISÃO TRASEIRA,2,0,0,0,0,0,0,1,0,0,0,Longo da via,Chuvoso,Perfeito estado,Molhada,Perfeito estado,Não há placas,,Única,Faixa contínua
2022-07-27 00:00:00,,COM VÍTIMA,CASA FORTE,AV DEZESSETE DE AGOSTO,,CIDADE,COLISÃO TRASEIRA,1,1,0,0,0,0,0,0,0,1,0,Longo da via,Chuvoso,Perfeito estado,Molhada,Mal iluminada,Não há placas,60 km/h,Dupla,Faixa contínua
2022-07-27 00:00:00,,COM VÍTIMA,DERBY,AV GOVERNADOR AGAMENON MAGALHAES,417,SUBURBIO,COLISÃO TRANSVERSAL,0,1,0,0,0,1,0,0,0,1,0,Cruzamento,Chuvoso,Perfeito estado,Molhada,Perfeito estado,Outras,,Dupla,Faixa contínua
2022-07-28 00:00:00,,COM VÍTIMA,AFOGADOS,RUA COSME VIANA,503,SUBURBIO,COLISÃO LATERAL,1,1,0,0,0,0,0,0,0,1,0,,Chuvoso,Perfeito estado,Molhada,Perfeito estado,Não há placas,,Única,Faixa contínua
2022-07-28 00:00:00,,SEM VÍTIMA,SÃO JOSÉ,RUA DO PEIXOTO,182,CIDADE,,0,0,0,0,0,1,0,1,0,0,0,Longo da via,Bom,Perfeito estado,Seca,Perfeito estado,Outras,30 km/h,Única,Faixa seccionada
2022-07-28 00:00:00,,COM VÍTIMA,ILHA JOANA BEZERRA,RUA AGUA DOCE,,SUBURBIO,COLISÃO TRASEIRA,0,0,0,0,0,2,0,0,0,3,0,Longo da via,Bom,Incompleta,Seca,Mal conservada,Não há placas,,Dupla,Canteiro central
2022-07-28 00:00:00,,COM VÍTIMA,BOA VIAGEM,RUA VISCONDE DE JEQUITINHONHA,129,SUBURBIO,COLISÃO LATERAL,1,1,0,0,0,0,0,0,0,1,0,Cruzamento,Bom,Perfeito estado,Seca,Perfeito estado,R-6a,,Única,Canal
2022-07-28 00:00:00,,COM VÍTIMA,IBURA,AV DOIS RIOS,,SUBURBIO,ATROPELAMENTO DE PESSOA,0,1,0,0,1,0,0,0,0,1,0,Longo da via,Bom,Ilegível,Seca,Mal conservada,Não há placas,,Dupla,Não existe
2022-07-29 00:00:00,,COM VÍTIMA,MANGABEIRA,AV NORTE MIGUEL ARRAES DE ALENCAR,364,CIDADE,COLISÃO TRANSVERSAL,1,1,0,0,0,0,0,0,0,2,0,Longo da via,Bom,Perfeito estado,Seca,Perfeito estado,,,Dupla,Faixa contínua
2022-07-29 00:00:00,,COM VÍTIMA,IBURA,AV DOIS RIOS,475,CIDADE,COLISÃO TRANSVERSAL,1,1,0,0,0,0,0,0,0,1,0,Cruzamento,Bom,Incompleta,Seca,Perfeito estado,Não há placas,60 km/h,Dupla,Faixa contínua
2022-07-29 00:00:00,,COM VÍTIMA,SÍTIO DOS PINTOS,,,,,1,0,0,1,0,0,0,0,0,1,0,,,,,,,,,
2022-07-29 00:00:00,,COM VÍTIMA,VÁRZEA,RUA RIBEIRO PESSOA,,SUBURBIO,COLISÃO COM CICLISTA,1,0,0,1,0,0,0,0,0,1,0,Longo da via,Bom,Perfeito estado,Seca,Perfeito estado,Não há placas,,Dupla,Faixa seccionada
2022-07-29 00:00:00,,SEM VÍTIMA,BOA VISTA,AV GOVERNADOR AGAMENON MAGALHAES,,SUBURBIO,,1,0,0,0,0,1,0,0,0,0,0,Longo da via,Bom,Perfeito estado,Seca,Perfeito estado,Não há placas,60 km/h,Dupla,Faixa seccionada
2022-07-29 00:00:00,,SEM VÍTIMA,SANTO AMARO,AV CRUZ CABUGA,,CIDADE,COLISÃO TRASEIRA,1,0,0,0,0,1,0,0,0,0,0,Longo da via,Bom,Perfeito estado,Seca,Perfeito estado,Outras,,Dupla,Canteiro central
2022-07-29 00:00:00,,COM VÍTIMA,IPUTINGA,AV MAURICIO DE NASSAU,,CIDADE,COLISÃO LATERAL,1,1,0,0,0,0,0,0,0,1,0,Longo da via,Bom,Perfeito estado,Seca,Perfeito estado,Não há placas,,Dupla,Faixa contínua
2022-07-29 00:00:00,,SEM VÍTIMA,SANTO AMARO,AV CRUZ CABUGA,,CIDADE,COLISÃO TRANSVERSAL,0,0,0,0,0,1,0,1,0,0,0,Longo da via,Bom,Perfeito estado,Seca,Perfeito estado,Outras,,Dupla,Faixa contínua
2022-07-29 00:00:00,,COM VÍTIMA,TORRE,RUA PROFESSOR TRAJANO DE MENDONCA,,,COLISÃO TRASEIRA,1,1,0,0,0,0,0,0,0,1,0,Longo da via,Bom,Não existente,Seca,Perfeito estado,Não há placas,60 km/h,Única,Não existe
2022-07-29 00:00:00,,SEM VÍTIMA,IMBIRIBEIRA,AV MARECHAL MASCARENHAS DE MORAES,,,,0,0,0,0,0,1,0,1,0,0,0,,Bom,Perfeito estado,Seca,Perfeito estado,Não há placas,60 km/h,Dupla,Canteiro central
2022-07-29 00:00:00,,COM VÍTIMA,IPSEP,RUA ADERBAL DE MELO,,SUBURBIO,COLISÃO COM CICLISTA,1,0,0,1,0,0,0,0,0,1,0,Cruzamento,Bom,Incompleta,Seca,Perfeito estado,"Placas ""Pare""",,Dupla,Não existe
2022-07-29 00:00:00,,COM VÍTIMA,ILHA JOANA BEZERRA,VDO PAPA JOAO PAULO II,,CIDADE,COLISÃO TRASEIRA,1,1,0,0,0,0,0,0,0,2,0,Viaduto,Bom,Perfeito estado,Seca,Perfeito estado,Não há placas,,Única,Faixa contínua
2022-07-29 00:00:00,,COM VÍTIMA,ILHA DO LEITE,AV GOVERNADOR AGAMENON MAGALHAES,,OLINDA,COLISÃO FRONTAL,1,2,0,0,0,0,0,0,0,3,0,Longo da via,Bom,Perfeito estado,Seca,Perfeito estado,,60 km/h,Dupla,Canteiro central
2022-07-29 00:00:00,,COM VÍTIMA,TORRÕES,AV ENGENHEIRO ABDIAS DE CARVALHO,271,CIDADE,COLISÃO TRASEIRA,0,2,0,0,0,0,0,0,0,3,0,,,,,,,,,
2022-07-29 00:00:00,,COM VÍTIMA,CORDEIRO,AV ENGENHEIRO ABDIAS DE CARVALHO,422,,COLISÃO TRANSVERSAL,1,1,0,0,0,0,0,0,0,1,0,Cruzamento,Bom,Perfeito estado,Seca,Perfeito estado,,,Dupla,
2022-07-30 00:00:00,,COM VÍTIMA,SANTO AMARO,AV CRUZ CABUGA,,CIDADE,COLISÃO LATERAL,1,1,0,0,0,0,0,0,0,1,0,Longo da via,Bom,Perfeito estado,Seca,Perfeito estado,Não há placas,40 km/h,Dupla,Faixa seccionada
2022-07-30 00:00:00,,COM VÍTIMA,IPUTINGA,RUA EMILIANO BRAGA,,SUBURBIO,COLISÃO LATERAL,1,1,0,0,0,0,0,0,0,1,0,Cruzamento,Chuvoso,Não existente,,Mal conservada,Não há placas,,,
2022-07-30 00:00:00,,COM VÍTIMA,ARRUDA,RUA DO MACHADO,,,COLISÃO LATERAL,1,1,0,0,0,0,0,0,0,1,0,,,,,,,,,
2022-07-30 00:00:00,,SEM VÍTIMA,TORRE,AV BEIRA RIO,,,COLISÃO LATERAL,2,0,0,0,0,0,0,0,0,0,0,,,,,,,,,
2022-07-30 00:00:00,,SEM VÍTIMA,BOA VIAGEM,AV BOA VIAGEM,,,COLISÃO LATERAL,2,0,0,0,0,0,0,0,0,0,0,,,,,,,,,
2022-07-30 00:00:00,,COM VÍTIMA,VÁRZEA,AV JOAQUIM RIBEIRO,,,COLISÃO LATERAL,1,1,0,0,0,0,0,0,0,1,0,,,,,,,,,
2022-07-31 00:00:00,,SEM VÍTIMA,AREIAS,AV RECIFE,,,ATROPELAMENTO DE ANIMAL,1,0,0,0,0,0,0,0,1,0,0,,,,,,,,,
2022-07-31 00:00:00,,SEM VÍTIMA,AREIAS,AV RECIFE,,,ATROPELAMENTO DE ANIMAL,0,0,0,0,0,0,0,0,0,0,0,,,,,,,,,
2022-07-31 00:00:00,,SEM VÍTIMA,CORDEIRO,AV ENGENHEIRO ABDIAS DE CARVALHO,,SUBURBIO,ENGAVETAMENTO,3,0,0,0,0,0,0,0,0,0,0,,,,,,,,,
2022-07-31 00:00:00,,COM VÍTIMA,CASA AMARELA,RUA PADRE LEMOS,,CIDADE,COLISÃO FRONTAL,0,2,0,0,0,0,0,0,0,2,0,Longo da via,Bom,Incompleta,Seca,Mal conservada,R-6a,,Dupla,Não existe
2022-07-31 00:00:00,,SEM VÍTIMA,MANGABEIRA,AV PROFESSOR JOSE DOS ANJOS,,,ATROPELAMENTO DE ANIMAL,0,0,0,0,0,0,0,0,0,0,0,,,,,,,,,
2022-07-31 00:00:00,,COM VÍTIMA,BOA VIAGEM,RUA VISCONDE DE JEQUITINHONHA,,SUBURBIO,COLISÃO LATERAL,1,1,0,0,0,1,0,0,0,1,0,Viaduto,Chuvoso,Perfeito estado,Molhada,Perfeito estado,Outras,60 km/h,Única,Faixa contínua
2022-07-31 00:00:00,,SEM VÍTIMA,ILHA JOANA BEZERRA,AV ADVOGADO JOSE PAULO CAVALCANTI,,CIDADE,ATROPELAMENTO DE ANIMAL,0,0,0,0,0,0,0,0,0,0,0,,,,,,,,,
2022-07-31 00:00:00,,SEM VÍTIMA,TORRE,RUA JOSE BONIFACIO,191,SUBURBIO,CHOQUE,1,0,0,0,0,0,0,0,0,0,0,Longo da via,Nublado,Incompleta,Seca,Perfeito estado,R-6a,,Única,Faixa seccionada
2022-07-31 00:00:00,,SEM VÍTIMA,COHAB,RUA JOAO CORDEIRO DE SOUZA,,CIDADE,COLISÃO FRONTAL,2,0,0,0,0,0,0,0,0,0,0,Longo da via,Bom,Perfeito estado,Seca,Perfeito estado,Não há placas,,Dupla,Não existe
2022-08-01 00:00:00,,COM VÍTIMA,BARRO,AV DR JOSE RUFINO,,CIDADE,COLISÃO LATERAL,0,0,0,0,0,0,0,0,0,1,0,,,,,,,,,
2022-08-01 00:00:00,,COM VÍTIMA,BOA VISTA,RUA HENRIQUE DIAS,,CIDADE,QUEDA,0,1,0,0,0,0,0,0,0,1,0,,,,,,,,,
2022-08-01 00:00:00,,COM VÍTIMA,BOA VIAGEM,RUA MARIA CAROLINA,,,ATROPELAMENTO DE PESSOA,1,0,0,0,1,0,0,0,0,1,0,Cruzamento,Bom,Perfeito estado,Seca,Perfeito estado,Não há placas,,Única,Não existe
2022-08-02 00:00:00,,COM VÍTIMA,SÃO JOSÉ,AV SUL,76,SUBURBIO,COLISÃO TRANSVERSAL,1,0,0,0,0,1,0,0,0,1,0,Esquina,Chuvoso,Perfeito estado,Molhada,Perfeito estado,Não há placas,,Dupla,Canteiro central
2022-08-02 00:00:00,,COM VÍTIMA,ESPINHEIRO,AV JOAO DE BARROS,,SUBURBIO,COLISÃO TRASEIRA,1,0,1,0,0,0,0,0,0,1,0,,,,,,,,,
2022-08-02 00:00:00,,SEM VÍTIMA,BOA VIAGEM,AV ENGENHEIRO DOMINGOS FERREIRA,,SUBURBIO,COLISÃO TRASEIRA,2,0,0,0,0,0,0,0,0,0,0,Longo da via,Bom,Perfeito estado,Seca,Perfeito estado,Não há placas,,Única,Faixa seccionada
2022-08-02 00:00:00,,SEM VÍTIMA,DERBY,RUA JENER DE SOUZA,,CIDADE,,1,0,0,0,0,0,0,1,0,0,0,Cruzamento,Bom,Incompleta,Seca,Perfeito estado,R-6c,,Única,Faixa seccionada
2022-08-02 00:00:00,,COM VÍTIMA,SANTO AMARO,AV NORTE MIGUEL ARRAES DE ALENCAR,397,SUBURBIO,COLISÃO TRASEIRA,1,1,0,0,0,0,0,0,0,1,0,Longo da via,Bom,Perfeito estado,Seca,Perfeito estado,Outras,60 km/h,Dupla,Faixa seccionada