data,hora,natureza,bairro,endereco,num_semaforo,sentido_via,tipo,auto,moto,ciclom,ciclista,pedestre,onibus,caminhao,viatura,outros,vitimas,vitimasfatais,acidente_verificado,tempo_clima,sinalizacao,condicao_via,conservacao_via,situacao_placa,velocidade_max_via,mao_direcao,divisao_via1
2022-08-26 00:00:00,,COM VÍTIMA,AFOGADOS,RUA SAO MIGUEL,,SUBURBIO,COLISÃO LATERAL,1,1,0,0,0,0,0,0,0,1,0,Longo da via,Bom,Incompleta,Seca,Mal conservada,Não há placas,60 km/h,Dupla,Faixa contínua
2022-08-26 00:00:00,,COM VÍTIMA,CASA AMARELA,EST DAS UBAIAS,,,COLISÃO FRONTAL,1,1,0,0,0,0,0,0,0,2,0,Longo da via,Chuvoso,Perfeito estado,Molhada,Perfeito estado,Outras,40 km/h,Dupla,Não existe
2022-08-27 00:00:00,,COM VÍTIMA,DOIS UNIDOS,AV HILDEBRANDO DE VASCONCELOS,,CIDADE,COLISÃO FRONTAL,1,1,0,0,0,0,0,0,0,1,0,Longo da via,Chuvoso,Perfeito estado,Molhada,Perfeito estado,R-6a,,Dupla,Faixa contínua
2022-08-27 00:00:00,,COM VÍTIMA,CAXANGÁ,AV CAXANGA,,,QUEDA,0,1,0,0,0,0,0,0,0,1,0,,,,,,,,,
2022-08-27 00:00:00,,COM VÍTIMA,MADALENA,AV VISCONDE DE ALBUQUERQUE,,SUBURBIO,COLISÃO LATERAL,1,1,0,0,0,0,0,0,0,1,0,Cruzamento,Chuvoso,Perfeito estado,Molhada,Perfeito estado,Outras,,Única,Faixa contínua
2022-08-28 00:00:00,,COM VÍTIMA,BONGI,RUA SANTA EDWIRGES,,,QUEDA,0,1,0,0,0,0,0,0,0,1,0,Longo da via,Bom,Não existente,Seca,Mal conservada,Não há placas,,Dupla,Não existe
2022-08-28 00:00:00,,COM VÍTIMA,SÃO JOSÉ,C SANTA RITA,,CIDADE,ATROPELAMENTO DE PESSOA,0,0,0,0,1,1,0,0,0,1,0,Outros,Bom,Não existente,Seca,Perfeito estado,Não há placas,,Única,Não existe
2022-08-28 00:00:00,,COM VÍTIMA,ÁGUA FRIA,RUA LADEIRA DE PEDRA,,SUBURBIO,COLISÃO TRASEIRA,1,1,0,0,0,0,0,0,0,1,0,Longo da via,Bom,Perfeito estado,Seca,Mal conservada,R-6a,,Dupla,Não existe
2022-08-28 00:00:00,,COM VÍTIMA,BOA VIAGEM,RUA JOSE MARIA DE MIRANDA,,,COLISÃO LATERAL,1,1,0,0,0,0,0,0,0,1,0,Cruzamento,Bom,Incompleta,Seca,Perfeito estado,"Placas ""Pare""",,Única,Não existe
2022-08-28 00:00:00,,COM VÍTIMA,IPSEP,AV RECIFE,393,,COLISÃO LATERAL,1,1,0,0,0,0,0,0,0,1,0,Cruzamento,Bom,Perfeito estado,Seca,Perfeito estado,R-4a,60 km/h,Dupla,Canteiro central
2022-08-28 00:00:00,,COM VÍTIMA,ILHA DO LEITE,VDO PAPA JOAO PAULO II,,,COLISÃO FRONTAL,0,2,0,0,0,0,0,0,0,1,0,Viaduto,Bom,Incompleta,Seca,Perfeito estado,Não há placas,,Dupla,Canteiro central
2022-08-28 00:00:00,,COM VÍTIMA,PARNAMIRIM,AV NORTE MIGUEL ARRAES DE ALENCAR,,CIDADE,COLISÃO COM CICLISTA,0,1,0,1,0,0,0,0,0,1,0,Cruzamento,Bom,Perfeito estado,Seca,Perfeito estado,R-6a,,Dupla,Canteiro central
2022-08-29 00:00:00,,COM VÍTIMA,ÁGUA FRIA,EST VELHA DE AGUA FRIA,,CIDADE,ATROPELAMENTO DE PESSOA,0,1,0,0,1,0,0,0,0,1,0,Longo da via,Chuvoso,Perfeito estado,Molhada,Perfeito estado,Não há placas,40 km/h,Única,Faixa seccionada
2022-08-29 00:00:00,,SEM VÍTIMA,AREIAS,AV TAPAJOS,,,COLISÃO FRONTAL,0,0,0,0,0,0,0,0,0,0,0,,,,,,,,,
2022-08-29 00:00:00,,COM VÍTIMA,AFOGADOS,RUA NICOLAU PEREIRA,,,ATROPELAMENTO DE PESSOA,1,0,0,0,1,0,0,0,0,1,0,,,,,,,,,
2022-08-29 00:00:00,,COM VÍTIMA,TORRE,RUA LAURA CAMPELO,,CIDADE,COLISÃO LATERAL,1,1,0,0,0,0,0,0,0,1,0,Esquina,Chuvoso,Incompleta,Molhada,Perfeito estado,Não há placas,,Dupla,Não existe
2022-08-29 00:00:00,,SEM VÍTIMA,GRAÇAS,AV RUI BARBOSA,,,COLISÃO TRASEIRA,1,0,0,0,0,0,0,1,0,0,0,,,,,,,,,
2022-08-29 00:00:00,,COM VÍTIMA,BOA VIAGEM,RUA POETA ZEZITO NEVES,,,COLISÃO LATERAL,1,1,0,0,0,0,0,0,0,1,0,Longo da via,Bom,Perfeito estado,Seca,Perfeito estado,R-6a,,Única,Não existe
2022-08-29 00:00:00,,COM VÍTIMA,BOA VIAGEM,RUA POETA ZEZITO NEVES,,,COLISÃO LATERAL,1,1,0,0,0,0,0,0,0,1,0,,,,,,,,,
2022-08-29 00:00:00,,COM VÍTIMA,BOA VIAGEM,AV ENGENHEIRO DOMINGOS FERREIRA,155,,COLISÃO TRASEIRA,2,0,0,0,0,0,0,0,0,1,0,Longo da via,Bom,Não existente,Seca,Outros,R-6a,,Única,Faixa seccionada
2022-08-29 00:00:00,,COM VÍTIMA,PINA,AV REPUBLICA DO LIBANO,,,COLISÃO LATERAL,0,2,0,0,0,0,0,0,0,1,0,,,,,,,,,
2022-08-29 00:00:00,,COM VÍTIMA,CORDEIRO,RUA DR MIGUEL VIEIRA FERREIRA,,,COLISÃO TRASEIRA,1,1,0,0,0,0,0,0,0,1,0,Longo da via,Bom,Ilegível,Seca,Perfeito estado,R-6a,,Dupla,Faixa contínua
2022-08-29 00:00:00,,COM VÍTIMA,BARRO,AV DR JOSE RUFINO,,SUBURBIO,COLISÃO FRONTAL,1,1,0,0,0,0,0,0,0,1,0,Cruzamento,Bom,Não existente,Seca,Perfeito estado,Não há placas,,Dupla,Não existe
2022-08-29 00:00:00,,COM VÍTIMA,CAMPO GRANDE,RUA MARQUES DE BAIPENDI,,SUBURBIO,COLISÃO LATERAL,1,1,0,0,0,0,0,0,0,1,0,Longo da via,Bom,Perfeito estado,Seca,Perfeito estado,Não há placas,60 km/h,Dupla,Faixa seccionada
2022-08-29 00:00:00,,COM VÍTIMA,SAN MARTIN,RUA DELMIRO GOUVEIA,,,COLISÃO TRASEIRA,1,1,0,0,0,0,0,0,0,1,0,,,,,,,,,
2022-08-29 00:00:00,,COM VÍTIMA,MADALENA,RUA BENFICA,,CIDADE,COLISÃO LATERAL,1,1,0,0,0,0,0,0,0,1,0,Longo da via,Bom,Não existente,Seca,Perfeito estado,R-6a,40 km/h,Única,Faixa seccionada
2022-08-29 00:00:00,,COM VÍTIMA,BOA VIAGEM,RUA DEZ DE JULHO,,,COLISÃO LATERAL,1,1,0,0,0,0,0,0,0,1,0,Longo da via,Bom,Perfeito estado,Seca,Perfeito estado,Não há placas,40 km/h,Única,Faixa seccionada
2022-08-30 00:00:00,,SEM VÍTIMA,ESPINHEIRO,RUA QUARENTA E OITO,166,CIDADE,COLISÃO TRANSVERSAL,1,0,0,0,0,1,0,0,0,0,0,Cruzamento,Bom,Perfeito estado,Seca,Perfeito estado,Outras,,Única,Faixa contínua
2022-08-30 00:00:00,,COM VÍTIMA,BARRO,AV DR JOSE RUFINO,,SUBURBIO,COLISÃO TRANSVERSAL,1,1,0,0,0,0,0,0,0,1,0,Longo da via,Bom,Perfeito estado,Seca,Perfeito estado,"Placas ""Pare""",60 km/h,Dupla,Faixa contínua
2022-08-30 00:00:00,,COM VÍTIMA,ROSARINHO,AV SANTOS DUMONT,,,COLISÃO LATERAL,1,1,0,0,0,0,0,0,0,1,0,Cruzamento,Bom,Incompleta,Seca,Perfeito estado,Outras,,Única,Faixa seccionada
2022-08-30 00:00:00,,COM VÍTIMA,DERBY,AV GOVERNADOR AGAMENON MAGALHAES,75,SUBURBIO,COLISÃO TRASEIRA,1,1,0,0,0,0,0,0,0,1,0,Cruzamento,Bom,Perfeito estado,Seca,Perfeito estado,Outras,60 km/h,Dupla,Canteiro central
2022-08-30 00:00:00,,COM VÍTIMA,BOA VIAGEM,AV ENGENHEIRO DOMINGOS FERREIRA,,SUBURBIO,COLISÃO LATERAL,1,1,0,0,0,0,0,0,0,1,0,Longo da via,Bom,Perfeito estado,Seca,Perfeito estado,Não há placas,,Única,Canteiro central
2022-08-30 00:00:00,,COM VÍTIMA,SANTO AMARO,AV GOVERNADOR AGAMENON MAGALHAES,,,COLISÃO LATERAL,1,1,0,0,0,0,0,0,0,1,0,Cruzamento,Bom,Perfeito estado,Seca,Perfeito estado,Outras,40 km/h,Dupla,Faixa contínua
2022-08-30 00:00:00,,COM VÍTIMA,ÁGUA FRIA,RUA JOAO UZEDA LUNA,,SUBURBIO,COLISÃO LATERAL,1,1,0,0,0,0,0,0,0,1,0,Cruzamento,Bom,Incompleta,Seca,Perfeito estado,R-6a,40 km/h,Dupla,Não existe
2022-08-31 00:00:00,,COM VÍTIMA,ENCRUZILHADA,AV BEBERIBE,186,SUBURBIO,COLISÃO LATERAL,1,1,0,0,0,0,0,0,0,1,0,Longo da via,Chuvoso,Perfeito estado,Molhada,Perfeito estado,Não há placas,40 km/h,Dupla,Faixa contínua
2022-08-31 00:00:00,,COM VÍTIMA,IPSEP,AV RECIFE,,SUBURBIO,COLISÃO TRASEIRA,1,1,0,0,0,0,0,0,0,1,0,Longo da via,Chuvoso,Perfeito estado,Molhada,Perfeito estado,R-4a,,Única,Canteiro central
2022-08-31 00:00:00,,COM VÍTIMA,BOA VISTA,AV CONDE DA BOA VISTA,486,,ATROPELAMENTO DE PESSOA,1,0,0,0,1,0,0,0,0,1,0,Cruzamento,Bom,Perfeito estado,Seca,Perfeito estado,Outras,,Dupla,Canteiro central
2022-08-31 00:00:00,,COM VÍTIMA,ILHA DO RETIRO,RUA ANTONIO GOMES DE FREITAS,,CIDADE,COLISÃO LATERAL,2,0,0,0,0,0,0,0,0,1,0,Longo da via,Bom,Perfeito estado,Seca,Perfeito estado,R-34,40 km/h,Única,Faixa seccionada
2022-08-31 00:00:00,,SEM VÍTIMA,ENGENHO DO MEIO,RUA ANTONIO CURADO,,,COLISÃO LATERAL,2,0,0,0,0,0,0,0,0,0,0,,,,,,,,,
2022-08-31 00:00:00,,COM VÍTIMA,VÁRZEA,RUA DIOGO DE VASCONCELOS,,SUBURBIO,COLISÃO TRASEIRA,1,1,0,0,0,0,0,0,0,1,0,Longo da via,Bom,Não existente,Seca,Perfeito estado,Não há placas,,Dupla,Não existe
2022-08-31 00:00:00,,COM VÍTIMA,APIPUCOS,RUA DE APIPUCOS,,,COLISÃO LATERAL,0,2,0,0,0,0,0,0,0,1,0,,,,,,,,,
2022-08-31 00:00:00,,COM VÍTIMA,IMBIRIBEIRA,AV MARECHAL MASCARENHAS DE MORAES,386,SUBURBIO,COLISÃO LATERAL,1,1,0,0,0,0,0,0,0,1,0,Esquina,Bom,Incompleta,Seca,Perfeito estado,Outras,,Dupla,Canteiro central
2022-08-31 00:00:00,,SEM VÍTIMA,IBURA,LAD DA COHAB,,SUBURBIO,COLISÃO TRASEIRA,2,0,0,0,0,0,0,0,0,0,0,Longo da via,Bom,,Seca,Mal conservada,R-6a,,Dupla,
2022-08-31 00:00:00,,COM VÍTIMA,BEBERIBE,AV BEBERIBE,,CIDADE,COLISÃO TRASEIRA,0,1,0,0,0,1,0,0,0,2,0,Longo da via,Bom,Perfeito estado,Seca,Perfeito estado,Não há placas,,Dupla,Faixa contínua
2022-08-31 00:00:00,,COM VÍTIMA,CAXANGÁ,AV JOAQUIM RIBEIRO,,,COLISÃO LATERAL,1,1,0,0,0,0,0,0,0,1,0,,,,,,,,,
2022-08-31 00:00:00,,COM VÍTIMA,JIQUIÁ,AV DR JOSE RUFINO,,CIDADE,COLISÃO LATERAL,1,1,0,0,0,0,0,0,0,1,0,Longo da via,Bom,Perfeito estado,Seca,Perfeito estado,Não há placas,,Dupla,Faixa seccionada
2022-08-31 00:00:00,,COM VÍTIMA,BOA VIAGEM,RUA SA E SOUZA,,SUBURBIO,COLISÃO LATERAL,1,1,0,0,0,0,0,0,0,1,0,Cruzamento,Bom,Perfeito estado,Seca,Perfeito estado,Não há placas,,Dupla,Faixa seccionada
2022-09-01 00:00:00,,COM VÍTIMA,TAMARINEIRA,RUA SIMAO MENDES,,,CHOQUE,1,0,0,0,0,0,0,0,0,1,0,Longo da via,Chuvoso,Perfeito estado,Molhada,Perfeito estado,Outras,,Única,Não existe
2022-09-01 00:00:00,,COM VÍTIMA,BOA VIAGEM,RUA DEZ DE JULHO,573,,COLISÃO LATERAL,2,0,0,0,0,0,0,0,0,1,0,Cruzamento,Chuvoso,Perfeito estado,Molhada,Perfeito estado,R-24a,,Única,Faixa contínua
2022-09-01 00:00:00,,COM VÍTIMA,IMBIRIBEIRA,AV MARECHAL MASCARENHAS DE MORAES,501,CIDADE,COLISÃO COM CICLISTA,0,1,0,1,0,0,0,0,0,1,0,Longo da via,Bom,Perfeito estado,Seca,Perfeito estado,Outras,60 km/h,Única,Faixa contínua
2022-09-01 00:00:00,,COM VÍTIMA,MADALENA,AV VISCONDE DE ALBUQUERQUE,,,COLISÃO LATERAL,3,0,0,0,0,0,0,0,0,2,0,Cruzamento,Bom,Perfeito estado,Seca,Perfeito estado,"Placas ""Pare""",,Única,Faixa seccionada
2022-09-01 00:00:00,,COM VÍTIMA,AFOGADOS,RUA SAO MIGUEL,,CIDADE,COLISÃO FRONTAL,1,1,0,0,0,0,0,0,0,1,0,Cruzamento,Bom,Perfeito estado,Seca,Perfeito estado,Não há placas,50 km/h,Dupla,Faixa contínua
2022-09-01 00:00:00,,COM VÍTIMA,BAIRRO DO RECIFE,RUA DA AURORA,,,COLISÃO TRASEIRA,2,0,0,0,0,0,0,0,0,1,0,Longo da via,Bom,Perfeito estado,Seca,Perfeito estado,Não há placas,,Única,Canteiro central
2022-09-01 00:00:00,,SEM VÍTIMA,BOA VIAGEM,RUA VISCONDE DE JEQUITINHONHA,154,SUBURBIO,COLISÃO TRANSVERSAL,1,0,0,0,0,0,0,1,0,0,0,Cruzamento,Bom,Perfeito estado,Seca,Perfeito estado,Outras,40 km/h,Única,Faixa contínua
2022-09-01 00:00:00,,COM VÍTIMA,IMBIRIBEIRA,AV MARECHAL MASCARENHAS DE MORAES,,CIDADE,COLISÃO TRASEIRA,1,1,0,0,0,0,0,0,0,2,0,Longo da via,Bom,Perfeito estado,Seca,Perfeito estado,,,Única,Faixa contínua
2022-09-01 00:00:00,,COM VÍTIMA,IPSEP,AV RECIFE,,SUBURBIO,COLISÃO TRASEIRA,0,1,0,0,0,0,1,0,0,1,0,Longo da via,Bom,Perfeito estado,Seca,Perfeito estado,Não há placas,,,Faixa seccionada
2022-09-01 00:00:00,,COM VÍTIMA,PORTO DA MADEIRA,AV BEBERIBE,,SUBURBIO,COLISÃO FRONTAL,1,1,0,0,0,0,0,0,0,1,0,Esquina,Chuvoso,Não existente,Molhada,Perfeito estado,Não há placas,,Dupla,Não existe
2022-09-02 00:00:00,,COM VÍTIMA,CORDEIRO,AV CAXANGA,610,SUBURBIO,COLISÃO LATERAL,1,1,0,0,0,0,0,0,0,1,0,Longo da via,Chuvoso,Perfeito estado,Molhada,Perfeito estado,R-6a,,Dupla,Faixa contínua
2022-09-02 00:00:00,,COM VÍTIMA,GRAÇAS,AV GOVERNADOR AGAMENON MAGALHAES,,CIDADE,ATROPELAMENTO DE PESSOA,0,1,0,0,1,0,0,0,0,1,0,Longo da via,Bom,Perfeito estado,Seca,Perfeito estado,Não há placas,,Dupla,Canteiro central
2022-09-02 00:00:00,,COM VÍTIMA,GRAÇAS,RUA DO FUTURO,,,COLISÃO COM CICLISTA,1,0,0,1,0,0,0,0,0,1,0,,,,,,,,,
2022-09-02 00:00:00,,COM VÍTIMA,JORDÃO,RUA BEIRA RIO,,,ATROPELAMENTO DE PESSOA,1,0,0,0,1,0,0,0,0,1,0,,,,,,,,,
2022-09-02 00:00:00,,SEM VÍTIMA,BAIRRO DO RECIFE,PTE GIRATORIA,,,CHOQUE,0,0,0,0,0,0,1,0,0,0,0,Longo da via,Bom,Perfeito estado,Seca,Perfeito estado,Não há placas,,Dupla,Canteiro central
2022-09-03 00:00:00,,COM VÍTIMA,ILHA DO RETIRO,RUA COMENDADOR BENTO AGUIAR,,,COLISÃO TRASEIRA,0,2,0,0,0,0,0,0,0,1,0,Longo da via,Bom,Perfeito estado,Seca,Perfeito estado,Não há placas,40 km/h,Dupla,Não existe
2022-09-03 00:00:00,,SEM VÍTIMA,CASA AMARELA,RUA CONS NABUCO,,,CHOQUE,1,0,0,0,0,0,0,0,0,0,0,,,,,,,,,
2022-09-03 00:00:00,,COM VÍTIMA,ARRUDA,AV BEBERIBE,64,SUBURBIO,COLISÃO LATERAL,0,1,0,0,0,1,0,0,0,1,0,Cruzamento,Bom,Perfeito estado,Seca,Perfeito estado,Não há placas,,Única,Não existe
2022-09-03 00:00:00,,COM VÍTIMA,IPSEP,AV RECIFE,,,COLISÃO LATERAL,3,1,0,0,0,0,0,0,0,1,0,,,,,,,,,
2022-09-03 00:00:00,,COM VÍTIMA,AREIAS,AV DR JOSE RUFINO,,CIDADE,COLISÃO LATERAL,1,1,0,0,0,0,0,0,0,1,0,Cruzamento,Bom,Ilegível,Seca,Mal conservada,Não há placas,60 km/h,Dupla,Faixa contínua
2022-09-03 00:00:00,,COM VÍTIMA,MADALENA,TUNEL DA ABOLICAO,,CIDADE,QUEDA,0,1,0,0,0,0,0,0,0,2,0,Longo da via,Bom,Incompleta,Molhada,Mal conservada,Outras,,Única,Não existe
2022-09-03 00:00:00,,COM VÍTIMA,CASA FORTE,AV DEZESSETE DE AGOSTO,,CIDADE,COLISÃO TRASEIRA,1,1,0,0,0,0,0,0,0,1,0,Longo da via,Bom,Perfeito estado,Seca,Perfeito estado,Outras,,Dupla,Faixa contínua
2022-09-03 00:00:00,,COM VÍTIMA,JIQUIÁ,AV JOAO CABRAL DE MELO NETO,,SUBURBIO,COLISÃO TRASEIRA,1,0,0,1,0,0,0,0,0,1,0,Longo da via,Bom,Perfeito estado,Seca,Perfeito estado,Não há placas,,Dupla,Canteiro central
2022-09-03 00:00:00,,COM VÍTIMA,CORDEIRO,RUA PROFESSOR JOAQUIM XAVIER DE BRITO,134,CIDADE,CHOQUE,0,1,0,0,0,0,1,0,0,1,0,Cruzamento,Bom,Perfeito estado,Seca,Perfeito estado,Não há placas,,Dupla,Não existe
2022-09-03 00:00:00,,COM VÍTIMA,TORRE,RUA JOSE BONIFACIO,,,COLISÃO LATERAL,1,1,0,0,0,0,0,0,0,1,0,,Bom,,,,,,,
2022-09-03 00:00:00,,SEM VÍTIMA,ILHA DO RETIRO,AV ENGENHEIRO ABDIAS DE CARVALHO,,,COLISÃO TRASEIRA,3,0,0,0,0,0,0,0,0,0,0,,,,,,,,,
2022-09-03 00:00:00,,COM VÍTIMA,MADALENA,AV BEIRA RIO,,,ATROPELAMENTO DE PESSOA,0,1,0,0,1,0,0,0,0,2,0,Longo da via,Bom,Perfeito estado,Seca,Mal iluminada,Outras,60 km/h,Dupla,Faixa contínua
2022-09-03 00:00:00,,COM VÍTIMA,CASA AMARELA,AV NORTE MIGUEL ARRAES DE ALENCAR,66,SUBURBIO,COLISÃO FRONTAL,0,1,0,0,0,1,0,0,0,2,0,Cruzamento,Bom,Perfeito estado,Seca,Perfeito estado,Não há placas,60 km/h,Dupla,Canteiro central
2022-09-03 00:00:00,,COM VÍTIMA,CAXANGÁ,AV CAXANGA,80,CIDADE,ATROPELAMENTO DE PESSOA,0,1,0,0,1,0,0,0,0,1,0,Cruzamento,Bom,Perfeito estado,Seca,Perfeito estado,Outras,,Dupla,Canteiro central
2022-09-03 00:00:00,,SEM VÍTIMA,MADALENA,AV ENGENHEIRO ABDIAS DE CARVALHO,,CIDADE,CHOQUE,0,0,0,0,0,0,0,0,0,0,0,Longo da via,Bom,Perfeito estado,Seca,Perfeito estado,R-6a,,Única,Faixa seccionada
2022-09-04 00:00:00,,COM VÍTIMA,CAXANGÁ,AV JOAQUIM RIBEIRO,281,,COLISÃO FRONTAL,1,1,0,0,0,0,0,0,0,1,0,,,,,,,,,
2022-09-04 00:00:00,,COM VÍTIMA,JARDIM SÃO PAULO,AV RECIFE,704,,COLISÃO TRASEIRA,1,1,0,0,0,0,0,0,0,1,0,Longo da via,Bom,Perfeito estado,Seca,Perfeito estado,Não há placas,60 km/h,Dupla,Canteiro central
2022-09-04 00:00:00,,COM VÍTIMA,MANGUEIRA,RUA DR JOAO ELISIO,,CIDADE,COLISÃO LATERAL,1,1,0,0,0,0,0,0,0,1,0,Longo da via,Bom,Perfeito estado,Seca,Perfeito estado,Não há placas,30 km/h,Dupla,Não existe
2022-09-04 00:00:00,,SEM VÍTIMA,BONGI,EST DO BONGI,,,COLISÃO LATERAL,0,0,0,0,0,0,0,0,0,0,0,,,,,,,,,
2022-09-04 00:00:00,,COM VÍTIMA,MADALENA,AV CAXANGA,257,CIDADE,COLISÃO FRONTAL,1,1,0,0,0,0,0,0,0,1,0,Cruzamento,Nublado,Perfeito estado,Seca,Perfeito estado,R-26,40 km/h,Dupla,Faixa contínua
2022-09-04 00:00:00,,COM VÍTIMA,CASA AMARELA,RUA NOVA DESCOBERTA,,SUBURBIO,COLISÃO FRONTAL,1,1,0,0,0,0,0,0,0,1,0,Esquina,Bom,Perfeito estado,Seca,Perfeito estado,Outras,30 km/h,Dupla,
2022-09-04 00:00:00,,COM VÍTIMA,ENCRUZILHADA,AV NORTE MIGUEL ARRAES DE ALENCAR,43,SUBURBIO,COLISÃO LATERAL,1,1,0,0,0,0,0,0,0,2,0,Cruzamento,Chuvoso,Perfeito estado,Molhada,Perfeito estado,R-6a,,Dupla,Canteiro central
2022-09-05 00:00:00,,SEM VÍTIMA,BOA VIAGEM,AVENIDA CELSO FURTADO (VIA MANGUE),,CIDADE,CHOQUE,0,0,0,0,0,0,0,0,0,0,0,,,,,,,,,
2022-09-05 00:00:00,,COM VÍTIMA,IMBIRIBEIRA,AV MARECHAL MASCARENHAS DE MORAES,7,SUBURBIO,COLISÃO TRASEIRA,1,1,0,0,0,0,0,0,0,1,0,Longo da via,Chuvoso,Não existente,Molhada,Perfeito estado,Não há placas,60 km/h,Única,Não existe
2022-09-05 00:00:00,,COM VÍTIMA,MADALENA,RUA JOSE BONIFACIO,,SUBURBIO,COLISÃO LATERAL,2,0,0,0,0,0,0,0,0,1,0,Cruzamento,Chuvoso,Perfeito estado,Molhada,Perfeito estado,"Placas ""Pare""",,Única,Faixa seccionada
2022-09-05 00:00:00,,SEM VÍTIMA,IMBIRIBEIRA,AV MARECHAL MASCARENHAS DE MORAES,,,COLISÃO TRASEIRA,1,1,0,0,0,0,0,0,0,0,0,,,,,,,,,
2022-09-05 00:00:00,,COM VÍTIMA,AREIAS,RUA IPOJUCA,,CIDADE,COLISÃO LATERAL,1,1,0,0,0,0,0,0,0,1,0,Cruzamento,Chuvoso,Perfeito estado,Molhada,Perfeito estado,"Placas ""Pare""",30 km/h,Dupla,Não existe
2022-09-05 00:00:00,,SEM VÍTIMA,BOA VIAGEM,RUA RIBEIRO DE BRITO,147,,CHOQUE,0,0,0,0,0,1,0,0,0,0,0,,,,,,,,,
2022-09-05 00:00:00,,COM VÍTIMA,CABANGA,RUA GENERAL ESTILAC LEAL,,CIDADE,QUEDA,0,1,0,0,0,0,0,0,0,2,0,Longo da via,Bom,Não existente,Oleosa,Perfeito estado,Não há placas,,Dupla,Não existe
2022-09-05 00:00:00,,COM VÍTIMA,TAMARINEIRA,AV CONS ROSA E SILVA,61,SUBURBIO,COLISÃO LATERAL,2,1,0,0,0,0,0,0,0,1,0,Longo da via,,Perfeito estado,,Perfeito estado,R-6a,,Única,Canteiro central
2022-09-05 00:00:00,,COM VÍTIMA,JARDIM SÃO PAULO,RUA LEANDRO BARRETO,507,SUBURBIO,COLISÃO TRASEIRA,1,2,0,0,0,0,0,0,0,1,0,Longo da via,Chuvoso,Perfeito estado,Molhada,Perfeito estado,Não há placas,,Dupla,Não existe
2022-09-05 00:00:00,,COM VÍTIMA,BOA VIAGEM,AV BOA VIAGEM,,,COLISÃO TRASEIRA,1,1,0,0,0,0,0,0,0,1,0,,,,,,,,,
2022-09-05 00:00:00,,COM VÍTIMA,DERBY,RUA JENER DE SOUZA,,,COLISÃO FRONTAL,1,1,0,0,0,0,0,0,0,1,0,Cruzamento,Chuvoso,Perfeito estado,Molhada,Perfeito estado,"Placas ""Pare""",,Única,Canteiro central
2022-09-06 00:00:00,,SEM VÍTIMA,BARRO,AV DR JOSE RUFINO,,CIDADE,COLISÃO FRONTAL,2,0,0,0,0,0,0,0,0,0,0,Longo da via,Bom,Não existente,Seca,Perfeito estado,Não há placas,,Dupla,Faixa contínua
2022-09-06 00:00:00,,COM VÍTIMA,ENCRUZILHADA,AV JOAO DE BARROS,43,CIDADE,COLISÃO TRANSVERSAL,1,1,0,0,0,0,0,0,0,1,0,Cruzamento,Bom,Perfeito estado,Seca,Perfeito estado,Outras,,Dupla,Canteiro central
2022-09-06 00:00:00,,COM VÍTIMA,BOA VIAGEM,RUA MANOEL DE BRITO,103,,COLISÃO LATERAL,1,1,0,0,0,0,0,0,0,1,0,Cruzamento,Bom,Perfeito estado,Seca,Perfeito estado,Não há placas,,Única,Faixa contínua
2022-09-06 00:00:00,,COM VÍTIMA,IBURA,RUA RIO PAJEU,,,COLISÃO TRASEIRA,2,0,0,0,0,0,0,0,0,1,0,Longo da via,Bom,Não existente,Seca,Perfeito estado,Não há placas,,Única,Não existe
2022-09-06 00:00:00,,COM VÍTIMA,IBURA,RUA EXP FRANCISCO VITORIANO,,,COLISÃO LATERAL,0,2,0,0,0,0,0,0,0,3,0,Longo da via,Bom,Perfeito estado,Seca,Perfeito estado,R-6a,,Dupla,Não existe
2022-09-06 00:00:00,,COM VÍTIMA,GUABIRABA,AV VEREADOR OTACILIO AZEVEDO,,,COLISÃO FRONTAL,0,1,0,0,0,0,1,0,0,1,0,Longo da via,Bom,Incompleta,Seca,Perfeito estado,"Placas ""Pare""",40 km/h,Dupla,Não existe
2022-09-06 00:00:00,,COM VÍTIMA,MADALENA,RUA JOSE OSORIO,,,COLISÃO LATERAL,1,1,0,0,0,0,0,0,0,1,0,Longo da via,Bom,Perfeito estado,Seca,Perfeito estado,R-6a,,Dupla,Faixa contínua
2022-09-06 00:00:00,,COM VÍTIMA,ÁGUA FRIA,EST VELHA DE AGUA FRIA,,,COLISÃO FRONTAL,1,1,0,0,0,0,0,0,0,1,0,Cruzamento,Bom,Perfeito estado,Seca,Perfeito estado,Outras,40 km/h,Dupla,Faixa contínua