data,hora,natureza,bairro,endereco,num_semaforo,sentido_via,tipo,auto,moto,ciclom,ciclista,pedestre,onibus,caminhao,viatura,outros,vitimas,vitimasfatais,acidente_verificado,tempo_clima,sinalizacao,condicao_via,conservacao_via,situacao_placa,velocidade_max_via,mao_direcao,divisao_via1
2022-10-03 00:00:00,,COM VÍTIMA,ÁGUA FRIA,RUA DR EUDES COSTA,,,COLISÃO TRASEIRA,1,1,0,0,0,0,0,0,0,1,0,Longo da via,Bom,Perfeito estado,Seca,Perfeito estado,Outras,,Dupla,Faixa seccionada
2022-10-03 00:00:00,,COM VÍTIMA,MADALENA,AV JOSE GONCALVES DE MEDEIROS,,,COLISÃO LATERAL,1,1,0,0,0,0,0,0,0,1,0,Esquina,Bom,Ilegível,Seca,Perfeito estado,Não há placas,,Dupla,Não existe
2022-10-03 00:00:00,,COM VÍTIMA,SÃO JOSÉ,TRV DO RAPOSO,,,COLISÃO COM CICLISTA,1,0,0,1,0,0,0,0,0,1,0,Cruzamento,Bom,Não existente,Seca,Mal iluminada,Não há placas,,Dupla,Não existe
2022-10-04 00:00:00,,SEM VÍTIMA,AFOGADOS,RUA DEMOCRITO CAVALCANTI,,CIDADE,CHOQUE,0,0,0,0,0,0,0,1,0,0,0,Longo da via,Bom,Não existente,Seca,Mal conservada,Não há placas,,Dupla,Não existe
2022-10-04 00:00:00,,COM VÍTIMA,SAN MARTIN,AV GENERAL SAN MARTIN,,,ATROPELAMENTO DE PESSOA,0,1,0,0,1,0,0,0,0,1,0,,,,,,,,,
2022-10-04 00:00:00,,SEM VÍTIMA,CAMPO GRANDE,AV GOVERNADOR AGAMENON MAGALHAES,,CIDADE,,1,0,0,0,0,0,1,0,0,0,0,Longo da via,Bom,Perfeito estado,Seca,Perfeito estado,Não há placas,60 km/h,Única,Faixa seccionada
2022-10-04 00:00:00,,COM VÍTIMA,CAMPO GRANDE,RUA JERONIMO VILELA,,,COLISÃO LATERAL,1,1,0,0,0,0,0,0,0,1,0,Cruzamento,Bom,Perfeito estado,Seca,Perfeito estado,Outras,40 km/h,Dupla,Faixa seccionada
2022-10-04 00:00:00,,COM VÍTIMA,CASA AMARELA,AV DR EURICO CHAVES,,,COLISÃO LATERAL,1,1,0,0,0,0,0,0,0,1,0,,,,,,,,,
2022-10-04 00:00:00,,COM VÍTIMA,CURADO,AV PREFEITO ANTONIO PEREIRA,,,COLISÃO TRASEIRA,0,1,0,0,0,1,0,0,0,1,0,Longo da via,Bom,Perfeito estado,Seca,Perfeito estado,Não há placas,,Dupla,Canteiro central
2022-10-04 00:00:00,,SEM VÍTIMA,SANTO AMARO,AV CRUZ CABUGA,202,CIDADE,,1,0,0,0,0,0,1,0,0,0,0,Longo da via,Bom,Perfeito estado,Seca,Perfeito estado,Outras,,Dupla,Blocos
2022-10-04 00:00:00,,SEM VÍTIMA,SÃO JOSÉ,RUA FLORIANO PEIXOTO,,SUBURBIO,,0,0,0,0,0,1,0,1,0,0,0,Outros,Bom,Ilegível,Seca,Perfeito estado,Não há placas,,Única,Não existe
2022-10-04 00:00:00,,COM VÍTIMA,MADALENA,AV BEIRA RIO,,,COLISÃO LATERAL,1,1,0,0,0,0,0,0,0,1,0,Esquina,Bom,Perfeito estado,Seca,Perfeito estado,Outras,,Dupla,Faixa seccionada
2022-10-04 00:00:00,,COM VÍTIMA,CASA FORTE,AV DEZESSETE DE AGOSTO,,,COLISÃO LATERAL,1,1,0,0,0,0,0,0,0,1,0,Longo da via,Bom,Perfeito estado,Seca,Perfeito estado,Não há placas,40 km/h,Dupla,Faixa seccionada
2022-10-04 00:00:00,,COM VÍTIMA,CAMPO GRANDE,RUA PROFESSOR FRANCISCO DA TRINDADE,,,COLISÃO LATERAL,0,0,0,0,0,0,0,0,0,1,0,Cruzamento,Bom,Perfeito estado,Seca,Perfeito estado,Não há placas,30 km/h,Dupla,Faixa contínua
2022-10-04 00:00:00,,SEM VÍTIMA,TORRE,RUA SOUZA BANDEIRA,,,COLISÃO TRANSVERSAL,0,0,0,0,0,0,0,0,0,0,0,,,,,,,,,
2022-10-04 00:00:00,,SEM VÍTIMA,ENCRUZILHADA,RUA LARGA DO FEITOSA,,,CHOQUE,0,0,0,0,0,0,0,0,0,0,0,,,,,,,,,
2022-10-04 00:00:00,,COM VÍTIMA,AFOGADOS,RUA SAO MIGUEL,,,COLISÃO TRANSVERSAL,0,0,0,0,0,0,0,0,0,2,0,Cruzamento,Bom,Perfeito estado,Seca,Perfeito estado,Não há placas,40 km/h,Dupla,Faixa contínua
2022-10-05 00:00:00,,COM VÍTIMA,BOA VISTA,RUA GERVASIO PIRES,24,,COLISÃO TRASEIRA,1,1,0,0,0,0,0,0,0,2,0,Longo da via,Bom,Perfeito estado,Seca,Perfeito estado,Não há placas,,Única,Faixa seccionada
2022-10-05 00:00:00,,SEM VÍTIMA,PINA,RUA COMENDADOR MORAES,,,COLISÃO LATERAL,1,0,0,0,0,0,0,1,0,0,0,,,,,,,,,
2022-10-05 00:00:00,,COM VÍTIMA,BOA VISTA,AV MONTEVIDEU,,,COLISÃO LATERAL,0,1,0,0,0,0,0,1,0,1,0,,,,,,,,,
2022-10-05 00:00:00,,COM VÍTIMA,DERBY,AV GOVERNADOR AGAMENON MAGALHAES,,,COLISÃO LATERAL,1,1,0,0,0,0,0,0,0,1,0,Longo da via,Bom,Perfeito estado,Seca,Mal iluminada,Outras,60 km/h,Dupla,Canteiro central
2022-10-05 00:00:00,,COM VÍTIMA,BARRO,AV DR JOSE RUFINO,,CIDADE,COLISÃO LATERAL,0,1,0,0,0,1,0,0,0,1,0,Cruzamento,Bom,Incompleta,Seca,Perfeito estado,R-6a,,Dupla,Faixa contínua
2022-10-05 00:00:00,,COM VÍTIMA,VASCO DA GAMA,RUA DOURADINHA,,,COLISÃO FRONTAL,1,1,0,0,0,0,0,0,0,1,0,Longo da via,Bom,Perfeito estado,Seca,Perfeito estado,Não há placas,,Dupla,Não existe
2022-10-05 00:00:00,,COM VÍTIMA,BOA VIAGEM,RUA DEZ DE JULHO,,,COLISÃO LATERAL,1,1,0,0,0,0,0,0,0,1,0,Cruzamento,Bom,Perfeito estado,Seca,Perfeito estado,Não há placas,,Dupla,Faixa contínua
2022-10-06 00:00:00,,SEM VÍTIMA,SAN MARTIN,AV ENGENHEIRO ABDIAS DE CARVALHO,,,COLISÃO LATERAL,1,0,0,0,0,0,1,0,0,0,0,,,,,,,,,
2022-10-06 00:00:00,,COM VÍTIMA,ESPINHEIRO,RUA DO ESPINHEIRO,,CIDADE,COLISÃO LATERAL,1,1,0,0,0,0,0,0,0,1,0,Cruzamento,Chuvoso,Perfeito estado,Molhada,Perfeito estado,Não há placas,40 km/h,Única,Faixa seccionada
2022-10-06 00:00:00,,COM VÍTIMA,TEJIPIÓ,RUA MAJOR CHAGAS DE OLIVEIRA,,,COLISÃO LATERAL,1,1,0,0,0,0,0,0,0,1,0,Cruzamento,Chuvoso,Perfeito estado,Molhada,Perfeito estado,Não há placas,,Única,Não existe
2022-10-06 00:00:00,,SEM VÍTIMA,IMBIRIBEIRA,RUA ITAJAI,,SUBURBIO,COLISÃO TRASEIRA,2,0,0,0,0,0,0,0,0,0,0,Cruzamento,Chuvoso,Ilegível,Molhada,Perfeito estado,Não há placas,,Dupla,Faixa seccionada
2022-10-07 00:00:00,,COM VÍTIMA,IMBIRIBEIRA,AV GENERAL MAC ARTHUR,,SUBURBIO,COLISÃO TRASEIRA,1,1,0,0,0,0,0,0,0,1,0,Longo da via,Chuvoso,Perfeito estado,Molhada,Perfeito estado,Não há placas,40 km/h,Única,Faixa seccionada
2022-10-07 00:00:00,,COM VÍTIMA,TEJIPIÓ,RUA FALCAO DE LACERDA,,CIDADE,CHOQUE,1,0,0,0,0,0,0,0,0,2,0,Longo da via,Chuvoso,Perfeito estado,Molhada,Mal iluminada,Não há placas,60 km/h,Dupla,Faixa contínua
2022-10-07 00:00:00,,COM VÍTIMA,IMBIRIBEIRA,AV MARECHAL MASCARENHAS DE MORAES,,CIDADE,COLISÃO TRANSVERSAL,1,1,0,0,0,0,0,0,0,1,0,Longo da via,Bom,Perfeito estado,Seca,Perfeito estado,Não há placas,60 km/h,Dupla,Canteiro central
2022-10-07 00:00:00,,COM VÍTIMA,CAMPO GRANDE,RUA ODORICO MENDES,,,COLISÃO LATERAL,1,1,0,0,0,0,0,0,0,1,0,Longo da via,Bom,Incompleta,Seca,Perfeito estado,R-6a,,Dupla,Faixa seccionada
2022-10-07 00:00:00,,COM VÍTIMA,CAXANGÁ,AV CAXANGA,281,SUBURBIO,COLISÃO LATERAL,1,1,0,0,0,0,0,0,0,1,0,Longo da via,Bom,Perfeito estado,Seca,Perfeito estado,Não há placas,60 km/h,Dupla,Canteiro central
2022-10-07 00:00:00,,SEM VÍTIMA,,PTE RAIMUNDO FARIAS,37,CIDADE,COLISÃO TRASEIRA,3,0,0,0,0,0,0,0,0,0,0,Longo da via,Bom,Incompleta,Seca,Perfeito estado,Não há placas,40 km/h,Única,Não existe
2022-10-07 00:00:00,,COM VÍTIMA,ILHA DO RETIRO,RUA DR JOAO MARQUES,,SUBURBIO,COLISÃO LATERAL,1,1,0,0,0,0,0,0,0,1,0,Esquina,Bom,Perfeito estado,Seca,Perfeito estado,R-6a,,Dupla,Faixa seccionada
2022-10-07 00:00:00,,COM VÍTIMA,CASA AMARELA,AV PROFESSOR JOSE DOS ANJOS,,,COLISÃO FRONTAL,1,1,0,0,0,0,0,0,0,1,0,,,,,,,,,
2022-10-07 00:00:00,,COM VÍTIMA,BOA VISTA,RUA DO RIACHUELO,,,ATROPELAMENTO DE PESSOA,1,0,0,0,1,0,0,0,0,1,0,Longo da via,Bom,Perfeito estado,Seca,Perfeito estado,Outras,30 km/h,Dupla,Canteiro central
2022-10-07 00:00:00,,COM VÍTIMA,IPUTINGA,AV MAURICIO DE NASSAU,88,SUBURBIO,COLISÃO FRONTAL,0,2,0,0,0,0,0,0,0,2,0,Cruzamento,Bom,Perfeito estado,Seca,Perfeito estado,Não há placas,60 km/h,Dupla,Faixa contínua
2022-10-07 00:00:00,,COM VÍTIMA,SANTO AMARO,AV CRUZ CABUGA,343,,COLISÃO FRONTAL,1,1,0,0,0,0,0,0,0,2,0,Cruzamento,Bom,Perfeito estado,Seca,Perfeito estado,Não há placas,,Dupla,Não existe
2022-10-07 00:00:00,,COM VÍTIMA,PINA,AV HERCULANO BANDEIRA,,SUBURBIO,COLISÃO TRASEIRA,1,1,0,0,0,0,0,0,0,1,0,Longo da via,Bom,Não existente,Seca,Perfeito estado,Não há placas,60 km/h,Única,Faixa seccionada
2022-10-08 00:00:00,,VÍTIMA FATAL,AFOGADOS,RUA MOTOCOLOMBO,,SUBURBIO,COLISÃO TRASEIRA,1,1,0,0,0,0,0,0,0,0,1,Longo da via,Bom,Perfeito estado,Seca,Perfeito estado,Não há placas,60 km/h,,Faixa seccionada
2022-10-08 00:00:00,,COM VÍTIMA,SANTO AMARO,PTE PRINCESA IZABEL,,CIDADE,COLISÃO COM CICLISTA,0,0,0,1,0,0,1,0,0,1,0,Longo da via,Bom,Perfeito estado,Seca,Perfeito estado,R-6a,,Única,Faixa seccionada
2022-10-08 00:00:00,,COM VÍTIMA,TORRE,RUA REAL DA TORRE,179,CIDADE,QUEDA,0,1,0,0,0,0,0,0,0,1,0,Longo da via,Bom,Perfeito estado,Seca,Perfeito estado,Outras,,Única,Faixa seccionada
2022-10-08 00:00:00,,COM VÍTIMA,IBURA,AV DOM HELDER CAMARA,315,SUBURBIO,COLISÃO LATERAL,1,1,0,0,0,0,0,0,0,1,0,Longo da via,Bom,Perfeito estado,Seca,Perfeito estado,Outras,,,Faixa contínua
2022-10-08 00:00:00,,COM VÍTIMA,SÃO JOSÉ,AV SUL,509,SUBURBIO,COLISÃO FRONTAL,0,2,0,0,0,0,0,0,0,1,0,Cruzamento,Bom,Perfeito estado,Seca,Perfeito estado,R-6a,,Única,Não existe
2022-10-08 00:00:00,,SEM VÍTIMA,MADALENA,RUA ALTINHO,,CIDADE,CHOQUE,4,0,0,0,0,0,1,0,0,0,0,Longo da via,Bom,Perfeito estado,Seca,Perfeito estado,Não há placas,,Única,Não existe
2022-10-08 00:00:00,,COM VÍTIMA,BARRO,AV DR JOSE RUFINO,,SUBURBIO,COLISÃO LATERAL,1,1,0,0,0,0,0,0,0,1,0,Cruzamento,Bom,Perfeito estado,Seca,Perfeito estado,Não há placas,,Dupla,Faixa seccionada
2022-10-09 00:00:00,,SEM VÍTIMA,BOA VIAGEM,AV GENERAL MAC ARTHUR,,,CHOQUE,0,1,0,0,0,0,0,0,0,0,0,,,,,,,,,
2022-10-09 00:00:00,,COM VÍTIMA,JORDÃO,AV MARIA IRENE,,SUBURBIO,COLISÃO FRONTAL,1,1,0,0,0,0,0,0,0,1,0,Longo da via,Bom,Não existente,Seca,Perfeito estado,Não há placas,40 km/h,Dupla,Não existe
2022-10-09 00:00:00,,COM VÍTIMA,PARNAMIRIM,AV PARNAMIRIM,,CIDADE,COLISÃO LATERAL,1,1,0,0,0,0,0,0,0,1,0,Longo da via,Bom,Perfeito estado,Seca,Perfeito estado,Outras,,Única,Faixa contínua
2022-10-10 00:00:00,,COM VÍTIMA,ÁGUA FRIA,AV BEBERIBE,,SUBURBIO,COLISÃO LATERAL,1,1,0,0,0,0,0,0,0,1,0,Longo da via,Bom,Perfeito estado,Seca,Perfeito estado,Não há placas,40 km/h,Dupla,Faixa contínua
2022-10-10 00:00:00,,COM VÍTIMA,COHAB,RUA DR BENIGNO JORDAO DE VASCONCELOS,,CIDADE,COLISÃO FRONTAL,1,1,0,0,0,0,0,0,0,1,0,Longo da via,Bom,Não existente,Seca,Perfeito estado,Não há placas,,Dupla,Não existe
2022-10-10 00:00:00,,COM VÍTIMA,IPSEP,RUA BLUMENAU,,SUBURBIO,COLISÃO FRONTAL,1,1,0,0,0,0,0,0,0,1,0,Cruzamento,Bom,Perfeito estado,Seca,Perfeito estado,"Placas ""Pare""",30 km/h,Única,
2022-10-10 00:00:00,,COM VÍTIMA,IPSEP,RUA JEAN EMILE FAVRE,135,,COLISÃO LATERAL,1,1,0,0,0,0,0,0,0,1,0,Cruzamento,Bom,Perfeito estado,Seca,Perfeito estado,R-6a,,Dupla,Faixa contínua
2022-10-10 00:00:00,,COM VÍTIMA,PINA,PTE AGAMENON MAGALHAES,,CIDADE,COLISÃO LATERAL,0,2,0,0,0,0,0,0,0,2,0,Longo da via,Bom,Perfeito estado,Seca,Perfeito estado,R-19,60 km/h,Única,Faixa contínua
2022-10-10 00:00:00,,COM VÍTIMA,GRAÇAS,AV GOVERNADOR AGAMENON MAGALHAES,174,,COLISÃO TRASEIRA,1,0,0,0,0,2,0,0,0,1,0,Longo da via,Bom,Perfeito estado,Seca,Perfeito estado,Não há placas,60 km/h,Dupla,Canal
2022-10-10 00:00:00,,COM VÍTIMA,IBURA,AV RIO SAO FRANCISCO,,SUBURBIO,COLISÃO TRASEIRA,1,1,0,0,0,0,0,0,0,1,0,Longo da via,Bom,Perfeito estado,Seca,Perfeito estado,R-6c,,Dupla,Não existe
2022-10-10 00:00:00,,COM VÍTIMA,CAXANGÁ,AV CAXANGA,,SUBURBIO,COLISÃO TRASEIRA,1,1,0,0,0,0,0,0,0,1,0,Longo da via,Bom,Perfeito estado,Seca,Perfeito estado,Outras,40 km/h,Dupla,Canteiro central
2022-10-10 00:00:00,,COM VÍTIMA,AREIAS,AV RECIFE,,SUBURBIO,COLISÃO LATERAL,1,1,0,0,0,0,0,0,0,1,0,Longo da via,Bom,Perfeito estado,Seca,Perfeito estado,Não há placas,60 km/h,Dupla,Canteiro central
2022-10-10 00:00:00,,COM VÍTIMA,SANTO AMARO,AV GOVERNADOR AGAMENON MAGALHAES,78,SUBURBIO,COLISÃO TRASEIRA,1,1,0,0,0,0,0,0,0,1,0,Longo da via,Bom,Perfeito estado,Seca,Perfeito estado,Outras,,Dupla,Faixa contínua
2022-10-11 00:00:00,,COM VÍTIMA,NOVA DESCOBERTA,AV VEREADOR OTACILIO AZEVEDO,,,COLISÃO TRASEIRA,1,2,0,0,0,0,0,0,0,1,0,Longo da via,Bom,Perfeito estado,Seca,Perfeito estado,Não há placas,,Dupla,Faixa seccionada
2022-10-11 00:00:00,,COM VÍTIMA,AFOGADOS,RUA SAO MIGUEL,,CIDADE,COLISÃO LATERAL,1,1,0,0,0,0,0,0,0,1,0,Cruzamento,Bom,Incompleta,Seca,Mal conservada,Não há placas,60 km/h,Dupla,Faixa contínua
2022-10-11 00:00:00,,COM VÍTIMA,CURADO,AV PROFESSOR LUIZ FREIRE,,SUBURBIO,COLISÃO LATERAL,1,1,0,0,0,0,0,0,0,1,0,Longo da via,Bom,Ilegível,Seca,Outros,Não há placas,30 km/h,Dupla,Faixa contínua
2022-10-11 00:00:00,,COM VÍTIMA,BOA VISTA,AV LINS PETIT,,SUBURBIO,ATROPELAMENTO DE PESSOA,0,1,0,0,1,0,0,0,0,1,0,Longo da via,Bom,Ilegível,Seca,Perfeito estado,Outras,,Única,Não existe
2022-10-11 00:00:00,,COM VÍTIMA,MADALENA,RUA REAL DA TORRE,,,COLISÃO COM CICLISTA,1,0,0,1,0,0,0,0,0,1,0,Longo da via,Bom,Perfeito estado,Seca,Outros,Não há placas,60 km/h,Única,Faixa seccionada
2022-10-11 00:00:00,,COM VÍTIMA,ALTO DO MANDU,RUA BARAUNA,,SUBURBIO,COLISÃO LATERAL,1,1,0,0,0,0,0,0,0,1,0,Esquina,Chuvoso,Perfeito estado,Molhada,Perfeito estado,Outras,20 km/h,Dupla,Faixa seccionada
2022-10-11 00:00:00,,COM VÍTIMA,MANGABEIRA,AV NORTE MIGUEL ARRAES DE ALENCAR,96,SUBURBIO,COLISÃO LATERAL,1,1,0,0,0,0,0,0,0,2,0,Cruzamento,Bom,Perfeito estado,Seca,Perfeito estado,"Placas ""Pare""",,Dupla,Canteiro central
2022-10-11 00:00:00,,COM VÍTIMA,IMBIRIBEIRA,RUA PAMPULHA,,SUBURBIO,COLISÃO LATERAL,1,1,0,0,0,0,0,0,0,1,0,,,,,,,,,
2022-10-11 00:00:00,,SEM VÍTIMA,CASA AMARELA,AV NORTE MIGUEL ARRAES DE ALENCAR,,,COLISÃO TRASEIRA,1,0,0,0,0,0,1,0,0,0,0,,,,,,,,,
2022-10-12 00:00:00,,SEM VÍTIMA,BOA VISTA,AV JOAO DE BARROS,,CIDADE,,1,0,0,0,0,0,0,0,1,0,0,Longo da via,Bom,Perfeito estado,Seca,Perfeito estado,Outras,,Única,Não existe
2022-10-12 00:00:00,,COM VÍTIMA,SANCHO,RUA APRIGIO GUIMARAES,,SUBURBIO,COLISÃO LATERAL,1,1,0,0,0,0,0,0,0,1,0,Longo da via,Bom,Perfeito estado,Seca,Perfeito estado,"Placas ""Pare""",,Dupla,Não existe
2022-10-12 00:00:00,,SEM VÍTIMA,BOA VIAGEM,RUA BALTAZAR PASSOS,,,COLISÃO TRANSVERSAL,0,0,0,0,0,0,0,0,0,0,0,,,,,,,,,
2022-10-12 00:00:00,,SEM VÍTIMA,IBURA,AV DOIS RIOS,,,ATROPELAMENTO DE ANIMAL,0,0,0,0,0,0,0,0,0,0,0,,,,,,,,,
2022-10-12 00:00:00,,COM VÍTIMA,FUNDÃO,RUA CORONEL URBANO RIBEIRO DE SENA,,,COLISÃO LATERAL,0,2,0,0,0,0,0,0,0,1,0,Longo da via,Bom,Perfeito estado,Seca,Perfeito estado,R-6a,30 km/h,Dupla,Não existe
2022-10-13 00:00:00,,COM VÍTIMA,BEBERIBE,AV BEBERIBE,,CIDADE,COLISÃO LATERAL,1,1,0,0,0,0,0,0,0,1,0,Longo da via,Bom,Perfeito estado,Seca,Perfeito estado,Não há placas,,Única,Faixa contínua
2022-10-13 00:00:00,,SEM VÍTIMA,IPSEP,RUA FRANCISCO BARRETO,,,COLISÃO TRASEIRA,1,0,0,0,0,1,0,0,0,0,0,,,,,,,,,
2022-10-13 00:00:00,,COM VÍTIMA,SÃO JOSÉ,AV DANTAS BARRETO,,,ATROPELAMENTO DE PESSOA,0,1,0,0,1,0,0,0,0,1,0,Cruzamento,Chuvoso,Perfeito estado,Molhada,Perfeito estado,Não há placas,,Dupla,Faixa
2022-10-13 00:00:00,,SEM VÍTIMA,SANTO ANTÔNIO,CAIS DO APOLO,,,TOMBAMENTO,0,0,0,0,0,0,0,1,0,0,0,,,,,,,,,
2022-10-13 00:00:00,,SEM VÍTIMA,SANTO ANTÔNIO,PRC DA REPUBLICA,,CIDADE,,0,1,0,0,0,0,0,0,0,0,0,Longo da via,Bom,Perfeito estado,Seca,Perfeito estado,Não há placas,,Única,
2022-10-13 00:00:00,,COM VÍTIMA,BOA VIAGEM,RUA VISCONDE DE JEQUITINHONHA,,SUBURBIO,ATROPELAMENTO DE PESSOA,1,0,0,0,1,0,0,0,0,1,0,Longo da via,Bom,Perfeito estado,Seca,Perfeito estado,Não há placas,,Única,Faixa seccionada
2022-10-13 00:00:00,,COM VÍTIMA,ESPINHEIRO,AV NORTE MIGUEL ARRAES DE ALENCAR,665,CIDADE,COLISÃO TRASEIRA,1,1,0,0,0,0,0,0,0,1,0,Cruzamento,Bom,Perfeito estado,Seca,Perfeito estado,Não há placas,40 km/h,Única,Não existe
2022-10-13 00:00:00,,SEM VÍTIMA,CASA FORTE,EST DAS UBAIAS,,,COLISÃO TRASEIRA,3,0,0,0,0,0,0,0,0,0,0,,,,,,,,,
2022-10-13 00:00:00,,COM VÍTIMA,JARDIM SÃO PAULO,AV RECIFE,259,,COLISÃO FRONTAL,1,1,0,0,0,0,0,0,0,2,0,Longo da via,Bom,Perfeito estado,Seca,Perfeito estado,Não há placas,60 km/h,Dupla,Canteiro central
2022-10-14 00:00:00,,SEM VÍTIMA,JORDÃO,RUA DR ALVARO FERRAZ,,,CAPOTAMENTO,1,0,0,0,0,0,0,0,0,0,0,,,,,,,,,
2022-10-14 00:00:00,,SEM VÍTIMA,BOA VIAGEM,RUA PADRE CARAPUCEIRO,,,COLISÃO TRASEIRA,0,0,0,0,0,0,1,1,0,0,0,,,,,,,,,
2022-10-14 00:00:00,,COM VÍTIMA,GRAÇAS,AV GOVERNADOR AGAMENON MAGALHAES,,SUBURBIO / BOA VIAGEM,ATROPELAMENTO DE PESSOA,0,1,0,0,1,0,0,0,0,1,0,Longo da via,Bom,Perfeito estado,Seca,Perfeito estado,Não há placas,60 km/h,Dupla,Canal
2022-10-14 00:00:00,,COM VÍTIMA,BOA VISTA,AV CONDE DA BOA VISTA,27,SUBURBIO,COLISÃO COM CICLISTA,0,0,0,1,0,1,0,0,0,1,0,Longo da via,Bom,Perfeito estado,Seca,Perfeito estado,Não há placas,60 km/h,Dupla,Canteiro central
2022-10-14 00:00:00,,COM VÍTIMA,AFOGADOS,RUA SAO MIGUEL,,SUBURBIO,COLISÃO TRANSVERSAL,0,0,0,0,0,2,0,0,0,1,0,Longo da via,Bom,Não existente,Seca,Perfeito estado,,,Dupla,Faixa contínua
2022-10-14 00:00:00,,COM VÍTIMA,IPUTINGA,AV CAXANGA,,CIDADE,COLISÃO TRASEIRA,1,0,0,0,1,0,0,0,0,1,0,Longo da via,Bom,Perfeito estado,Seca,Perfeito estado,R-6a,,Dupla,Canteiro central
2022-10-14 00:00:00,,COM VÍTIMA,BOA VIAGEM,AVENIDA CELSO FURTADO (VIA MANGUE),,SUBURBIO,COLISÃO LATERAL,1,1,0,0,0,0,0,0,0,1,0,Viaduto,Bom,Perfeito estado,Seca,Perfeito estado,Não há placas,60 km/h,Única,Faixa contínua
2022-10-15 00:00:00,,SEM VÍTIMA,BOA VIAGEM,AV BOA VIAGEM,,,CHOQUE,1,0,0,0,0,1,0,0,0,0,0,,,,,,,,,
2022-10-15 00:00:00,,COM VÍTIMA,BOA VIAGEM,RUA PEDRO PAES MENDONCA,,,COLISÃO LATERAL,1,1,0,0,0,0,0,0,0,1,0,Longo da via,Chuvoso,Perfeito estado,Molhada,Perfeito estado,R-6a,,Única,Faixa seccionada
2022-10-15 00:00:00,,COM VÍTIMA,PINA,AV CONSELHEIRO AGUIAR,,,COLISÃO LATERAL,1,1,0,0,0,0,0,0,0,1,0,,,,,,,,,
2022-10-15 00:00:00,,COM VÍTIMA,BOA VIAGEM,AV CONSELHEIRO AGUIAR,,CIDADE,COLISÃO TRANSVERSAL,1,1,0,0,0,0,0,0,0,1,0,Cruzamento,Bom,Perfeito estado,Seca,Perfeito estado,Outras,60 km/h,Única,Faixa seccionada
2022-10-15 00:00:00,,COM VÍTIMA,BAIRRO DO RECIFE,AV ALFREDO LISBOA,,SUBURBIO,COLISÃO FRONTAL,1,1,0,0,0,0,0,0,0,1,0,Longo da via,Bom,Perfeito estado,Seca,Perfeito estado,Outras,30 km/h,Única,Não existe
2022-10-15 00:00:00,,COM VÍTIMA,MADALENA,RUA EUCLIDES DA CUNHA,,,COLISÃO FRONTAL,1,1,0,0,0,0,0,0,0,1,0,Cruzamento,Bom,Perfeito estado,Seca,Mal conservada,,,Dupla,Canteiro central
2022-10-16 00:00:00,,COM VÍTIMA,BOA VIAGEM,AV BOA VIAGEM,,,COLISÃO TRASEIRA,2,0,0,0,0,0,0,0,0,1,0,Longo da via,Bom,Perfeito estado,Seca,Perfeito estado,Não há placas,60 km/h,Única,Faixa seccionada
2022-10-16 00:00:00,,SEM VÍTIMA,CORDEIRO,RUA MAURICIO DE NASSAU,,SUBURBIO,COLISÃO TRASEIRA,3,0,0,0,0,0,0,0,0,0,0,Longo da via,Bom,Perfeito estado,Seca,,Não há placas,,Dupla,Não existe
2022-10-16 00:00:00,,COM VÍTIMA,PORTO DA MADEIRA,RUA DALVA DE OLIVEIRA,,,COLISÃO TRASEIRA,1,1,0,0,0,0,0,0,0,1,0,Cruzamento,Bom,Não existente,Seca,Perfeito estado,Não há placas,60 km/h,Dupla,Não existe
2022-10-17 00:00:00,,COM VÍTIMA,SANTO AMARO,AV CRUZ CABUGA,343,,ENGAVETAMENTO,3,0,0,0,0,0,0,0,0,1,0,Longo da via,Bom,Perfeito estado,Seca,Perfeito estado,R-6a,,Dupla,Faixa seccionada
2022-10-17 00:00:00,,COM VÍTIMA,ILHA DO LEITE,AV FREI MATIAS TEVES,,,COLISÃO TRASEIRA,1,1,0,0,0,0,0,0,0,1,0,Cruzamento,Bom,Perfeito estado,Seca,Perfeito estado,R-6a,,Única,Faixa contínua
2022-10-17 00:00:00,,COM VÍTIMA,BOMBA DO HEMETÉRIO,RUA CHA DE ALEGRIA,,,COLISÃO LATERAL,1,1,0,0,0,0,0,0,0,1,0,Longo da via,Bom,Não existente,Seca,Perfeito estado,Não há placas,,Dupla,Não existe
2022-10-17 00:00:00,,SEM VÍTIMA,BOA VIAGEM,AV BOA VIAGEM,,CIDADE,,1,0,0,0,0,0,0,1,0,0,0,Longo da via,Bom,Perfeito estado,Seca,Perfeito estado,R-6a,,Única,Faixa seccionada