data,hora,natureza,bairro,endereco,num_semaforo,sentido_via,tipo,auto,moto,ciclom,ciclista,pedestre,onibus,caminhao,viatura,outros,vitimas,vitimasfatais,acidente_verificado,tempo_clima,sinalizacao,condicao_via,conservacao_via,situacao_placa,velocidade_max_via,mao_direcao,divisao_via1
2022-10-17 00:00:00,,COM VÍTIMA,AFOGADOS,AV SUL,205,,COLISÃO COM CICLISTA,0,0,0,1,0,1,0,0,0,1,0,Longo da via,Bom,Perfeito estado,Seca,Perfeito estado,Não há placas,,Dupla,Canteiro central
2022-10-17 00:00:00,,COM VÍTIMA,ARRUDA,AV BEBERIBE,,,QUEDA,0,1,0,0,0,0,0,0,0,1,0,Longo da via,Bom,Perfeito estado,Seca,Perfeito estado,R-6a,,Dupla,Faixa seccionada
2022-10-17 00:00:00,,COM VÍTIMA,SANTO AMARO,AV CRUZ CABUGA,674,,CHOQUE,1,0,0,0,0,0,0,0,0,1,0,Cruzamento,Bom,Perfeito estado,Seca,Perfeito estado,Não há placas,,Dupla,Faixa contínua
2022-10-18 00:00:00,,SEM VÍTIMA,CASA AMARELA,AV NORTE MIGUEL ARRAES DE ALENCAR,,SUBURBIO,,2,0,0,0,0,0,0,0,0,0,0,Longo da via,Bom,Perfeito estado,Seca,Perfeito estado,Outras,50 km/h,Dupla,Canteiro central
2022-10-18 00:00:00,,COM VÍTIMA,JOANA BEZERRA,VIADUTO CAPITAO TEMUDO,,SUBURBIO,COLISÃO LATERAL,1,1,0,0,0,0,0,0,0,1,0,Longo da via,Bom,Perfeito estado,Seca,Perfeito estado,Não há placas,60 km/h,Única,Faixa contínua
2022-10-18 00:00:00,,COM VÍTIMA,CABANGA,PTE GOVERNADOR PAULO GUERRA,,,COLISÃO LATERAL,0,1,0,0,0,1,0,0,0,1,0,Ponte,Bom,Perfeito estado,Seca,Perfeito estado,R-6a,60 km/h,Única,Faixa seccionada
2022-10-18 00:00:00,,COM VÍTIMA,BOA VIAGEM,AV BOA VIAGEM,,CIDADE,COLISÃO FRONTAL,2,2,0,0,0,0,0,0,0,1,0,Longo da via,Bom,Perfeito estado,Seca,Perfeito estado,R-19,60 km/h,Única,Faixa seccionada
2022-10-18 00:00:00,,COM VÍTIMA,BONGI,AV ENGENHEIRO ABDIAS DE CARVALHO,688,,COLISÃO LATERAL,1,1,0,0,0,0,0,0,0,1,0,Longo da via,Bom,Incompleta,Seca,Mal conservada,Não há placas,60 km/h,Única,Não existe
2022-10-18 00:00:00,,COM VÍTIMA,BOA VIAGEM,AV DOM JOAO VI,,SUBURBIO,ATROPELAMENTO DE PESSOA,1,0,0,0,1,0,0,0,0,1,0,,,,,,,,,
2022-10-19 00:00:00,,COM VÍTIMA,BONGI,RUA COSME VIANA,100,SUBURBIO,COLISÃO TRANSVERSAL,1,1,0,0,0,0,0,0,0,1,0,Cruzamento,Bom,Perfeito estado,Seca,Perfeito estado,Não há placas,60 km/h,Única,Faixa seccionada
2022-10-19 00:00:00,,SEM VÍTIMA,AFOGADOS,AV SUL,,,COLISÃO LATERAL,1,0,0,0,0,0,0,1,0,0,0,,,,,,,,,
2022-10-19 00:00:00,,COM VÍTIMA,CAXANGÁ,AV CAXANGA,,,COLISÃO COM CICLISTA,0,1,0,1,0,0,0,0,0,2,0,Longo da via,Bom,Perfeito estado,Seca,Perfeito estado,,60 km/h,Dupla,
2022-10-19 00:00:00,,COM VÍTIMA,SANTO AMARO,RUA AURORA,,CIDADE,,0,1,0,0,0,0,0,1,0,1,0,,Bom,Perfeito estado,Seca,Perfeito estado,Não há placas,,Única,Faixa seccionada
2022-10-19 00:00:00,,COM VÍTIMA,CAXANGÁ,AV CAXANGA,,SUBURBIO,COLISÃO TRASEIRA,2,1,0,0,0,0,0,0,0,2,0,Longo da via,Bom,Perfeito estado,Seca,Perfeito estado,Não há placas,60 km/h,Única,Faixa seccionada
2022-10-19 00:00:00,,SEM VÍTIMA,,AV GOVERNADOR AGAMENON MAGALHAES,37,CIDADE,,1,0,0,0,0,0,1,0,0,0,0,Ponte,Bom,Perfeito estado,Seca,Perfeito estado,,60 km/h,Única,
2022-10-19 00:00:00,,COM VÍTIMA,DERBY,RUA FELICIANO GOMES,,SUBURBIO,COLISÃO FRONTAL,1,1,0,0,0,0,0,0,0,1,0,Cruzamento,Bom,Perfeito estado,Seca,Perfeito estado,Não há placas,,Dupla,Faixa contínua
2022-10-19 00:00:00,,COM VÍTIMA,BOA VIAGEM,AV ENGENHEIRO DOMINGOS FERREIRA,,,COLISÃO LATERAL,1,1,0,0,0,0,0,0,0,1,0,Longo da via,Bom,Perfeito estado,Seca,Perfeito estado,R-6a,,Única,Faixa seccionada
2022-10-20 00:00:00,,COM VÍTIMA,BOA VIAGEM,RUA COSMORAMA,556,CIDADE,COLISÃO COM CICLISTA,0,0,0,1,0,1,0,0,0,1,0,Cruzamento,Bom,Perfeito estado,Seca,Perfeito estado,Outras,,Única,Não existe
2022-10-20 00:00:00,,COM VÍTIMA,CAXANGÁ,RUA EMILIANO BRAGA,,SUBURBIO,COLISÃO FRONTAL,1,1,0,0,0,0,0,0,0,1,0,Cruzamento,Bom,Perfeito estado,Seca,Perfeito estado,R-6a,,Única,Faixa contínua
2022-10-20 00:00:00,,COM VÍTIMA,TORRE,RUA PADRE ANCHIETA,,,ATROPELAMENTO DE PESSOA,1,0,0,0,1,0,0,0,0,1,0,Longo da via,Bom,Perfeito estado,Seca,Perfeito estado,Não há placas,,Única,Não existe
2022-10-20 00:00:00,,COM VÍTIMA,MADALENA,RUA JOAO IVO DA SILVA,,SUBURBIO,COLISÃO FRONTAL,1,1,0,0,0,0,0,0,0,1,0,Longo da via,Bom,Perfeito estado,Seca,Perfeito estado,Outras,50 km/h,Única,Canteiro central
2022-10-20 00:00:00,,COM VÍTIMA,IMBIRIBEIRA,RUA ITACARI,,SUBURBIO,COLISÃO LATERAL,0,1,0,0,0,0,1,0,0,1,0,Cruzamento,Bom,Perfeito estado,Seca,Perfeito estado,Não há placas,40 km/h,Única,
2022-10-20 00:00:00,,COM VÍTIMA,BOA VISTA,AV GOVERNADOR AGAMENON MAGALHAES,37,OLINDA,COLISÃO LATERAL,1,1,0,0,0,0,0,0,0,1,0,Longo da via,Bom,Perfeito estado,Seca,Perfeito estado,Outras,60 km/h,Dupla,Faixa seccionada
2022-10-21 00:00:00,,COM VÍTIMA,DERBY,AV GOVERNADOR AGAMENON MAGALHAES,,,COLISÃO TRANSVERSAL,0,1,0,0,0,0,0,1,0,1,0,Cruzamento,Bom,Perfeito estado,Seca,Perfeito estado,Não há placas,60 km/h,Única,Faixa seccionada
2022-10-21 00:00:00,,COM VÍTIMA,SANTO AMARO,AV CRUZ CABUGA,,CIDADE,COLISÃO TRASEIRA,1,1,0,0,0,0,0,0,0,1,0,Longo da via,Bom,Perfeito estado,Seca,Perfeito estado,R-6a,,Dupla,Faixa contínua
2022-10-21 00:00:00,,COM VÍTIMA,AFOGADOS,EST DOS REMEDIOS,,CIDADE,ATROPELAMENTO DE PESSOA,0,1,0,0,1,0,0,0,0,2,0,Longo da via,Bom,Perfeito estado,Seca,Perfeito estado,Não há placas,60 km/h,Única,Faixa seccionada
2022-10-21 00:00:00,,COM VÍTIMA,IMBIRIBEIRA,AV SUL,,SUBURBIO,ATROPELAMENTO DE PESSOA,0,0,0,0,1,1,0,0,0,1,0,Outros,Bom,Perfeito estado,Seca,Perfeito estado,Não há placas,20 km/h,Única,Canteiro central
2022-10-21 00:00:00,,COM VÍTIMA,JARDIM SÃO PAULO,AV RECIFE,,,COLISÃO TRASEIRA,1,2,0,0,0,0,0,0,0,2,0,,,,,,,,,
2022-10-21 00:00:00,,SEM VÍTIMA,TAMARINEIRA,EST DO ARRAIAL,295,SUBURBIO,,2,0,0,0,0,0,0,0,0,0,0,Longo da via,Bom,Perfeito estado,Seca,Perfeito estado,Outras,,Única,
2022-10-21 00:00:00,,SEM VÍTIMA,BOA VIAGEM,AV ENGENHEIRO DOMINGOS FERREIRA,142,SUBURBIO,COLISÃO TRASEIRA,2,0,0,0,0,0,0,0,0,0,0,Longo da via,Bom,Perfeito estado,Seca,Perfeito estado,Não há placas,60 km/h,Única,Faixa seccionada
2022-10-21 00:00:00,,COM VÍTIMA,IPSEP,RUA SAO NICOLAU,,,COLISÃO LATERAL,1,1,0,0,0,0,0,0,0,1,0,Cruzamento,Bom,Perfeito estado,Seca,Perfeito estado,R-4a,,Única,Não existe
2022-10-21 00:00:00,,COM VÍTIMA,BOA VIAGEM,AVENIDA CELSO FURTADO (VIA MANGUE),,SUBURBIO,COLISÃO COM CICLISTA,0,1,0,1,0,0,0,0,0,2,0,Longo da via,Bom,Perfeito estado,Seca,Perfeito estado,Outras,60 km/h,Única,Faixa seccionada
2022-10-21 00:00:00,,COM VÍTIMA,CORDEIRO,RUA GOMES TABORDA,,SUBURBIO,COLISÃO FRONTAL,1,1,0,0,0,0,0,0,0,2,0,Longo da via,Bom,Incompleta,Seca,Mal conservada,R-6a,40 km/h,Dupla,Faixa contínua
2022-10-21 00:00:00,,COM VÍTIMA,AREIAS,AV DR JOSE RUFINO,,SUBURBIO,COLISÃO LATERAL,1,1,0,0,0,0,0,0,0,1,0,Longo da via,Bom,Incompleta,Seca,Mal iluminada,Outras,60 km/h,Dupla,Faixa contínua
2022-10-21 00:00:00,,SEM VÍTIMA,ALTO JOSÉ BONIFÁCIO,RUA ALTO NOSSA SENHORA DE FATIMA,,CIDADE,COLISÃO FRONTAL,0,1,0,0,0,0,0,2,0,0,0,Longo da via,Bom,Perfeito estado,Seca,Perfeito estado,,,Dupla,Não existe
2022-10-22 00:00:00,,COM VÍTIMA,BARRO,AV DR JOSE RUFINO,,SUBURBIO,COLISÃO LATERAL,1,1,0,0,0,0,0,0,0,1,0,Longo da via,Bom,Perfeito estado,Seca,Perfeito estado,,,Dupla,Faixa contínua
2022-10-22 00:00:00,,COM VÍTIMA,IPSEP,AV RECIFE,393,,COLISÃO LATERAL,1,2,0,0,0,0,0,0,0,2,0,Longo da via,Bom,Perfeito estado,Seca,Perfeito estado,Não há placas,,Dupla,Canteiro central
2022-10-22 00:00:00,,COM VÍTIMA,ALTO SANTA TERESINHA,RUA SODRELANDIA,,,COLISÃO FRONTAL,0,2,0,0,0,0,0,0,0,1,0,Longo da via,Bom,Não existente,Seca,Mal conservada,Não há placas,,Dupla,Não existe
2022-10-22 00:00:00,,COM VÍTIMA,SÃO JOSÉ,RUA SAO JOAO,,,COLISÃO LATERAL,0,1,0,0,0,0,1,0,0,1,0,Cruzamento,Bom,Perfeito estado,Seca,Perfeito estado,R-6a,40 km/h,,Faixa seccionada
2022-10-22 00:00:00,,COM VÍTIMA,VÁRZEA,RUA GASTAO VIDIGAL,,,COLISÃO LATERAL,1,1,0,0,0,0,0,0,0,1,0,Longo da via,Bom,Perfeito estado,Seca,Perfeito estado,,30 km/h,Dupla,Não existe
2022-10-22 00:00:00,,COM VÍTIMA,BOA VIAGEM,AV ENGENHEIRO DOMINGOS FERREIRA,,SUBURBIO,ATROPELAMENTO DE PESSOA,1,0,0,0,1,0,0,0,0,1,0,Longo da via,Bom,Perfeito estado,Seca,Perfeito estado,R-6a,,Única,Faixa seccionada
2022-10-22 00:00:00,,SEM VÍTIMA,PARNAMIRIM,AV PARNAMIRIM,,CIDADE,COLISÃO TRASEIRA,1,0,0,0,0,1,0,0,0,0,0,Longo da via,Bom,Perfeito estado,Seca,Perfeito estado,Outras,,Única,Faixa seccionada
2022-10-22 00:00:00,,COM VÍTIMA,JOANA BEZERRA,VIADUTO CAPITAO TEMUDO,,,COLISÃO COM CICLISTA,0,1,0,1,0,0,0,0,0,2,0,Longo da via,Bom,Perfeito estado,Seca,Perfeito estado,Não há placas,60 km/h,Dupla,Canteiro central
2022-10-22 00:00:00,,COM VÍTIMA,IMBIRIBEIRA,AV SUL,,,COLISÃO TRANSVERSAL,1,1,0,0,0,0,0,0,0,1,0,Cruzamento,Bom,Perfeito estado,Seca,Perfeito estado,,,,
2022-10-23 00:00:00,,COM VÍTIMA,PINA,AVENIDA CELSO FURTADO (VIA MANGUE),,CIDADE,CHOQUE,1,0,0,0,0,0,0,0,0,1,0,Longo da via,Bom,Perfeito estado,Seca,Perfeito estado,Outras,,Dupla,Canteiro central
2022-10-23 00:00:00,,COM VÍTIMA,IMBIRIBEIRA,AV MARECHAL MASCARENHAS DE MORAES,396,CIDADE,COLISÃO TRASEIRA,1,1,0,0,0,0,0,0,0,1,0,Longo da via,Bom,Perfeito estado,Seca,Perfeito estado,Não há placas,,Dupla,Canteiro central
2022-10-23 00:00:00,,COM VÍTIMA,BOA VISTA,RUA DOM BOSCO,,SUBURBIO,COLISÃO TRASEIRA,2,0,0,0,1,0,1,0,0,2,0,Longo da via,Bom,Perfeito estado,Seca,Perfeito estado,Não há placas,,Única,Faixa seccionada
2022-10-23 00:00:00,,COM VÍTIMA,BOA VISTA,RUA DA SOLEDADE,,,TOMBAMENTO,0,0,0,1,0,0,0,0,0,1,0,Longo da via,Bom,Perfeito estado,Seca,Mal conservada,R-6a,,Única,Faixa seccionada
2022-10-23 00:00:00,,SEM VÍTIMA,DERBY,RUA JOAQUIM NABUCO,,SUBURBIO,COLISÃO LATERAL,2,0,0,0,0,0,0,0,0,0,0,,,,,,,,,
2022-10-23 00:00:00,,COM VÍTIMA,CASA FORTE,AV DEZESSETE DE AGOSTO,,CIDADE,CHOQUE,1,0,0,0,0,0,0,0,0,1,0,Longo da via,Bom,Perfeito estado,Seca,Perfeito estado,Não há placas,60 km/h,Dupla,Faixa contínua
2022-10-23 00:00:00,,COM VÍTIMA,CASA AMARELA,EST DO ARRAIAL,,,COLISÃO FRONTAL,0,2,0,0,0,0,0,0,0,2,0,Cruzamento,Bom,Perfeito estado,Seca,Perfeito estado,Não há placas,,Única,Não existe
2022-10-23 00:00:00,,COM VÍTIMA,IPUTINGA,AV MAURICIO DE NASSAU,239,,COLISÃO FRONTAL,0,2,0,0,0,0,0,0,0,2,0,Cruzamento,Bom,,,,Não há placas,60 km/h,Dupla,Não existe
2022-10-24 00:00:00,,SEM VÍTIMA,BREJO DA GUABIRABA,AV VEREADOR OTACILIO AZEVEDO,,SUBURBIO,COLISÃO FRONTAL,0,1,0,0,0,0,0,1,0,0,0,Longo da via,Bom,Não existente,Seca,Perfeito estado,Não há placas,,Dupla,Não existe
2022-10-24 00:00:00,,COM VÍTIMA,BEBERIBE,RUA URIEL DE HOLANDA,,,COLISÃO FRONTAL,0,1,0,0,0,1,0,0,0,1,0,Outros,Bom,Perfeito estado,Seca,Perfeito estado,,,Dupla,Não existe
2022-10-24 00:00:00,,SEM VÍTIMA,BOA VIAGEM,AV DOM JOAO VI,400,SUBURBIO,COLISÃO TRASEIRA,1,0,0,0,0,0,0,1,0,0,0,Longo da via,Bom,Perfeito estado,Seca,Perfeito estado,Não há placas,50 km/h,Única,Faixa seccionada
2022-10-24 00:00:00,,SEM VÍTIMA,BOA VISTA,RUA DO HOSPICIO,,CIDADE,,1,0,0,0,0,1,0,0,0,0,0,Longo da via,Bom,Perfeito estado,Seca,Perfeito estado,Outras,60 km/h,Dupla,Faixa seccionada
2022-10-24 00:00:00,,COM VÍTIMA,AFOGADOS,RUA SAO MIGUEL,,CIDADE,COLISÃO LATERAL,1,1,0,0,0,0,0,0,0,2,0,Longo da via,Bom,Perfeito estado,Seca,Perfeito estado,Não há placas,,Dupla,Faixa contínua
2022-10-24 00:00:00,,SEM VÍTIMA,MACAXEIRA,AV NORTE MIGUEL ARRAES DE ALENCAR,296,SUBURBIO,COLISÃO TRASEIRA,1,0,0,0,0,0,1,1,0,0,0,Cruzamento,Bom,Perfeito estado,Seca,Perfeito estado,R-6a,,Dupla,Canteiro central
2022-10-24 00:00:00,,SEM VÍTIMA,CAMPO GRANDE,EST DE BELEM,,,,2,0,0,0,0,0,0,0,0,0,0,Longo da via,Bom,Ilegível,Seca,Perfeito estado,Outras,40 km/h,Dupla,Faixa contínua
2022-10-24 00:00:00,,COM VÍTIMA,IBURA,AV RECIFE,,CIDADE,COLISÃO TRASEIRA,1,1,0,0,0,0,0,0,0,1,0,Longo da via,Bom,Perfeito estado,Seca,Perfeito estado,,60 km/h,Dupla,Canteiro central
2022-10-24 00:00:00,,COM VÍTIMA,PINA,RUA MANOEL DE BRITO,659,CIDADE,COLISÃO LATERAL,1,1,0,0,0,0,0,0,0,1,0,Cruzamento,Bom,Perfeito estado,Seca,Perfeito estado,Não há placas,60 km/h,Única,
2022-10-24 00:00:00,,COM VÍTIMA,PARNAMIRIM,RUA LEONARDO BEZERRA CAVALCANTE,,,COLISÃO TRASEIRA,0,2,0,0,0,0,0,0,0,1,0,,,,,,,,,
2022-10-24 00:00:00,,COM VÍTIMA,MONTEIRO,AV DEZESSETE DE AGOSTO,,,COLISÃO LATERAL,1,1,0,0,0,0,0,0,0,1,0,Longo da via,Bom,Perfeito estado,Seca,Perfeito estado,Outras,50 km/h,Dupla,Faixa contínua
2022-10-24 00:00:00,,COM VÍTIMA,BARRO,RUA AMADOR ARAUJO,,,COLISÃO COM CICLISTA,0,0,0,1,0,0,0,0,0,1,0,,,,,,,,,
2022-10-24 00:00:00,,COM VÍTIMA,SANTO AMARO,AV VISCONDE DE SUASSUNA,,,QUEDA,0,1,0,0,0,0,0,0,0,1,0,Longo da via,Bom,Perfeito estado,Seca,Perfeito estado,R-19,40 km/h,Única,Não existe
2022-10-25 00:00:00,,SEM VÍTIMA,IBURA,RUA RIO TAPADO,,,CHOQUE,0,0,0,0,0,0,0,0,0,0,0,,,,,,,,,
2022-10-25 00:00:00,,COM VÍTIMA,IBURA,RUA RIO XINGU,,,COLISÃO LATERAL,0,2,0,0,0,0,0,0,0,2,0,,,,,,,,,
2022-10-25 00:00:00,,COM VÍTIMA,BOA VISTA,RUA AURORA,,CIDADE,COLISÃO TRASEIRA,1,1,0,0,0,0,0,0,0,1,0,Longo da via,Bom,Perfeito estado,Seca,Perfeito estado,Não há placas,,Única,Faixa seccionada
2022-10-25 00:00:00,,COM VÍTIMA,MADALENA,RUA SOUZA BANDEIRA,236,SUBURBIO,COLISÃO FRONTAL,1,1,0,0,0,0,0,0,0,1,0,Cruzamento,Bom,Perfeito estado,Seca,Perfeito estado,Não há placas,60 km/h,Única,Faixa seccionada
2022-10-25 00:00:00,,COM VÍTIMA,ESPINHEIRO,AV GOVERNADOR AGAMENON MAGALHAES,173,,COLISÃO LATERAL,1,1,0,0,0,0,0,0,0,1,0,Cruzamento,Bom,Perfeito estado,Seca,Perfeito estado,,60 km/h,Única,
2022-10-25 00:00:00,,COM VÍTIMA,IMBIRIBEIRA,AV MARECHAL MASCARENHAS DE MORAES,,SUBURBIO,COLISÃO COM CICLISTA,0,0,0,1,0,0,1,0,0,1,0,Longo da via,Bom,Não existente,Seca,Perfeito estado,Não há placas,60 km/h,Única,Faixa contínua
2022-10-25 00:00:00,,COM VÍTIMA,PARNAMIRIM,RUA PADRE ROMA,,SUBURBIO,COLISÃO COM CICLISTA,1,0,0,1,0,0,0,0,0,1,0,Cruzamento,Bom,Perfeito estado,Seca,Perfeito estado,Outras,,Única,Faixa seccionada
2022-10-25 00:00:00,,SEM VÍTIMA,CAMPO GRANDE,EST DE BELEM,,CIDADE,,1,0,0,0,0,0,0,1,0,0,0,Longo da via,Bom,Perfeito estado,Seca,Perfeito estado,R-6a,,Dupla,Faixa contínua
2022-10-26 00:00:00,,COM VÍTIMA,TEJIPIÓ,RUA APRIGIO GUIMARAES,,SUBURBIO,COLISÃO LATERAL,1,1,0,0,0,0,0,0,0,1,0,Esquina,Bom,Perfeito estado,Seca,Perfeito estado,Não há placas,,Dupla,Não existe
2022-10-26 00:00:00,,COM VÍTIMA,PARNAMIRIM,RUA DES GOIS CAVALCANTE,613,SUBURBIO,COLISÃO LATERAL,1,1,0,0,0,0,0,0,0,1,0,Longo da via,Bom,Perfeito estado,Seca,Perfeito estado,R-6a,,Única,
2022-10-26 00:00:00,,COM VÍTIMA,IBURA,AV DOM HELDER CAMARA,,SUBURBIO,COLISÃO LATERAL,0,1,0,0,0,0,0,0,1,1,0,Longo da via,Bom,Incompleta,Seca,Mal conservada,R-6a,,Dupla,Canteiro central
2022-10-26 00:00:00,,SEM VÍTIMA,SANCHO,AV LIBERDADE,,,COLISÃO TRANSVERSAL,0,0,0,0,0,0,1,1,1,0,0,Longo da via,Bom,,Seca,Perfeito estado,,30 km/h,Dupla,Não existe
2022-10-26 00:00:00,,COM VÍTIMA,BOA VIAGEM,RUA DEZ DE JULHO,573,,COLISÃO FRONTAL,2,0,0,0,0,0,0,0,0,2,0,Cruzamento,Bom,Perfeito estado,Seca,Perfeito estado,Outras,,Dupla,Não existe
2022-10-26 00:00:00,,COM VÍTIMA,IMBIRIBEIRA,AV MARECHAL MASCARENHAS DE MORAES,501,CIDADE,ATROPELAMENTO DE PESSOA,0,1,0,0,1,0,0,0,0,1,0,Longo da via,Bom,Perfeito estado,Seca,Perfeito estado,Outras,60 km/h,Única,Faixa seccionada
2022-10-26 00:00:00,,SEM VÍTIMA,BOA VISTA,RUA DAS NINFAS,,CIDADE,,2,0,0,0,0,0,0,0,0,0,0,Longo da via,Bom,Perfeito estado,Seca,Perfeito estado,Não há placas,30 km/h,Única,Faixa seccionada
2022-10-26 00:00:00,,COM VÍTIMA,IBURA,RUA RIO BRIGIDA,,SUBURBIO,COLISÃO COM CICLISTA,1,0,0,1,0,0,0,0,0,1,0,Longo da via,Bom,Perfeito estado,Seca,Perfeito estado,Não há placas,30 km/h,Única,Não existe
2022-10-26 00:00:00,,SEM VÍTIMA,GUABIRABA,RUA CORREGO MANOEL DAS MENINAS,,,COLISÃO TRASEIRA,0,0,0,0,0,0,0,0,0,0,0,Cruzamento,Bom,Incompleta,Seca,Mal iluminada,Outras,,Dupla,Não existe
2022-10-26 00:00:00,,COM VÍTIMA,SANTO AMARO,AV CRUZ CABUGA,470,CIDADE,ATROPELAMENTO DE PESSOA,0,0,0,0,1,1,0,0,0,1,0,Longo da via,Bom,Perfeito estado,Seca,Perfeito estado,Não há placas,,Dupla,Canteiro central
2022-10-27 00:00:00,,COM VÍTIMA,BOA VIAGEM,RUA MARQUES DE VALENCA,,SUBURBIO,COLISÃO LATERAL,2,0,0,0,0,0,0,0,0,1,0,Longo da via,Bom,Perfeito estado,Seca,Perfeito estado,Não há placas,,Dupla,Faixa seccionada
2022-10-27 00:00:00,,COM VÍTIMA,TORREÃO,AV GOVERNADOR AGAMENON MAGALHAES,,SUBURBIO,COLISÃO FRONTAL,1,1,0,0,0,0,0,0,0,1,0,Longo da via,Bom,Não existente,Seca,Perfeito estado,Não há placas,,Dupla,Não existe
2022-10-27 00:00:00,,SEM VÍTIMA,ILHA DO LEITE,VIADUTO CAPITAO TEMUDO,,,COLISÃO TRASEIRA,2,0,0,0,0,0,0,0,0,0,0,,,,,,,,,
2022-10-27 00:00:00,,COM VÍTIMA,ARRUDA,RUA PETRONILA BOTELHO,554,,COLISÃO FRONTAL,2,0,0,0,0,0,0,0,0,1,0,Cruzamento,Bom,Perfeito estado,Seca,Perfeito estado,Não há placas,,Dupla,
2022-10-27 00:00:00,,SEM VÍTIMA,SANTO ANTÔNIO,PTE PRINCESA IZABEL,,,COLISÃO TRASEIRA,2,0,0,0,0,0,0,0,0,0,0,Longo da via,Bom,Perfeito estado,Seca,Perfeito estado,Não há placas,,Dupla,Faixa contínua
2022-10-27 00:00:00,,COM VÍTIMA,BOA VIAGEM,RUA CAPITAO REBELINHO,,SUBURBIO,COLISÃO FRONTAL,1,1,0,0,0,0,0,0,0,1,0,Cruzamento,Bom,Perfeito estado,Seca,Perfeito estado,Não há placas,,Única,Não existe
2022-10-27 00:00:00,,COM VÍTIMA,DERBY,AV GOVERNADOR AGAMENON MAGALHAES,75,SUBURBIO,COLISÃO LATERAL,1,1,0,0,0,0,0,0,0,1,0,Cruzamento,Bom,Perfeito estado,Seca,Perfeito estado,Outras,60 km/h,Dupla,
2022-10-27 00:00:00,,SEM VÍTIMA,PARNAMIRIM,AV DEZESSETE DE AGOSTO,,,CHOQUE,1,0,0,0,0,0,0,0,0,0,0,Longo da via,Bom,Perfeito estado,Seca,Perfeito estado,,,Dupla,Faixa contínua
2022-10-28 00:00:00,,COM VÍTIMA,AFOGADOS,RUA VINTE E UM DE ABRIL,,SUBURBIO,ATROPELAMENTO DE PESSOA,0,1,0,0,1,0,0,0,0,1,0,Longo da via,Bom,,Seca,Perfeito estado,Não há placas,,Dupla,Não existe
2022-10-28 00:00:00,,COM VÍTIMA,SANTO AMARO,AV GOVERNADOR AGAMENON MAGALHAES,,CIDADE,COLISÃO LATERAL,0,2,0,0,0,0,0,0,0,1,0,Longo da via,Bom,Perfeito estado,Seca,Perfeito estado,Não há placas,60 km/h,Única,Faixa seccionada
2022-10-28 00:00:00,,COM VÍTIMA,CORDEIRO,RUA TEOTONIO FREIRE,,CIDADE,COLISÃO LATERAL,1,1,0,0,0,0,0,0,0,1,0,Cruzamento,Bom,Perfeito estado,Seca,Perfeito estado,Não há placas,,Dupla,Faixa seccionada
2022-10-28 00:00:00,,COM VÍTIMA,CAMPO GRANDE,EST DE BELEM,,CIDADE,COLISÃO LATERAL,1,1,0,0,0,0,0,0,0,1,0,Longo da via,Bom,Perfeito estado,Seca,Perfeito estado,R-6a,,Dupla,Faixa contínua
2022-10-28 00:00:00,,COM VÍTIMA,SAN MARTIN,AV RECIFE,,,ATROPELAMENTO DE PESSOA,1,0,0,1,0,0,0,0,0,1,0,,,,,,,,,
2022-10-28 00:00:00,,COM VÍTIMA,ESTÂNCIA,AV JOAO CABRAL DE MELO NETO,259,CIDADE,COLISÃO COM CICLISTA,1,0,0,1,0,0,0,0,0,1,0,Longo da via,Bom,Perfeito estado,Seca,Perfeito estado,Outras,60 km/h,,Canteiro central
2022-10-28 00:00:00,,COM VÍTIMA,TEJIPIÓ,AV DR JOSE RUFINO,,SUBURBIO,COLISÃO LATERAL,1,1,0,0,0,0,0,0,0,1,0,Longo da via,Bom,Incompleta,Seca,Perfeito estado,Não há placas,,Dupla,Faixa contínua
2022-10-28 00:00:00,,COM VÍTIMA,AFOGADOS,RUA SAO MIGUEL,,SUBURBIO,COLISÃO LATERAL,1,1,0,0,0,0,0,0,0,1,0,Longo da via,Bom,Perfeito estado,Seca,Perfeito estado,Não há placas,,Dupla,Faixa contínua
2022-10-28 00:00:00,,COM VÍTIMA,BOA VISTA,RUA DOM BOSCO,27,SUBURBIO,COLISÃO LATERAL,1,1,0,0,0,0,0,0,0,1,0,Cruzamento,Bom,Perfeito estado,Seca,Perfeito estado,Não há placas,40 km/h,Única,Faixa contínua