data,hora,natureza,bairro,endereco,num_semaforo,sentido_via,tipo,auto,moto,ciclom,ciclista,pedestre,onibus,caminhao,viatura,outros,vitimas,vitimasfatais,acidente_verificado,tempo_clima,sinalizacao,condicao_via,conservacao_via,situacao_placa,velocidade_max_via,mao_direcao,divisao_via1
2022-11-10 00:00:00,,SEM VÍTIMA,SÃO JOSÉ,RUA IMPERIAL,510,SUBURBIO,COLISÃO TRANSVERSAL,2,0,0,0,0,0,0,0,0,0,0,Cruzamento,Chuvoso,Incompleta,Molhada,Mal iluminada,Não há placas,60 km/h,Única,Não existe
2022-11-10 00:00:00,,COM VÍTIMA,BOA VISTA,AV CONDE DA BOA VISTA,,,COLISÃO TRANSVERSAL,1,0,0,0,0,1,0,0,0,1,0,Cruzamento,Bom,Perfeito estado,Seca,Perfeito estado,Não há placas,,Dupla,Faixa contínua
2022-11-10 00:00:00,,COM VÍTIMA,COQUEIRAL,RUA PAPA JOAO VINTE E TRES,,,COLISÃO FRONTAL,0,1,0,0,0,1,0,0,0,1,0,Longo da via,Bom,Não existente,Seca,,,,,
2022-11-11 00:00:00,,SEM VÍTIMA,PINA,AVENIDA CELSO FURTADO (VIA MANGUE),,,CHOQUE,0,0,0,0,0,0,0,1,0,0,0,Longo da via,Chuvoso,Perfeito estado,Molhada,Perfeito estado,R-19,,Dupla,Canteiro central
2022-11-11 00:00:00,,COM VÍTIMA,VÁRZEA,RUA VALE DO SIRIJI,,,COLISÃO TRASEIRA,2,1,0,0,0,0,0,0,0,1,0,Longo da via,Chuvoso,Perfeito estado,Molhada,Perfeito estado,Não há placas,,Dupla,Não existe
2022-11-11 00:00:00,,SEM VÍTIMA,IBURA,LAD DA COHAB,,,COLISÃO TRASEIRA,1,0,0,0,0,0,0,0,0,0,0,Cruzamento,Chuvoso,Perfeito estado,Molhada,Mal conservada,R-4a,,Dupla,Faixa contínua
2022-11-11 00:00:00,,COM VÍTIMA,SANTO AMARO,RUA AURORA,,,COLISÃO LATERAL,1,1,0,0,0,0,0,0,0,1,0,Longo da via,Bom,Perfeito estado,Seca,Perfeito estado,Não há placas,,Dupla,Canteiro central
2022-11-11 00:00:00,,COM VÍTIMA,ILHA DO LEITE,AV GOVERNADOR AGAMENON MAGALHAES,,,COLISÃO TRASEIRA,2,0,0,0,0,0,0,0,0,1,0,,,,,,,,,
2022-11-11 00:00:00,,COM VÍTIMA,TORRÕES,AV ENGENHEIRO ABDIAS DE CARVALHO,375,CIDADE,COLISÃO LATERAL,1,1,0,0,0,0,0,0,0,1,0,Cruzamento,Bom,Perfeito estado,Seca,Perfeito estado,Outras,,Dupla,Não existe
2022-11-11 00:00:00,,COM VÍTIMA,DOIS UNIDOS,AV HILDEBRANDO DE VASCONCELOS,,SUBURBIO,COLISÃO TRASEIRA,1,1,0,0,0,0,0,0,0,1,0,Longo da via,Bom,Não existente,Seca,Perfeito estado,Não há placas,,Dupla,Não existe
2022-11-11 00:00:00,,COM VÍTIMA,IPUTINGA,RUA EMILIANO BRAGA,,,COLISÃO LATERAL,2,0,0,0,0,0,0,0,0,1,0,,,,,,,,,
2022-11-11 00:00:00,,COM VÍTIMA,ESPINHEIRO,RUA DA HORA,,,COLISÃO COM CICLISTA,0,1,0,1,0,0,0,0,0,2,0,Cruzamento,Bom,Perfeito estado,Seca,Perfeito estado,Outras,40 km/h,Única,Faixa contínua
2022-11-11 00:00:00,,COM VÍTIMA,JORDÃO,AV MARIA IRENE,,SUBURBIO,CHOQUE,1,1,0,0,0,0,0,0,0,2,0,Longo da via,Bom,Perfeito estado,Seca,Perfeito estado,Não há placas,,Dupla,Faixa contínua
2022-11-12 00:00:00,,COM VÍTIMA,APIPUCOS,RUA DE APIPUCOS,,CIDADE,COLISÃO TRASEIRA,1,0,0,0,0,0,1,0,0,1,0,Longo da via,Chuvoso,Perfeito estado,Molhada,Perfeito estado,Não há placas,,Dupla,Faixa contínua
2022-11-12 00:00:00,,SEM VÍTIMA,MADALENA,RUA JOAO IVO DA SILVA,,SUBURBIO,TOMBAMENTO,1,0,0,0,0,0,0,0,0,0,0,,,,,,,,,
2022-11-12 00:00:00,,COM VÍTIMA,VÁRZEA,AV CAXANGA,231,CIDADE,COLISÃO LATERAL,1,1,0,0,0,0,0,0,0,1,0,Cruzamento,Bom,Perfeito estado,Seca,Perfeito estado,R-32,60 km/h,Dupla,Faixa contínua
2022-11-12 00:00:00,,COM VÍTIMA,IMBIRIBEIRA,AV MARECHAL MASCARENHAS DE MORAES,310,SUBURBIO,COLISÃO LATERAL,1,1,0,0,0,0,0,0,0,2,0,Longo da via,Bom,Perfeito estado,Seca,Perfeito estado,,60 km/h,,Faixa seccionada
2022-11-12 00:00:00,,COM VÍTIMA,MANGUEIRA,AV DR JOSE RUFINO,,,COLISÃO FRONTAL,1,1,0,0,0,0,0,0,0,1,0,,,,,,,,,
2022-11-12 00:00:00,,COM VÍTIMA,SAN MARTIN,AV GENERAL SAN MARTIN,,,COLISÃO TRANSVERSAL,1,1,0,0,0,0,0,0,0,1,0,Longo da via,Bom,Incompleta,Seca,Perfeito estado,,,Dupla,Não existe
2022-11-12 00:00:00,,SEM VÍTIMA,DERBY,AV GOVERNADOR AGAMENON MAGALHAES,37,,COLISÃO LATERAL,1,0,0,0,0,0,0,1,0,0,0,Cruzamento,Chuvoso,Perfeito estado,Molhada,Perfeito estado,Placas Pare,,Dupla,Canal
2022-11-12 00:00:00,,COM VÍTIMA,CAXANGÁ,AV CAXANGA,,CIDADE,ATROPELAMENTO DE PESSOA,1,0,0,0,1,0,0,0,0,1,0,Longo da via,Chuvoso,Perfeito estado,Molhada,Perfeito estado,Não há placas,60 km/h,Dupla,Faixa contínua
2022-11-12 00:00:00,,SEM VÍTIMA,BOA VIAGEM,RUA BARAO DE SOUZA LEAO,,,,0,0,0,0,0,0,0,0,0,0,0,,,,,,,,,
2022-11-13 00:00:00,,COM VÍTIMA,PARNAMIRIM,RUA DR JOAO SANTOS FILHO,,,COLISÃO COM CICLISTA,1,0,0,1,0,0,0,0,0,1,0,Esquina,Bom,Perfeito estado,Seca,Perfeito estado,R-6a,,Única,Não existe
2022-11-13 00:00:00,,COM VÍTIMA,PRADO,RUA ARMANDO SORIANO,558,SUBURBIO,COLISÃO COM CICLISTA,1,0,0,1,0,0,0,0,0,1,0,Longo da via,Bom,Não existente,Seca,Perfeito estado,Outras,,Dupla,Não existe
2022-11-13 00:00:00,,COM VÍTIMA,AFOGADOS,RUA SAO MIGUEL,,SUBURBIO,COLISÃO TRANSVERSAL,1,1,0,0,0,0,0,0,0,2,0,Longo da via,Bom,Perfeito estado,Seca,Perfeito estado,Não há placas,,Dupla,Faixa contínua
2022-11-14 00:00:00,,COM VÍTIMA,PINA,AVENIDA CELSO FURTADO (VIA MANGUE),,CIDADE,COLISÃO TRASEIRA,1,1,0,0,0,0,0,0,0,1,0,Ponte,Chuvoso,Perfeito estado,Molhada,Perfeito estado,Outras,60 km/h,Única,Faixa contínua
2022-11-14 00:00:00,,COM VÍTIMA,AREIAS,AV RECIFE,,,CHOQUE,1,0,0,0,0,0,0,0,0,1,0,Longo da via,Bom,Perfeito estado,Seca,Perfeito estado,Não há placas,,Dupla,Canteiro central
2022-11-14 00:00:00,,SEM VÍTIMA,BOA VIAGEM,RUA BARAO DE SOUZA LEAO,,,COLISÃO LATERAL,2,0,0,0,0,0,0,0,0,0,0,Longo da via,Bom,Perfeito estado,Seca,Perfeito estado,Outras,60KM/H,Única,Faixa seccionada
2022-11-14 00:00:00,,COM VÍTIMA,JIQUIÁ,AV RECIFE,705,SUBURBIO,TOMBAMENTO,0,1,0,0,0,0,1,0,0,2,0,Cruzamento,Bom,Perfeito estado,Seca,Perfeito estado,Não há placas,60 km/h,Dupla,Canteiro central
2022-11-14 00:00:00,,COM VÍTIMA,BOA VISTA,RUA AURORA,,SUBURBIO,COLISÃO LATERAL,0,2,0,0,0,0,0,0,0,1,0,Cruzamento,Bom,Perfeito estado,Seca,Perfeito estado,Não há placas,,Única,Faixa seccionada
2022-11-14 00:00:00,,COM VÍTIMA,ESPINHEIRO,RUA DO ESPINHEIRO,,SUBURBIO,COLISÃO LATERAL,0,2,0,0,0,0,0,0,0,1,0,Longo da via,Chuvoso,Incompleta,Molhada,Perfeito estado,,40 km/h,Única,
2022-11-14 00:00:00,,COM VÍTIMA,AFOGADOS,EST DOS REMEDIOS,,SUBURBIO,COLISÃO LATERAL,0,2,0,0,0,0,0,0,0,1,0,Longo da via,Chuvoso,Incompleta,Molhada,Mal conservada,R-6b,40 km/h,Dupla,Faixa contínua
2022-11-14 00:00:00,,COM VÍTIMA,PARNAMIRIM,EST DO ENCANAMENTO,,CIDADE,COLISÃO LATERAL,1,1,0,0,0,0,0,0,0,1,0,Esquina,Bom,Perfeito estado,Seca,Perfeito estado,Outras,60 km/h,Única,Faixa seccionada
2022-11-14 00:00:00,,COM VÍTIMA,IPSEP,AV RECIFE,494,SUBURBIO,COLISÃO FRONTAL,1,1,0,0,0,0,0,0,0,2,0,Longo da via,Chuvoso,Perfeito estado,Molhada,Perfeito estado,Não há placas,,Dupla,Faixa contínua
2022-11-14 00:00:00,,COM VÍTIMA,AREIAS,AV RECIFE,494,SUBURBIO,COLISÃO TRASEIRA,1,1,0,0,0,0,0,0,0,2,0,Longo da via,Bom,Perfeito estado,Seca,Perfeito estado,,,Dupla,Canteiro central
2022-11-14 00:00:00,,SEM VÍTIMA,CASA FORTE,RUA DA HARMONIA,,,CHOQUE,2,0,0,0,0,0,0,0,0,0,0,Longo da via,Bom,Perfeito estado,Seca,Perfeito estado,Não há placas,,Única,Faixa seccionada
2022-11-15 00:00:00,,COM VÍTIMA,CABANGA,AV ENGENHEIRO JOSE ESTELITA,,CIDADE,CHOQUE,1,0,0,0,0,0,0,0,0,1,0,Viaduto,Bom,Perfeito estado,Seca,Perfeito estado,Não há placas,,Dupla,
2022-11-15 00:00:00,,COM VÍTIMA,IMBIRIBEIRA,RUA OLIVIA MENELAU,396,CIDADE,COLISÃO LATERAL,1,1,0,0,0,0,0,0,0,1,0,Esquina,Bom,Perfeito estado,Seca,Perfeito estado,Não há placas,,Única,Não existe
2022-11-15 00:00:00,,COM VÍTIMA,VÁRZEA,RUA PROFESSOR ANTONIO COELHO,,SUBURBIO,COLISÃO LATERAL,1,1,0,0,0,0,0,0,0,1,0,Cruzamento,Bom,Perfeito estado,Seca,Perfeito estado,,,Única,Não existe
2022-11-15 00:00:00,,COM VÍTIMA,TAMARINEIRA,RUA CONEGO BARATA,62,,COLISÃO LATERAL,1,1,0,0,0,0,0,0,0,1,0,Cruzamento,Bom,Perfeito estado,Seca,Perfeito estado,R-6a,,Dupla,Faixa seccionada
2022-11-16 00:00:00,,COM VÍTIMA,AREIAS,AV RECIFE,617,CIDADE,COLISÃO TRASEIRA,1,1,0,0,0,0,0,0,0,1,0,Longo da via,Bom,Perfeito estado,Seca,Perfeito estado,R-6a,,Dupla,Canteiro central
2022-11-16 00:00:00,,COM VÍTIMA,BOA VISTA,RUA DOM BOSCO,401,,COLISÃO TRASEIRA,0,2,0,0,0,0,0,0,0,1,0,Longo da via,Bom,Perfeito estado,Seca,Perfeito estado,Outras,,Única,Faixa seccionada
2022-11-16 00:00:00,,SEM VÍTIMA,SANTO AMARO,AV MARIO MELO,,,COLISÃO LATERAL,2,0,0,0,0,0,0,0,0,0,0,Longo da via,Bom,Perfeito estado,Seca,Perfeito estado,Não há placas,,Dupla,Faixa contínua
2022-11-16 00:00:00,,COM VÍTIMA,ESPINHEIRO,RUA DO ESPINHEIRO,89,CIDADE,COLISÃO LATERAL,1,1,0,0,0,0,0,0,0,1,0,Cruzamento,Bom,Perfeito estado,Seca,Perfeito estado,R-6a,,Única,Faixa seccionada
2022-11-16 00:00:00,,SEM VÍTIMA,TORRE,RUA REAL DA TORRE,,,COLISÃO LATERAL,0,0,0,0,0,0,0,2,0,0,0,Esquina,Chuvoso,,Molhada,Perfeito estado,Não há placas,,Única,Não existe
2022-11-16 00:00:00,,COM VÍTIMA,CAXANGÁ,AV CAXANGA,,,COLISÃO COM CICLISTA,1,0,0,1,0,0,0,0,0,2,0,,,,,,,,,
2022-11-16 00:00:00,,COM VÍTIMA,BOA VIAGEM,RUA DEZ DE JULHO,,,COLISÃO FRONTAL,1,1,0,0,0,0,0,0,0,1,0,,,,,,,,,
2022-11-16 00:00:00,,COM VÍTIMA,VÁRZEA,RUA GASTAO VIDIGAL,,SUBURBIO,COLISÃO LATERAL,0,1,0,0,0,1,0,0,0,2,0,Longo da via,Bom,Perfeito estado,Seca,Perfeito estado,Outras,,Dupla,Faixa seccionada
2022-11-16 00:00:00,,COM VÍTIMA,ESTÂNCIA,AV RECIFE,,,COLISÃO LATERAL,1,1,0,0,0,0,0,0,0,1,0,Cruzamento,Bom,Perfeito estado,Seca,Perfeito estado,R-4a,60 km/h,Dupla,Canteiro central
2022-11-16 00:00:00,,COM VÍTIMA,BOA VIAGEM,RUA SETUBAL,,,COLISÃO LATERAL,1,1,0,0,0,0,0,0,0,1,0,Longo da via,Bom,Perfeito estado,Seca,Perfeito estado,Não há placas,,Dupla,Não existe
2022-11-17 00:00:00,,COM VÍTIMA,SANTO AMARO,AV GOVERNADOR AGAMENON MAGALHAES,49,SUBURBIO,COLISÃO FRONTAL,2,0,0,0,0,0,0,0,0,2,0,Cruzamento,Chuvoso,Perfeito estado,Molhada,Perfeito estado,Outras,,Dupla,Canal
2022-11-17 00:00:00,,COM VÍTIMA,ARRUDA,AV PROFESSOR JOSE DOS ANJOS,,,COLISÃO TRASEIRA,1,1,0,0,0,0,0,0,0,2,0,,,,,,,,,
2022-11-17 00:00:00,,COM VÍTIMA,ARRUDA,AV PROFESSOR JOSE DOS ANJOS,306,SUBURBIO,COLISÃO TRASEIRA,1,1,0,0,0,0,0,0,0,1,0,Cruzamento,Bom,Perfeito estado,Seca,Perfeito estado,Não há placas,,Única,Faixa contínua
2022-11-17 00:00:00,,COM VÍTIMA,SANTO AMARO,AV GOVERNADOR AGAMENON MAGALHAES,,SUBURBIO,CHOQUE,1,0,0,0,0,0,0,0,0,1,0,Longo da via,Bom,Perfeito estado,Seca,Perfeito estado,Não há placas,60 km/h,Dupla,Faixa contínua
2022-11-17 00:00:00,,SEM VÍTIMA,IPSEP,AV RECIFE,,,COLISÃO TRASEIRA,1,0,0,0,0,0,0,1,0,0,0,Cruzamento,Bom,Perfeito estado,Seca,Perfeito estado,R-6a,,Dupla,Canteiro central
2022-11-17 00:00:00,,COM VÍTIMA,BOA VISTA,RUA AURORA,,,COLISÃO LATERAL,1,0,0,0,0,0,1,0,0,1,0,Longo da via,Bom,Não existente,Seca,Perfeito estado,Não há placas,,Única,Faixa seccionada
2022-11-17 00:00:00,,COM VÍTIMA,TEJIPIÓ,RUA FALCAO DE LACERDA,,,COLISÃO LATERAL,1,2,0,0,0,0,0,0,0,1,0,,,,,,,,,
2022-11-17 00:00:00,,COM VÍTIMA,CASA AMARELA,RUA PADRE LEMOS,66,SUBURBIO,COLISÃO LATERAL,1,1,0,0,0,0,0,0,0,1,0,Longo da via,Bom,Incompleta,Seca,Perfeito estado,Não há placas,,Dupla,Não existe
2022-11-17 00:00:00,,COM VÍTIMA,SÃO JOSÉ,PRC DAS CINCO PONTAS,199,SUBURBIO,COLISÃO LATERAL,0,2,0,0,0,0,0,0,0,1,0,Longo da via,Bom,Perfeito estado,Seca,Perfeito estado,Não há placas,40 km/h,Única,Não existe
2022-11-17 00:00:00,,COM VÍTIMA,BOA VISTA,RUA DA AURORA,162,CIDADE,ATROPELAMENTO DE PESSOA,1,0,0,0,1,0,0,0,0,1,0,Longo da via,Bom,Perfeito estado,Seca,Perfeito estado,R-6a,,Única,Faixa contínua
2022-11-18 00:00:00,,COM VÍTIMA,CORDEIRO,RUA DR JOAO LACERDA,,,COLISÃO TRASEIRA,1,1,0,0,0,0,0,0,0,1,0,Longo da via,Bom,Ilegível,Seca,Perfeito estado,Não há placas,60 km/h,Dupla,Faixa contínua
2022-11-18 00:00:00,,SEM VÍTIMA,SÃO JOSÉ,AV MARTINS DE BARROS,,,COLISÃO LATERAL,1,1,0,0,0,0,0,0,0,0,0,Longo da via,Bom,Perfeito estado,Seca,Perfeito estado,Não há placas,,Única,Faixa contínua
2022-11-18 00:00:00,,COM VÍTIMA,SÃO JOSÉ,AV SUL,260,CIDADE,COLISÃO LATERAL,1,1,0,0,0,0,0,0,0,1,0,Cruzamento,Bom,,Seca,Perfeito estado,Não há placas,,Única,
2022-11-18 00:00:00,,COM VÍTIMA,ESPINHEIRO,RUA CONS PORTELA,464,SUBURBIO,COLISÃO LATERAL,1,1,0,0,0,0,0,0,0,1,0,Longo da via,Bom,Perfeito estado,Seca,Perfeito estado,R-6a,,Única,Faixa seccionada
2022-11-18 00:00:00,,COM VÍTIMA,MONTEIRO,AV CIDADE DE MONTEIRO,,,COLISÃO FRONTAL,1,0,0,0,0,0,0,0,0,2,0,,,,,,,,,
2022-11-18 00:00:00,,COM VÍTIMA,AREIAS,AV RECIFE,,,COLISÃO TRANSVERSAL,1,1,0,0,0,0,1,0,0,1,0,Longo da via,Bom,Perfeito estado,Seca,Perfeito estado,Não há placas,60 km/h,Dupla,Faixa seccionada
2022-11-18 00:00:00,,SEM VÍTIMA,BOA VIAGEM,RUA CARLOS PEREIRA FALCAO,,,COLISÃO FRONTAL,2,0,0,0,0,0,0,0,0,0,0,,,,,,,,,
2022-11-19 00:00:00,,COM VÍTIMA,CAMPO GRANDE,RUA CATULO DA PAIXAO CEARENSE,,,COLISÃO LATERAL,1,1,0,0,0,0,0,0,0,1,0,,,,,,,,,
2022-11-19 00:00:00,,COM VÍTIMA,AFOGADOS,RUA SAO MIGUEL,,,COLISÃO LATERAL,1,1,0,0,0,0,0,0,0,1,0,Longo da via,Bom,Incompleta,Seca,Perfeito estado,Não há placas,,Dupla,Não existe
2022-11-19 00:00:00,,COM VÍTIMA,ENCRUZILHADA,EST DE BELEM,,CIDADE,COLISÃO LATERAL,1,1,0,0,0,0,0,0,0,2,0,Longo da via,Bom,Perfeito estado,Seca,Perfeito estado,R-6a,,Dupla,Faixa contínua
2022-11-19 00:00:00,,COM VÍTIMA,CORDEIRO,AV MAURICIO DE NASSAU,,SUBURBIO,COLISÃO TRASEIRA,1,1,0,0,0,0,0,0,0,1,0,Longo da via,Bom,Incompleta,Seca,Perfeito estado,Outras,,Dupla,Faixa contínua
2022-11-19 00:00:00,,COM VÍTIMA,AFOGADOS,AV DR JOSE RUFINO,391,SUBURBIO,COLISÃO LATERAL,1,1,0,0,0,0,0,0,0,1,0,Esquina,Bom,Não existente,Seca,Perfeito estado,Não há placas,,Dupla,Faixa contínua
2022-11-19 00:00:00,,COM VÍTIMA,ESTÂNCIA,RUA HAVAI,,SUBURBIO,COLISÃO FRONTAL,1,1,0,0,0,0,0,0,0,1,0,Longo da via,Bom,Não existente,Seca,Perfeito estado,Não há placas,,Dupla,Não existe
2022-11-20 00:00:00,,SEM VÍTIMA,SAN MARTIN,AV ENGENHEIRO ABDIAS DE CARVALHO,687,CIDADE,CAPOTAMENTO,0,0,0,0,0,0,0,0,0,0,0,,,,,,,,,
2022-11-20 00:00:00,,COM VÍTIMA,BOA VIAGEM,AV BOA VIAGEM,4,,ATROPELAMENTO DE PESSOA,0,1,0,0,1,0,0,0,0,2,0,Longo da via,Bom,Perfeito estado,Seca,Perfeito estado,Não há placas,,Única,Faixa seccionada
2022-11-21 00:00:00,,COM VÍTIMA,ILHA DO LEITE,AV FREI MATIAS TEVES,,,COLISÃO LATERAL,1,1,0,0,0,0,0,0,0,1,0,Cruzamento,Bom,Ilegível,Seca,Perfeito estado,Outras,30 km/h,Única,Faixa seccionada
2022-11-21 00:00:00,,COM VÍTIMA,IMBIRIBEIRA,RUA CONDE PEREIRA CARNEIRO,,SUBURBIO,COLISÃO FRONTAL,1,1,0,0,0,0,0,0,0,2,0,Cruzamento,Bom,Perfeito estado,Seca,Perfeito estado,R-6a,,Dupla,Não existe
2022-11-21 00:00:00,,COM VÍTIMA,VÁRZEA,AV CAXANGA,,SUBURBIO,COLISÃO LATERAL,1,1,0,1,0,1,0,0,0,1,0,Longo da via,Bom,Incompleta,Seca,Perfeito estado,Não há placas,60 km/h,Única,Não existe
2022-11-21 00:00:00,,COM VÍTIMA,BOA VIAGEM,AV ENGENHEIRO DOMINGOS FERREIRA,380,SUBURBIO,COLISÃO LATERAL,2,0,0,0,0,0,0,0,0,1,0,Cruzamento,Bom,Perfeito estado,Seca,Perfeito estado,Outras,60 km/h,Única,Faixa seccionada
2022-11-21 00:00:00,,COM VÍTIMA,TORRÕES,EST DO FORTE DO ARRAIAL N. DO B. JESUS,,SUBURBIO,ATROPELAMENTO DE PESSOA,1,0,0,0,1,0,0,0,0,1,0,Cruzamento,Bom,Perfeito estado,Seca,Perfeito estado,Não há placas,60 km/h,Dupla,Faixa contínua
2022-11-21 00:00:00,,COM VÍTIMA,MADALENA,RUA PESSOA DE MELO,,,COLISÃO LATERAL,2,0,0,0,0,0,0,0,0,1,0,,,,,,,,,
2022-11-21 00:00:00,,SEM VÍTIMA,PRADO,RUA CARLOS GOMES,,,COLISÃO LATERAL,0,0,0,0,0,0,1,1,0,0,0,,,,,,,,,
2022-11-21 00:00:00,,COM VÍTIMA,BOA VIAGEM,AV ENGENHEIRO DOMINGOS FERREIRA,380,SUBURBIO,COLISÃO TRASEIRA,1,1,0,0,0,0,0,0,0,1,0,Longo da via,Bom,Perfeito estado,Seca,Perfeito estado,Não há placas,60 km/h,Única,Faixa seccionada
2022-11-21 00:00:00,,COM VÍTIMA,IPSEP,RUA DR RAPOSO PINTO,,SUBURBIO,COLISÃO LATERAL,0,1,0,0,0,1,0,0,0,1,0,Longo da via,Bom,Não existente,Seca,Perfeito estado,Não há placas,,Dupla,Não existe
2022-11-21 00:00:00,,COM VÍTIMA,BAIRRO DO RECIFE,RUA IMPERIAL,,SUBURBIO,COLISÃO LATERAL,0,2,0,0,0,0,0,0,0,3,0,Cruzamento,Bom,Perfeito estado,Seca,Perfeito estado,Outras,,Única,Faixa seccionada
2022-11-21 00:00:00,,COM VÍTIMA,BOA VIAGEM,RUA BARAO DE SOUZA LEAO,476,SUBURBIO,COLISÃO LATERAL,1,1,0,0,0,0,0,0,0,1,0,Longo da via,Bom,Perfeito estado,Seca,Perfeito estado,R-6a,,Única,Faixa seccionada
2022-11-21 00:00:00,,COM VÍTIMA,VASCO DA GAMA,RUA VASCO DA GAMA,,SUBURBIO,COLISÃO LATERAL,1,1,0,0,0,0,0,0,0,2,0,Cruzamento,Bom,Perfeito estado,Seca,Perfeito estado,Placas Pare,,Dupla,
2022-11-21 00:00:00,,COM VÍTIMA,ESPINHEIRO,RUA DO ESPINHEIRO,,SUBURBIO,COLISÃO LATERAL,1,1,0,0,0,0,0,0,0,1,0,Cruzamento,Bom,Perfeito estado,Seca,Perfeito estado,R-6a,40 km/h,Única,Faixa contínua
2022-11-21 00:00:00,,COM VÍTIMA,CAXANGÁ,AV CAXANGA,,SUBURBIO,COLISÃO TRASEIRA,2,1,0,0,0,0,0,0,0,1,0,Longo da via,Bom,Perfeito estado,Seca,Perfeito estado,,60 km/h,Única,Faixa seccionada
2022-11-21 00:00:00,,SEM VÍTIMA,ÁGUA FRIA,AV BEBERIBE,,,CHOQUE,1,1,0,0,0,0,0,0,0,0,0,Cruzamento,Bom,Perfeito estado,Seca,Perfeito estado,Não há placas,,Dupla,Faixa seccionada
2022-11-21 00:00:00,,COM VÍTIMA,ARRUDA,AV PROFESSOR JOSE DOS ANJOS,,SUBURBIO,CHOQUE,1,0,0,0,0,0,0,0,0,1,0,Cruzamento,Bom,Perfeito estado,Seca,Perfeito estado,Outras,,Única,Não existe
2022-11-22 00:00:00,,COM VÍTIMA,TAMARINEIRA,RUA CONEGO BARATA,61,SUBURBIO,CHOQUE,1,0,0,0,0,0,0,0,0,2,0,Cruzamento,Bom,Perfeito estado,Seca,Perfeito estado,R-6a,,Dupla,Canteiro central
2022-11-22 00:00:00,,COM VÍTIMA,BOMBA DO HEMETÉRIO,RUA BOMBA DO HEMETERIO,,CIDADE,COLISÃO FRONTAL,1,1,0,0,0,0,0,0,0,1,0,Esquina,Chuvoso,Incompleta,Molhada,Perfeito estado,Outras,,Dupla,Não existe
2022-11-22 00:00:00,,COM VÍTIMA,PINA,AV ANTONIO DE GOES,,,ATROPELAMENTO DE PESSOA,1,1,0,0,1,0,0,0,0,1,0,Longo da via,Chuvoso,Perfeito estado,Molhada,Perfeito estado,Não há placas,60 km/h,Única,Canteiro central
2022-11-22 00:00:00,,COM VÍTIMA,IMBIRIBEIRA,AV MARECHAL MASCARENHAS DE MORAES,287,CIDADE,QUEDA,0,1,0,0,0,0,0,0,0,2,0,Longo da via,Chuvoso,Perfeito estado,Molhada,Perfeito estado,Placas Pare,60 km/h,Dupla,Canteiro central
2022-11-22 00:00:00,,COM VÍTIMA,AFOGADOS,RUA SAO MIGUEL,423,SUBURBIO,COLISÃO TRASEIRA,1,1,0,0,0,0,0,0,0,1,0,Longo da via,Chuvoso,Perfeito estado,Molhada,Perfeito estado,Não há placas,60 km/h,Dupla,Faixa contínua
2022-11-22 00:00:00,,COM VÍTIMA,SANTO AMARO,AV DR JAYME DA FONTE,,CIDADE,COLISÃO COM CICLISTA,1,0,0,1,0,0,0,0,0,1,0,Longo da via,Bom,Perfeito estado,Seca,Perfeito estado,Não há placas,,,Não existe
2022-11-22 00:00:00,,COM VÍTIMA,BOA VIAGEM,AV ENGENHEIRO DOMINGOS FERREIRA,,SUBURBIO,COLISÃO TRANSVERSAL,1,1,0,0,0,0,0,0,0,1,0,Cruzamento,Bom,Perfeito estado,Seca,Perfeito estado,Outras,60 km/h,Única,Faixa seccionada
2022-11-22 00:00:00,,COM VÍTIMA,IMBIRIBEIRA,AV MARECHAL MASCARENHAS DE MORAES,,CIDADE,ATROPELAMENTO DE PESSOA,1,0,0,0,1,0,0,0,0,1,0,Longo da via,Chuvoso,Perfeito estado,Molhada,Mal iluminada,Não há placas,60 km/h,Dupla,
2022-11-22 00:00:00,,COM VÍTIMA,IMBIRIBEIRA,RUA DEZ DE JULHO,,SUBURBIO,ATROPELAMENTO DE PESSOA,0,0,0,0,1,0,0,0,0,1,0,Não informado,Chuvoso,Perfeito estado,Seca,Perfeito estado,Não há placas,,Única,Não existe
2022-11-22 00:00:00,,COM VÍTIMA,BOA VISTA,AV CRUZ CABUGA,31,,COLISÃO FRONTAL,1,1,0,0,0,0,0,0,0,1,0,Cruzamento,Chuvoso,Perfeito estado,Molhada,Perfeito estado,R-6a,40 km/h,Dupla,Canteiro central
2022-11-23 00:00:00,,COM VÍTIMA,APIPUCOS,RUA DOIS IRMAOS,,,COLISÃO LATERAL,1,1,0,0,0,0,0,0,0,1,0,,,,,,,,,