data,hora,natureza,bairro,endereco,num_semaforo,sentido_via,tipo,auto,moto,ciclom,ciclista,pedestre,onibus,caminhao,viatura,outros,vitimas,vitimasfatais,acidente_verificado,tempo_clima,sinalizacao,condicao_via,conservacao_via,situacao_placa,velocidade_max_via,mao_direcao,divisao_via1
2022-11-23 00:00:00,,COM VÍTIMA,IBURA,AV DOIS RIOS,,,COLISÃO LATERAL,1,1,0,0,0,0,0,0,0,1,0,,,,,,,,,
2022-11-23 00:00:00,,SEM VÍTIMA,AFOGADOS,RUA SAO MIGUEL,,CIDADE,,1,0,0,0,0,0,1,0,0,0,0,Cruzamento,Bom,Perfeito estado,Seca,Perfeito estado,Outras,,Dupla,Não existe
2022-11-23 00:00:00,,COM VÍTIMA,IPUTINGA,AV MAURICIO DE NASSAU,,SUBURBIO,COLISÃO FRONTAL,1,1,0,0,0,0,0,0,0,1,0,Cruzamento,Bom,Não existente,Seca,Perfeito estado,Não há placas,,Dupla,Faixa contínua
2022-11-23 00:00:00,,COM VÍTIMA,CASA AMARELA,EST DO ENCANAMENTO,,,COLISÃO FRONTAL,1,1,0,0,0,0,0,0,0,2,0,Cruzamento,Bom,Perfeito estado,Seca,Perfeito estado,Placas Pare,,Única,Faixa seccionada
2022-11-23 00:00:00,,VÍTIMA FATAL,CORDEIRO,AV GENERAL SAN MARTIN,403,SUBURBIO,QUEDA,0,0,0,0,1,1,0,0,0,0,1,Longo da via,Bom,Perfeito estado,Seca,Perfeito estado,R-6a,,Dupla,Faixa contínua
2022-11-24 00:00:00,,COM VÍTIMA,IPSEP,RUA PINTOR LULA CARDOSO AYRES,,,COLISÃO FRONTAL,3,0,0,0,0,0,0,0,0,1,0,,,,,,,,,
2022-11-24 00:00:00,,SEM VÍTIMA,MADALENA,AV VISCONDE DE ALBUQUERQUE,,,COLISÃO LATERAL,2,0,0,0,0,0,0,0,0,0,0,,,,,,,,,
2022-11-24 00:00:00,,COM VÍTIMA,HIPÓDROMO,RUA PRUDENTE DE MORAES,,,COLISÃO LATERAL,1,1,0,0,0,0,0,0,0,1,0,Cruzamento,Bom,Perfeito estado,Seca,Perfeito estado,Placas Pare,,Dupla,Faixa seccionada
2022-11-24 00:00:00,,COM VÍTIMA,IPSEP,RUA PINTOR LULA CARDOSO AYRES,,,COLISÃO FRONTAL,3,0,0,0,0,0,0,0,0,1,0,Longo da via,Bom,Não existente,Seca,Perfeito estado,Não há placas,30 km/h,Única,Não existe
2022-11-24 00:00:00,,COM VÍTIMA,GRAÇAS,RUA SOUZA DE ANDRADE,,,COLISÃO FRONTAL,1,1,0,0,0,0,0,0,0,2,0,Cruzamento,Bom,Perfeito estado,Seca,Perfeito estado,Placas Pare,,Dupla,Não existe
2022-11-24 00:00:00,,SEM VÍTIMA,SANTO AMARO,AV GOVERNADOR AGAMENON MAGALHAES,,SUBURBIO,COLISÃO TRASEIRA,1,1,0,0,0,0,0,0,0,0,0,,Bom,Perfeito estado,Seca,Perfeito estado,Não há placas,60 km/h,Dupla,Canteiro central
2022-11-24 00:00:00,,COM VÍTIMA,MADALENA,AV CAXANGA,489,CIDADE,ATROPELAMENTO DE PESSOA,0,1,0,0,1,0,0,0,0,2,0,Longo da via,Bom,Incompleta,Seca,Mal conservada,R-6a,60 km/h,Dupla,Faixa contínua
2022-11-24 00:00:00,,COM VÍTIMA,CASA FORTE,AV DEZESSETE DE AGOSTO,,CIDADE,COLISÃO FRONTAL,1,1,0,0,0,0,0,0,0,1,0,Longo da via,Bom,Perfeito estado,Seca,Perfeito estado,R-6a,60 km/h,Dupla,Faixa seccionada
2022-11-24 00:00:00,,COM VÍTIMA,BOA VISTA,AV GOVERNADOR AGAMENON MAGALHAES,,,COLISÃO LATERAL,1,1,0,0,0,0,0,0,0,1,0,Longo da via,Bom,Perfeito estado,Seca,Perfeito estado,R-6a,60 km/h,Dupla,Canteiro central
2022-11-24 00:00:00,,COM VÍTIMA,ÁGUA FRIA,EST VELHA DE AGUA FRIA,,SUBURBIO,COLISÃO LATERAL,0,2,0,0,0,0,0,0,0,2,0,,,,,,,,,
2022-11-24 00:00:00,,COM VÍTIMA,AFOGADOS,RUA SAO MIGUEL,,CIDADE,COLISÃO LATERAL,1,1,0,0,0,0,0,0,0,1,0,Longo da via,Bom,Não existente,Seca,Perfeito estado,Não há placas,60 km/h,Dupla,Não existe
2022-11-24 00:00:00,,COM VÍTIMA,IPUTINGA,AV MARIO ALVARES PEREIRA DE LYRA,,,QUEDA,0,1,0,0,0,0,0,0,0,1,0,,,,,,,,,
2022-11-24 00:00:00,,COM VÍTIMA,SÃO JOSÉ,CAIS DO APOLO,,,COLISÃO LATERAL,0,2,0,0,0,0,0,0,0,1,0,Longo da via,Bom,Perfeito estado,Seca,Perfeito estado,,,Dupla,Canteiro central
2022-11-24 00:00:00,,COM VÍTIMA,JORDÃO,AV MARIA IRENE,,,COLISÃO FRONTAL,0,2,0,0,0,0,0,0,0,3,0,Longo da via,Bom,Perfeito estado,Seca,Perfeito estado,,,Dupla,Faixa contínua
2022-11-24 00:00:00,,COM VÍTIMA,CORDEIRO,RUA EDUARDO FONSECA,,,COLISÃO FRONTAL,1,1,0,0,0,0,0,0,0,1,0,Cruzamento,Chuvoso,Perfeito estado,Seca,Perfeito estado,R-6a,,Única,Faixa seccionada
2022-11-25 00:00:00,,SEM VÍTIMA,BOA VIAGEM,RUA DES JOAO PAES,,,COLISÃO TRASEIRA,2,0,0,0,0,0,0,0,0,0,0,,,,,,,,,
2022-11-25 00:00:00,,COM VÍTIMA,BONGI,EST DO BONGI,,CIDADE,COLISÃO LATERAL,1,1,0,0,0,0,0,0,0,1,0,Longo da via,Bom,Incompleta,Seca,Perfeito estado,Não há placas,,Dupla,Não existe
2022-11-25 00:00:00,,COM VÍTIMA,BOA VIAGEM,AVENIDA CELSO FURTADO (VIA MANGUE),,SUBURBIO / PIEDADE,COLISÃO TRASEIRA,2,0,0,0,0,0,0,0,0,2,0,Ponte,Bom,Perfeito estado,Seca,Perfeito estado,Outras,50 km/h,Dupla,Canal
2022-11-25 00:00:00,,COM VÍTIMA,CASA AMARELA,RUA PADRE LEMOS,,,COLISÃO LATERAL,1,1,0,0,0,0,0,0,0,1,0,Longo da via,Bom,Não existente,Seca,Perfeito estado,Não há placas,,Dupla,Não existe
2022-11-25 00:00:00,,COM VÍTIMA,SAN MARTIN,AV GENERAL SAN MARTIN,,SUBURBIO,ATROPELAMENTO DE PESSOA,1,0,0,0,1,0,0,0,0,1,0,Rotatória,Bom,Perfeito estado,Seca,Perfeito estado,Não há placas,,Única,Não existe
2022-11-25 00:00:00,,COM VÍTIMA,CAXANGÁ,AV CAXANGA,,,COLISÃO TRASEIRA,1,1,0,0,0,0,0,0,0,1,0,Longo da via,Bom,Incompleta,Seca,Perfeito estado,Não há placas,,Dupla,Canteiro central
2022-11-25 00:00:00,,COM VÍTIMA,CAMPO GRANDE,RUA ODORICO MENDES,,,COLISÃO LATERAL,0,1,0,0,0,0,0,1,0,1,0,Cruzamento,Bom,Perfeito estado,Seca,Perfeito estado,Outras,40 km/h,Dupla,Blocos
2022-11-26 00:00:00,,COM VÍTIMA,BOA VIAGEM,RUA VISCONDE DE JEQUITINHONHA,,,COLISÃO FRONTAL,1,1,0,0,0,0,0,0,0,1,0,Cruzamento,Bom,Perfeito estado,Seca,Perfeito estado,Não há placas,,Única,Faixa seccionada
2022-11-26 00:00:00,,COM VÍTIMA,SANTO AMARO,RUA DOS PALMARES,,,COLISÃO LATERAL,1,1,0,0,0,0,0,0,0,1,0,Cruzamento,Bom,Perfeito estado,Seca,Perfeito estado,Não há placas,,Dupla,Faixa seccionada
2022-11-26 00:00:00,,COM VÍTIMA,SAN MARTIN,RUA VINTE E UM DE ABRIL,,SUBURBIO,ATROPELAMENTO DE PESSOA,1,0,0,0,1,0,0,0,0,1,0,Longo da via,Bom,Não existente,Seca,Perfeito estado,Não há placas,40 km/h,Dupla,Faixa seccionada
2022-11-26 00:00:00,,COM VÍTIMA,BOA VIAGEM,RUA VISCONDE DE JEQUITINHONHA,,,COLISÃO LATERAL,1,1,0,0,0,0,0,0,0,1,0,,,,,,,,,
2022-11-26 00:00:00,,SEM VÍTIMA,CORDEIRO,RUA N S DA SAUDE,,,COLISÃO FRONTAL,2,0,0,0,0,0,0,0,0,0,0,,,,,,,,,
2022-11-26 00:00:00,,COM VÍTIMA,SAN MARTIN,AV GENERAL SAN MARTIN,,,COLISÃO FRONTAL,1,1,0,0,0,0,0,0,0,1,0,Cruzamento,Bom,Perfeito estado,Seca,Perfeito estado,Não há placas,,Dupla,Faixa contínua
2022-11-27 00:00:00,,COM VÍTIMA,BOA VIAGEM,AV BOA VIAGEM,,CIDADE,ATROPELAMENTO DE PESSOA,1,0,0,0,1,0,0,0,0,1,0,Longo da via,Bom,Perfeito estado,Seca,Perfeito estado,Não há placas,,Única,Faixa seccionada
2022-11-27 00:00:00,,COM VÍTIMA,TORRE,RUA CLOVIS BEVILAQUA,,,QUEDA,0,1,0,0,0,0,0,0,0,1,0,Cruzamento,Bom,Perfeito estado,Seca,Perfeito estado,Outras,,Dupla,Não existe
2022-11-27 00:00:00,,COM VÍTIMA,DERBY,RUA JENER DE SOUZA,,,COLISÃO LATERAL,1,1,0,0,0,0,0,0,0,1,0,,,,,,,,,
2022-11-27 00:00:00,,SEM VÍTIMA,AREIAS,RUA IPOJUCA,,,CHOQUE,0,0,0,0,0,0,0,0,0,0,0,,,,,,,,,
2022-11-27 00:00:00,,COM VÍTIMA,SANTO ANTÔNIO,AV GUARARAPES,15,,COLISÃO LATERAL,1,0,0,0,0,1,0,0,0,1,0,Cruzamento,Bom,Perfeito estado,Seca,Perfeito estado,Não há placas,,Dupla,
2022-11-27 00:00:00,,COM VÍTIMA,PARNAMIRIM,RUA VIRGINIA LORETO,,,COLISÃO LATERAL,1,1,0,0,0,0,0,0,0,1,0,Cruzamento,Bom,Perfeito estado,Seca,Perfeito estado,R-6a,,Única,Faixa seccionada
2022-11-28 00:00:00,,COM VÍTIMA,CAMPO GRANDE,RUA ODORICO MENDES,,,COLISÃO LATERAL,1,1,0,0,0,0,0,0,0,1,0,,,,,,,,,
2022-11-28 00:00:00,,COM VÍTIMA,ENCRUZILHADA,AV BEBERIBE,,,COLISÃO LATERAL,1,1,0,0,0,0,0,0,0,1,0,Cruzamento,Bom,Perfeito estado,Seca,Perfeito estado,Não há placas,,Dupla,Faixa contínua
2022-11-28 00:00:00,,COM VÍTIMA,MADALENA,RUA JOSE OSORIO,,SUBURBIO,COLISÃO FRONTAL,1,1,0,0,0,0,0,0,0,1,0,Cruzamento,Bom,Incompleta,Seca,Mal conservada,R-6a,40 km/h,Dupla,Faixa contínua
2022-11-28 00:00:00,,COM VÍTIMA,SAN MARTIN,AV GENERAL SAN MARTIN,,,COLISÃO LATERAL,1,1,0,0,0,0,0,0,0,1,0,Outros,Bom,Perfeito estado,Seca,Perfeito estado,R-5a,,Dupla,Não existe
2022-11-28 00:00:00,,COM VÍTIMA,VASCO DA GAMA,RUA VASCO DA GAMA,,SUBURBIO,COLISÃO FRONTAL,0,2,0,0,0,0,0,0,0,1,0,Longo da via,Bom,Perfeito estado,Seca,Perfeito estado,R-6a,30 km/h,Dupla,Faixa seccionada
2022-11-28 00:00:00,,COM VÍTIMA,CASA FORTE,AV DEZESSETE DE AGOSTO,,SUBURBIO,COLISÃO FRONTAL,2,0,0,0,0,0,0,0,0,2,0,Longo da via,Bom,Perfeito estado,Seca,Perfeito estado,Não há placas,,Dupla,Faixa contínua
2022-11-28 00:00:00,,SEM VÍTIMA,CASA AMARELA,AV NORTE MIGUEL ARRAES DE ALENCAR,,SUBURBIO,COLISÃO TRASEIRA,2,0,0,0,0,0,0,0,0,0,0,Longo da via,Bom,Perfeito estado,Seca,Perfeito estado,Não há placas,,Dupla,Faixa seccionada
2022-11-28 00:00:00,,COM VÍTIMA,APIPUCOS,RUA DE APIPUCOS,,,COLISÃO TRASEIRA,1,1,0,0,0,0,0,0,0,2,0,Longo da via,Bom,Perfeito estado,Seca,Perfeito estado,Não há placas,,Dupla,Faixa contínua
2022-11-29 00:00:00,,COM VÍTIMA,IPUTINGA,AV CAXANGA,,,COLISÃO TRASEIRA,1,1,0,0,0,0,0,0,0,1,0,,,,,,,,,
2022-11-29 00:00:00,,COM VÍTIMA,VÁRZEA,RUA ACADEMICO HELIO RAMOS,,,COLISÃO LATERAL,1,1,0,0,0,0,0,0,0,1,0,,,,,,,,,
2022-11-29 00:00:00,,COM VÍTIMA,ESPINHEIRO,RUA CONS PORTELA,,,COLISÃO TRASEIRA,1,1,0,0,0,0,0,0,0,1,0,,,,,,,,,
2022-11-29 00:00:00,,COM VÍTIMA,ESPINHEIRO,RUA CONS PORTELA,,,COLISÃO LATERAL,1,2,0,0,0,0,0,0,0,2,0,,,,,,,,,
2022-11-29 00:00:00,,COM VÍTIMA,SANTO AMARO,RUA DOS PALMARES,,,COLISÃO LATERAL,1,1,0,0,0,0,0,0,0,1,0,,,,,,,,,
2022-11-29 00:00:00,,COM VÍTIMA,PINA,AV ANTONIO DE GOES,,,COLISÃO TRASEIRA,1,1,0,0,0,0,0,0,0,1,0,,,,,,,,,
2022-11-29 00:00:00,,COM VÍTIMA,CORDEIRO,AV CAXANGA,,,ATROPELAMENTO DE PESSOA,0,1,0,0,1,0,0,0,0,1,0,,,,,,,,,
2022-11-29 00:00:00,,COM VÍTIMA,IPUTINGA,EST DO BARBALHO,,,COLISÃO FRONTAL,0,0,1,0,0,1,0,0,0,1,0,,,,,,,,,
2022-11-29 00:00:00,,COM VÍTIMA,IPSEP,AV RECIFE,,CIDADE,COLISÃO FRONTAL,0,2,0,0,0,0,0,0,0,2,0,,,,,,,,,
2022-11-29 00:00:00,,COM VÍTIMA,SÃO JOSÉ,AV SUL,,,COLISÃO LATERAL,0,2,0,0,0,0,0,0,0,1,0,,,,,,,,,
2022-11-29 00:00:00,,COM VÍTIMA,IPUTINGA,AV MARECHAL CORDEIRO DE FARIAS,,,COLISÃO LATERAL,1,1,0,0,0,0,0,0,0,1,0,,,,,,,,,
2022-11-30 00:00:00,,COM VÍTIMA,SANTO AMARO,AV JOAO DE BARROS,,,COLISÃO TRASEIRA,1,0,0,0,0,1,0,0,0,1,0,,,,,,,,,
2022-11-30 00:00:00,,SEM VÍTIMA,CASA AMARELA,AV NORTE MIGUEL ARRAES DE ALENCAR,312,CIDADE,CHOQUE,0,0,0,0,0,0,0,1,0,0,0,Longo da via,Nublado,Perfeito estado,Seca,Perfeito estado,Outras,,Dupla,Canteiro central
2022-11-30 00:00:00,,COM VÍTIMA,IMBIRIBEIRA,AV MARECHAL MASCARENHAS DE MORAES,,,COLISÃO TRASEIRA,1,1,0,0,0,0,0,0,0,1,0,,,,,,,,,
2022-11-30 00:00:00,,SEM VÍTIMA,MADALENA,AV CAXANGA,,CIDADE,COLISÃO TRASEIRA,1,0,0,0,0,0,0,1,0,0,0,Longo da via,Chuvoso,Perfeito estado,Molhada,Perfeito estado,Não há placas,60 km/h,Única,Faixa seccionada
2022-11-30 00:00:00,,SEM VÍTIMA,MADALENA,AV CAXANGA,,CIDADE,CHOQUE,1,0,0,0,0,0,0,1,0,0,0,Outros,Chuvoso,Não existente,Molhada,Perfeito estado,Não há placas,60 km/h,Única,Canteiro central
2022-11-30 00:00:00,,COM VÍTIMA,BRASÍLIA TEIMOSA,RUA ATUM,,,QUEDA,0,1,0,0,0,0,0,0,0,1,0,,,,,,,,,
2022-11-30 00:00:00,,COM VÍTIMA,IBURA,AV CHAPADA DO ARARIPE,,,COLISÃO FRONTAL,0,2,0,0,0,0,0,0,0,1,0,,,,,,,,,
2022-12-01 00:00:00,,COM VÍTIMA,AREIAS,AV RECIFE,,,COLISÃO LATERAL,0,1,0,0,0,0,1,0,0,1,0,Longo da via,Bom,Perfeito estado,Seca,Perfeito estado,Não há placas,,Dupla,Não existe
2022-12-01 00:00:00,,COM VÍTIMA,AFOGADOS,RUA SAO MIGUEL,392,,ATROPELAMENTO DE PESSOA,0,0,0,0,1,1,0,0,0,1,0,Longo da via,Bom,Incompleta,Seca,Perfeito estado,Não há placas,,Dupla,Não existe
2022-12-01 00:00:00,,COM VÍTIMA,APIPUCOS,RUA DOIS IRMAOS,,SUBURBIO,COLISÃO LATERAL,1,1,0,0,0,0,0,0,0,1,0,Longo da via,Bom,Perfeito estado,Seca,Perfeito estado,Não há placas,,Dupla,Faixa contínua
2022-12-01 00:00:00,,SEM VÍTIMA,SANTO AMARO,AV GOVERNADOR AGAMENON MAGALHAES,,CIDADE,CHOQUE,0,0,0,0,0,0,1,0,1,0,0,Cruzamento,Bom,Perfeito estado,Seca,Perfeito estado,"Placas ""Dê a preferência""",,Única,Canteiro central
2022-12-02 00:00:00,,COM VÍTIMA,BOA VIAGEM,AV ENGENHEIRO DOMINGOS FERREIRA,216,SUBURBIO,COLISÃO TRANSVERSAL,1,1,0,0,0,0,0,0,0,2,0,Cruzamento,Bom,Perfeito estado,Seca,Perfeito estado,Outras,40 km/h,Única,Canteiro central
2022-12-02 00:00:00,,COM VÍTIMA,BEBERIBE,PRC DA CONVENCAO,,,COLISÃO LATERAL,1,1,0,0,0,0,0,0,0,1,0,Cruzamento,Bom,Incompleta,Seca,Mal conservada,Outras,,Dupla,Canteiro central
2022-12-02 00:00:00,,COM VÍTIMA,SAN MARTIN,RUA VINTE E UM DE ABRIL,,SUBURBIO,COLISÃO LATERAL,1,1,0,0,0,0,0,0,0,2,0,Longo da via,Bom,,Seca,,"Placas ""Pare""",40 km/h,Dupla,Faixa seccionada
2022-12-02 00:00:00,,SEM VÍTIMA,BOA VIAGEM,AV CONSELHEIRO AGUIAR,147,CIDADE,,1,0,0,0,0,1,0,0,0,0,0,Cruzamento,Bom,Perfeito estado,Seca,Perfeito estado,Outras,60 km/h,Única,Não existe
2022-12-02 00:00:00,,COM VÍTIMA,TORRE,RUA JOSE BONIFACIO,,,COLISÃO LATERAL,1,1,0,0,0,0,0,0,0,1,0,Cruzamento,Bom,Incompleta,Seca,Perfeito estado,,,Única,Não existe
2022-12-02 00:00:00,,COM VÍTIMA,JOANA BEZERRA,VIADUTO CAPITAO TEMUDO,,CIDADE,COLISÃO TRASEIRA,1,1,0,0,0,0,0,0,0,1,0,Longo da via,Bom,,Seca,Perfeito estado,Não há placas,,Única,Não existe
2022-12-02 00:00:00,,COM VÍTIMA,CASA AMARELA,RUA DOIS DE FEVEREIRO,,CIDADE,COLISÃO COM CICLISTA,1,0,0,1,0,0,0,0,0,2,0,Longo da via,Bom,Incompleta,Seca,Mal conservada,Não há placas,,Dupla,Não existe
2022-12-02 00:00:00,,COM VÍTIMA,VÁRZEA,RUA PROFESSOR ANTONIO COELHO,,CIDADE,COLISÃO FRONTAL,0,1,0,0,0,1,0,0,0,1,0,Cruzamento,Bom,Perfeito estado,Seca,Perfeito estado,"Placas ""Pare""",30 km/h,Dupla,Não existe
2022-12-02 00:00:00,,COM VÍTIMA,IBURA,AV DOIS RIOS,,SUBURBIO,COLISÃO FRONTAL,1,1,0,0,0,0,0,0,0,1,0,Longo da via,Bom,Perfeito estado,Seca,Perfeito estado,Não há placas,,Dupla,Faixa contínua
2022-12-02 00:00:00,,COM VÍTIMA,SAN MARTIN,AV GENERAL SAN MARTIN,,SUBURBIO,COLISÃO FRONTAL,1,1,0,0,0,0,0,0,0,2,0,Longo da via,Bom,Ilegível,Seca,Perfeito estado,Não há placas,60 km/h,Dupla,Não existe
2022-12-02 00:00:00,,COM VÍTIMA,ÁGUA FRIA,RUA CORONEL URBANO RIBEIRO DE SENA,307,SUBURBIO,COLISÃO FRONTAL,1,1,0,0,0,0,0,0,0,1,0,Cruzamento,Bom,Perfeito estado,Seca,Perfeito estado,Não há placas,60 km/h,Dupla,Não existe
2022-12-03 00:00:00,,COM VÍTIMA,CASA FORTE,AV DEZESSETE DE AGOSTO,614,SUBURBIO,CHOQUE,0,0,0,0,0,0,0,1,0,1,0,Esquina,Bom,Perfeito estado,Seca,Perfeito estado,R-6a,,Dupla,Faixa contínua
2022-12-03 00:00:00,,COM VÍTIMA,GUABIRABA,AV DA RECUPERACAO,,,COLISÃO LATERAL,1,1,0,0,0,0,0,0,0,1,0,Longo da via,Bom,Ilegível,Seca,Perfeito estado,Não há placas,,Única,Faixa seccionada
2022-12-03 00:00:00,,COM VÍTIMA,MADALENA,AV VISCONDE DE ALBUQUERQUE,413,CIDADE,COLISÃO TRANSVERSAL,1,1,0,0,0,0,0,0,0,1,0,Longo da via,Bom,Perfeito estado,Seca,Perfeito estado,Outras,,Única,Faixa seccionada
2022-12-03 00:00:00,,COM VÍTIMA,AFOGADOS,RUA SANTOS ARAUJO,,,COLISÃO TRANSVERSAL,1,1,0,0,0,0,0,0,0,1,0,,,,,,,,,
2022-12-03 00:00:00,,SEM VÍTIMA,COHAB,RUA RIO SANHAUA,,SUBURBIO,,1,0,0,0,0,0,0,1,0,0,0,Outros,Chuvoso,Não existente,Molhada,Perfeito estado,Não há placas,,Dupla,Não existe
2022-12-03 00:00:00,,SEM VÍTIMA,BOA VIAGEM,RUA VISCONDE DE JEQUITINHONHA,,,COLISÃO LATERAL,2,0,0,0,0,0,0,0,0,0,0,,,,,,,,,
2022-12-03 00:00:00,,SEM VÍTIMA,BOA VISTA,RUA DO HOSPICIO,32,,ATROPELAMENTO DE PESSOA,1,0,0,0,1,0,0,0,0,0,0,Cruzamento,Bom,Perfeito estado,Seca,Perfeito estado,R-6a,,Dupla,Faixa seccionada
2022-12-03 00:00:00,,COM VÍTIMA,CAXANGÁ,AV CAXANGA,,SUBURBIO,COLISÃO LATERAL,1,1,0,0,0,0,0,0,0,2,0,Longo da via,Bom,Perfeito estado,Seca,Perfeito estado,Não há placas,60 km/h,Única,Faixa seccionada
2022-12-03 00:00:00,,COM VÍTIMA,MUSTARDINHA,AV MANOEL GONCALVES DA LUZ,,,COLISÃO COM CICLISTA,0,0,0,1,0,1,0,0,0,1,0,Cruzamento,Bom,Incompleta,Seca,Perfeito estado,"Placas ""Pare""",30 km/h,Dupla,Faixa seccionada
2022-12-03 00:00:00,,COM VÍTIMA,CASA FORTE,RUA JAYME LOYO,,,COLISÃO LATERAL,2,0,0,1,0,0,0,0,0,1,0,,,,,,,,,
2022-12-04 00:00:00,,COM VÍTIMA,BOA VIAGEM,AV CONSELHEIRO AGUIAR,,,COLISÃO LATERAL,1,1,0,0,0,0,0,0,0,1,0,Cruzamento,Chuvoso,Perfeito estado,Molhada,Perfeito estado,,,Única,Faixa seccionada
2022-12-04 00:00:00,,COM VÍTIMA,TOTÓ,AV LIBERDADE,,,COLISÃO LATERAL,1,1,0,0,0,0,0,0,0,1,0,Longo da via,Bom,Não existente,Seca,Perfeito estado,"Placas ""Dê a preferência""",40 km/h,Dupla,Não existe
2022-12-04 00:00:00,,COM VÍTIMA,MADALENA,EST DOS REMEDIOS,,,COLISÃO LATERAL,0,0,0,0,0,0,0,0,0,1,0,Cruzamento,Bom,Perfeito estado,Seca,Perfeito estado,R-24a,,Única,Faixa seccionada
2022-12-04 00:00:00,,COM VÍTIMA,VÁRZEA,RUA ESCRITOR JOAQUIM NOBERTO,,,ATROPELAMENTO DE PESSOA,1,0,0,0,1,0,0,0,0,1,0,Cruzamento,Bom,Não existente,Seca,Mal conservada,Não há placas,30 km/h,Única,Não existe
2022-12-04 00:00:00,,VÍTIMA FATAL,IMBIRIBEIRA,AV MARECHAL MASCARENHAS DE MORAES,,CIDADE,COLISÃO TRASEIRA,0,2,0,0,0,0,0,0,0,1,1,Longo da via,Bom,Perfeito estado,Seca,Perfeito estado,Outras,,Dupla,Faixa seccionada
2022-12-04 00:00:00,,SEM VÍTIMA,BOA VIAGEM,RUA VISCONDE DE JEQUITINHONHA,154,SUBURBIO,COLISÃO TRANSVERSAL,2,0,0,0,0,0,0,0,0,0,0,Cruzamento,Bom,Perfeito estado,Seca,Perfeito estado,Outras,,Única,Canal
2022-12-04 00:00:00,,SEM VÍTIMA,BOA VIAGEM,RUA PADRE CARAPUCEIRO,321,SUBURBIO,COLISÃO TRANSVERSAL,2,0,0,0,0,0,0,0,0,0,0,Cruzamento,Chuvoso,Perfeito estado,Molhada,Perfeito estado,Outras,,Dupla,Canal
2022-12-05 00:00:00,,COM VÍTIMA,JARDIM SÃO PAULO,AV RECIFE,,,COLISÃO TRASEIRA,1,1,0,0,0,0,0,0,0,2,0,Longo da via,Chuvoso,Perfeito estado,Molhada,Perfeito estado,Não há placas,,Única,Faixa seccionada
2022-12-05 00:00:00,,SEM VÍTIMA,TORRE,RUA JOSE BONIFACIO,,CIDADE,COLISÃO TRASEIRA,1,1,0,0,0,0,0,0,0,0,0,Ponte,Chuvoso,Perfeito estado,Molhada,Perfeito estado,,,Dupla,Canteiro central
2022-12-05 00:00:00,,COM VÍTIMA,SAN MARTIN,RUA APULCRO DE ASSUNCAO,,CIDADE,COLISÃO LATERAL,1,1,0,0,0,0,0,0,0,1,0,Esquina,Bom,Incompleta,Seca,Perfeito estado,Não há placas,,Dupla,Não existe
2022-12-05 00:00:00,,COM VÍTIMA,JARDIM SÃO PAULO,AV RECIFE,705,,COLISÃO TRASEIRA,1,1,0,0,0,0,0,0,0,2,0,Esquina,Chuvoso,Perfeito estado,Molhada,Perfeito estado,Outras,,Dupla,Canteiro central
2022-12-05 00:00:00,,COM VÍTIMA,SANTO AMARO,AV GOVERNADOR AGAMENON MAGALHAES,,,COLISÃO TRASEIRA,1,1,0,0,0,0,0,0,0,1,0,,,,,,,,,
2022-12-05 00:00:00,,SEM VÍTIMA,BARRO,AV DR JOSE RUFINO,,,COLISÃO LATERAL,1,0,0,0,0,0,1,0,0,0,0,,,,,,,,,
2022-12-05 00:00:00,,SEM VÍTIMA,CABANGA,AV SUL,,CIDADE,COLISÃO TRASEIRA,2,0,0,0,0,0,0,0,0,0,0,Longo da via,Chuvoso,Perfeito estado,Molhada,Perfeito estado,Outras,,Dupla,Canteiro central
2022-12-05 00:00:00,,COM VÍTIMA,CAXANGÁ,AV CAXANGA,80,CIDADE,COLISÃO LATERAL,1,1,0,0,0,0,0,0,0,1,0,Cruzamento,Chuvoso,Perfeito estado,Molhada,Perfeito estado,Não há placas,,Única,Faixa seccionada
2022-12-05 00:00:00,,SEM VÍTIMA,IPUTINGA,AV CAXANGA,229,SUBURBIO,COLISÃO LATERAL,1,0,0,0,0,0,0,1,0,0,0,,,,,,,,,
2022-12-06 00:00:00,,COM VÍTIMA,ÁGUA FRIA,AV BEBERIBE,405,,COLISÃO LATERAL,1,1,0,0,0,0,0,0,0,1,0,Longo da via,Bom,Perfeito estado,Seca,Perfeito estado,R-6a,,Única,Não existe
2022-12-06 00:00:00,,COM VÍTIMA,ESTÂNCIA,AV DR JOSE RUFINO,,,COLISÃO LATERAL,1,1,0,0,0,0,0,0,0,1,0,Cruzamento,Bom,Incompleta,Seca,Perfeito estado,R-6a,60 km/h,Dupla,Não existe
2022-12-06 00:00:00,,COM VÍTIMA,JOANA BEZERRA,VIADUTO CAPITAO TEMUDO,,,COLISÃO TRASEIRA,2,0,0,0,0,0,0,0,0,1,0,,,,,,,,,
2022-12-06 00:00:00,,COM VÍTIMA,IMBIRIBEIRA,RUA ARQUITETO LUIZ NUNES,,,COLISÃO TRASEIRA,1,1,0,0,0,0,0,0,0,1,0,Longo da via,Bom,Perfeito estado,Seca,Perfeito estado,Não há placas,40 km/h,Dupla,Faixa contínua