data,hora,natureza,bairro,endereco,num_semaforo,sentido_via,tipo,auto,moto,ciclom,ciclista,pedestre,onibus,caminhao,viatura,outros,vitimas,vitimasfatais,acidente_verificado,tempo_clima,sinalizacao,condicao_via,conservacao_via,situacao_placa,velocidade_max_via,mao_direcao,divisao_via1
2022-12-02 00:00:00,,COM VÍTIMA,BOA VIAGEM,AVENIDA CELSO FURTADO (VIA MANGUE),,CIDADE,ATROPELAMENTO DE PESSOA,1,0,0,0,2,0,0,0,0,2,0,Viaduto,Bom,Perfeito estado,Seca,Perfeito estado,Não há placas,,Única,Não existe
2022-12-03 00:00:00,,COM VÍTIMA,AFOGADOS,RUA SANTOS ARAUJO,,CIDADE,COLISÃO LATERAL,0,1,0,0,0,0,0,0,0,1,0,Longo da via,Bom,Perfeito estado,Seca,Perfeito estado,Outras,,Única,Faixa seccionada
2022-12-19 00:00:00,,COM VÍTIMA,CORDEIRO,RUA GOMES TABORDA,,CIDADE,COLISÃO LATERAL,0,1,0,0,0,0,0,0,1,1,0,Esquina,Bom,Não existente,Seca,Mal conservada,Não há placas,,Dupla,Não existe
2022-12-19 00:00:00,,COM VÍTIMA,PRADO,RUA CARLOS GOMES,,,COLISÃO LATERAL,1,1,0,0,0,0,0,0,0,1,0,,,,,,,,,
2022-12-19 00:00:00,,COM VÍTIMA,ILHA DO LEITE,AV LINS PETIT,,SUBURBIO,COLISÃO LATERAL,1,1,0,0,0,0,0,0,0,1,0,Longo da via,Bom,Não existente,Seca,Perfeito estado,Outras,40 km/h,Única,Não existe
2022-12-19 00:00:00,,SEM VÍTIMA,IPUTINGA,AV MAURICIO DE NASSAU,,CIDADE,,1,0,0,0,0,0,1,0,0,0,0,Outros,Bom,Perfeito estado,Seca,Perfeito estado,Outras,,Dupla,
2022-12-19 00:00:00,,SEM VÍTIMA,TORRE,RUA REAL DA TORRE,106,SUBURBIO,COLISÃO FRONTAL,1,1,0,0,0,0,0,1,0,0,0,Longo da via,Bom,Perfeito estado,Seca,Perfeito estado,,,Única,
2022-12-19 00:00:00,,COM VÍTIMA,ILHA JOANA BEZERRA,AV BEIRA RIO,,SUBURBIO,COLISÃO LATERAL,1,1,0,0,0,0,0,0,0,1,0,Longo da via,Bom,Perfeito estado,Seca,Perfeito estado,R-6a,,Dupla,Faixa contínua
2022-12-19 00:00:00,,SEM VÍTIMA,BOA VIAGEM,RUA DR GASPAR REGUEIRA COSTA,,,COLISÃO LATERAL,2,0,0,0,0,0,0,0,0,0,0,,,,,,,,,
2022-12-19 00:00:00,,COM VÍTIMA,SAN MARTIN,AV CONSUL VILARES FRAGOSO,,CIDADE,COLISÃO LATERAL,1,1,0,0,0,0,0,0,0,2,0,Esquina,Bom,Perfeito estado,Seca,Perfeito estado,Não há placas,,Dupla,Não existe
2022-12-19 00:00:00,,COM VÍTIMA,CAMPO GRANDE,RUA ODORICO MENDES,,,COLISÃO LATERAL,1,1,0,0,0,0,0,0,0,2,0,Cruzamento,Bom,Perfeito estado,Seca,Perfeito estado,R-1,,Dupla,Não existe
2022-12-20 00:00:00,,SEM VÍTIMA,BOA VIAGEM,AV ENGENHEIRO DOMINGOS FERREIRA,,,CHOQUE,1,0,0,0,0,0,0,0,0,0,0,,,,,,,,,
2022-12-20 00:00:00,,COM VÍTIMA,JARDIM SÃO PAULO,RUA OSORIO BORBA,,CIDADE,ATROPELAMENTO DE PESSOA,1,0,0,0,1,0,0,0,0,1,0,Cruzamento,Bom,Incompleta,Seca,Perfeito estado,R-6c,30 km/h,Única,Não existe
2022-12-20 00:00:00,,COM VÍTIMA,SAN MARTIN,AV ENGENHEIRO ABDIAS DE CARVALHO,668,CIDADE,COLISÃO LATERAL,1,1,0,0,0,0,0,0,0,2,0,Longo da via,Bom,Perfeito estado,Seca,Perfeito estado,Não há placas,60 km/h,Dupla,Faixa contínua
2022-12-20 00:00:00,,COM VÍTIMA,CAXANGÁ,AV CAXANGA,45,SUBURBIO,COLISÃO LATERAL,0,1,0,0,0,0,1,0,0,1,0,Longo da via,Bom,Ilegível,Seca,Perfeito estado,Não há placas,,Dupla,Canteiro central
2022-12-20 00:00:00,,COM VÍTIMA,CASA AMARELA,RUA CONS PERETTI,,SUBURBIO,COLISÃO LATERAL,1,0,0,0,0,0,1,0,0,1,0,Cruzamento,Bom,Perfeito estado,Seca,Perfeito estado,"Placas ""Pare""",,Única,Faixa contínua
2022-12-20 00:00:00,,SEM VÍTIMA,COELHOS,RUA DOS COELHOS,,SUBURBIO,,2,0,0,0,0,0,0,0,0,0,0,Longo da via,Bom,Perfeito estado,Seca,Perfeito estado,Não há placas,,Única,Não existe
2022-12-20 00:00:00,,COM VÍTIMA,AREIAS,AV DR JOSE RUFINO,156,CIDADE,COLISÃO LATERAL,1,1,0,0,0,0,0,0,0,1,0,Longo da via,Bom,Perfeito estado,Seca,Perfeito estado,Não há placas,40 km/h,Dupla,Faixa contínua
2022-12-20 00:00:00,,COM VÍTIMA,BOA VIAGEM,RUA BRUNO VELOSO,,SUBURBIO,ATROPELAMENTO DE PESSOA,1,0,0,0,1,0,0,0,0,1,0,Longo da via,Bom,Perfeito estado,Seca,Perfeito estado,R-6a,,Única,Não existe
2022-12-16 00:00:00,,COM VÍTIMA,SANTO AMARO,AV CRUZ CABUGA,523,SUBURBIO,ATROPELAMENTO DE PESSOA,1,0,0,0,1,0,0,0,0,1,0,Longo da via,Bom,Perfeito estado,Seca,Perfeito estado,Não há placas,40 km/h,Dupla,
2022-12-20 00:00:00,,SEM VÍTIMA,CASA AMARELA,RUA BELA VISTA,,SUBURBIO,COLISÃO TRANSVERSAL,1,0,0,0,0,1,0,0,0,0,0,Cruzamento,Bom,Incompleta,Seca,Perfeito estado,Não há placas,,Dupla,Faixa seccionada
2022-12-20 00:00:00,,COM VÍTIMA,SÃO JOSÉ,RUA SANTA RITA,76,CIDADE,QUEDA,0,1,0,0,0,0,0,0,0,1,0,Longo da via,Bom,Perfeito estado,Seca,Perfeito estado,,,Dupla,Faixa seccionada
2022-12-20 00:00:00,,COM VÍTIMA,ESTÂNCIA,AV ESTANCIA,,,COLISÃO LATERAL,1,1,0,0,0,0,0,0,0,1,0,,,,,,,,,
2022-12-20 00:00:00,,COM VÍTIMA,SANCHO,RUA DO SANCHO,,,COLISÃO TRASEIRA,2,0,0,0,0,0,0,0,0,1,0,Longo da via,Bom,Não existente,Seca,Perfeito estado,Não há placas,,Dupla,Não existe
2022-12-20 00:00:00,,SEM VÍTIMA,PORTO DA MADEIRA,RUA NOVA ESPERANCA,,,COLISÃO FRONTAL,0,0,0,0,0,0,0,0,0,0,0,,,,,,,,,
2022-12-20 00:00:00,,COM VÍTIMA,VASCO DA GAMA,RUA VASCO DA GAMA,,,ATROPELAMENTO DE PESSOA,0,0,0,0,1,1,0,0,0,1,0,Longo da via,Bom,Não existente,Seca,Perfeito estado,Não há placas,,Dupla,Não existe
2022-12-21 00:00:00,,COM VÍTIMA,PRADO,AV ENGENHEIRO ABDIAS DE CARVALHO,132,SUBURBIO,COLISÃO FRONTAL,0,1,0,0,0,0,1,0,0,1,0,Cruzamento,Bom,Perfeito estado,Seca,Perfeito estado,Não há placas,,Dupla,Faixa contínua
2022-12-21 00:00:00,,COM VÍTIMA,CAMPO GRANDE,EST DE BELEM,,,COLISÃO TRANSVERSAL,1,1,0,0,0,0,0,0,0,1,0,,,,,,,,,
2022-12-21 00:00:00,,COM VÍTIMA,IPUTINGA,RUA RIBEIRO PESSOA,281,CIDADE,COLISÃO FRONTAL,2,1,0,0,0,0,0,0,0,1,0,Cruzamento,Bom,Perfeito estado,Seca,Perfeito estado,Outras,60 km/h,Única,Não existe
2022-12-21 00:00:00,,COM VÍTIMA,CORDEIRO,RUA SOUZA BANDEIRA,,CIDADE,COLISÃO COM CICLISTA,1,0,0,1,0,0,0,0,0,1,0,Longo da via,Bom,Perfeito estado,Seca,Perfeito estado,Outras,,Única,Faixa seccionada
2022-12-21 00:00:00,,COM VÍTIMA,SAN MARTIN,AV JOAO CABRAL DE MELO NETO,,CIDADE,ATROPELAMENTO DE PESSOA,1,0,0,0,1,0,0,0,0,1,0,Ponte,Bom,Não existente,Seca,Perfeito estado,Não há placas,,Dupla,Canteiro central
2022-12-21 00:00:00,,COM VÍTIMA,TORRE,RUA JOSE BONIFACIO,,,COLISÃO FRONTAL,1,1,0,0,0,0,0,0,0,1,0,Outros,Bom,Perfeito estado,Seca,Perfeito estado,Não há placas,,Única,Faixa seccionada
2022-12-21 00:00:00,,COM VÍTIMA,ESPINHEIRO,RUA MARQUES DO PARANA,,CIDADE,COLISÃO LATERAL,1,1,0,0,0,0,0,0,0,1,0,Cruzamento,Bom,Perfeito estado,Seca,Perfeito estado,"Placas ""Pare""",30 km/h,Única,Não existe
2022-12-21 00:00:00,,COM VÍTIMA,BARRO,AV DR JOSE RUFINO,557,CIDADE,COLISÃO LATERAL,1,1,0,0,0,0,0,0,0,2,0,Esquina,Bom,Incompleta,Seca,Mal conservada,Não há placas,,Dupla,Não existe
2022-12-22 00:00:00,,COM VÍTIMA,CASA AMARELA,AV NORTE MIGUEL ARRAES DE ALENCAR,256,CIDADE,COLISÃO COM CICLISTA,0,0,0,1,0,1,0,0,0,1,0,Longo da via,Nublado,Perfeito estado,Seca,,Outras,,Única,Canteiro central
2022-12-22 00:00:00,,COM VÍTIMA,IPSEP,RUA MANOEL BEKMANN,,,COLISÃO FRONTAL,1,1,0,0,0,0,0,0,0,1,0,Longo da via,Bom,Não existente,Seca,,Não há placas,,Dupla,Não existe
2022-12-22 00:00:00,,COM VÍTIMA,ILHA DO LEITE,RUA FRANCISCO ALVES,,CIDADE,COLISÃO LATERAL,1,1,0,0,0,0,0,0,0,1,0,Longo da via,Bom,Perfeito estado,Seca,Perfeito estado,Não há placas,40 km/h,Dupla,Faixa contínua
2022-12-22 00:00:00,,COM VÍTIMA,DERBY,PRC DO DERBY,,,COLISÃO LATERAL,0,1,0,0,0,1,0,0,0,1,0,Cruzamento,Bom,Perfeito estado,Seca,Perfeito estado,Outras,60 km/h,Única,Faixa seccionada
2022-12-22 00:00:00,,COM VÍTIMA,BAIRRO DO RECIFE,RUA DA AURORA,,,COLISÃO FRONTAL,1,1,0,0,0,0,0,0,0,1,0,Cruzamento,Bom,Perfeito estado,Seca,Perfeito estado,Não há placas,,Única,Não existe
2022-12-22 00:00:00,,COM VÍTIMA,CAMPO GRANDE,EST DE BELEM,504,,COLISÃO FRONTAL,1,1,0,0,0,0,0,0,0,1,0,Cruzamento,Bom,Perfeito estado,Seca,Perfeito estado,R-6a,,Dupla,Faixa contínua
2022-12-22 00:00:00,,COM VÍTIMA,AREIAS,RUA IPOJUCA,,,COLISÃO FRONTAL,1,1,0,0,0,0,0,0,0,1,0,Cruzamento,Bom,Incompleta,Seca,Mal conservada,"Placas ""Pare""",30 km/h,Dupla,Não existe
2022-12-22 00:00:00,,COM VÍTIMA,BOA VIAGEM,RUA ANTONIO FALCAO,,,COLISÃO LATERAL,1,1,0,0,0,0,0,0,0,1,0,Cruzamento,Bom,Perfeito estado,Seca,Perfeito estado,R-6a,,Única,Faixa seccionada
2022-12-22 00:00:00,,COM VÍTIMA,SANTO AMARO,RUA DO PRINCIPE,,,COLISÃO FRONTAL,1,1,0,0,0,0,0,0,0,1,0,Longo da via,Bom,Perfeito estado,Seca,Perfeito estado,Não há placas,,Única,Faixa seccionada
2022-12-23 00:00:00,,COM VÍTIMA,CASA AMARELA,RUA MAJOR NEREU GUERRA,,,COLISÃO FRONTAL,1,1,0,0,0,0,0,0,0,1,0,Cruzamento,Bom,Não existente,Seca,Perfeito estado,Não há placas,,Dupla,Não existe
2022-12-23 00:00:00,,COM VÍTIMA,AREIAS,RUA CAMBUCA,,,ATROPELAMENTO DE PESSOA,0,0,0,0,1,1,0,0,0,1,0,,,,,,,,,
2022-12-23 00:00:00,,COM VÍTIMA,AFOGADOS,RUA COSME VIANA,,,COLISÃO LATERAL,1,1,0,0,0,0,0,0,0,1,0,Longo da via,Bom,Perfeito estado,Seca,Perfeito estado,Outras,,Única,Não existe
2022-12-23 00:00:00,,COM VÍTIMA,IPSEP,AV RECIFE,,,COLISÃO LATERAL,1,1,0,0,0,0,0,0,0,1,0,Cruzamento,Bom,Perfeito estado,Seca,Perfeito estado,Não há placas,60 km/h,Dupla,Canteiro central
2022-12-23 00:00:00,,COM VÍTIMA,BONGI,EST DO BONGI,,,QUEDA,0,1,0,0,0,0,0,0,0,1,0,Esquina,Bom,Perfeito estado,Seca,Perfeito estado,Outras,,Dupla,Faixa contínua
2022-12-23 00:00:00,,COM VÍTIMA,SÃO JOSÉ,RUA IMPERIAL,,SUBURBIO,COLISÃO TRANSVERSAL,1,1,0,0,0,0,0,0,0,1,0,Cruzamento,Bom,Não existente,Seca,Perfeito estado,Não há placas,,Única,Faixa seccionada
2022-12-24 00:00:00,,COM VÍTIMA,VÁRZEA,AV AFONSO OLINDENSE,,,COLISÃO LATERAL,1,1,0,0,0,0,0,0,0,1,0,Longo da via,Bom,Perfeito estado,Seca,Perfeito estado,Não há placas,,Dupla,Faixa contínua
2022-12-24 00:00:00,,SEM VÍTIMA,SANTO AMARO,AV GOVERNADOR AGAMENON MAGALHAES,,,COLISÃO TRASEIRA,2,0,0,0,0,0,0,0,0,0,0,,,,,,,,,
2022-12-24 00:00:00,,SEM VÍTIMA,BOA VIAGEM,AV FERNANDO SIMOES BARBOSA,,SUBURBIO,CHOQUE,1,0,0,0,0,0,0,0,0,0,0,,Chuvoso,Perfeito estado,Molhada,Perfeito estado,Não há placas,,Única,Faixa seccionada
2022-12-24 00:00:00,,COM VÍTIMA,BOA VIAGEM,AV ENGENHEIRO DOMINGOS FERREIRA,,,COLISÃO LATERAL,2,0,0,0,0,0,0,0,0,1,0,Cruzamento,Bom,Perfeito estado,Seca,Perfeito estado,R-6a,,Única,Faixa seccionada
2022-12-24 00:00:00,,COM VÍTIMA,BEBERIBE,AV BEBERIBE,,,COLISÃO LATERAL,1,1,0,0,0,0,0,0,0,1,0,Esquina,Bom,Perfeito estado,Seca,Perfeito estado,Outras,,Dupla,Faixa contínua
2022-12-24 00:00:00,,COM VÍTIMA,ILHA JOANA BEZERRA,VDO PAPA JOAO PAULO II,,,COLISÃO TRASEIRA,1,1,0,0,0,0,0,0,0,1,0,Longo da via,Bom,Ilegível,Seca,Mal conservada,Não há placas,60 km/h,Dupla,Faixa contínua
2022-12-24 00:00:00,,COM VÍTIMA,SANTO AMARO,AV JOAO DE BARROS,,,COLISÃO LATERAL,1,1,0,0,0,0,0,0,0,2,0,Cruzamento,Nublado,Perfeito estado,Seca,Perfeito estado,Outras,,Única,Faixa seccionada
2022-12-24 00:00:00,,COM VÍTIMA,BOA VIAGEM,RUA RIBEIRO DE BRITO,,,COLISÃO FRONTAL,1,1,0,0,0,0,0,0,0,1,0,Cruzamento,Bom,Perfeito estado,Seca,Perfeito estado,"Placas ""Pare""",60 km/h,Dupla,Faixa contínua
2022-12-24 00:00:00,,COM VÍTIMA,MACAXEIRA,AV NORTE MIGUEL ARRAES DE ALENCAR,,,COLISÃO LATERAL,0,2,0,0,0,0,0,0,0,2,0,Esquina,Bom,Perfeito estado,Seca,Perfeito estado,R-6a,60 km/h,Dupla,Faixa seccionada
2022-12-24 00:00:00,,COM VÍTIMA,BOA VIAGEM,AV CONSELHEIRO AGUIAR,,,QUEDA,0,1,0,0,0,0,0,0,0,1,0,Longo da via,Bom,Perfeito estado,Seca,Perfeito estado,R-6a,60 km/h,Única,Faixa seccionada
2022-12-25 00:00:00,,SEM VÍTIMA,IBURA,RUA RIO XINGU,,SUBURBIO,COLISÃO FRONTAL,0,1,0,0,0,0,0,1,0,0,0,Longo da via,Bom,Não existente,Seca,Mal conservada,Não há placas,,Dupla,Não existe
2022-12-25 00:00:00,,COM VÍTIMA,AREIAS,AV RECIFE,,CAXANGA,COLISÃO TRASEIRA,1,1,0,0,0,0,0,0,0,1,0,Longo da via,Bom,Perfeito estado,Seca,Perfeito estado,Não há placas,60 km/h,Dupla,Faixa contínua
2022-12-25 00:00:00,,COM VÍTIMA,IBURA,RUA VALE DO ITAJAI,,,COLISÃO TRANSVERSAL,1,1,0,0,0,0,0,0,0,2,0,Longo da via,Bom,Incompleta,Seca,Perfeito estado,Não há placas,,Inglesa,Não existe
2022-12-25 00:00:00,,SEM VÍTIMA,,RUA LOURDES MARIA WANDERLEY PONTES,,,,0,1,0,0,0,0,0,1,0,0,0,Longo da via,Bom,Não existente,Seca,Mal conservada,Não há placas,,Dupla,Não existe
2022-12-26 00:00:00,,SEM VÍTIMA,IMBIRIBEIRA,AV MARECHAL MASCARENHAS DE MORAES,,SUBURBIO,CHOQUE,1,0,0,0,0,0,0,0,0,0,0,Longo da via,Bom,Perfeito estado,Seca,Perfeito estado,Outras,60 km/h,Única,Faixa seccionada
2022-12-26 00:00:00,,COM VÍTIMA,SÃO JOSÉ,AV SUL,,,COLISÃO LATERAL,1,1,0,0,0,0,0,0,0,1,0,Longo da via,Bom,Perfeito estado,Seca,Perfeito estado,Não há placas,,Única,Faixa contínua
2022-12-26 00:00:00,,COM VÍTIMA,CASA AMARELA,AV NORTE MIGUEL ARRAES DE ALENCAR,677,CIDADE,COLISÃO LATERAL,1,1,0,0,0,0,0,0,0,1,0,Cruzamento,Bom,Perfeito estado,Seca,Mal conservada,Outras,,Dupla,Canteiro central
2022-12-26 00:00:00,,COM VÍTIMA,TAMARINEIRA,AV CONS ROSA E SILVA,,,COLISÃO TRASEIRA,1,0,0,0,0,1,0,0,0,2,0,Cruzamento,Bom,Perfeito estado,Seca,Perfeito estado,R-4a,,Única,Canteiro central
2022-12-26 00:00:00,,COM VÍTIMA,BEBERIBE,AV BEBERIBE,,SUBURBIO,COLISÃO FRONTAL,1,1,0,0,0,0,0,0,0,1,0,Longo da via,Bom,Perfeito estado,Seca,Perfeito estado,Não há placas,60 km/h,Dupla,Faixa contínua
2022-12-26 00:00:00,,COM VÍTIMA,TOTÓ,AV LIBERDADE,,,ATROPELAMENTO DE PESSOA,0,0,0,0,1,1,0,0,0,1,0,Longo da via,Bom,Perfeito estado,Seca,Perfeito estado,R-6a,,Dupla,Não existe
2022-12-27 00:00:00,,COM VÍTIMA,BOA VIAGEM,AV HERCULANO BANDEIRA,,,COLISÃO TRASEIRA,0,2,0,0,0,0,0,0,0,1,0,,,,,,,,,
2022-12-27 00:00:00,,COM VÍTIMA,IMBIRIBEIRA,RUA ARQUITETO LUIZ NUNES,,,COLISÃO FRONTAL,1,1,0,0,0,0,0,0,0,1,0,,,,,,,,,
2022-12-27 00:00:00,,SEM VÍTIMA,BOA VIAGEM,AV ENGENHEIRO DOMINGOS FERREIRA,484,SUBURBIO,COLISÃO TRASEIRA,1,0,0,0,0,0,0,1,0,0,0,,Bom,Perfeito estado,Seca,Perfeito estado,Não há placas,,Única,Canteiro central
2022-12-27 00:00:00,,COM VÍTIMA,MADALENA,AV VISCONDE DE ALBUQUERQUE,,,COLISÃO LATERAL,1,1,0,0,0,0,0,0,0,1,0,Cruzamento,Bom,Perfeito estado,Seca,Perfeito estado,"Placas ""Pare""",,Única,Não existe
2022-12-27 00:00:00,,COM VÍTIMA,TORRE,RUA JOSE BONIFACIO,,,COLISÃO LATERAL,1,0,0,0,0,0,0,1,0,1,0,Longo da via,Bom,Perfeito estado,Seca,Perfeito estado,Outras,,Única,Canteiro central
2022-12-27 00:00:00,,SEM VÍTIMA,LINHA DO TIRO,RUA URIEL DE HOLANDA,,,,1,0,0,0,0,0,1,0,0,0,0,Longo da via,Bom,Perfeito estado,Seca,Perfeito estado,Não há placas,,Dupla,
2022-12-27 00:00:00,,COM VÍTIMA,CASA AMARELA,RUA PAULA BATISTA,,,COLISÃO LATERAL,2,0,0,0,0,0,0,0,0,1,0,Cruzamento,Bom,Não existente,Seca,Perfeito estado,Não há placas,,Dupla,Não existe
2022-12-27 00:00:00,,COM VÍTIMA,CAMPO GRANDE,RUA ODORICO MENDES,,,COLISÃO FRONTAL,1,1,0,0,0,0,0,0,0,1,0,,,,,,,,,
2022-12-27 00:00:00,,COM VÍTIMA,CASA FORTE,AV FLOR DE SANTANA,,,COLISÃO LATERAL,1,1,0,0,0,0,0,0,0,1,0,Longo da via,Bom,Incompleta,Seca,Perfeito estado,Não há placas,,Dupla,Não existe
2022-12-27 00:00:00,,SEM VÍTIMA,ALTO JOSÉ BONIFÁCIO,RUA CORREGO DO EUCLIDES,,CIDADE,CHOQUE,2,0,0,0,0,0,0,0,0,0,0,Longo da via,Chuvoso,Não existente,Molhada,Mal conservada,Não há placas,,Dupla,Não existe
2022-12-27 00:00:00,,SEM VÍTIMA,JORDÃO,RUA DR ALVARO FERRAZ,,,COLISÃO FRONTAL,1,1,0,0,0,0,0,0,0,0,0,,,,,,,,,
2022-12-27 00:00:00,,COM VÍTIMA,IMBIRIBEIRA,VIADUTO TANCREDO NEVES,,,COLISÃO TRASEIRA,1,1,0,0,0,0,0,0,0,1,0,Longo da via,Bom,Perfeito estado,Seca,Perfeito estado,Não há placas,,Única,Faixa seccionada
2022-12-28 00:00:00,,SEM VÍTIMA,,RUA SANTA RITA,,CIDADE,COLISÃO TRASEIRA,2,0,0,0,0,0,0,0,0,0,0,Longo da via,Bom,Perfeito estado,Seca,Perfeito estado,Não há placas,,Única,Não existe
2022-12-28 00:00:00,,COM VÍTIMA,BOMBA DO HEMETÉRIO,RUA CHA DE ALEGRIA,,,COLISÃO COM CICLISTA,0,0,0,1,0,1,0,0,0,1,0,Esquina,Bom,Perfeito estado,Seca,Perfeito estado,"Placas ""Pare""",,Dupla,Não existe
2022-12-29 00:00:00,,COM VÍTIMA,BOA VIAGEM,RUA CORONEL ANIZIO RODRIGUES COELHO,,,COLISÃO FRONTAL,0,0,0,0,0,0,0,0,0,1,0,Cruzamento,Chuvoso,Perfeito estado,Molhada,Perfeito estado,,,Única,Faixa seccionada
2022-12-29 00:00:00,,SEM VÍTIMA,LINHA DO TIRO,RUA URIEL DE HOLANDA,641,,,1,0,0,0,0,0,1,0,0,0,0,Longo da via,Bom,Ilegível,Seca,Mal conservada,,30 km/h,Dupla,Não existe
2022-12-29 00:00:00,,COM VÍTIMA,BOA VIAGEM,AV CONSELHEIRO AGUIAR,,,COLISÃO LATERAL,1,1,0,0,0,0,0,0,0,1,0,,,,,,,,,
2022-12-29 00:00:00,,COM VÍTIMA,ENGENHO DO MEIO,RUA JOSE DOS SANTOS,,,COLISÃO LATERAL,2,0,0,0,0,0,0,0,0,1,0,,,,,,,,,
2022-12-29 00:00:00,,COM VÍTIMA,SANTO AMARO,RUA DOS PALMARES,526,,COLISÃO LATERAL,1,1,0,0,0,0,0,0,0,2,0,Cruzamento,Bom,Perfeito estado,Seca,Perfeito estado,,,Única,Faixa seccionada
2022-12-29 00:00:00,,COM VÍTIMA,MACAXEIRA,AV NORTE MIGUEL ARRAES DE ALENCAR,451,,COLISÃO FRONTAL,1,1,0,0,0,0,0,0,0,1,0,Longo da via,Bom,Perfeito estado,Seca,Perfeito estado,,20 km/h,Dupla,Faixa contínua
2022-12-29 00:00:00,,COM VÍTIMA,VÁRZEA,AV PROFESSOR ARTUR DE SA,,,COLISÃO LATERAL,1,1,0,0,0,0,0,0,0,1,0,Longo da via,Bom,Perfeito estado,Seca,Perfeito estado,Não há placas,,Dupla,Faixa contínua
2022-12-29 00:00:00,,COM VÍTIMA,MADALENA,AV CAXANGA,,SUBURBIO,COLISÃO TRASEIRA,1,1,0,0,0,0,0,0,0,1,0,Longo da via,Bom,Perfeito estado,Seca,Perfeito estado,Outras,,Dupla,Canteiro central
2022-12-29 00:00:00,,COM VÍTIMA,AREIAS,AV RECIFE,,,QUEDA,0,1,0,0,0,0,0,0,0,1,0,,,,,,,,,
2022-12-29 00:00:00,,COM VÍTIMA,CORDEIRO,AV CAXANGA,,CIDADE,COLISÃO TRASEIRA,1,1,0,0,0,0,0,0,0,1,0,,,,,,,,,
2022-12-29 00:00:00,,SEM VÍTIMA,IBURA,AV DOM HELDER CAMARA,,SUBURBIO,COLISÃO TRASEIRA,2,0,0,0,0,0,0,0,0,0,0,Longo da via,Bom,Perfeito estado,Seca,Perfeito estado,,,Única,Faixa contínua
2022-12-30 00:00:00,,COM VÍTIMA,BEBERIBE,AV BEBERIBE,480,CIDADE,COLISÃO LATERAL,1,1,0,0,0,0,0,0,0,2,0,Esquina,Bom,Perfeito estado,Seca,Perfeito estado,R-19,60 km/h,Dupla,Faixa contínua
2022-12-30 00:00:00,,SEM VÍTIMA,SÃO JOSÉ,AV DANTAS BARRETO,,SUBURBIO,CHOQUE,1,0,0,0,0,0,0,0,0,0,0,Longo da via,Bom,Perfeito estado,Seca,Perfeito estado,Não há placas,,Dupla,Canteiro central
2022-12-30 00:00:00,,COM VÍTIMA,ILHA DO RETIRO,RUA SPORT CLUBE DO RECIFE,,,COLISÃO TRASEIRA,1,1,0,0,0,0,0,0,0,1,0,,,,,,,,,
2022-12-30 00:00:00,,COM VÍTIMA,CASA AMARELA,RUA PADRE LEMOS,,SUBURBIO,ATROPELAMENTO DE PESSOA,1,0,0,0,1,0,0,0,0,1,0,Longo da via,Bom,Perfeito estado,Seca,Mal conservada,Outras,,Dupla,Não existe
2022-12-30 00:00:00,,SEM VÍTIMA,DERBY,RUA JORNALISTA PAULO BITTENCOURT,,SUBURBIO,COLISÃO TRASEIRA,1,0,0,0,0,0,0,1,0,0,0,Longo da via,Bom,Perfeito estado,Seca,Perfeito estado,,,,
2022-12-30 00:00:00,,SEM VÍTIMA,CAMPO GRANDE,AV GOVERNADOR AGAMENON MAGALHAES,,CIDADE,COLISÃO LATERAL,0,1,0,0,0,0,0,1,0,0,0,,,,,,,,,
2022-12-30 00:00:00,,SEM VÍTIMA,PAISSANDU,PTE JOSE DE BARROS LIMA,,SUBURBIO,COLISÃO LATERAL,1,0,0,0,0,0,1,0,0,0,0,,,,,,,,,
2022-12-30 00:00:00,,COM VÍTIMA,IBURA,AV DOIS RIOS,323,SUBURBIO,COLISÃO LATERAL,1,1,0,0,0,0,0,0,0,1,0,Longo da via,Bom,Ilegível,Seca,Perfeito estado,Não há placas,40 km/h,Dupla,Faixa contínua
2022-12-30 00:00:00,,COM VÍTIMA,IBURA,AV DOIS RIOS,,,COLISÃO FRONTAL,1,1,0,0,0,0,0,0,0,1,0,,,,,,,,,
2022-12-31 00:00:00,,COM VÍTIMA,IMBIRIBEIRA,AV MARECHAL MASCARENHAS DE MORAES,,SUBURBIO,COLISÃO FRONTAL,1,1,0,0,0,0,0,0,0,1,0,Longo da via,Bom,Perfeito estado,Seca,Perfeito estado,,,Única,Faixa seccionada
2022-12-31 00:00:00,,COM VÍTIMA,DERBY,PRC PROFESSOR AGEU MAGALHAES,,,COLISÃO FRONTAL,0,1,0,0,0,1,0,0,0,2,0,Longo da via,Bom,Perfeito estado,Seca,Perfeito estado,Não há placas,,Única,