data,hora,natureza,bairro,endereco,num_semaforo,sentido_via,tipo,auto,moto,ciclom,ciclista,pedestre,onibus,caminhao,viatura,outros,vitimas,vitimasfatais,acidente_verificado,tempo_clima,sinalizacao,condicao_via,conservacao_via,situacao_placa,velocidade_max_via,mao_direcao,divisao_via1
2021-01-30 00:00:00,07:34:00,COM VÍTIMA,BOA VISTA,RUA DO RIACHUELO,579,SUBURBIO,COLISÃO COM CICLISTA,0,0,0,1,0,1,0,0,0,1,0,Cruzamento,Bom,,Seca,Perfeito estado,,40 km/h,Única,Faixa seccionada
2021-01-30 00:00:00,15:07:00,COM VÍTIMA,CABANGA,AV ENGENHEIRO JOSE ESTELITA,,,COLISÃO,1,1,0,0,0,0,0,0,0,1,0,,,,,,,,,
2021-01-30 00:00:00,15:33:00,COM VÍTIMA,BOA VIAGEM,RUA DR GASPAR REGUEIRA COSTA,,,COLISÃO LATERAL,1,1,0,0,0,0,0,0,0,1,0,Cruzamento,Bom,Perfeito estado,Seca,Perfeito estado,Não há placas,,Dupla,Faixa seccionada
2021-01-30 00:00:00,16:16:00,COM VÍTIMA,MACAXEIRA,RUA MANDACARU,,SUBURBIO,TOMBAMENTO,1,1,0,0,0,0,0,0,0,1,0,Longo da via,Bom,Incompleta,Seca,Perfeito estado,Não há placas,,Dupla,Faixa seccionada
2021-01-30 00:00:00,18:23:00,COM VÍTIMA,BOA VIAGEM,AV ENGENHEIRO DOMINGOS FERREIRA,,,COLISÃO,1,1,0,0,0,0,0,0,0,1,0,,,,,,,,,
2021-01-30 00:00:00,23:11:40,COM VÍTIMA,ESPINHEIRO,RUA DO ESPINHEIRO,,ENCRUZILHADA,COLISÃO TRANSVERSAL,2,0,0,0,0,0,0,0,0,2,0,Cruzamento,Bom,Perfeito estado,Seca,Perfeito estado,"Placas ""Pare""",,Única,Faixa contínua
2021-01-31 00:00:00,07:04:00,COM VÍTIMA,BOA VIAGEM,RUA GENERAL SALGADO,,,COLISÃO LATERAL,1,1,0,0,0,0,0,0,0,1,0,Longo da via,Bom,,Seca,Perfeito estado,Não há placas,,Dupla,Não existe
2021-01-31 00:00:00,11:22:00,COM VÍTIMA,TAMARINEIRA,EST VELHA DE AGUA FRIA,,SUBURBIO,COLISÃO LATERAL,1,1,0,0,0,0,0,0,0,1,0,Longo da via,Bom,Perfeito estado,Seca,Perfeito estado,Outras,,Dupla,Faixa contínua
2021-01-31 00:00:00,12:15:00,COM VÍTIMA,TAMARINEIRA,EST VELHA DE AGUA FRIA,,SUBURBIO,COLISÃO TRASEIRA,1,1,0,0,0,0,0,0,0,1,0,Esquina,Bom,Perfeito estado,Seca,Perfeito estado,Outras,,Dupla,Faixa contínua
2021-01-31 00:00:00,14:35:00,COM VÍTIMA,CASA FORTE,RUA LEONARDO BEZERRA CAVALCANTE,485,SUBURBIO,COLISÃO FRONTAL,1,1,0,0,0,0,0,0,0,1,0,Longo da via,Bom,Perfeito estado,Seca,Perfeito estado,Outras,,Única,Faixa seccionada
2021-01-31 00:00:00,22:14:40,COM VÍTIMA,BOA VISTA,AV MANOEL BORBA,,SUBURBIO,ATROPELAMENTO,1,0,0,0,1,0,0,0,0,1,0,Longo da via,Bom,Perfeito estado,Seca,Perfeito estado,R-6a,40 km/h,Única,Faixa seccionada
2021-02-01 00:00:00,07:35:00,COM VÍTIMA,CASA FORTE,AV DEZESSETE DE AGOSTO,,SUBURBIO,COLISÃO LATERAL,1,1,0,0,0,0,0,0,0,1,0,Longo da via,Bom,Perfeito estado,Seca,Perfeito estado,R-6a,60 km/h,Dupla,Faixa contínua
2021-02-01 00:00:00,07:44:00,COM VÍTIMA,SÃO JOSÉ,C SANTA RITA,,CIDADE,COLISÃO FRONTAL,1,0,0,0,0,0,1,0,0,2,0,Longo da via,Bom,Perfeito estado,Seca,Perfeito estado,R-6a,,Dupla,Faixa seccionada
2021-02-01 00:00:00,08:15:00,SEM VÍTIMA,BOA VIAGEM,RUA MINISTRO NELSON HUNGRIA,,,COLISÃO,0,0,0,0,0,0,0,0,0,0,0,,,,,,,,,
2021-02-01 00:00:00,09:55:00,VÍTIMA FATAL,IBURA,RUA RIO BRIGIDA,,CIDADE,ATROPELAMENTO DE PESSOA,0,0,0,0,1,0,1,0,0,0,1,Longo da via,Bom,Não existente,Seca,Perfeito estado,Não há placas,,Dupla,Faixa seccionada
2021-02-01 00:00:00,10:05:00,COM VÍTIMA,DOIS UNIDOS,AV HILDEBRANDO DE VASCONCELOS,,,COLISÃO,1,1,0,0,0,0,0,0,0,1,0,,,,,,,,,
2021-02-01 00:00:00,14:19:00,COM VÍTIMA,SANTO AMARO,RUA DO POMBAL,,SUBURBIO,COLISÃO LATERAL,1,1,0,0,0,0,0,0,0,2,0,Cruzamento,Bom,Perfeito estado,Seca,Perfeito estado,"Placas ""Pare""",,,Faixa seccionada
2021-02-01 00:00:00,15:28:00,VÍTIMA FATAL,MACAXEIRA,RUA MARIA CANDIDA,296,SUBURBIO,ATROPELAMENTO DE PESSOA,0,0,0,0,1,0,1,0,0,0,1,Cruzamento,Bom,Incompleta,Seca,Perfeito estado,Outras,40 km/h,Dupla,Canteiro central
2021-02-01 00:00:00,15:54:00,COM VÍTIMA,BOA VIAGEM,RUA DEZ DE JULHO,,,COLISÃO,0,2,0,0,0,0,0,0,0,2,0,,,,,,,,,
2021-02-01 00:00:00,17:16:00,SEM VÍTIMA,PINA,AVENIDA CELSO FURTADO (VIA MANGUE),,JABOATÃO,CHOQUE,0,0,0,0,0,0,0,0,0,0,0,,,,,,,,,
2021-02-01 00:00:00,18:23:00,COM VÍTIMA,CASA AMARELA,RUA PAULA BATISTA,,,COLISÃO,1,1,0,0,0,0,0,0,0,1,0,,,,,,,,,
2021-02-01 00:00:00,18:42:00,COM VÍTIMA,CAJUEIRO,RUA CORONEL URBANO RIBEIRO DE SENA,,,COLISÃO FRONTAL,1,1,0,0,0,0,0,0,0,1,0,Cruzamento,Bom,Não existente,Seca,Perfeito estado,Não há placas,,Dupla,Faixa seccionada
2021-02-01 00:00:00,19:12:00,COM VÍTIMA,BOA VIAGEM,RUA PROFESSOR JOAO MEDEIROS,,CIDADE,COLISÃO LATERAL,1,1,0,0,0,0,0,0,0,1,0,Longo da via,Bom,Perfeito estado,Seca,Perfeito estado,Outras,,Única,
2021-02-01 00:00:00,20:45:00,COM VÍTIMA,PARNAMIRIM,AV FLOR DE SANTANA,,SUBURBIO,COLISÃO LATERAL,1,1,0,0,0,0,0,0,0,1,0,Longo da via,Bom,Ilegível,Seca,Perfeito estado,Outras,,Dupla,Não existe
2021-02-01 00:00:00,23:22:40,COM VÍTIMA,BOA VIAGEM,RUA ERNESTO DE PAULA SANTOS,,SUBURBIO,COLISÃO,1,1,0,0,0,0,0,0,0,1,0,,,,,,,,,
2021-02-02 00:00:00,08:55:00,COM VÍTIMA,SÃO JOSÉ,AV SUL,,CIDADE,COLISÃO COM CICLISTA,0,1,0,1,0,0,0,0,0,1,0,Longo da via,Bom,Perfeito estado,Seca,Perfeito estado,Não há placas,,Única,Canteiro central
2021-02-02 00:00:00,09:05:00,SEM VÍTIMA,PAISSANDU,AV GOVERNADOR AGAMENON MAGALHAES,69,,COLISÃO TRANSVERSAL,1,0,0,0,0,0,0,1,0,0,0,Cruzamento,Bom,Perfeito estado,Seca,Perfeito estado,,60 km/h,Dupla,Canteiro central
2021-02-02 00:00:00,10:38:00,COM VÍTIMA,IBURA,RUA VALE DO ITAJAI,,SUBURBIO,COLISÃO FRONTAL,1,1,0,0,0,0,0,0,0,2,0,Longo da via,Bom,,Seca,Perfeito estado,Não há placas,30 km/h,Dupla,Não existe
2021-02-02 00:00:00,10:51:00,COM VÍTIMA,AFOGADOS,RUA VINTE E UM DE ABRIL,,SUBURBIO,COLISÃO LATERAL,1,1,0,0,0,0,0,0,0,1,0,Longo da via,Bom,Não existente,Seca,Perfeito estado,Não há placas,60 km/h,,Não existe
2021-02-02 00:00:00,11:32:00,COM VÍTIMA,AFOGADOS,EST DOS REMEDIOS,390,SUBURBIO,CHOQUE,0,0,0,0,0,0,0,0,1,1,0,Longo da via,Bom,Perfeito estado,Seca,Perfeito estado,R-6a,,Única,Faixa seccionada
2021-02-02 00:00:00,13:29:00,COM VÍTIMA,IMBIRIBEIRA,RUA ARQUITETO LUIZ NUNES,,SUBURBIO,ATROPELAMENTO DE PESSOA,0,1,0,0,1,0,0,0,0,1,0,Longo da via,Bom,Perfeito estado,Seca,Perfeito estado,,,Dupla,Faixa contínua
2021-02-02 00:00:00,21:29:40,COM VÍTIMA,CASA AMARELA,RUA CONS PERETTI,,SUBURBIO,COLISÃO LATERAL,0,1,0,0,0,1,0,0,0,2,0,Cruzamento,Bom,Não existente,Seca,Perfeito estado,R-6a,,Única,Não existe
2021-02-02 00:00:00,21:13:40,SEM VÍTIMA,AFOGADOS,RUA SAO MIGUEL,,,COLISÃO,1,0,0,0,0,0,0,1,0,0,0,Longo da via,Bom,Perfeito estado,Seca,Perfeito estado,Outras,60KM/H,Dupla,Faixa seccionada
2021-02-02 00:00:00,21:32:40,SEM VÍTIMA,NOVA DESCOBERTA,AV VEREADOR OTACILIO AZEVEDO,,,CHOQUE,1,0,0,0,0,0,0,0,0,0,0,Outros,Bom,Não existente,Outros,Perfeito estado,Não há placas,30KM/H,,Não existe
2021-02-03 00:00:00,11:50:00,COM VÍTIMA,SANTO AMARO,RUA PALMARES,,SUBURBIO,COLISÃO TRASEIRA,1,1,0,0,0,0,0,0,0,1,0,Cruzamento,Chuvoso,Incompleta,Molhada,Perfeito estado,Outras,,Única,Não existe
2021-02-03 00:00:00,12:16:00,COM VÍTIMA,MADALENA,RUA JOSE OSORIO,,,COLISÃO,1,1,0,0,0,0,0,0,0,1,0,,,,,,,,,
2021-02-03 00:00:00,13:20:00,COM VÍTIMA,BOA VIAGEM,AV ENGENHEIRO DOMINGOS FERREIRA,155,SUBURBIO,COLISÃO TRANSVERSAL,1,1,0,0,0,0,0,0,0,1,0,Cruzamento,Bom,Perfeito estado,Seca,Perfeito estado,Outras,,Única,Faixa seccionada
2021-02-03 00:00:00,13:24:00,SEM VÍTIMA,DERBY,RUA JORNALISTA PAULO BITTENCOURT,,,CHOQUE,0,0,0,0,0,0,0,0,0,0,0,Longo da via,Bom,Perfeito estado,Molhada,Perfeito estado,Outras,30KM/H,Dupla,Faixa seccionada
2021-02-03 00:00:00,14:11:00,COM VÍTIMA,JORDÃO,AV MARIA IRENE,,SUBURBIO,COLISÃO,0,1,0,0,0,1,0,0,0,1,0,Longo da via,Bom,Ilegível,Seca,Perfeito estado,Não há placas,,Dupla,Não existe
2021-02-03 00:00:00,15:28:00,COM VÍTIMA,DERBY,AV GOVERNADOR AGAMENON MAGALHAES,,OLINDA,ATROPELAMENTO DE PESSOA,2,1,0,0,1,0,0,0,0,1,0,Longo da via,Bom,Perfeito estado,Seca,Perfeito estado,,60 km/h,Única,Canteiro central
2021-02-03 00:00:00,19:23:00,COM VÍTIMA,TEJIPIÓ,AV DR JOSE RUFINO,434,SUBURBIO,ATROPELAMENTO DE PESSOA,0,0,0,0,1,1,0,0,0,1,0,Longo da via,Bom,Perfeito estado,Seca,Perfeito estado,,40 km/h,Dupla,Faixa contínua
2021-02-03 00:00:00,20:11:00,COM VÍTIMA,IMBIRIBEIRA,RUA ITACARI,,,COLISÃO,1,1,0,0,0,0,0,0,0,2,0,,,,,,,,,
2021-02-04 00:00:00,15:04:00,COM VÍTIMA,ÁGUA FRIA,EST VELHA DE AGUA FRIA,,CIDADE,COLISÃO LATERAL,1,1,0,0,0,0,0,0,0,2,0,Esquina,Bom,Não existente,Seca,Perfeito estado,Não há placas,,Única,Faixa seccionada
2021-02-04 00:00:00,15:24:00,COM VÍTIMA,IMBIRIBEIRA,RUA ITAJAI,,,COLISÃO,1,1,0,0,0,0,0,0,0,1,0,,,,,,,,,
2021-02-04 00:00:00,16:24:00,COM VÍTIMA,IMBIRIBEIRA,AV MARECHAL MASCARENHAS DE MORAES,570,SUBURBIO,COLISÃO LATERAL,1,1,0,0,0,0,0,0,0,2,0,Outros,Bom,Perfeito estado,Seca,Perfeito estado,Outras,60 km/h,Única,Faixa seccionada
2021-02-04 00:00:00,19:05:00,COM VÍTIMA,TAMARINEIRA,EST VELHA DE AGUA FRIA,,,COLISÃO,0,0,0,0,0,0,0,0,0,1,0,,,,,,,,,
2021-02-04 00:00:00,19:18:00,COM VÍTIMA,CAMPO GRANDE,RUA JERONIMO VILELA,642,SUBURBIO,COLISÃO TRANSVERSAL,1,1,0,0,0,0,0,0,0,1,0,Cruzamento,Bom,Incompleta,Seca,Mal iluminada,Não há placas,,Dupla,Não existe
2021-02-04 00:00:00,20:29:00,COM VÍTIMA,GRAÇAS,AV RUI BARBOSA,,,COLISÃO,2,0,0,0,0,0,0,0,0,1,0,,,,,,,,,
2021-02-04 00:00:00,21:46:40,COM VÍTIMA,VÁRZEA,AV PROFESSOR ARTUR DE SA,,,COLISÃO,1,1,0,0,0,0,0,0,0,1,0,,,,,,,,,
2021-02-05 00:00:00,00:31:00,SEM VÍTIMA,ILHA JOANA BEZERRA,AV CENTRAL,,,COLISÃO,1,1,0,0,0,0,0,0,0,0,0,Cruzamento,Bom,Incompleta,Seca,Perfeito estado,"Placas ""Dê a preferência""",,Dupla,Não existe
2021-02-05 00:00:00,02:31:00,COM VÍTIMA,CORDEIRO,RUA DR MIGUEL VIEIRA FERREIRA,,CIDADE,COLISÃO TRANSVERSAL,1,1,0,0,0,0,0,0,0,1,0,Cruzamento,Bom,Perfeito estado,Seca,Perfeito estado,Não há placas,,Dupla,Faixa seccionada
2021-02-05 00:00:00,09:59:00,COM VÍTIMA,ILHA JOANA BEZERRA,VDO PAPA JOAO PAULO II,,SUBURBIO,COLISÃO COM CICLISTA,0,0,0,1,0,1,0,0,0,1,0,Longo da via,Bom,Perfeito estado,Seca,Perfeito estado,Não há placas,,Dupla,Faixa seccionada
2021-02-05 00:00:00,10:39:00,COM VÍTIMA,BOA VISTA,RUA HENRIQUE DIAS,,,COLISÃO,1,1,0,0,0,0,0,0,0,1,0,,,,,,,,,
2021-02-05 00:00:00,10:57:00,COM VÍTIMA,CAMPO GRANDE,RUA ODORICO MENDES,357,SUBURBIO,COLISÃO TRANSVERSAL,1,1,0,0,0,0,0,0,0,2,0,Cruzamento,Bom,Perfeito estado,Seca,Perfeito estado,,,Dupla,Faixa contínua
2021-02-05 00:00:00,11:06:00,COM VÍTIMA,BOA VIAGEM,AV BOA VIAGEM,,CIDADE,COLISÃO LATERAL,1,1,0,0,0,0,0,0,0,1,0,Longo da via,Bom,Perfeito estado,Seca,Perfeito estado,"Placas ""Pare""",,Única,Faixa seccionada
2021-02-05 00:00:00,11:18:00,COM VÍTIMA,JOANA BEZERRA,VIADUTO CAPITAO TEMUDO,,CIDADE,COLISÃO TRASEIRA,1,1,0,0,0,0,0,0,0,1,0,Viaduto,Bom,Perfeito estado,Seca,Perfeito estado,Não há placas,60 km/h,Dupla,Canteiro central
2021-02-05 00:00:00,15:09:00,SEM VÍTIMA,,AV GOVERNADOR AGAMENON MAGALHAES,,,COLISÃO,0,0,0,0,0,0,0,0,0,0,0,,,,,,,,,
2021-02-05 00:00:00,16:28:00,COM VÍTIMA,IBURA,AV DOIS RIOS,,CIDADE,COLISÃO TRASEIRA,1,1,0,0,0,0,0,0,0,1,0,Longo da via,Bom,Perfeito estado,Seca,Perfeito estado,Outras,,Dupla,Faixa contínua
2021-02-05 00:00:00,20:40:00,COM VÍTIMA,PARNAMIRIM,AV PARNAMIRIM,S/N,SUBURBIO,COLISÃO LATERAL,0,1,0,0,0,0,0,1,0,2,0,Cruzamento,Bom,Perfeito estado,Seca,Perfeito estado,Outras,,Única,Faixa seccionada
2021-02-06 00:00:00,00:03:00,COM VÍTIMA,IPUTINGA,RUA LEAL DE BARROS,,SUBURBIO,COLISÃO FRONTAL,1,1,0,0,0,0,0,0,0,1,0,Cruzamento,Bom,Perfeito estado,Seca,Perfeito estado,"Placas ""Pare""",,Dupla,Faixa contínua
2021-02-06 00:00:00,06:35:00,COM VÍTIMA,AFOGADOS,AV SUL,,IMBIRIBEIRA,QUEDA,0,0,0,1,0,0,0,0,0,1,0,,,,,,,,,
2021-02-06 00:00:00,08:19:00,SEM VÍTIMA,GUABIRABA,EST DO BARRO BRANCO,,,COLISÃO,1,0,0,0,0,0,0,1,0,0,0,Longo da via,Bom,Não existente,Seca,Mal conservada,Não há placas,,Dupla,Não existe
2021-02-06 00:00:00,14:16:00,COM VÍTIMA,BOA VIAGEM,AV ENGENHEIRO DOMINGOS FERREIRA,,SUBURBIO,ATROPELAMENTO DE PESSOA,0,1,0,0,1,0,0,0,0,2,0,Longo da via,Bom,Perfeito estado,Seca,Perfeito estado,Outras,60 km/h,Única,Faixa seccionada
2021-02-06 00:00:00,14:42:00,COM VÍTIMA,TORRE,RUA JOSE BONIFACIO,,,COLISÃO,1,1,0,0,0,0,0,0,0,1,0,,,,,,,,,
2021-02-06 00:00:00,17:02:00,COM VÍTIMA,MADALENA,AV ENGENHEIRO ABDIAS DE CARVALHO,132,AFOGADOS,COLISÃO TRANSVERSAL,1,1,0,0,0,0,0,0,0,1,0,Cruzamento,Bom,Perfeito estado,Seca,Perfeito estado,Outras,,Única,Canteiro central
2021-02-06 00:00:00,17:20:00,SEM VÍTIMA,BOA VIAGEM,AV DOM JOAO VI,,SUBURBIO,COLISÃO,2,0,0,0,0,0,0,0,0,0,0,,,,,,,,,
2021-02-06 00:00:00,18:37:00,SEM VÍTIMA,BOA VIAGEM,AV CONSELHEIRO AGUIAR,140,,COLISÃO,2,0,0,0,0,0,0,0,0,0,0,,,,,,,,,
2021-02-07 00:00:00,00:13:00,COM VÍTIMA,NOVA DESCOBERTA,RUA BETINHA,,SUBURBIO,CHOQUE,3,0,0,0,0,0,0,0,0,1,0,Longo da via,Bom,Não existente,Seca,Perfeito estado,Não há placas,,Dupla,Não existe
2021-02-07 00:00:00,18:10:00,COM VÍTIMA,JORDÃO,RUA DR ANDRADE LYRA,,CIDADE,COLISÃO TRANSVERSAL,1,1,0,0,0,0,0,0,0,1,0,Longo da via,Bom,Perfeito estado,Seca,,,,Única,
2021-02-07 00:00:00,23:01:40,SEM VÍTIMA,DERBY,AV GOVERNADOR AGAMENON MAGALHAES,,,COLISÃO,2,0,0,0,0,0,0,0,0,0,0,Cruzamento,Bom,Perfeito estado,Seca,Mal iluminada,,,Dupla,Faixa contínua
2021-02-08 00:00:00,07:22:00,COM VÍTIMA,CAMPO GRANDE,RUA JERONIMO VILELA,282,SUBURBIO,COLISÃO FRONTAL,2,0,0,0,0,0,0,0,0,1,0,Cruzamento,Bom,Perfeito estado,Seca,Perfeito estado,R-6a,,Dupla,Faixa contínua
2021-02-08 00:00:00,08:07:00,COM VÍTIMA,CAXANGÁ,AV PROFESSOR MORAES REGO,,,COLISÃO,1,1,0,0,0,0,0,0,0,2,0,,,,,,,,,
2021-02-08 00:00:00,08:15:00,COM VÍTIMA,IMBIRIBEIRA,RUA JAMAICA,,MASC. MORAES,COLISÃO TRASEIRA,1,1,0,0,0,0,0,0,0,1,0,Cruzamento,Bom,Perfeito estado,Seca,Perfeito estado,"Placas ""Pare""",,Única,Faixa seccionada
2021-02-08 00:00:00,12:20:00,COM VÍTIMA,SÃO JOSÉ,AV MARTINS DE BARROS,383,SUBURBIO,COLISÃO LATERAL,1,1,0,0,0,0,0,0,0,1,0,Cruzamento,Bom,Perfeito estado,Seca,Perfeito estado,Outras,60 km/h,Dupla,Canteiro central
2021-02-08 00:00:00,12:39:00,COM VÍTIMA,ENCRUZILHADA,RUA CEARA,,SUBURBIO,COLISÃO TRANSVERSAL,1,1,0,0,0,0,0,0,0,1,0,Longo da via,Bom,Incompleta,Seca,Perfeito estado,Outras,,Única,Não existe
2021-02-08 00:00:00,15:19:00,COM VÍTIMA,SANTO AMARO,AV JOAO DE BARROS,,SUBURBIO,COLISÃO LATERAL,1,1,0,0,0,0,0,0,0,1,0,Longo da via,Bom,Perfeito estado,Seca,Perfeito estado,Não há placas,,Única,Faixa seccionada
2021-02-08 00:00:00,18:15:00,COM VÍTIMA,IPSEP,RUA PAMPULHA,,,TOMBAMENTO,0,1,0,0,0,0,0,0,0,1,0,Longo da via,Bom,Perfeito estado,Seca,Perfeito estado,Não há placas,40 km/h,Única,Faixa seccionada
2021-02-08 00:00:00,20:42:40,COM VÍTIMA,APIPUCOS,RUA DE APIPUCOS,248,,COLISÃO TRANSVERSAL,0,2,0,0,0,0,0,0,0,1,0,Cruzamento,Bom,Perfeito estado,Seca,Perfeito estado,Não há placas,,Dupla,Não existe
2021-02-09 00:00:00,06:32:00,COM VÍTIMA,ENCRUZILHADA,RUA FERNANDO CESAR,,CIDADE,COLISÃO TRANSVERSAL,1,1,0,0,0,0,0,0,0,2,0,Cruzamento,Bom,Perfeito estado,Seca,Perfeito estado,"Placas ""Pare""",30 km/h,Única,Faixa seccionada
2021-02-09 00:00:00,11:26:00,COM VÍTIMA,SANTO AMARO,RUA AURORA,,SUBURBIO,COLISÃO TRASEIRA,0,2,0,0,0,0,0,0,0,1,0,Longo da via,Bom,Perfeito estado,Seca,Perfeito estado,Não há placas,,Dupla,Canteiro central
2021-02-09 00:00:00,14:18:00,COM VÍTIMA,TORRE,RUA REAL DA TORRE,106,,COLISÃO LATERAL,1,1,0,0,0,0,0,0,0,1,0,Cruzamento,Bom,Perfeito estado,Seca,Perfeito estado,Outras,60 km/h,,Faixa seccionada
2021-02-09 00:00:00,16:35:00,COM VÍTIMA,ESPINHEIRO,RUA AMELIA,,CIDADE,COLISÃO LATERAL,1,1,0,0,0,0,0,0,0,1,0,Esquina,Bom,Perfeito estado,Seca,Perfeito estado,"Placas ""Pare""",40 km/h,Única,Faixa seccionada
2021-02-09 00:00:00,16:46:00,COM VÍTIMA,JIQUIÁ,RUA SAO MIGUEL,,CIDADE,COLISÃO LATERAL,2,1,0,0,0,0,0,0,0,1,0,Longo da via,Bom,Perfeito estado,Seca,Perfeito estado,Não há placas,60 km/h,Dupla,Faixa contínua
2021-02-09 00:00:00,18:15:00,COM VÍTIMA,AFOGADOS,RUA SAO MIGUEL,,CIDADE,COLISÃO LATERAL,1,1,0,0,0,0,0,0,0,1,0,Longo da via,Bom,Perfeito estado,Seca,Perfeito estado,Não há placas,60 km/h,Dupla,Faixa contínua
2021-02-09 00:00:00,20:19:00,COM VÍTIMA,BOA VISTA,AV GOVERNADOR AGAMENON MAGALHAES,,OLINDA,COLISÃO LATERAL,0,2,0,0,0,0,0,0,0,1,0,Longo da via,Bom,Perfeito estado,Seca,Perfeito estado,Não há placas,,Dupla,Canteiro central
2021-02-10 00:00:00,06:26:00,SEM VÍTIMA,ILHA DO LEITE,RUA ESTADO DE ISRAEL,,CIDADE,CHOQUE,2,0,0,0,0,0,0,0,0,0,0,Longo da via,Chuvoso,Perfeito estado,Molhada,Perfeito estado,R-6a,60 km/h,Única,Faixa contínua
2021-02-10 00:00:00,06:47:00,COM VÍTIMA,CASA AMARELA,AV NORTE,,SUBURBIO,TOMBAMENTO,0,1,0,0,0,0,0,0,0,1,0,Longo da via,Chuvoso,Perfeito estado,Molhada,Perfeito estado,R-6a,60 km/h,Dupla,Faixa seccionada
2021-02-10 00:00:00,07:31:00,COM VÍTIMA,CASA AMARELA,RUA PAULA BATISTA,,CIDADE,COLISÃO TRANSVERSAL,2,0,0,0,0,0,0,0,0,1,0,Cruzamento,Chuvoso,Perfeito estado,Molhada,Perfeito estado,"Placas ""Pare""",30 km/h,Dupla,Faixa seccionada
2021-02-10 00:00:00,08:27:00,COM VÍTIMA,SÃO JOSÉ,AV SUL,,CIDADE,TOMBAMENTO,0,1,0,0,0,0,0,0,0,2,0,Longo da via,Bom,Perfeito estado,Seca,Perfeito estado,R-6a,,Única,Faixa seccionada
2021-02-10 00:00:00,08:33:00,COM VÍTIMA,JARDIM SÃO PAULO,RUA LEANDRO BARRETO,,CIDADE,COLISÃO TRANSVERSAL,1,1,0,0,0,0,0,0,0,2,0,Longo da via,Bom,Incompleta,Seca,Mal conservada,R-19,,Dupla,Não existe
2021-02-10 00:00:00,10:58:00,SEM VÍTIMA,IBURA,AV DOIS RIOS,,SUBURBIO,COLISÃO LATERAL,2,0,0,0,0,0,0,0,0,0,0,Longo da via,Bom,Perfeito estado,Seca,Perfeito estado,Outras,,Dupla,Faixa contínua
2021-02-10 00:00:00,15:12:00,COM VÍTIMA,ESTÂNCIA,AV RECIFE,,,COLISÃO,0,2,0,0,0,0,0,0,0,2,0,,,,,,,,,
2021-02-11 00:00:00,07:52:00,COM VÍTIMA,VÁRZEA,AV AFONSO OLINDENSE,,VÁRZEA,COLISÃO LATERAL,1,1,0,0,0,0,0,0,0,1,0,Longo da via,Bom,Perfeito estado,Seca,Perfeito estado,Outras,30 km/h,Dupla,Faixa contínua
2021-02-11 00:00:00,08:12:00,COM VÍTIMA,IPUTINGA,RUA SAO MATEUS,,CIDADE,COLISÃO COM CICLISTA,0,1,0,1,0,0,0,0,0,1,0,Longo da via,Bom,Não existente,Seca,Perfeito estado,Não há placas,30 km/h,Dupla,Faixa contínua
2021-02-11 00:00:00,13:29:00,COM VÍTIMA,CORDEIRO,AV ENGENHEIRO ABDIAS DE CARVALHO,,CIDADE,COLISÃO TRASEIRA,1,1,0,0,0,0,0,0,0,1,0,Longo da via,Bom,Perfeito estado,Seca,Perfeito estado,R-6a,60 km/h,Única,Faixa seccionada
2021-02-11 00:00:00,15:28:00,COM VÍTIMA,PRADO,AV ENGENHEIRO ABDIAS DE CARVALHO,,CIDADE,COLISÃO LATERAL,1,1,0,0,0,0,0,0,0,1,0,Longo da via,Bom,Perfeito estado,Seca,Perfeito estado,Não há placas,,Única,Canteiro central
2021-02-11 00:00:00,16:46:00,COM VÍTIMA,SANCHO,AV LIBERDADE,,CIDADE,COLISÃO COM CICLISTA,1,0,0,1,0,0,0,0,0,1,0,Longo da via,Bom,Incompleta,Seca,Perfeito estado,Não há placas,,Dupla,Faixa contínua
2021-02-11 00:00:00,17:43:00,COM VÍTIMA,AFOGADOS,EST DOS REMEDIOS,390,CIDADE,COLISÃO TRANSVERSAL,1,1,0,0,0,0,0,0,0,1,0,Longo da via,Bom,Perfeito estado,Seca,Perfeito estado,R-6a,60 km/h,Única,Faixa seccionada
2021-02-11 00:00:00,20:59:00,COM VÍTIMA,MADALENA,AV VISCONDE DE ALBUQUERQUE,,SUBURBIO,COLISÃO TRASEIRA,1,1,0,0,0,0,0,0,0,1,0,Longo da via,Bom,Perfeito estado,Seca,Perfeito estado,Outras,,Única,Faixa seccionada
2021-02-11 00:00:00,20:53:40,COM VÍTIMA,VÁRZEA,RUA GASTAO VIDIGAL,,,COLISÃO COM CICLISTA,1,0,0,1,0,0,0,0,0,1,0,,,,,,,,,