data,hora,natureza,bairro,endereco,num_semaforo,sentido_via,tipo,auto,moto,ciclom,ciclista,pedestre,onibus,caminhao,viatura,outros,vitimas,vitimasfatais,acidente_verificado,tempo_clima,sinalizacao,condicao_via,conservacao_via,situacao_placa,velocidade_max_via,mao_direcao,divisao_via1
2021-02-11 00:00:00,21:34:40,COM VÍTIMA,BOA VISTA,RUA JOAO LIRA,308,CIDADE,COLISÃO TRANSVERSAL,1,0,0,0,0,0,0,1,0,1,0,Cruzamento,Bom,Perfeito estado,Seca,Perfeito estado,R-3,30 km/h,Única,
2021-02-12 00:00:00,06:13:00,COM VÍTIMA,IMBIRIBEIRA,PRC MINISTRO SALGADO FILHO,,,ATROPELAMENTO DE PESSOA,0,1,0,0,1,0,0,0,0,2,0,,,,,,,,,
2021-02-12 00:00:00,07:58:00,COM VÍTIMA,CASA AMARELA,AV NORTE,312,SUBURBIO,COLISÃO TRASEIRA,1,1,0,0,0,0,0,0,0,1,0,Longo da via,Bom,Perfeito estado,Seca,Perfeito estado,Não há placas,,Dupla,Canteiro central
2021-02-12 00:00:00,12:26:00,COM VÍTIMA,IPSEP,RUA POTENGY,,AV. MASC MORAIS,CHOQUE,1,2,0,0,0,0,0,0,0,1,0,Longo da via,Bom,Perfeito estado,Seca,Perfeito estado,Outras,20 km/h,Única,Não existe
2021-02-12 00:00:00,12:59:00,SEM VÍTIMA,ARRUDA,RUA PETRONILA BOTELHO,,SUBURBIO,COLISÃO LATERAL,0,2,0,0,0,0,0,0,0,0,0,Longo da via,Bom,Não existente,Seca,Perfeito estado,Não há placas,,Dupla,Não existe
2021-02-12 00:00:00,14:36:00,COM VÍTIMA,AFOGADOS,RUA SAO MIGUEL,,CIDADE,COLISÃO TRANSVERSAL,0,1,0,0,0,0,0,1,0,1,0,Longo da via,Bom,Perfeito estado,Seca,Perfeito estado,R-6a,,Dupla,Faixa contínua
2021-02-12 00:00:00,16:24:00,SEM VÍTIMA,MACAXEIRA,AV NORTE,,SUBURBIO,CHOQUE,1,0,0,0,0,1,0,0,0,0,0,Longo da via,Bom,Perfeito estado,Seca,Perfeito estado,R-6a,,Dupla,Canteiro central
2021-02-12 00:00:00,19:25:00,COM VÍTIMA,IBURA,AV DOIS RIOS,323,CIDADE,COLISÃO LATERAL,1,2,0,0,0,0,0,0,0,1,0,Longo da via,Bom,Perfeito estado,Seca,Perfeito estado,,,,
2021-02-13 00:00:00,00:16:00,SEM VÍTIMA,BOA VISTA,LGO DA SANTA CRUZ,,,COLISÃO,2,0,0,0,0,0,0,0,0,0,0,,,,,,,,,
2021-02-13 00:00:00,00:26:00,COM VÍTIMA,BOA VISTA,RUA DO RIACHUELO,579,SUBURBIO,COLISÃO TRASEIRA,1,1,0,0,0,0,0,0,0,1,0,Cruzamento,Bom,Perfeito estado,Seca,Perfeito estado,R-6a,40 km/h,Única,Faixa seccionada
2021-02-13 00:00:00,08:28:00,SEM VÍTIMA,PAISSANDU,AV GOVERNADOR AGAMENON MAGALHAES,,,CHOQUE,0,0,0,0,0,0,0,1,0,0,0,,,,,,,,,
2021-02-14 00:00:00,07:57:00,COM VÍTIMA,ILHA JOANA BEZERRA,VDO PAPA JOAO PAULO II,,SUBURBIO,TOMBAMENTO,0,1,0,0,0,0,0,0,0,1,0,Viaduto,Chuvoso,Perfeito estado,Molhada,,R-19,60 km/h,Dupla,Canteiro central
2021-02-14 00:00:00,10:17:00,COM VÍTIMA,MUSTARDINHA,RUA VINTE E UM DE ABRIL,,AFOGADOS,COLISÃO FRONTAL,0,1,0,0,0,1,0,0,0,2,0,Longo da via,Bom,,Seca,Perfeito estado,,,,
2021-02-15 00:00:00,09:08:00,COM VÍTIMA,SANTO AMARO,RUA COELHO LEITE,,SUBURBIO,COLISÃO,1,1,0,0,0,0,0,0,0,1,0,Longo da via,Bom,Perfeito estado,Seca,Perfeito estado,"Placas ""Pare""",,Dupla,Faixa contínua
2021-02-15 00:00:00,11:53:00,SEM VÍTIMA,TEJIPIÓ,RUA FALCAO DE LACERDA,,SUBURBIO,COLISÃO LATERAL,0,1,0,0,0,0,0,1,0,0,0,Longo da via,Chuvoso,Perfeito estado,Molhada,Perfeito estado,Não há placas,,Dupla,Faixa contínua
2021-02-15 00:00:00,15:50:00,SEM VÍTIMA,BOA VIAGEM,RUA DEZ DE JULHO,,SUBURBIO,COLISÃO TRANSVERSAL,2,0,0,0,0,0,0,0,0,0,0,Cruzamento,Bom,Perfeito estado,Seca,Perfeito estado,"Placas ""Pare""",,Única,Não existe
2021-02-16 00:00:00,08:01:00,COM VÍTIMA,BOA VIAGEM,AV ENGENHEIRO DOMINGOS FERREIRA,550,SUBURBIO,ATROPELAMENTO DE PESSOA,1,0,0,0,1,0,0,0,0,1,0,Longo da via,Bom,Perfeito estado,Seca,Perfeito estado,,60 km/h,Única,Faixa contínua
2021-02-16 00:00:00,09:36:00,COM VÍTIMA,BOA VISTA,RUA DO RIACHUELO,92,CIDADE,COLISÃO TRASEIRA,0,2,0,0,0,0,0,0,0,2,0,Cruzamento,Bom,Perfeito estado,Seca,Perfeito estado,Outras,,Única,Não existe
2021-02-16 00:00:00,12:33:00,COM VÍTIMA,TORRE,RUA SOUZA BANDEIRA,,,COLISÃO FRONTAL,1,1,0,0,0,0,0,0,0,1,0,Cruzamento,Bom,Perfeito estado,Seca,Perfeito estado,,,Única,
2021-02-16 00:00:00,15:00:00,COM VÍTIMA,DERBY,AV GOVERNADOR AGAMENON MAGALHAES,417,SUBURBIO,COLISÃO LATERAL,1,1,0,0,0,0,0,0,0,1,0,Longo da via,Bom,Perfeito estado,Seca,Perfeito estado,Não há placas,,Única,Faixa seccionada
2021-02-16 00:00:00,16:06:00,SEM VÍTIMA,MUSTARDINHA,AV MANOEL GONCALVES DA LUZ,,,COLISÃO,1,1,0,0,0,0,0,0,0,0,0,,,,,,,,,
2021-02-16 00:00:00,17:27:00,COM VÍTIMA,CAXANGÁ,AV JOAQUIM RIBEIRO,,SUBURBIO,COLISÃO LATERAL,1,2,0,0,0,0,0,0,0,3,0,Esquina,Bom,Perfeito estado,Seca,Perfeito estado,Outras,,Dupla,Canteiro central
2021-02-16 00:00:00,18:49:00,SEM VÍTIMA,ALTO SANTA TERESINHA,AV ANIBAL BENEVOLO,,,COLISÃO LATERAL,2,0,0,0,0,0,0,0,0,0,0,,Bom,,Seca,Mal iluminada,Não há placas,,Dupla,
2021-02-17 00:00:00,04:11:00,SEM VÍTIMA,SAN MARTIN,RUA VINTE E UM DE ABRIL,,,COLISÃO,2,0,0,0,0,0,0,0,0,0,0,,,,,,,,,
2021-02-17 00:00:00,07:40:00,COM VÍTIMA,JARDIM SÃO PAULO,AV RECIFE,259,SUBURBIO,COLISÃO LATERAL,0,1,0,0,0,0,1,0,0,1,0,Longo da via,Bom,Perfeito estado,Seca,Perfeito estado,Não há placas,60 km/h,Dupla,Canteiro central
2021-02-17 00:00:00,07:46:00,COM VÍTIMA,CAXANGÁ,AV MAURICIO DE NASSAU,,,COLISÃO TRANSVERSAL,1,1,0,0,0,0,0,0,0,1,0,Cruzamento,Bom,Não existente,Seca,Perfeito estado,Não há placas,,Dupla,Faixa contínua
2021-02-17 00:00:00,12:36:00,COM VÍTIMA,BOA VIAGEM,RUA CORONEL SERGIO HENRIQUE CARDIM,318,CIDADE,ATROPELAMENTO DE PESSOA,0,1,0,0,1,0,0,0,0,1,0,Cruzamento,Bom,Perfeito estado,Seca,Perfeito estado,"Placas ""Pare""",60 km/h,Única,
2021-02-18 00:00:00,10:10:00,SEM VÍTIMA,MACAXEIRA,RUA LUIS JOSE DA CUNHA,,SUBURBIO,CHOQUE,0,0,0,0,0,0,0,1,0,0,0,Longo da via,Bom,Não existente,Seca,Mal conservada,Não há placas,,Única,Não existe
2021-02-18 00:00:00,12:20:00,COM VÍTIMA,CASA AMARELA,RUA DA HARMONIA,,CIDADE,COLISÃO LATERAL,1,1,0,0,0,0,0,0,0,1,0,Cruzamento,Bom,Perfeito estado,Seca,Perfeito estado,R-6a,,Dupla,Faixa seccionada
2021-02-18 00:00:00,14:11:00,COM VÍTIMA,IBURA,AV PRESIDENTE DUTRA,393,BOA VIAGEM,COLISÃO LATERAL,1,1,0,0,0,0,0,0,0,1,0,Longo da via,Bom,Perfeito estado,Seca,Perfeito estado,Outras,60 km/h,Dupla,Faixa seccionada
2021-02-18 00:00:00,16:19:00,COM VÍTIMA,MADALENA,AV ENGENHEIRO ABDIAS DE CARVALHO,328,SUBURBIO,COLISÃO TRASEIRA,1,1,0,0,0,0,0,0,0,1,0,Longo da via,Bom,Perfeito estado,Seca,Perfeito estado,Não há placas,60 km/h,Dupla,Canteiro central
2021-02-18 00:00:00,17:29:00,COM VÍTIMA,PRADO,AV ENGENHEIRO ABDIAS DE CARVALHO,,CIDADE,TOMBAMENTO,0,1,0,0,0,0,0,0,0,1,0,Longo da via,Bom,Perfeito estado,Seca,Perfeito estado,Não há placas,,Dupla,Canteiro central
2021-02-18 00:00:00,18:28:00,COM VÍTIMA,CORDEIRO,AV GENERAL SAN MARTIN,67,CIDADE,COLISÃO TRANSVERSAL,0,2,0,0,0,0,0,0,0,1,0,Longo da via,Bom,Perfeito estado,Seca,Perfeito estado,R-6a,40 km/h,Dupla,Faixa contínua
2021-02-19 00:00:00,08:34:00,COM VÍTIMA,IPSEP,RUA PINTOR LULA CARDOSO AYRES,,,COLISÃO,1,1,0,0,0,0,0,0,0,1,0,,,,,,,,,
2021-02-19 00:00:00,08:51:00,COM VÍTIMA,IPSEP,RUA ITACARI,,SUBURBIO,COLISÃO TRANSVERSAL,1,1,0,0,0,0,0,0,0,1,0,Cruzamento,Bom,Perfeito estado,Seca,Perfeito estado,"Placas ""Pare""",30 km/h,Única,
2021-02-19 00:00:00,18:58:00,COM VÍTIMA,CORDEIRO,RUA GOMES TABORDA,,SUBURBIO,COLISÃO LATERAL,2,0,0,0,0,0,0,0,0,1,0,Longo da via,Bom,Perfeito estado,Seca,Perfeito estado,R-6a,30 km/h,Dupla,Faixa seccionada
2021-02-19 00:00:00,19:25:00,COM VÍTIMA,SANTO AMARO,RUA CAPITAO LIMA,,PRC TREZE DE MAIO,COLISÃO COM CICLISTA,1,0,0,1,0,0,0,0,0,2,0,Cruzamento,Bom,Perfeito estado,Seca,Perfeito estado,"Placas ""Pare""",,Dupla,Faixa contínua
2021-02-19 00:00:00,19:53:00,COM VÍTIMA,MADALENA,RUA PROFESSOR JOSE TORRES PIRES,,TORRE,COLISÃO LATERAL,1,1,0,0,0,0,0,0,0,2,0,Longo da via,Bom,Perfeito estado,Seca,Perfeito estado,Não há placas,,Única,Faixa seccionada
2021-02-20 00:00:00,10:22:00,SEM VÍTIMA,JORDÃO,RUA ESCOLA DE SAGRES,,,COLISÃO,2,0,0,0,0,0,0,0,0,0,0,,,,,,,,,
2021-02-20 00:00:00,11:50:00,COM VÍTIMA,IPUTINGA,AV MAURICIO DE NASSAU,,CIDADE,COLISÃO TRANSVERSAL,1,1,0,0,0,0,0,0,0,1,0,Longo da via,Bom,Não existente,Seca,Perfeito estado,Não há placas,40 km/h,Dupla,Faixa contínua
2021-02-20 00:00:00,14:00:00,COM VÍTIMA,IMBIRIBEIRA,AV MARECHAL MASCARENHAS DE MORAES,289,CIDADE,COLISÃO TRASEIRA,1,1,0,0,0,0,0,0,0,1,0,Longo da via,Bom,Perfeito estado,Seca,Perfeito estado,R-6a,60 km/h,Dupla,Faixa seccionada
2021-02-20 00:00:00,20:10:00,SEM VÍTIMA,BOA VIAGEM,RUA CAMBOIM,,,COLISÃO,2,0,0,0,0,0,0,0,0,0,0,,,,,,,,,
2021-02-20 00:00:00,23:24:40,SEM VÍTIMA,ESTÂNCIA,AV DR JOSE RUFINO,,,COLISÃO,9,1,0,0,0,0,0,0,0,0,0,,,,,,,,,
2021-02-21 00:00:00,06:55:00,COM VÍTIMA,VÁRZEA,RUA ACADEMICO HELIO RAMOS,,,COLISÃO LATERAL,0,1,0,0,0,1,0,0,0,1,0,Longo da via,Bom,Não existente,Seca,Perfeito estado,Não há placas,,Dupla,Faixa seccionada
2021-02-21 00:00:00,11:16:00,SEM VÍTIMA,HIPÓDROMO,RUA PROFESSOR JERONIMO GUEIROS,,,COLISÃO TRASEIRA,1,1,0,0,0,0,0,0,0,0,0,Longo da via,Bom,Perfeito estado,Seca,Perfeito estado,Não há placas,40 km/h,Dupla,Não existe
2021-02-21 00:00:00,15:11:00,SEM VÍTIMA,GUABIRABA,EST DOS MACACOS,,CIDADE,COLISÃO LATERAL,0,1,0,0,0,0,0,1,0,0,0,Longo da via,Bom,Perfeito estado,Seca,,Não há placas,,Dupla,Não existe
2021-02-21 00:00:00,16:11:00,COM VÍTIMA,IMBIRIBEIRA,RUA ALAMEDA DAS HORTENCIAS,,,COLISÃO,1,1,0,0,0,0,0,0,0,2,0,,,,,,,,,
2021-02-21 00:00:00,19:40:00,COM VÍTIMA,BREJO DA GUABIRABA,AV VEREADOR OTACILIO AZEVEDO,,SUBURBIO,COLISÃO TRANSVERSAL,0,2,0,0,0,0,0,0,0,1,0,Longo da via,Bom,Perfeito estado,Seca,Perfeito estado,Outras,30 km/h,Dupla,Não existe
2021-02-21 00:00:00,20:39:40,COM VÍTIMA,NOVA DESCOBERTA,RUA CORREGO DA AREIA,,,COLISÃO,1,1,0,0,0,0,0,0,0,1,0,,,,,,,,,
2021-02-21 00:00:00,21:04:40,SEM VÍTIMA,PORTO DA MADEIRA,LAD DO SAPOTI,,,COLISÃO,2,0,0,0,0,0,0,0,0,0,0,,,,,,,,,
2021-02-22 00:00:00,07:14:00,COM VÍTIMA,BOA VIAGEM,AV CONSELHEIRO AGUIAR,549,,COLISÃO TRANSVERSAL,1,1,0,0,0,0,0,0,0,1,0,Longo da via,Bom,Perfeito estado,Seca,Perfeito estado,Não há placas,,Única,
2021-02-22 00:00:00,07:20:00,COM VÍTIMA,ILHA DO RETIRO,RUA SPORT CLUBE DO RECIFE,,CIDADE,TOMBAMENTO,0,1,0,0,0,0,0,0,0,1,0,Ponte,Bom,Perfeito estado,Seca,Perfeito estado,Não há placas,,Dupla,Faixa contínua
2021-02-22 00:00:00,08:05:00,COM VÍTIMA,MONTEIRO,AV DEZESSETE DE AGOSTO,,SUBURBIO,COLISÃO TRASEIRA,1,1,0,0,0,0,0,0,0,1,0,Longo da via,Bom,Perfeito estado,Seca,Perfeito estado,R-6a,60 km/h,,Faixa contínua
2021-02-22 00:00:00,08:52:00,COM VÍTIMA,ARRUDA,RUA DO TRIUNFO,,SUBURBIO,COLISÃO LATERAL,1,1,0,0,0,0,0,0,0,2,0,Cruzamento,Bom,Não existente,Seca,Perfeito estado,Não há placas,,Dupla,Não existe
2021-02-22 00:00:00,09:27:00,COM VÍTIMA,TAMARINEIRA,AV NORTE,62,CIDADE,COLISÃO LATERAL,1,1,0,0,0,0,0,0,0,1,0,Longo da via,Bom,Perfeito estado,Seca,Perfeito estado,Outras,,Dupla,Faixa contínua
2021-02-22 00:00:00,10:27:00,COM VÍTIMA,CAMPINA DO BARRETO,RUA DAS MOCAS,,SUBURBIO,COLISÃO TRANSVERSAL,1,0,0,0,0,1,0,0,0,1,0,Cruzamento,Bom,Perfeito estado,Seca,Perfeito estado,,30 km/h,Dupla,Faixa seccionada
2021-02-22 00:00:00,12:22:00,COM VÍTIMA,AFOGADOS,RUA SAO MIGUEL,,SUBURBIO,COLISÃO LATERAL,1,1,0,0,0,0,0,0,0,1,0,Longo da via,Bom,Perfeito estado,Seca,Perfeito estado,Outras,50 km/h,Dupla,Faixa seccionada
2021-02-22 00:00:00,13:13:00,SEM VÍTIMA,BOA VIAGEM,RUA FELIX DE BRITO E MELO,,CIDADE,COLISÃO TRASEIRA,2,0,0,0,0,0,0,0,0,0,0,Longo da via,Bom,Perfeito estado,Seca,Perfeito estado,R-6a,,Única,Faixa seccionada
2021-02-22 00:00:00,13:47:00,COM VÍTIMA,TORRE,RUA MARQUES DE MARICA,317,SUBURBIO,COLISÃO TRANSVERSAL,1,1,0,0,0,0,0,0,0,1,0,Cruzamento,Bom,Perfeito estado,Seca,Perfeito estado,Não há placas,,Dupla,
2021-02-22 00:00:00,16:38:00,SEM VÍTIMA,BOA VIAGEM,RUA DOS NAVEGANTES,,SUBURBIO,COLISÃO LATERAL,2,0,0,0,0,0,0,0,0,0,0,Longo da via,Bom,Perfeito estado,Seca,Perfeito estado,Não há placas,,Única,Não existe
2021-02-22 00:00:00,17:16:00,COM VÍTIMA,SANTO AMARO,AV ENGENHEIRO AGAMENON DE MAGALHAES MELO,49,SUBURBIO,COLISÃO TRANSVERSAL,1,1,0,0,0,0,0,0,0,1,0,Cruzamento,Bom,Perfeito estado,Seca,Perfeito estado,Outras,60 km/h,Dupla,Canal
2021-02-22 00:00:00,20:56:00,COM VÍTIMA,COHAB,RUA DR BENIGNO JORDAO DE VASCONCELOS,,SUBURBIO,COLISÃO FRONTAL,2,0,0,0,0,0,0,0,0,1,0,Longo da via,Bom,Perfeito estado,Seca,Perfeito estado,Não há placas,,Dupla,Faixa seccionada
2021-02-23 00:00:00,07:56:00,SEM VÍTIMA,SANTO AMARO,AV CRUZ CABUGA,,CIDADE,COLISÃO LATERAL,1,1,0,0,0,0,0,0,0,0,0,Longo da via,Bom,Perfeito estado,Seca,Perfeito estado,R-6a,,Dupla,Faixa contínua
2021-02-23 00:00:00,08:02:00,COM VÍTIMA,SAN MARTIN,AV GENERAL SAN MARTIN,,CIDADE,COLISÃO FRONTAL,1,1,0,0,0,0,0,0,0,1,0,Longo da via,Bom,Perfeito estado,Seca,Perfeito estado,Não há placas,,Dupla,Faixa contínua
2021-02-23 00:00:00,08:27:00,COM VÍTIMA,ENCRUZILHADA,AV BEBERIBE,238,CIDADE,COLISÃO LATERAL,2,0,0,0,0,0,0,0,0,1,0,Longo da via,Bom,Perfeito estado,Seca,Perfeito estado,,40 km/h,Dupla,Faixa contínua
2021-02-23 00:00:00,08:28:00,COM VÍTIMA,IBURA,AV DOM HELDER CAMARA,,SUBURBIO,COLISÃO LATERAL,1,1,0,0,0,0,0,0,0,1,0,Longo da via,Bom,Não existente,Seca,Mal conservada,Não há placas,,Única,Não existe
2021-02-23 00:00:00,08:31:00,COM VÍTIMA,CORDEIRO,AV CAXANGA,,CIDADE,COLISÃO FRONTAL,1,1,0,0,0,0,0,0,0,1,0,Longo da via,Bom,Perfeito estado,Seca,Perfeito estado,R-6a,60 km/h,Dupla,Canteiro central
2021-02-23 00:00:00,10:13:00,COM VÍTIMA,BOA VIAGEM,RUA RIBEIRO DE BRITO,,SUBURBIO,COLISÃO COM CICLISTA,1,0,0,1,0,0,0,0,0,1,0,Cruzamento,Bom,Perfeito estado,Seca,Perfeito estado,Outras,40 km/h,Única,Não existe
2021-02-23 00:00:00,11:53:00,SEM VÍTIMA,SANTO ANTÔNIO,RUA DO SOL,14,,COLISÃO LATERAL,1,0,0,0,0,0,1,0,0,0,0,Cruzamento,Bom,Perfeito estado,Seca,Perfeito estado,Não há placas,40 km/h,Única,Faixa contínua
2021-02-23 00:00:00,12:33:00,COM VÍTIMA,ENCRUZILHADA,AV NORTE,,,COLISÃO,1,1,0,0,0,0,0,0,0,1,0,,,,,,,,,
2021-02-23 00:00:00,15:39:00,SEM VÍTIMA,AFOGADOS,AV SUL,,,COLISÃO,0,0,0,0,0,0,0,0,0,0,0,,,,,,,,,
2021-02-23 00:00:00,17:39:00,COM VÍTIMA,ARRUDA,RUA MEM DE SA,,,COLISÃO,1,1,0,0,0,0,0,0,0,1,0,Longo da via,Bom,Perfeito estado,Seca,Perfeito estado,Não há placas,40 km/h,Dupla,Não existe
2021-02-23 00:00:00,19:26:00,COM VÍTIMA,IMBIRIBEIRA,RUA ITAJAI,,SUBURBIO,COLISÃO FRONTAL,1,1,0,0,0,0,0,0,0,1,0,Longo da via,Bom,,Seca,Perfeito estado,Não há placas,30 km/h,Dupla,Não existe
2021-02-24 00:00:00,14:49:00,SEM VÍTIMA,ILHA JOANA BEZERRA,AV CENTRAL,,CIDADE,COLISÃO LATERAL,1,1,0,0,0,0,0,0,0,0,0,Longo da via,Bom,Perfeito estado,Seca,Perfeito estado,,,Dupla,
2021-02-24 00:00:00,18:36:00,COM VÍTIMA,IMBIRIBEIRA,AV TANCREDO NEVES,,CIDADE,COLISÃO LATERAL,0,2,0,0,0,0,0,0,0,2,0,Viaduto,Bom,Não existente,Seca,Perfeito estado,Não há placas,,Dupla,Canteiro central
2021-02-24 00:00:00,22:41:40,SEM VÍTIMA,TORRE,RUA CONDE DE IRAJA,,,COLISÃO,2,0,0,0,0,0,0,0,0,0,0,,,,,,,,,
2021-02-25 00:00:00,12:44:00,COM VÍTIMA,SANTO AMARO,RUA DOS PALMARES,,CIDADE,COLISÃO LATERAL,1,1,0,0,0,0,0,0,0,1,0,Longo da via,Bom,Perfeito estado,Seca,Perfeito estado,Não há placas,,Dupla,Canteiro central
2021-02-25 00:00:00,16:17:00,COM VÍTIMA,BOA VIAGEM,RUA BARAO DE SOUZA LEAO,476,SUBURBIO,COLISÃO TRANSVERSAL,1,1,0,0,0,0,0,0,0,1,0,Cruzamento,Bom,Perfeito estado,Seca,Perfeito estado,Outras,,Única,Faixa contínua
2021-02-26 00:00:00,07:30:00,COM VÍTIMA,CASA FORTE,RUA DONA ADA VIEIRA,,CIDADE,COLISÃO TRANSVERSAL,1,1,0,0,0,0,0,0,0,1,0,Esquina,Chuvoso,Perfeito estado,Molhada,Perfeito estado,R-6a,,Dupla,Faixa contínua
2021-02-26 00:00:00,11:36:00,SEM VÍTIMA,DERBY,AV GOVERNADOR AGAMENON MAGALHAES,37,BOA  VIAGEM,COLISÃO,1,0,0,0,0,0,0,1,0,0,0,,,,,,,,,
2021-02-26 00:00:00,14:06:00,SEM VÍTIMA,IPSEP,RUA POTENGY,,,COLISÃO,0,1,0,0,0,0,0,1,0,0,0,,,,,,,,,
2021-02-26 00:00:00,15:25:00,COM VÍTIMA,MANGABEIRA,AV NORTE,364,CIDADE,COLISÃO,2,1,0,0,0,0,0,0,0,1,0,Cruzamento,Chuvoso,Perfeito estado,Molhada,Perfeito estado,R-6c,,Dupla,Faixa contínua
2021-02-26 00:00:00,17:07:00,COM VÍTIMA,TAMARINEIRA,RUA IBIAPABA,,SUBURBIO,COLISÃO FRONTAL,1,1,0,0,0,0,0,0,0,1,0,Esquina,Chuvoso,Perfeito estado,Seca,Perfeito estado,"Placas ""Pare""",,Dupla,Faixa seccionada
2021-02-26 00:00:00,17:56:00,COM VÍTIMA,GRAÇAS,RUA DAS GRACAS,562,CIDADE,COLISÃO TRASEIRA,1,0,0,0,0,2,0,0,0,4,0,Longo da via,Chuvoso,Perfeito estado,Molhada,Perfeito estado,R-6a,,Única,Faixa contínua
2021-02-26 00:00:00,20:47:00,SEM VÍTIMA,SANTO AMARO,AV GOVERNADOR AGAMENON MAGALHAES,,SUBURBIO,COLISÃO,2,0,0,0,0,0,0,0,0,0,0,,,,,,,,,
2021-02-26 00:00:00,22:40:40,SEM VÍTIMA,IPSEP,AV RECIFE,,,COLISÃO,2,0,0,0,0,0,0,0,0,0,0,,,,,,,,,
2021-02-27 00:00:00,13:30:00,COM VÍTIMA,IPSEP,AV RECIFE,,SUBURBIO,COLISÃO TRASEIRA,1,1,0,0,0,0,0,0,0,1,0,Longo da via,Bom,Perfeito estado,Seca,Perfeito estado,Não há placas,,Dupla,Canteiro central
2021-02-27 00:00:00,15:00:00,COM VÍTIMA,BRASÍLIA TEIMOSA,RUA FRANCISCO VALPASSOS,,,COLISÃO,1,1,0,0,0,0,0,0,0,1,0,,,,,,,,,
2021-02-27 00:00:00,16:27:00,SEM VÍTIMA,COELHOS,AV AGOSTINHO GOMES,,,COLISÃO,1,0,0,0,0,0,0,1,0,0,0,,,,,,,,,
2021-02-27 00:00:00,18:59:00,COM VÍTIMA,BOA VIAGEM,RUA JOSE DOMINGUES DA SILVA,,,COLISÃO TRANSVERSAL,1,1,0,0,0,0,1,0,0,1,0,Cruzamento,Bom,Perfeito estado,Seca,Perfeito estado,"Placas ""Pare""",,Dupla,Faixa seccionada
2021-02-28 00:00:00,06:53:00,SEM VÍTIMA,BAIRRO DO RECIFE,AV MARTINS DE BARROS,,,CHOQUE,0,0,0,0,0,1,0,1,0,0,0,,,,,,,,,
2021-02-28 00:00:00,09:29:00,SEM VÍTIMA,ENCRUZILHADA,AV NORTE,,,COLISÃO,2,0,0,0,0,0,0,0,0,0,0,,,,,,,,,
2021-02-28 00:00:00,14:10:00,COM VÍTIMA,CAXANGÁ,AV CAXANGA,591,CIDADE,COLISÃO TRASEIRA,1,1,0,0,0,0,0,0,0,1,0,Longo da via,Bom,Perfeito estado,Seca,Perfeito estado,Outras,,Dupla,Faixa seccionada
2021-02-28 00:00:00,16:37:00,SEM VÍTIMA,AFOGADOS,RUA SAO MIGUEL,,,COLISÃO,2,0,0,0,0,0,0,0,0,0,0,,,,,,,,,
2021-02-28 00:00:00,18:36:00,SEM VÍTIMA,VÁRZEA,RUA JOSE ANTONIO DA COSTA FILHO,,,CHOQUE,0,0,0,0,0,0,0,0,0,0,0,,,,,,,,,
2021-02-28 00:00:00,19:50:00,COM VÍTIMA,IPSEP,RUA PAMPULHA,,SUBURBIO,COLISÃO COM CICLISTA,1,0,0,1,0,0,0,0,0,1,0,Cruzamento,Bom,Perfeito estado,Seca,Perfeito estado,"Placas ""Pare""",,Única,Faixa seccionada
2021-02-28 00:00:00,19:51:00,SEM VÍTIMA,MADALENA,AV BEIRA RIO,689,,COLISÃO,2,0,0,0,0,0,0,0,0,0,0,,,,,,,,,
2021-02-28 00:00:00,21:02:40,COM VÍTIMA,ENCRUZILHADA,EST DE BELEM,,,COLISÃO,1,1,0,0,0,0,0,0,0,2,0,,,,,,,,,
2021-03-01 00:00:00,00:11:00,SEM VÍTIMA,BOA VIAGEM,AV MARECHAL JUAREZ TAVORA,,,COLISÃO,0,0,0,0,0,0,0,0,0,0,0,,,,,,,,,
2021-03-01 00:00:00,06:43:00,COM VÍTIMA,PRADO,AV ENGENHEIRO ABDIAS DE CARVALHO,,CIDADE,COLISÃO LATERAL,1,1,0,0,0,0,0,0,0,1,0,Cruzamento,Chuvoso,Incompleta,Molhada,Perfeito estado,R-19,60 km/h,Única,Faixa seccionada
2021-03-01 00:00:00,07:31:00,COM VÍTIMA,CORDEIRO,AV GENERAL SAN MARTIN,,CIDADE,COLISÃO TRANSVERSAL,1,1,0,0,0,0,0,0,0,1,0,Longo da via,Chuvoso,Perfeito estado,Molhada,Perfeito estado,,,Dupla,Faixa contínua
2021-03-01 00:00:00,09:53:00,COM VÍTIMA,NOVA DESCOBERTA,RUA CORREGO DA AREIA,,SUBURBIO,COLISÃO TRASEIRA,1,1,0,0,0,0,0,0,0,2,0,Longo da via,Chuvoso,Perfeito estado,Molhada,Perfeito estado,Não há placas,40 km/h,Dupla,Faixa seccionada
2021-03-01 00:00:00,10:20:00,COM VÍTIMA,AREIAS,AV RECIFE,494,SUBURBIO,COLISÃO TRASEIRA,1,1,0,0,0,0,0,0,0,1,0,Longo da via,Chuvoso,Perfeito estado,Molhada,Perfeito estado,Não há placas,60 km/h,Única,Faixa seccionada