data,hora,natureza,bairro,endereco,num_semaforo,sentido_via,tipo,auto,moto,ciclom,ciclista,pedestre,onibus,caminhao,viatura,outros,vitimas,vitimasfatais,acidente_verificado,tempo_clima,sinalizacao,condicao_via,conservacao_via,situacao_placa,velocidade_max_via,mao_direcao,divisao_via1
2021-03-01 00:00:00,13:44:00,COM VÍTIMA,BOA VIAGEM,RUA CAPITAO ZUZINHA,,BOA VIAGEM,QUEDA,0,1,0,0,0,0,0,0,0,1,0,Longo da via,Chuvoso,Perfeito estado,Molhada,Perfeito estado,Não há placas,,Única,Faixa seccionada
2021-03-01 00:00:00,16:29:00,COM VÍTIMA,CORDEIRO,RUA DR MIGUEL VIEIRA FERREIRA,,SUBURBIO,COLISÃO TRANSVERSAL,1,1,0,0,0,0,0,0,0,2,0,Cruzamento,Chuvoso,Não existente,Molhada,Perfeito estado,Não há placas,,Dupla,Faixa contínua
2021-03-01 00:00:00,17:07:00,COM VÍTIMA,AFOGADOS,RUA VINTE E UM DE ABRIL,,SUBURBIO,COLISÃO TRANSVERSAL,1,1,0,0,0,0,0,0,0,1,0,Longo da via,Chuvoso,Não existente,Molhada,Perfeito estado,Não há placas,,Dupla,Não existe
2021-03-01 00:00:00,19:23:00,COM VÍTIMA,LINHA DO TIRO,RUA CORREGO DO EUCLIDES,,CIDADE,COLISÃO FRONTAL,1,1,0,0,0,0,0,0,0,1,0,Longo da via,Chuvoso,Não existente,Molhada,Perfeito estado,Não há placas,,Dupla,Não existe
2021-03-02 00:00:00,07:17:00,SEM VÍTIMA,SAN MARTIN,AV GENERAL SAN MARTIN,68,,COLISÃO LATERAL,0,0,0,0,0,0,0,0,0,0,0,,,,,,,,,
2021-03-02 00:00:00,07:20:00,SEM VÍTIMA,MACAXEIRA,AV NORTE,,,MONITORAMENTO,0,0,0,0,0,0,0,0,0,0,0,,,,,,,,,
2021-03-02 00:00:00,07:23:00,COM VÍTIMA,VASCO DA GAMA,AV NORTE,66,SUBURBIO,COLISÃO LATERAL,0,1,0,0,0,1,0,0,0,1,0,Cruzamento,Bom,Perfeito estado,Seca,Perfeito estado,Não há placas,60 km/h,Dupla,Canteiro central
2021-03-02 00:00:00,08:34:00,COM VÍTIMA,CORDEIRO,EST DO FORTE DO ARRAIAL N. DO B. JESUS,,CIDADE,COLISÃO COM CICLISTA,0,1,0,1,0,0,0,0,0,1,0,Longo da via,Bom,Perfeito estado,Seca,Perfeito estado,Não há placas,,Dupla,Faixa contínua
2021-03-02 00:00:00,09:14:00,COM VÍTIMA,BEBERIBE,AV BEBERIBE,,CIDADE,COLISÃO FRONTAL,1,1,0,0,0,0,0,0,0,1,0,Longo da via,Bom,Perfeito estado,Seca,Perfeito estado,Não há placas,,Dupla,Faixa contínua
2021-03-02 00:00:00,10:33:00,COM VÍTIMA,CAMPO GRANDE,RUA JERONIMO VILELA,,CIDADE,COLISÃO TRASEIRA,1,1,0,0,0,0,0,0,0,1,0,Longo da via,Bom,Perfeito estado,Seca,Perfeito estado,Outras,,Dupla,Faixa seccionada
2021-03-02 00:00:00,14:49:00,COM VÍTIMA,AREIAS,RUA CAMBUCA,,SUBURBIO,COLISÃO TRANSVERSAL,1,1,0,0,0,0,0,0,0,1,0,Cruzamento,Bom,Ilegível,Seca,Perfeito estado,"Placas ""Pare""",40 km/h,Dupla,Não existe
2021-03-02 00:00:00,17:00:00,COM VÍTIMA,ESTÂNCIA,AV DR JOSE RUFINO,,CIDADE,COLISÃO LATERAL,0,2,0,0,0,0,0,0,0,2,0,Longo da via,Bom,Perfeito estado,Seca,Perfeito estado,Não há placas,60 km/h,Dupla,Faixa contínua
2021-03-02 00:00:00,19:46:00,COM VÍTIMA,MADALENA,RUA MANOEL BERNARDES,,SUBURBIO,ATROPELAMENTO DE PESSOA,1,0,0,0,1,0,0,0,0,1,0,Outros,Bom,Perfeito estado,Seca,Perfeito estado,Não há placas,,Dupla,Não existe
2021-03-02 00:00:00,20:31:40,COM VÍTIMA,CASA AMARELA,AV NORTE,312,SUBURBIO,COLISÃO COM CICLISTA,1,0,0,1,0,0,0,0,0,1,0,Cruzamento,Bom,Perfeito estado,Seca,Perfeito estado,"Placas ""Pare""",,Dupla,Canteiro central
2021-03-03 00:00:00,09:29:00,SEM VÍTIMA,CAMPO GRANDE,RUA PRUDENTE DE MORAES,,,COLISÃO,2,0,0,0,0,0,0,0,0,0,0,Cruzamento,Bom,Perfeito estado,Seca,Perfeito estado,"Placas ""Pare""",30km,Dupla,Faixa seccionada
2021-03-03 00:00:00,12:23:00,SEM VÍTIMA,JOANA BEZERRA,AV GOVERNADOR AGAMENON MAGALHAES,,,COLISÃO,1,1,0,0,0,0,0,0,0,0,0,,,,,,,,,
2021-03-03 00:00:00,13:25:00,COM VÍTIMA,ZUMBI,AV CAXANGA,,CIDADE,COLISÃO LATERAL,1,1,0,0,0,0,0,0,0,1,0,Longo da via,Bom,Perfeito estado,Seca,Perfeito estado,Outras,60 km/h,Dupla,Canteiro central
2021-03-03 00:00:00,13:35:00,COM VÍTIMA,IBURA,AV DOIS RIOS,351,CIDADE,COLISÃO FRONTAL,1,1,0,0,0,0,0,0,0,2,0,Cruzamento,Bom,Perfeito estado,Seca,Perfeito estado,Não há placas,,Dupla,Faixa contínua
2021-03-03 00:00:00,15:18:00,COM VÍTIMA,AFOGADOS,EST DOS REMEDIOS,,CIDADE,COLISÃO LATERAL,1,1,0,0,0,0,0,0,0,1,0,Esquina,Bom,Perfeito estado,Seca,Perfeito estado,R-6a,,Única,Faixa seccionada
2021-03-03 00:00:00,16:35:00,COM VÍTIMA,BOMBA DO HEMETÉRIO,RUA JACOB,,SUBURBIO,COLISÃO LATERAL,1,1,0,0,0,0,0,0,0,1,0,Longo da via,Bom,Perfeito estado,Seca,Perfeito estado,Outras,30 km/h,Dupla,Faixa seccionada
2021-03-03 00:00:00,16:52:00,COM VÍTIMA,BAIRRO DO RECIFE,AV ALFREDO LISBOA,,SUBURBIO,COLISÃO LATERAL,0,2,0,0,0,0,0,0,0,1,0,Longo da via,Bom,Perfeito estado,Seca,Perfeito estado,Outras,,Única,Faixa seccionada
2021-03-03 00:00:00,18:11:00,COM VÍTIMA,CASA FORTE,AV DEZESSETE DE AGOSTO,,SUBURBIO,COLISÃO LATERAL,1,1,0,0,0,0,0,0,0,1,0,Longo da via,Bom,Perfeito estado,Seca,Perfeito estado,R-6a,60 km/h,Dupla,Faixa contínua
2021-03-03 00:00:00,18:46:00,COM VÍTIMA,IPSEP,AV RECIFE,,,COLISÃO,1,1,0,0,0,0,0,0,0,2,0,,,,,,,,,
2021-03-04 00:00:00,07:44:00,COM VÍTIMA,SANTO AMARO,AV GOVERNADOR AGAMENON MAGALHAES,108,SUBURBIO,COLISÃO LATERAL,1,1,0,0,0,0,0,0,0,2,0,Longo da via,Bom,Perfeito estado,Seca,Perfeito estado,,60 km/h,Dupla,Faixa contínua
2021-03-04 00:00:00,14:39:00,COM VÍTIMA,IPSEP,RUA DR RAPOSO PINTO,,SUBURBIO,COLISÃO LATERAL,1,1,0,0,0,0,0,0,0,1,0,Longo da via,Bom,Perfeito estado,Seca,Perfeito estado,,,Dupla,Faixa contínua
2021-03-04 00:00:00,15:09:00,SEM VÍTIMA,CASA AMARELA,AV NORTE,,,COLISÃO,3,0,0,0,0,0,0,0,0,0,0,Longo da via,Bom,Perfeito estado,Seca,Perfeito estado,Outras,n/i,Dupla,Canteiro central
2021-03-04 00:00:00,16:02:00,SEM VÍTIMA,TORRÕES,AV ENGENHEIRO ABDIAS DE CARVALHO,,,COLISÃO,0,0,0,0,0,0,0,0,0,0,0,Longo da via,Bom,Perfeito estado,Seca,Perfeito estado,Não há placas,60KM/H,Única,Canteiro central
2021-03-04 00:00:00,17:21:00,COM VÍTIMA,PRADO,AV ENGENHEIRO ABDIAS DE CARVALHO,,SUBURBIO,COLISÃO,1,1,0,0,0,0,0,0,0,2,0,,,,,,,,,
2021-03-04 00:00:00,17:29:00,SEM VÍTIMA,BOA VIAGEM,RUA TOME GIBSON,,,COLISÃO,0,0,0,0,0,0,0,0,0,0,0,,,,,,,,,
2021-03-04 00:00:00,19:30:00,SEM VÍTIMA,PINA,AV ANTONIO DE GOES,277,,COLISÃO,2,0,0,0,0,0,0,0,0,0,0,Longo da via,Bom,Perfeito estado,Seca,Perfeito estado,Não há placas,60km/h,Única,Faixa seccionada
2021-03-04 00:00:00,23:17:40,SEM VÍTIMA,ESPINHEIRO,RUA DA HORA,,,COLISÃO,2,0,0,0,0,0,0,0,0,0,0,Cruzamento,Bom,Perfeito estado,Seca,Perfeito estado,R-6a,,Única,Faixa seccionada
2021-03-05 00:00:00,15:21:00,COM VÍTIMA,BOA VISTA,RUA GERVASIO PIRES,,,COLISÃO COM CICLISTA,1,0,0,1,0,1,0,0,0,1,0,,,,,,,,,
2021-03-05 00:00:00,17:20:00,COM VÍTIMA,SANTO AMARO,AV PREFEITO ARTUR LIMA CAVALCANTI,,SUBURBIO,CHOQUE,0,1,0,0,0,0,0,0,0,1,0,Longo da via,Bom,Não existente,Seca,Perfeito estado,,40 km/h,Dupla,Canteiro central
2021-03-05 00:00:00,20:05:00,COM VÍTIMA,PORTO DA MADEIRA,AV BEBERIBE,,CIDADE,COLISÃO LATERAL,1,1,0,0,0,0,0,0,0,2,0,Cruzamento,Bom,Perfeito estado,Seca,Perfeito estado,Não há placas,,Dupla,Faixa seccionada
2021-03-06 00:00:00,09:28:00,COM VÍTIMA,IMBIRIBEIRA,AV MARECHAL MASCARENHAS DE MORAES,279,AEROPORTO,COLISÃO TRASEIRA,1,1,0,0,0,0,0,0,0,2,0,Longo da via,Bom,Perfeito estado,Seca,Perfeito estado,R-6a,60 km/h,Única,Faixa contínua
2021-03-06 00:00:00,19:56:00,SEM VÍTIMA,JARDIM SÃO PAULO,AV LIBERDADE,,,COLISÃO,2,0,0,0,0,0,0,0,0,0,0,Longo da via,Bom,Ilegível,Seca,Perfeito estado,Não há placas,,Dupla,Não existe
2021-03-06 00:00:00,22:32:40,SEM VÍTIMA,CAMPO GRANDE,RUA TENENTE GUIMARAES,,,CHOQUE,1,0,0,0,0,0,0,0,0,0,0,Longo da via,Bom,Não existente,Seca,Mal iluminada,Não há placas,,Dupla,Não existe
2021-03-07 00:00:00,00:49:00,SEM VÍTIMA,IPSEP,RUA ITAJAI,,,COLISÃO,2,0,0,0,0,0,0,0,0,0,0,,,,,,,,,
2021-03-07 00:00:00,21:28:40,COM VÍTIMA,COHAB,AV PERNAMBUCO,,,COLISÃO,1,1,0,0,0,0,0,0,0,1,0,,,,,,,,,
2021-03-08 00:00:00,01:22:00,SEM VÍTIMA,DOIS IRMÃOS,RUA DOIS IRMAOS,,,COLISÃO,2,0,0,0,0,0,0,0,0,0,0,,,,,,,,,
2021-03-08 00:00:00,08:34:00,COM VÍTIMA,IPSEP,RUA JEAN EMILE FAVRE,,CIDADE,COLISÃO COM CICLISTA,1,0,0,1,0,0,0,0,0,1,0,Longo da via,Bom,Perfeito estado,Seca,Perfeito estado,Outras,,Dupla,Faixa contínua
2021-03-08 00:00:00,10:13:00,SEM VÍTIMA,SANTO AMARO,AV GOVERNADOR AGAMENON MAGALHAES,379,OLINDA,COLISÃO,1,0,0,0,0,0,0,1,0,0,0,,Bom,Perfeito estado,Seca,,Não há placas,60KM/H,Única,Faixa seccionada
2021-03-08 00:00:00,12:20:00,COM VÍTIMA,TORRÕES,AV ENGENHEIRO ABDIAS DE CARVALHO,,SUBURBIO,COLISÃO COM CICLISTA,0,0,0,1,0,1,0,0,0,1,0,,,,,,,,,
2021-03-08 00:00:00,12:51:00,COM VÍTIMA,BOA VIAGEM,RUA VISCONDE DE JEQUITINHONHA,154,SUBURBIO,COLISÃO LATERAL,2,1,0,0,0,0,0,0,0,1,0,Longo da via,Bom,Perfeito estado,Seca,Perfeito estado,Outras,60 km/h,Única,Faixa seccionada
2021-03-08 00:00:00,21:23:40,COM VÍTIMA,SAN MARTIN,AV ENGENHEIRO ABDIAS DE CARVALHO,687,CIDADE,COLISÃO LATERAL,1,1,0,0,0,0,0,0,0,1,0,Cruzamento,Bom,Perfeito estado,Seca,Perfeito estado,Outras,,,Faixa seccionada
2021-03-09 00:00:00,05:10:00,SEM VÍTIMA,BOA VISTA,AV CONDE DA BOA VISTA,,,COLISÃO,0,0,0,0,0,1,1,0,0,0,0,Cruzamento,Bom,Perfeito estado,Seca,Perfeito estado,Não há placas,,Dupla,Canteiro central
2021-03-09 00:00:00,11:23:00,COM VÍTIMA,BOA VISTA,AV MANOEL BORBA,28,,COLISÃO LATERAL,1,1,0,0,0,0,0,0,0,1,0,Cruzamento,Bom,Perfeito estado,Seca,Perfeito estado,Outras,60 km/h,Única,Faixa contínua
2021-03-09 00:00:00,13:39:00,COM VÍTIMA,BREJO DE BEBERIBE,AV VEREADOR OTACILIO AZEVEDO,,CIDADE,COLISÃO LATERAL,2,1,0,0,0,0,0,0,0,1,0,Longo da via,Bom,Perfeito estado,Seca,Perfeito estado,"Placas ""Dê a preferência""",,Dupla,Faixa seccionada
2021-03-09 00:00:00,14:05:00,COM VÍTIMA,TEJIPIÓ,AV DR JOSE RUFINO,,CIDADE,COLISÃO LATERAL,1,1,0,0,0,0,0,0,0,1,0,Longo da via,Bom,Perfeito estado,Seca,Perfeito estado,R-6a,,Dupla,Faixa contínua
2021-03-09 00:00:00,14:43:00,COM VÍTIMA,TEJIPIÓ,AV DR JOSE RUFINO,,,COLISÃO,1,1,0,0,0,0,0,0,0,1,0,,,,,,,,,
2021-03-09 00:00:00,15:18:00,COM VÍTIMA,MADALENA,AV BEIRA RIO,,SUBURBIO,QUEDA,1,1,0,0,0,0,0,0,0,1,0,Longo da via,Bom,Perfeito estado,Seca,Perfeito estado,Outras,,,Faixa contínua
2021-03-09 00:00:00,16:59:00,COM VÍTIMA,DERBY,AV GOVERNADOR AGAMENON MAGALHAES,68,,COLISÃO TRANSVERSAL,1,2,0,0,0,0,0,0,0,1,0,Cruzamento,Bom,Perfeito estado,Seca,Perfeito estado,,60 km/h,Dupla,Canteiro central
2021-03-09 00:00:00,17:48:00,SEM VÍTIMA,AFOGADOS,RUA TEREZINHA LIMA,,,CHOQUE,0,0,0,0,0,0,1,0,0,0,0,,,,,,,,,
2021-03-09 00:00:00,20:22:00,COM VÍTIMA,SANTO AMARO,AV CRUZ CABUGA,34,CIDADE,COLISÃO TRASEIRA,1,1,0,0,0,0,0,0,0,1,0,Longo da via,Bom,Perfeito estado,Seca,Perfeito estado,Outras,60 km/h,Única,Faixa contínua
2021-03-10 00:00:00,12:17:00,COM VÍTIMA,PAISSANDU,RUA PAISSANDU,,CIDADE,COLISÃO TRANSVERSAL,1,1,0,0,0,0,0,0,0,1,0,Longo da via,Bom,Perfeito estado,Seca,Perfeito estado,R-6a,,Dupla,Faixa seccionada
2021-03-10 00:00:00,14:00:00,COM VÍTIMA,IBURA,AV DOM HELDER CAMARA,16,SUBURBIO,COLISÃO LATERAL,1,2,0,0,0,0,0,0,0,1,0,Longo da via,Bom,Perfeito estado,Seca,Perfeito estado,,60 km/h,Dupla,Faixa contínua
2021-03-10 00:00:00,16:22:00,SEM VÍTIMA,MADALENA,RUA DEMOSTENES DE OLINDA,,,COLISÃO,0,2,0,0,0,0,0,0,0,0,0,Esquina,Bom,Perfeito estado,Seca,Perfeito estado,"Placas ""Pare""",30KM/H,Única,Faixa contínua
2021-03-10 00:00:00,19:31:00,COM VÍTIMA,MADALENA,AV ENGENHEIRO ABDIAS DE CARVALHO,52,SUBURBIO,COLISÃO LATERAL,1,1,0,0,0,0,0,0,0,1,0,Cruzamento,Bom,Perfeito estado,Seca,Perfeito estado,Outras,,Única,Não existe
2021-03-12 00:00:00,13:00:00,SEM VÍTIMA,BOA VIAGEM,AV ENGENHEIRO DOMINGOS FERREIRA,128,SUBURBIO,COLISÃO TRASEIRA,2,0,0,0,0,0,0,0,0,0,0,Longo da via,Bom,Perfeito estado,Seca,Perfeito estado,Outras,,Única,Faixa contínua
2021-03-12 00:00:00,15:56:00,COM VÍTIMA,CABANGA,RUA CAPITAO TEMUDO,,PINA,ATROPELAMENTO DE PESSOA,1,1,0,0,1,0,0,0,0,1,0,Longo da via,Bom,Incompleta,Seca,Perfeito estado,Não há placas,,Única,Não existe
2021-03-12 00:00:00,16:17:00,COM VÍTIMA,TEJIPIÓ,AV DR JOSE RUFINO,497,SUBURBIO,COLISÃO LATERAL,1,1,0,0,0,0,0,0,0,1,0,Longo da via,Bom,Perfeito estado,Seca,Perfeito estado,Não há placas,40 km/h,Dupla,Faixa contínua
2021-03-12 00:00:00,16:37:00,COM VÍTIMA,BOA VIAGEM,AV BOA VIAGEM,547,CIDADE,COLISÃO TRASEIRA,1,1,0,0,0,0,0,0,0,1,0,Longo da via,Bom,Perfeito estado,Seca,Perfeito estado,Outras,,Única,Faixa seccionada
2021-03-12 00:00:00,18:43:00,SEM VÍTIMA,GRAÇAS,RUA DAS CREOULAS,,,CHOQUE,1,0,0,0,0,0,0,0,0,0,0,,,,,,,,,
2021-03-13 00:00:00,09:58:00,COM VÍTIMA,BOA VISTA,AV JOAO DE BARROS,198,SUBURBIO,QUEDA,0,1,0,0,0,0,0,0,0,1,0,Cruzamento,Bom,Não existente,Seca,Perfeito estado,,30 km/h,Única,Faixa seccionada
2021-03-13 00:00:00,11:10:00,COM VÍTIMA,BARRO,AV DR JOSE RUFINO,,SUBURBIO,COLISÃO TRANSVERSAL,1,1,0,0,0,0,0,0,0,1,0,Longo da via,Bom,Ilegível,Seca,Perfeito estado,,60 km/h,Dupla,Faixa contínua
2021-03-13 00:00:00,16:01:00,COM VÍTIMA,CORDEIRO,RUA DR MIGUEL VIEIRA FERREIRA,,SUBURBIO,COLISÃO LATERAL,1,1,0,0,0,0,0,1,0,1,0,Longo da via,Bom,Perfeito estado,Seca,Perfeito estado,R-6a,,Dupla,Faixa contínua
2021-03-13 00:00:00,16:09:00,SEM VÍTIMA,BOMBA DO HEMETÉRIO,RUA BOMBA DO HEMETERIO,,,COLISÃO TRASEIRA,2,0,0,0,0,0,0,0,0,0,0,,,,,,,,,
2021-03-14 00:00:00,11:06:00,COM VÍTIMA,IPSEP,RUA PAMPULHA,,SUL,COLISÃO TRANSVERSAL,1,1,0,0,0,0,0,0,0,1,0,Cruzamento,Bom,Perfeito estado,Seca,Perfeito estado,"Placas ""Pare""",40 km/h,Única,Não existe
2021-03-15 00:00:00,07:03:00,SEM VÍTIMA,PINA,AV ANTONIO DE GOES,,CIDADE,CHOQUE,1,0,0,0,0,0,0,0,0,0,0,Viaduto,Bom,Perfeito estado,Seca,Perfeito estado,Não há placas,,Única,Canteiro central
2021-03-15 00:00:00,14:37:00,SEM VÍTIMA,BOA VIAGEM,RUA BARAO DE SOUZA LEAO,,,,2,0,0,0,0,0,0,0,0,0,0,Longo da via,Bom,Perfeito estado,Seca,Perfeito estado,,,Única,Faixa seccionada
2021-03-16 00:00:00,07:40:00,COM VÍTIMA,IPUTINGA,AV CAXANGA,,CIDADE,ATROPELAMENTO DE PESSOA,1,0,0,0,1,0,0,0,0,1,0,Longo da via,Bom,Perfeito estado,Seca,Perfeito estado,Não há placas,,Dupla,Canteiro central
2021-03-16 00:00:00,09:00:00,COM VÍTIMA,BOA VIAGEM,AV BOA VIAGEM,,CIDADE,COLISÃO TRASEIRA,1,1,0,0,0,0,0,0,0,1,0,Longo da via,Bom,Perfeito estado,Seca,Perfeito estado,,,Única,Faixa seccionada
2021-03-16 00:00:00,10:47:00,SEM VÍTIMA,DOIS IRMÃOS,AV DA RECUPERACAO,416,CIDADE,COLISÃO TRASEIRA,1,0,0,0,0,0,0,1,0,0,0,Longo da via,Bom,Perfeito estado,Seca,Perfeito estado,Não há placas,30 km/h,Única,Faixa contínua
2021-03-16 00:00:00,14:49:00,SEM VÍTIMA,CASA FORTE,AV DEZESSETE DE AGOSTO,,,COLISÃO LATERAL,1,1,0,0,0,0,0,0,0,0,0,,,,,,,,,
2021-03-16 00:00:00,14:58:00,COM VÍTIMA,CASA FORTE,AV DEZESSETE DE AGOSTO,,SUBURBIO,COLISÃO TRASEIRA,1,1,0,0,0,0,0,0,0,1,0,Longo da via,Bom,Perfeito estado,Seca,Perfeito estado,Outras,,Dupla,Faixa contínua
2021-03-16 00:00:00,15:00:00,COM VÍTIMA,BOA VISTA,RUA PRINCESA IZABEL,,CIDADE,ATROPELAMENTO DE PESSOA,0,1,0,0,1,0,0,0,0,2,0,Longo da via,Bom,Perfeito estado,Seca,Perfeito estado,Não há placas,,Única,Faixa seccionada
2021-03-17 00:00:00,13:20:00,COM VÍTIMA,IMBIRIBEIRA,AV MARECHAL MASCARENHAS DE MORAES,530,CIDADE,COLISÃO LATERAL,1,1,0,0,0,0,0,0,0,1,0,Longo da via,Bom,Perfeito estado,Seca,Perfeito estado,,60 km/h,Única,Faixa seccionada
2021-03-17 00:00:00,14:45:00,COM VÍTIMA,ILHA JOANA BEZERRA,VDO PAPA JOAO PAULO II,,,COLISÃO TRASEIRA,0,2,0,0,0,0,0,0,0,1,0,,,,,,,,,
2021-03-17 00:00:00,15:40:00,COM VÍTIMA,SÃO JOSÉ,RUA DO PEIXOTO,,,ATROPELAMENTO DE PESSOA,0,1,0,0,1,0,0,0,0,1,0,,,,,,,,,
2021-03-17 00:00:00,16:11:00,SEM VÍTIMA,CAXANGÁ,AV CAXANGA,,,COLISÃO TRASEIRA,0,0,0,0,0,0,0,0,0,0,0,,,,,,,,,
2021-03-17 00:00:00,18:08:00,COM VÍTIMA,APIPUCOS,RUA DE APIPUCOS,,CIDADE,COLISÃO LATERAL,1,1,0,0,0,0,0,0,0,1,0,Longo da via,Bom,Perfeito estado,Seca,Perfeito estado,R-6a,40 km/h,Dupla,Faixa contínua
2021-03-18 00:00:00,08:12:00,SEM VÍTIMA,BOA VIAGEM,AVENIDA CELSO FURTADO (VIA MANGUE),,,CAPOTAMENTO,0,0,0,0,0,0,0,0,0,0,0,,,,,,,,,
2021-03-18 00:00:00,12:24:00,SEM VÍTIMA,SÃO JOSÉ,C SANTA RITA,473,SUBURBIO,CHOQUE,1,0,0,0,0,1,0,0,0,0,0,Longo da via,Bom,Perfeito estado,Seca,Perfeito estado,Não há placas,40 km/h,Dupla,Canteiro central
2021-03-18 00:00:00,12:58:00,COM VÍTIMA,ÁGUA FRIA,AV BEBERIBE,,CIDADE,ATROPELAMENTO DE PESSOA,0,1,0,0,1,0,0,0,0,1,0,Longo da via,Chuvoso,Perfeito estado,Molhada,Perfeito estado,Não há placas,60 km/h,Dupla,Faixa contínua
2021-03-18 00:00:00,16:47:00,COM VÍTIMA,BOA VIAGEM,AV BOA VIAGEM,,,COLISÃO TRASEIRA,1,1,0,0,0,0,0,0,0,2,0,,,,,,,,,
2021-03-18 00:00:00,20:28:00,COM VÍTIMA,BONGI,AV ENGENHEIRO ABDIAS DE CARVALHO,687,CIDADE,COLISÃO LATERAL,1,1,0,0,0,0,0,0,0,1,0,Longo da via,Bom,Perfeito estado,Seca,Perfeito estado,Outras,,Única,Faixa seccionada
2021-03-19 00:00:00,08:48:00,COM VÍTIMA,TEJIPIÓ,AV DR JOSE RUFINO,285,SUBURBIO,COLISÃO LATERAL,1,1,0,0,0,0,0,0,0,1,0,Cruzamento,Bom,Perfeito estado,Seca,Perfeito estado,Não há placas,60 km/h,Dupla,Faixa contínua
2021-03-19 00:00:00,10:53:00,COM VÍTIMA,CASA AMARELA,AV NORTE,,,COLISÃO TRASEIRA,1,1,0,0,0,0,0,0,0,1,0,,,,,,,,,
2021-03-19 00:00:00,11:32:00,COM VÍTIMA,CASA AMARELA,AV NORTE,,SUBURBIO,COLISÃO TRASEIRA,2,1,0,0,0,0,0,0,0,1,0,Longo da via,Bom,Perfeito estado,Seca,Perfeito estado,,,Dupla,Canteiro central
2021-03-19 00:00:00,16:37:00,COM VÍTIMA,SÃO JOSÉ,RUA IMPERIAL,510,SUBURBIO,COLISÃO TRANSVERSAL,1,1,0,0,0,0,0,0,0,1,0,Cruzamento,Bom,Perfeito estado,Seca,Perfeito estado,Outras,40 km/h,Única,Faixa seccionada
2021-03-19 00:00:00,18:15:00,SEM VÍTIMA,SANTO AMARO,AV JOAO DE BARROS,,,CHOQUE,0,0,0,0,0,0,0,0,0,0,0,,,,,,,,,
2021-03-19 00:00:00,21:02:40,VÍTIMA FATAL,BOA VIAGEM,AV ENGENHEIRO DOMINGOS FERREIRA,145,,COLISÃO TRANSVERSAL,1,1,0,0,0,0,0,0,0,1,1,Cruzamento,Bom,,Seca,Perfeito estado,,60 km/h,Única,
2021-03-19 00:00:00,21:04:40,COM VÍTIMA,ENCRUZILHADA,RUA AMARO COUTINHO,,CIDADE,COLISÃO TRANSVERSAL,1,1,0,0,0,0,0,0,0,1,0,Cruzamento,Bom,Perfeito estado,Seca,Perfeito estado,"Placas ""Pare""",,Única,Faixa seccionada
2021-03-20 00:00:00,04:00:00,SEM VÍTIMA,SANTO AMARO,AV PREFEITO ARTUR LIMA CAVALCANTI,,SUBURBIO,CHOQUE,1,0,0,0,0,0,0,0,0,0,0,,,,,,,,,
2021-03-20 00:00:00,07:18:00,COM VÍTIMA,MANGABEIRA,AV NORTE,364,CIDADE,COLISÃO LATERAL,0,2,0,0,0,0,0,0,0,1,0,Longo da via,Bom,Perfeito estado,Seca,Perfeito estado,R-6a,,Dupla,Faixa seccionada
2021-03-20 00:00:00,07:19:00,VÍTIMA FATAL,AREIAS,AV RECIFE,,JARDIM SÃO PAULO,ATROPELAMENTO DE PESSOA,0,0,0,0,1,0,1,0,0,0,1,Longo da via,Bom,Perfeito estado,Seca,Perfeito estado,,,,Faixa seccionada
2021-03-20 00:00:00,08:02:00,COM VÍTIMA,ROSARINHO,AV SANTOS DUMONT,98,SUBURBIO,COLISÃO TRASEIRA,2,0,0,0,0,0,0,0,0,1,0,Cruzamento,Chuvoso,Perfeito estado,,Perfeito estado,Outras,,Única,Faixa seccionada
2021-03-20 00:00:00,14:01:00,SEM VÍTIMA,IMBIRIBEIRA,AV MARECHAL MASCARENHAS DE MORAES,,,COLISÃO TRASEIRA,2,0,0,0,0,0,0,0,0,0,0,,,,,,,,,
2021-03-20 00:00:00,15:12:00,COM VÍTIMA,DOIS UNIDOS,AV HILDEBRANDO DE VASCONCELOS,,SUBURBIO,ATROPELAMENTO DE PESSOA,0,1,0,0,1,0,0,0,0,1,0,Longo da via,Bom,Não existente,Seca,Perfeito estado,Não há placas,,Dupla,Faixa seccionada
2021-03-20 00:00:00,16:18:00,COM VÍTIMA,SAN MARTIN,AV ENGENHEIRO ABDIAS DE CARVALHO,688,CIDADE,COLISÃO LATERAL,1,1,0,0,0,0,0,0,0,1,0,Longo da via,Bom,Perfeito estado,Seca,Perfeito estado,Não há placas,60 km/h,Única,Faixa contínua
2021-03-20 00:00:00,18:17:00,COM VÍTIMA,BOA VIAGEM,AV BOA VIAGEM,,CIDADE,COLISÃO TRASEIRA,1,1,0,0,0,0,0,0,0,1,0,Longo da via,Bom,Perfeito estado,Seca,Perfeito estado,Outras,,Única,Faixa seccionada