data,hora,natureza,bairro,endereco,num_semaforo,sentido_via,tipo,auto,moto,ciclom,ciclista,pedestre,onibus,caminhao,viatura,outros,vitimas,vitimasfatais,acidente_verificado,tempo_clima,sinalizacao,condicao_via,conservacao_via,situacao_placa,velocidade_max_via,mao_direcao,divisao_via1
2021-03-20 00:00:00,19:00:00,COM VÍTIMA,MADALENA,TUNEL DA ABOLICAO,,,COLISÃO LATERAL,1,1,0,0,0,0,0,0,0,1,0,,,,,,,,,
2021-03-21 00:00:00,19:18:00,SEM VÍTIMA,COHAB,AV SANTA FE,,,CHOQUE,1,0,0,0,0,0,0,0,0,0,0,,,,,,,,,
2021-03-21 00:00:00,21:39:40,COM VÍTIMA,CAXANGÁ,AV CAXANGA,,,COLISÃO LATERAL,0,2,0,0,0,0,0,0,0,2,0,,,,,,,,,
2021-03-22 00:00:00,07:32:00,COM VÍTIMA,MADALENA,RUA GOMES TABORDA,,,COLISÃO LATERAL,1,1,0,0,0,0,0,0,0,1,0,Cruzamento,Bom,Perfeito estado,Seca,Perfeito estado,Não há placas,30 km/h,Dupla,Faixa seccionada
2021-03-22 00:00:00,08:49:00,COM VÍTIMA,SANTO AMARO,AV JOAO DE BARROS,,SUBURBIO,ATROPELAMENTO DE PESSOA,0,0,0,0,1,1,0,0,0,1,0,Longo da via,Bom,Perfeito estado,Seca,Perfeito estado,"Placas ""Pare""",,Única,Canteiro central
2021-03-22 00:00:00,09:30:00,COM VÍTIMA,IBURA,RUA JORNALISTA EDSON REGIS,,CIDADE,COLISÃO LATERAL,1,1,0,0,0,0,0,0,0,1,0,Longo da via,Bom,Perfeito estado,Seca,Perfeito estado,R-6a,,Dupla,Faixa seccionada
2021-03-22 00:00:00,10:09:00,SEM VÍTIMA,ÁGUA FRIA,EST VELHA DE AGUA FRIA,,SUBURBIO,,1,0,0,0,0,0,0,1,0,0,0,Longo da via,Bom,Perfeito estado,Seca,Perfeito estado,Outras,30 km/h,Única,Outros
2021-03-22 00:00:00,11:32:00,COM VÍTIMA,JORDÃO,AV MARIA IRENE,,SUBURBIO,COLISÃO TRANSVERSAL,1,1,0,0,0,0,0,0,0,2,0,Cruzamento,Bom,Não existente,Seca,Perfeito estado,Não há placas,,Dupla,Não existe
2021-03-22 00:00:00,13:07:00,SEM VÍTIMA,MADALENA,AV BEIRA RIO,,,CHOQUE,0,0,0,0,0,0,1,0,0,0,0,,,,,,,,,
2021-03-22 00:00:00,15:05:00,COM VÍTIMA,HIPÓDROMO,RUA CARLOS FERNANDES,,,COLISÃO LATERAL,1,1,0,1,0,0,0,0,0,1,0,Cruzamento,Bom,Perfeito estado,Seca,Perfeito estado,"Placas ""Pare""",,Dupla,Faixa contínua
2021-03-22 00:00:00,17:33:00,VÍTIMA FATAL,ARRUDA,RUA DAS MOCAS,472,,COLISÃO TRANSVERSAL,0,2,0,0,0,0,0,0,0,1,1,Cruzamento,Bom,Perfeito estado,Seca,Perfeito estado,Outras,,Dupla,Faixa seccionada
2021-03-22 00:00:00,18:40:00,COM VÍTIMA,CORDEIRO,AV CAXANGA,,CIDADE,COLISÃO COM CICLISTA,1,0,0,1,0,0,0,0,0,1,0,,,,,,,,,
2021-03-22 00:00:00,19:35:00,COM VÍTIMA,PINA,RUA MANOEL DE BRITO,659,,COLISÃO LATERAL,1,1,0,0,0,0,0,0,0,1,0,Cruzamento,Bom,Perfeito estado,Seca,Perfeito estado,R-6a,,Única,Faixa contínua
2021-03-23 00:00:00,05:05:00,COM VÍTIMA,ESPINHEIRO,RUA DO ESPINHEIRO,,,COLISÃO TRANSVERSAL,1,0,0,0,0,1,0,0,0,1,0,,,,,,,,,
2021-03-23 00:00:00,07:18:00,SEM VÍTIMA,AFOGADOS,RUA NICOLAU PEREIRA,,SUBURBIO,,0,0,0,0,0,0,1,0,1,0,0,Longo da via,Bom,Perfeito estado,Seca,Perfeito estado,R-15,,Única,
2021-03-23 00:00:00,07:43:00,COM VÍTIMA,TORRE,AV BEIRA RIO,630,,QUEDA,0,0,0,1,0,0,0,0,0,1,0,,,,,,,,,
2021-03-23 00:00:00,16:15:00,COM VÍTIMA,TORRE,RUA SOUZA BANDEIRA,317,CIDADE,COLISÃO LATERAL,1,1,0,0,0,0,0,0,0,1,0,Longo da via,Bom,Perfeito estado,Seca,Perfeito estado,Não há placas,,Dupla,Faixa contínua
2021-03-23 00:00:00,20:19:00,COM VÍTIMA,SANTO AMARO,RUA DOS PALMARES,,CIDADE,COLISÃO FRONTAL,1,1,0,0,0,0,0,0,0,1,0,Cruzamento,Chuvoso,Perfeito estado,Molhada,Perfeito estado,Não há placas,50 km/h,Dupla,Canteiro central
2021-03-23 00:00:00,20:48:00,COM VÍTIMA,IBURA,AV PRESIDENTE DUTRA,,,COLISÃO LATERAL,1,1,0,0,0,0,0,0,0,1,0,Viaduto,Bom,Perfeito estado,Seca,Perfeito estado,Não há placas,60 km/h,Dupla,Faixa contínua
2021-03-23 00:00:00,20:56:00,SEM VÍTIMA,CABANGA,VIADUTO CAPITAO TEMUDO,,,COLISÃO TRASEIRA,2,0,0,0,0,0,0,0,0,0,0,,,,,,,,,
2021-03-24 00:00:00,08:18:00,COM VÍTIMA,BOA VIAGEM,RUA BALTAZAR PASSOS,154,SUBURBIO,COLISÃO TRANSVERSAL,1,1,0,0,0,0,0,0,0,1,0,Cruzamento,Chuvoso,Perfeito estado,Molhada,Perfeito estado,Outras,60 km/h,Única,
2021-03-24 00:00:00,09:35:00,SEM VÍTIMA,BOA VIAGEM,RUA VISCONDE DE JEQUITINHONHA,,,COLISÃO TRASEIRA,2,0,0,0,0,0,0,1,0,0,0,Longo da via,Chuvoso,Incompleta,Molhada,Perfeito estado,Não há placas,,Única,Faixa seccionada
2021-03-24 00:00:00,11:27:00,COM VÍTIMA,ILHA DO RETIRO,RUA PADRE TEOFILO TWORZ,,CIDADE,COLISÃO TRANSVERSAL,1,1,0,0,0,0,0,0,0,1,0,Cruzamento,Bom,Incompleta,Seca,Perfeito estado,Outras,40 km/h,Dupla,Canteiro central
2021-03-24 00:00:00,11:31:00,COM VÍTIMA,IPSEP,RUA JEAN EMILE FAVRE,564,SUBURBIO,COLISÃO TRANSVERSAL,1,1,0,0,0,0,0,0,0,1,0,Cruzamento,Chuvoso,Perfeito estado,Seca,Perfeito estado,Outras,,Dupla,Faixa contínua
2021-03-24 00:00:00,17:21:00,COM VÍTIMA,CASA AMARELA,AV NORTE,676,SUBURBIO,COLISÃO LATERAL,1,1,0,0,0,0,0,0,0,1,0,Longo da via,Chuvoso,Perfeito estado,Molhada,,Não há placas,,Dupla,
2021-03-25 00:00:00,07:07:00,COM VÍTIMA,CASA AMARELA,RUA PADRE LEMOS,,,COLISÃO LATERAL,0,1,0,0,0,1,0,0,0,1,0,Cruzamento,Bom,Perfeito estado,Seca,Perfeito estado,R-6a,,Dupla,Não existe
2021-03-25 00:00:00,14:18:00,COM VÍTIMA,FUNDÃO,RUA DO MACHADO,,SUBURBIO,COLISÃO LATERAL,1,1,0,0,0,0,0,0,0,1,0,Cruzamento,Bom,Perfeito estado,Seca,Perfeito estado,Não há placas,30 km/h,Dupla,Faixa seccionada
2021-03-25 00:00:00,15:54:00,COM VÍTIMA,GRAÇAS,RUA QUARENTA E OITO,11,CIDADE,COLISÃO TRANSVERSAL,1,1,0,0,0,0,0,0,0,2,0,Cruzamento,Bom,Incompleta,Seca,Perfeito estado,Não há placas,30 km/h,Única,Faixa seccionada
2021-03-25 00:00:00,18:12:00,COM VÍTIMA,PINA,AV ANTONIO DE GOES,,CIDADE,COLISÃO LATERAL,1,1,0,0,0,0,0,0,0,2,0,Longo da via,Bom,Perfeito estado,Seca,Perfeito estado,Não há placas,60 km/h,Única,Faixa seccionada
2021-03-26 00:00:00,09:37:00,SEM VÍTIMA,SANTO AMARO,RUA DOIS DE JULHO,,,,1,0,0,0,0,0,0,1,0,0,0,Longo da via,Bom,Perfeito estado,Seca,Perfeito estado,Outras,30 km/h,Dupla,Não existe
2021-03-26 00:00:00,11:32:00,COM VÍTIMA,IBURA,RUA RIO XINGU,351,SUBURBIO,COLISÃO TRANSVERSAL,1,1,0,0,0,0,0,0,0,1,0,Cruzamento,Bom,Perfeito estado,Seca,Perfeito estado,Não há placas,,Dupla,
2021-03-26 00:00:00,11:50:00,COM VÍTIMA,BOA VIAGEM,RUA PROFESSOR JOSE BRANDAO,,SUBURBIO,COLISÃO TRANSVERSAL,2,0,0,0,0,0,0,0,0,1,0,Cruzamento,Bom,Perfeito estado,Seca,Perfeito estado,"Placas ""Pare""",,Única,Faixa seccionada
2021-03-26 00:00:00,14:57:00,COM VÍTIMA,AFOGADOS,RUA COSME VIANA,525,SUBURBIO,COLISÃO TRANSVERSAL,1,1,0,0,0,0,0,0,0,1,0,Cruzamento,Bom,Perfeito estado,Seca,Perfeito estado,Outras,40 km/h,Única,Faixa contínua
2021-03-27 00:00:00,03:20:00,COM VÍTIMA,ESPINHEIRO,AV CONS ROSA E SILVA,522,SUBURBIO,COLISÃO TRANSVERSAL,1,1,0,0,0,0,0,0,0,1,0,Cruzamento,Bom,Perfeito estado,Seca,Perfeito estado,"Placas ""Pare""",40 km/h,Única,Faixa seccionada
2021-03-27 00:00:00,15:17:00,COM VÍTIMA,JIQUIÁ,AV DR JOSE RUFINO,,,COLISÃO FRONTAL,1,1,0,0,0,0,0,0,0,1,0,,,,,,,,,
2021-03-27 00:00:00,17:00:00,COM VÍTIMA,TEJIPIÓ,AV DR JOSE RUFINO,285,SUBURBIO,COLISÃO COM CICLISTA,1,0,0,1,0,0,0,0,0,1,0,Longo da via,Bom,Perfeito estado,Seca,Mal iluminada,Outras,50 km/h,Dupla,Faixa contínua
2021-03-27 00:00:00,20:11:00,COM VÍTIMA,CASA AMARELA,EST DAS UBAIAS,655,SUBURBIO,COLISÃO TRANSVERSAL,1,1,0,0,0,0,0,0,0,1,0,Cruzamento,Bom,Perfeito estado,Seca,Perfeito estado,,,Dupla,Faixa contínua
2021-03-27 00:00:00,21:16:40,COM VÍTIMA,CAMPO GRANDE,EST DE BELEM,26,,COLISÃO TRASEIRA,1,1,0,0,0,0,0,0,0,1,0,Longo da via,Chuvoso,Perfeito estado,Molhada,Perfeito estado,,,Dupla,Faixa contínua
2021-03-28 00:00:00,06:15:00,COM VÍTIMA,PINA,AVENIDA CELSO FURTADO (VIA MANGUE),,SUBURBIO,CHOQUE,0,1,0,0,0,0,0,0,0,1,0,Longo da via,Bom,,,,R-6a,,Dupla,
2021-03-28 00:00:00,14:41:00,COM VÍTIMA,DERBY,AV GOVERNADOR AGAMENON MAGALHAES,68,BOA VIAGEM,COLISÃO TRANSVERSAL,1,1,0,0,0,0,0,0,0,1,0,Cruzamento,Bom,Perfeito estado,Seca,Perfeito estado,Outras,60 km/h,,Faixa contínua
2021-03-28 00:00:00,15:36:00,COM VÍTIMA,SANTO AMARO,AV GOVERNADOR AGAMENON MAGALHAES,,CIDADE,COLISÃO LATERAL,1,1,0,0,0,0,0,0,0,1,0,Esquina,Bom,Perfeito estado,Seca,Perfeito estado,Outras,,Única,Faixa seccionada
2021-03-28 00:00:00,17:22:00,COM VÍTIMA,BOA VIAGEM,AV CONSELHEIRO AGUIAR,147,,COLISÃO LATERAL,2,0,0,0,0,0,0,0,0,3,0,Cruzamento,Bom,Perfeito estado,Seca,Perfeito estado,Não há placas,,Única,Faixa seccionada
2021-03-28 00:00:00,19:43:00,COM VÍTIMA,BONGI,RUA PROFESSOR CELESTIN MALZAC,,CIDADE,COLISÃO TRANSVERSAL,1,1,0,0,0,0,0,0,0,1,0,Longo da via,Bom,Incompleta,Seca,,Não há placas,,Dupla,Não existe
2021-03-29 00:00:00,09:24:00,COM VÍTIMA,MONTEIRO,RUA DE APIPUCOS,,SUBURBIO,COLISÃO TRANSVERSAL,1,1,0,0,0,0,0,0,0,1,0,Longo da via,Bom,Perfeito estado,Seca,Perfeito estado,R-6a,,Dupla,Faixa contínua
2021-03-29 00:00:00,09:47:00,COM VÍTIMA,VÁRZEA,RUA ACADEMICO HELIO RAMOS,,SUBURBIO,COLISÃO TRASEIRA,1,1,0,0,0,0,0,0,0,1,0,Longo da via,Bom,Perfeito estado,Seca,Perfeito estado,Não há placas,30 km/h,,Faixa seccionada
2021-03-29 00:00:00,11:55:00,COM VÍTIMA,SANTO AMARO,AV VISCONDE DE SUASSUNA,32,CIDADE,COLISÃO LATERAL,1,0,1,0,0,0,0,0,0,1,0,Cruzamento,Bom,Perfeito estado,Seca,Perfeito estado,Não há placas,40 km/h,Dupla,Não existe
2021-03-29 00:00:00,13:33:00,COM VÍTIMA,BEBERIBE,AV BEBERIBE,,,COLISÃO FRONTAL,1,1,0,0,0,0,0,0,0,1,0,,,,,,,,,
2021-03-29 00:00:00,17:04:00,COM VÍTIMA,CORDEIRO,RUA DR MIGUEL VIEIRA FERREIRA,,SUBURBIO,COLISÃO TRANSVERSAL,1,1,0,0,0,0,0,0,0,1,0,Esquina,Bom,Não existente,Seca,Perfeito estado,,,Dupla,Não existe
2021-03-29 00:00:00,19:54:00,COM VÍTIMA,ILHA DO LEITE,AV GOVERNADOR AGAMENON MAGALHAES,69,,ENGAVETAMENTO,4,0,0,0,0,0,0,0,0,3,0,,,,,,,,,
2021-03-29 00:00:00,22:34:40,SEM VÍTIMA,MADALENA,AV BEIRA RIO,327,,COLISÃO TRASEIRA,1,0,0,0,0,0,0,1,0,0,0,,,,,,,,,
2021-03-30 00:00:00,05:13:00,COM VÍTIMA,IPUTINGA,AV CAXANGA,533,CIDADE,COLISÃO COM CICLISTA,0,1,0,1,0,0,0,0,0,1,0,Cruzamento,Chuvoso,Perfeito estado,Molhada,Perfeito estado,Outras,,Única,Outros
2021-03-30 00:00:00,08:06:00,COM VÍTIMA,IMBIRIBEIRA,AV MARECHAL MASCARENHAS DE MORAES,530,CIDADE,COLISÃO TRASEIRA,1,1,0,0,0,0,0,0,0,1,0,Longo da via,Nublado,Perfeito estado,Molhada,Perfeito estado,Outras,,Única,Faixa seccionada
2021-03-30 00:00:00,12:40:00,COM VÍTIMA,BOA VIAGEM,RUA VISCONDE DE JEQUITINHONHA,158,SUBURBIO,ATROPELAMENTO DE PESSOA,0,1,0,0,1,0,0,0,0,1,0,Longo da via,Bom,Perfeito estado,Seca,Perfeito estado,Outras,60 km/h,Única,Faixa seccionada
2021-03-30 00:00:00,18:13:00,COM VÍTIMA,IMBIRIBEIRA,AV SUL,,SUBURBIO,ATROPELAMENTO DE PESSOA,1,0,0,0,1,0,0,0,0,1,0,Longo da via,Bom,Perfeito estado,Seca,Perfeito estado,Não há placas,30 km/h,Dupla,Não existe
2021-03-31 00:00:00,08:51:00,COM VÍTIMA,CASA AMARELA,RUA CONS NABUCO,285,CIDADE,COLISÃO TRANSVERSAL,1,1,0,0,0,0,0,0,0,2,0,Longo da via,Bom,Perfeito estado,Seca,Mal iluminada,Outras,50 km/h,Dupla,Faixa contínua
2021-03-31 00:00:00,15:32:00,SEM VÍTIMA,DERBY,AV GOVERNADOR AGAMENON MAGALHAES,75,CIDADE,,1,1,0,0,0,0,0,0,0,0,0,Cruzamento,Bom,Perfeito estado,Seca,Perfeito estado,,60 km/h,Dupla,Canal
2021-03-31 00:00:00,16:15:00,COM VÍTIMA,BREJO DA GUABIRABA,AV VEREADOR OTACILIO AZEVEDO,,,COLISÃO LATERAL,1,1,0,0,0,0,0,0,0,2,0,Longo da via,Bom,Não existente,Seca,Perfeito estado,Não há placas,,Dupla,Não existe
2021-03-31 00:00:00,17:05:00,COM VÍTIMA,MADALENA,AV VISCONDE DE ALBUQUERQUE,,SUBURBIO,COLISÃO TRASEIRA,1,1,0,0,0,0,0,0,0,1,0,Longo da via,Bom,Perfeito estado,Seca,Perfeito estado,Não há placas,30 km/h,Única,Faixa seccionada
2021-03-31 00:00:00,17:39:00,COM VÍTIMA,PAISSANDU,AV GOVERNADOR AGAMENON MAGALHAES,69,OLINDA,COLISÃO LATERAL,1,1,0,0,0,0,0,0,0,1,0,Cruzamento,Bom,Perfeito estado,Seca,Perfeito estado,R-19,60 km/h,Dupla,Canteiro central
2021-03-31 00:00:00,19:57:00,COM VÍTIMA,SAN MARTIN,AV RECIFE,259,SUBURBIO,COLISÃO TRASEIRA,1,1,0,0,0,0,0,0,0,1,0,Longo da via,Bom,Perfeito estado,Seca,Perfeito estado,R-4a,,Dupla,Canteiro central
2021-04-01 00:00:00,00:14:00,COM VÍTIMA,IBURA,RUA JORNALISTA EDSON REGIS,,,COLISÃO LATERAL,1,1,0,0,0,0,0,0,0,1,0,,,,,,,,,
2021-04-01 00:00:00,07:09:00,COM VÍTIMA,IMBIRIBEIRA,AV MARECHAL MASCARENHAS DE MORAES,531,SUBURBIO,COLISÃO TRASEIRA,1,1,0,0,0,0,0,0,0,1,0,Longo da via,Bom,Perfeito estado,Seca,Perfeito estado,R-6a,60 km/h,Dupla,Faixa contínua
2021-04-01 00:00:00,10:58:00,COM VÍTIMA,SANTO ANTÔNIO,AV MARTINS DE BARROS,,,COLISÃO TRASEIRA,1,2,0,0,0,0,0,0,0,1,0,Cruzamento,Bom,Perfeito estado,Seca,Perfeito estado,Não há placas,40 km/h,Única,Faixa seccionada
2021-04-01 00:00:00,19:19:00,COM VÍTIMA,BARRO,AV DR JOSE RUFINO,,CIDADE,COLISÃO TRASEIRA,1,1,0,0,0,0,0,0,0,1,0,Cruzamento,Bom,Incompleta,Seca,Perfeito estado,Outras,40 km/h,Dupla,Faixa contínua
2021-04-01 00:00:00,19:43:00,SEM VÍTIMA,SANTO ANTÔNIO,RUA DA CONCORDIA,408,,CHOQUE,1,0,0,0,0,0,1,0,0,0,0,,,,,,,,,
2021-04-01 00:00:00,21:22:40,COM VÍTIMA,MADALENA,RUA PESSOA DE MELO,,SUBURBIO,COLISÃO FRONTAL,1,1,0,0,0,0,0,0,0,1,0,Cruzamento,Chuvoso,Perfeito estado,Molhada,Perfeito estado,Não há placas,40 km/h,Única,
2021-04-02 00:00:00,09:25:00,SEM VÍTIMA,CAXANGÁ,AV CAXANGA,235,,SEMÁFORO,0,0,0,0,0,0,0,0,0,0,0,,,,,,,,,
2021-04-02 00:00:00,11:03:00,SEM VÍTIMA,CAXANGÁ,AV CAXANGA,235,,SEMÁFORO,0,0,0,0,0,0,0,0,0,0,0,,,,,,,,,
2021-04-02 00:00:00,12:24:00,SEM VÍTIMA,CORDEIRO,AV CAXANGA,235,,SEMÁFORO,0,0,0,0,0,0,0,0,0,0,0,,,,,,,,,
2021-04-02 00:00:00,20:46:00,COM VÍTIMA,BOA VISTA,AV GOVERNADOR AGAMENON MAGALHAES,78,SUBURBIO,COLISÃO LATERAL,0,0,0,0,0,0,0,0,0,1,0,,,,,,,,,
2021-04-02 00:00:00,21:22:40,COM VÍTIMA,TORRE,RUA JOSE BONIFACIO,191,SUBURBIO,COLISÃO COM CICLISTA,1,0,0,1,0,0,0,0,0,1,0,Cruzamento,Bom,Perfeito estado,Seca,Perfeito estado,,40 km/h,Única,
2021-04-03 00:00:00,09:47:00,COM VÍTIMA,CAMPO GRANDE,EST DE BELEM,,,COLISÃO LATERAL,1,1,0,0,0,0,0,0,0,2,0,,,,,,,,,
2021-04-03 00:00:00,10:31:00,COM VÍTIMA,SANTO AMARO,AV CRUZ CABUGA,474,CIDADE,COLISÃO TRASEIRA,1,1,0,0,0,0,0,0,0,1,0,Longo da via,Bom,Perfeito estado,Seca,Perfeito estado,Outras,,Dupla,Blocos
2021-04-03 00:00:00,15:20:00,SEM VÍTIMA,BOA VISTA,AV GOVERNADOR AGAMENON MAGALHAES,,SUBURBIO,COLISÃO TRASEIRA,2,0,0,0,0,0,0,0,0,0,0,Longo da via,Bom,Perfeito estado,Seca,Perfeito estado,,60 km/h,Dupla,Canteiro central
2021-04-03 00:00:00,18:17:00,COM VÍTIMA,CORDEIRO,AV GENERAL SAN MARTIN,767,SUBURBIO,COLISÃO FRONTAL,1,1,0,0,0,0,0,0,0,1,0,Cruzamento,Bom,Perfeito estado,Seca,Perfeito estado,Não há placas,60 km/h,Dupla,Faixa contínua
2021-04-03 00:00:00,20:59:00,SEM VÍTIMA,VÁRZEA,RUA PROFESSOR ANTONIO COELHO,,SUBURBIO,COLISÃO TRANSVERSAL,1,0,0,0,0,1,0,0,0,0,0,Cruzamento,Bom,Perfeito estado,Seca,Perfeito estado,"Placas ""Pare""",,Única,
2021-04-04 00:00:00,11:56:00,COM VÍTIMA,TAMARINEIRA,RUA CONEGO BARATA,,SUBURBIO,CHOQUE,0,1,0,0,0,0,0,0,0,1,0,Longo da via,Bom,Não existente,Seca,Outros,Não há placas,,Única,Não existe
2021-04-05 00:00:00,06:30:00,SEM VÍTIMA,PINA,RUA ARQUITETO AUGUSTO REINALDO,,,COLISÃO LATERAL,1,0,0,0,0,0,0,1,0,0,0,,,,,,,,,
2021-04-05 00:00:00,14:34:00,COM VÍTIMA,ÁGUA FRIA,AV BEBERIBE,405,CIDADE,COLISÃO COM CICLISTA,0,0,0,1,0,0,1,0,0,1,0,Longo da via,Bom,Perfeito estado,Seca,Perfeito estado,Outras,30 km/h,Dupla,Faixa contínua
2021-04-05 00:00:00,15:16:00,SEM VÍTIMA,CASA AMARELA,RUA DA HARMONIA,598,SUBURBIO,COLISÃO TRASEIRA,2,0,0,0,0,0,0,0,0,0,0,Longo da via,Bom,Perfeito estado,Seca,Perfeito estado,,,Dupla,Faixa seccionada
2021-04-05 00:00:00,16:21:00,SEM VÍTIMA,TORRÕES,RUA ZUMBI DOS PALMARES,,SUBURBIO,COLISÃO TRASEIRA,1,0,0,0,0,0,0,0,0,0,0,Cruzamento,Bom,Não existente,Seca,Perfeito estado,R-6a,30 km/h,Dupla,Não existe
2021-04-05 00:00:00,21:19:40,COM VÍTIMA,ILHA JOANA BEZERRA,VIADUTO CAPITAO TEMUDO,,BOA VIAGEM,COLISÃO TRASEIRA,1,1,0,0,0,0,0,0,0,2,0,Viaduto,Bom,Perfeito estado,Seca,Perfeito estado,Não há placas,60 km/h,Dupla,Faixa seccionada
2021-04-06 00:00:00,08:13:00,COM VÍTIMA,CORDEIRO,AV CAXANGA,,CIDADE,COLISÃO TRASEIRA,1,1,0,0,0,0,0,0,0,1,0,Longo da via,Bom,Perfeito estado,Seca,Perfeito estado,R-6a,,Dupla,Canteiro central
2021-04-06 00:00:00,12:09:00,COM VÍTIMA,COQUEIRAL,RUA ANANIAS CATANHO,,CIDADE,ATROPELAMENTO DE PESSOA,0,0,0,0,1,1,0,0,0,1,0,Longo da via,Bom,Perfeito estado,Seca,Perfeito estado,Não há placas,40 km/h,Dupla,Não existe
2021-04-06 00:00:00,12:34:00,SEM VÍTIMA,SÃO JOSÉ,TRV DO RAPOSO,,,COLISÃO LATERAL,1,0,0,0,0,0,0,0,1,0,0,Longo da via,Bom,Não existente,Seca,Perfeito estado,Não há placas,,Dupla,Não existe
2021-04-06 00:00:00,13:03:00,COM VÍTIMA,PONTO DE PARADA,RUA MEM DE SA,,CIDADE,COLISÃO FRONTAL,1,1,0,0,0,0,0,0,0,2,0,Cruzamento,Bom,Incompleta,Seca,Perfeito estado,Não há placas,40 km/h,Dupla,Não existe
2021-04-06 00:00:00,14:03:00,COM VÍTIMA,AFOGADOS,RUA COSME VIANA,430,S,COLISÃO LATERAL,1,1,0,0,0,0,0,0,0,2,0,Cruzamento,Bom,Perfeito estado,Seca,Perfeito estado,R-6a,60 km/h,Única,Faixa contínua
2021-04-06 00:00:00,14:49:00,COM VÍTIMA,VÁRZEA,RUA EMILIANO BRAGA,,,COLISÃO FRONTAL,1,1,0,0,0,0,0,0,0,1,0,,,,,,,,,
2021-04-06 00:00:00,18:22:00,COM VÍTIMA,CAXANGÁ,AV CAXANGA,,SUBURBIO,COLISÃO LATERAL,1,1,0,0,0,0,0,0,0,1,0,,Bom,Perfeito estado,Seca,Perfeito estado,Não há placas,,Única,Faixa seccionada
2021-04-07 00:00:00,10:03:00,COM VÍTIMA,TORRE,RUA MAURICIO DE NASSAU,,,ATROPELAMENTO DE PESSOA,0,1,0,0,1,0,0,0,0,1,0,Longo da via,Bom,Perfeito estado,Seca,Perfeito estado,Não há placas,60 km/h,Dupla,Faixa seccionada
2021-04-07 00:00:00,10:37:00,COM VÍTIMA,AFOGADOS,AV SUL,,CIDADE,COLISÃO COM CICLISTA,0,1,0,1,0,0,0,0,0,4,0,Longo da via,Bom,Incompleta,Seca,Perfeito estado,Outras,,Única,Faixa seccionada
2021-04-07 00:00:00,10:48:00,COM VÍTIMA,DERBY,AV GOVERNADOR AGAMENON MAGALHAES,68,,COLISÃO LATERAL,1,1,0,0,0,0,0,0,0,1,0,Cruzamento,Bom,Perfeito estado,Seca,Perfeito estado,Outras,,Única,
2021-04-07 00:00:00,13:01:00,COM VÍTIMA,TEJIPIÓ,AV DR JOSE RUFINO,,C,COLISÃO LATERAL,1,1,0,0,0,0,0,0,0,1,0,Longo da via,Bom,Perfeito estado,Seca,Perfeito estado,Não há placas,60 km/h,Dupla,Faixa contínua
2021-04-07 00:00:00,13:24:00,COM VÍTIMA,AFOGADOS,RUA SAO MIGUEL,,SUBURBIO,COLISÃO TRASEIRA,0,1,0,0,0,0,0,1,0,1,0,Longo da via,Bom,Perfeito estado,Seca,Perfeito estado,,60 km/h,Dupla,Faixa contínua
2021-04-08 00:00:00,08:32:00,COM VÍTIMA,NOVA DESCOBERTA,AV NORTE,,CIDADE,COLISÃO LATERAL,1,0,1,0,0,0,0,0,0,1,0,,Bom,Incompleta,Seca,Perfeito estado,Outras,60 km/h,Dupla,Canteiro central
2021-04-08 00:00:00,14:18:00,COM VÍTIMA,JARDIM SÃO PAULO,AV PIRACICABA,,,COLISÃO FRONTAL,1,1,0,0,0,1,0,0,0,1,0,,,,,,,,,
2021-04-08 00:00:00,19:12:00,SEM VÍTIMA,ENCRUZILHADA,AV NORTE,665,,CHOQUE,0,0,0,0,0,0,0,0,0,0,0,,,,,,,,,
2021-04-08 00:00:00,20:39:00,COM VÍTIMA,AFOGADOS,RUA VINTE E UM DE ABRIL,,SUBURBIO,COLISÃO LATERAL,1,1,0,0,0,0,0,0,0,2,0,Longo da via,Bom,Perfeito estado,Seca,Perfeito estado,Não há placas,30 km/h,Dupla,Não existe
2021-04-09 00:00:00,08:49:00,SEM VÍTIMA,VÁRZEA,AV JOAQUIM RIBEIRO,,,COLISÃO TRASEIRA,1,0,0,0,0,0,0,1,0,0,0,Cruzamento,Bom,Perfeito estado,Seca,Perfeito estado,Outras,60km/h,Única,Canteiro central
2021-04-09 00:00:00,09:31:00,COM VÍTIMA,IMBIRIBEIRA,AV MARECHAL MASCARENHAS DE MORAES,290,CIDADE,COLISÃO TRASEIRA,2,0,1,0,0,0,1,0,0,1,0,Cruzamento,Bom,Perfeito estado,Seca,Perfeito estado,Outras,60 km/h,Única,Faixa contínua