data,hora,natureza,bairro,endereco,num_semaforo,sentido_via,tipo,auto,moto,ciclom,ciclista,pedestre,onibus,caminhao,viatura,outros,vitimas,vitimasfatais,acidente_verificado,tempo_clima,sinalizacao,condicao_via,conservacao_via,situacao_placa,velocidade_max_via,mao_direcao,divisao_via1
2021-04-23 00:00:00,16:32:00,COM VÍTIMA,BOA VISTA,RUA DOM BOSCO,,SUBURBIO,ATROPELAMENTO DE PESSOA,1,0,0,0,1,0,0,0,0,1,0,Longo da via,Bom,Perfeito estado,Seca,Perfeito estado,,,Única,Faixa contínua
2021-04-23 00:00:00,17:51:00,SEM VÍTIMA,PINA,AV BRASILIA FORMOSA,,,COLISÃO FRONTAL,2,0,0,0,0,0,0,0,0,0,0,Longo da via,Bom,Não existente,Seca,Mal iluminada,Não há placas,,Dupla,Não existe
2021-04-23 00:00:00,20:19:00,COM VÍTIMA,ÁGUA FRIA,RUA DA REGENERACAO,,,COLISÃO FRONTAL,1,1,0,0,0,0,0,0,0,2,0,Cruzamento,Bom,Perfeito estado,Seca,,Não há placas,,Dupla,Não existe
2021-04-23 00:00:00,21:27:40,COM VÍTIMA,BOA VIAGEM,RUA VISCONDE DE JEQUITINHONHA,154,SUBURBIO,COLISÃO TRASEIRA,0,2,0,0,0,0,0,0,0,3,0,Longo da via,Bom,Perfeito estado,Seca,Perfeito estado,Não há placas,,Única,Faixa seccionada
2021-04-24 00:00:00,09:14:00,COM VÍTIMA,SANTO AMARO,AV GOVERNADOR AGAMENON MAGALHAES,379,,COLISÃO TRASEIRA,0,2,0,0,0,0,0,0,0,1,0,Longo da via,Bom,Perfeito estado,Seca,Perfeito estado,Outras,60 km/h,Dupla,Canteiro central
2021-04-24 00:00:00,10:08:00,COM VÍTIMA,IBURA,AV DOM HELDER CAMARA,,CIDADE,COLISÃO TRASEIRA,1,1,0,0,0,0,0,0,0,1,0,Longo da via,Bom,Incompleta,Seca,Perfeito estado,Não há placas,,Dupla,Canteiro central
2021-04-24 00:00:00,14:49:00,COM VÍTIMA,IMBIRIBEIRA,RUA PAMPULHA,,,COLISÃO FRONTAL,1,1,0,0,0,0,0,0,0,1,0,Cruzamento,Bom,Perfeito estado,Seca,Perfeito estado,"Placas ""Pare""",60 km/h,Única,Faixa seccionada
2021-04-24 00:00:00,15:26:00,SEM VÍTIMA,PAISSANDU,AV GOVERNADOR AGAMENON MAGALHAES,,BOA VIAGEM,COLISÃO TRASEIRA,2,0,0,0,0,0,0,0,0,0,0,,,,,,,,,
2021-04-24 00:00:00,16:15:00,COM VÍTIMA,CAMPO GRANDE,RUA JERONIMO VILELA,,,COLISÃO LATERAL,1,1,0,0,0,0,0,0,0,1,0,,,,,,,,,
2021-04-24 00:00:00,21:49:40,COM VÍTIMA,VASCO DA GAMA,RUA VASCO DA GAMA,,CIDADE,COLISÃO FRONTAL,1,1,0,0,0,0,0,0,0,1,0,Esquina,Bom,Incompleta,Seca,Perfeito estado,R-6a,30 km/h,Dupla,Não existe
2021-04-25 00:00:00,21:05:40,COM VÍTIMA,IPUTINGA,AV CAXANGA,232,,COLISÃO TRASEIRA,1,1,0,0,0,0,0,0,0,1,0,Cruzamento,Bom,Perfeito estado,Seca,Perfeito estado,Não há placas,,Dupla,Faixa seccionada
2021-04-26 00:00:00,10:19:00,COM VÍTIMA,IMBIRIBEIRA,AV GENERAL MAC ARTHUR,402,,COLISÃO COM CICLISTA,1,0,0,1,0,0,0,0,0,1,0,Cruzamento,Bom,Perfeito estado,Seca,Perfeito estado,R-6a,,Única,Faixa contínua
2021-04-26 00:00:00,11:34:00,COM VÍTIMA,IMBIRIBEIRA,AV MARECHAL MASCARENHAS DE MORAES,534,SUBURBIO,COLISÃO LATERAL,1,1,0,0,0,0,0,0,0,1,0,Cruzamento,Bom,Perfeito estado,Seca,Perfeito estado,Não há placas,,Dupla,Canteiro central
2021-04-26 00:00:00,12:31:00,COM VÍTIMA,CURADO,AV PREFEITO ANTONIO PEREIRA,,,COLISÃO LATERAL,1,1,0,0,0,1,0,0,0,2,0,Cruzamento,Bom,Perfeito estado,Seca,Perfeito estado,Não há placas,,Dupla,Faixa contínua
2021-04-26 00:00:00,13:06:00,COM VÍTIMA,BOA VIAGEM,AV BOA VIAGEM,555,CIDADE,COLISÃO FRONTAL,1,1,0,0,0,0,0,0,0,1,0,Esquina,Bom,Perfeito estado,Seca,Perfeito estado,Outras,,Única,Não existe
2021-04-26 00:00:00,17:59:00,COM VÍTIMA,ARRUDA,AV PROFESSOR JOSE DOS ANJOS,131,CIDADE,COLISÃO COM CICLISTA,0,0,0,1,0,0,1,0,0,1,0,Cruzamento,Bom,Perfeito estado,Seca,Perfeito estado,Outras,40 km/h,Única,Faixa seccionada
2021-04-26 00:00:00,20:22:00,SEM VÍTIMA,IMBIRIBEIRA,RUA GENERAL GOES MONTEIRO,,,COLISÃO TRANSVERSAL,0,0,0,0,0,0,1,1,0,0,0,Cruzamento,Bom,,Seca,Outros,"Placas ""Pare""",30km/h,Dupla,Não existe
2021-04-27 00:00:00,07:57:00,COM VÍTIMA,MADALENA,RUA REAL DA TORRE,179,SUBURBIO,COLISÃO TRASEIRA,1,1,0,0,0,0,0,0,0,1,0,Cruzamento,Bom,Perfeito estado,Seca,Perfeito estado,Não há placas,,Única,Faixa seccionada
2021-04-27 00:00:00,08:27:00,COM VÍTIMA,IPSEP,AV RECIFE,,CIDADE,COLISÃO TRASEIRA,0,1,0,0,0,0,1,0,0,1,0,Cruzamento,Bom,Perfeito estado,Seca,Perfeito estado,Não há placas,,Dupla,Faixa contínua
2021-04-27 00:00:00,08:55:00,COM VÍTIMA,MADALENA,RUA DEMOCRITO DE SOUZA FILHO,,,COLISÃO COM CICLISTA,1,0,0,1,0,0,0,0,0,1,0,Longo da via,Bom,Perfeito estado,Seca,Perfeito estado,R-6a,,Única,Não existe
2021-04-27 00:00:00,10:41:00,SEM VÍTIMA,BOA VIAGEM,RUA VISCONDE DE JEQUITINHONHA,,,COLISÃO FRONTAL,2,0,0,0,0,0,0,0,0,0,0,,,,,,,,,
2021-04-27 00:00:00,10:53:00,SEM VÍTIMA,IMBIRIBEIRA,AV MARECHAL MASCARENHAS DE MORAES,,,COLISÃO LATERAL,0,0,0,0,0,0,0,0,0,0,0,,,,,,,,,
2021-04-27 00:00:00,13:59:00,SEM VÍTIMA,MADALENA,AV CAXANGA,,,COLISÃO LATERAL,1,0,0,0,0,0,0,1,0,0,0,Longo da via,Bom,Perfeito estado,Seca,Perfeito estado,Não há placas,,Dupla,Faixa contínua
2021-04-27 00:00:00,17:01:00,SEM VÍTIMA,CABANGA,RUA PADRE CARLOS DE BARROS BARRETO,,,COLISÃO LATERAL,2,0,0,0,0,0,0,0,0,0,0,Longo da via,Bom,Não existente,Seca,Perfeito estado,Não há placas,40km/h,Dupla,Não existe
2021-04-27 00:00:00,19:54:00,COM VÍTIMA,MADALENA,EST DOS REMEDIOS,353,,COLISÃO LATERAL,0,1,0,0,0,0,0,1,0,1,0,Cruzamento,Bom,Perfeito estado,Seca,Perfeito estado,,,Única,Não existe
2021-04-28 00:00:00,07:23:00,SEM VÍTIMA,IPUTINGA,AV CAXANGA,533,,SEMÁFORO,0,0,0,0,0,0,0,0,0,0,0,,,,,,,,,
2021-04-28 00:00:00,09:30:00,COM VÍTIMA,TAMARINEIRA,RUA PADRE ROMA,61,SUBURBIO,COLISÃO TRANSVERSAL,1,1,0,0,0,0,0,0,0,1,0,Longo da via,Chuvoso,Perfeito estado,Molhada,Perfeito estado,R-4b,,Dupla,Faixa contínua
2021-04-28 00:00:00,14:11:00,SEM VÍTIMA,TORRÕES,AV ENGENHEIRO ABDIAS DE CARVALHO,422,,SEMÁFORO,0,0,0,0,0,0,0,0,0,0,0,,,,,,,,,
2021-04-28 00:00:00,15:43:00,SEM VÍTIMA,IPUTINGA,AV CAXANGA,533,,SEMÁFORO,0,0,0,0,0,0,0,0,0,0,0,,,,,,,,,
2021-04-28 00:00:00,17:51:00,SEM VÍTIMA,BOA VIAGEM,RUA DES JOAO PAES,,,CHOQUE,1,0,0,0,0,0,0,0,0,0,0,,,,,,,,,
2021-04-28 00:00:00,18:09:00,COM VÍTIMA,CASA FORTE,AV DEZESSETE DE AGOSTO,251,CIDADE,COLISÃO LATERAL,1,1,0,0,0,0,0,0,0,1,0,Cruzamento,Bom,Perfeito estado,Seca,Perfeito estado,,,Dupla,Faixa contínua
2021-04-28 00:00:00,18:38:00,SEM VÍTIMA,TORRÕES,AV ENGENHEIRO ABDIAS DE CARVALHO,,,SEMÁFORO,0,0,0,0,0,0,0,0,0,0,0,,,,,,,,,
2021-04-28 00:00:00,19:00:00,COM VÍTIMA,CASA AMARELA,AV NORTE,,CIDADE,COLISÃO FRONTAL,1,1,0,0,0,0,0,0,0,1,0,Longo da via,Bom,Ilegível,Seca,Mal conservada,,,Única,Não existe
2021-04-29 00:00:00,12:55:00,SEM VÍTIMA,SANTO AMARO,AV CRUZ CABUGA,627,,COLISÃO TRASEIRA,1,1,0,0,0,0,0,0,0,0,0,Longo da via,Bom,Perfeito estado,Seca,Perfeito estado,Não há placas,,Dupla,Faixa contínua
2021-04-29 00:00:00,13:49:00,SEM VÍTIMA,IMBIRIBEIRA,RUA SARGENTO SILVINO DE MACEDO,,,COLISÃO FRONTAL,0,0,0,0,0,0,0,0,0,0,0,Cruzamento,Bom,Perfeito estado,Seca,Perfeito estado,Não há placas,,Dupla,Não existe
2021-04-29 00:00:00,14:29:00,SEM VÍTIMA,ENCRUZILHADA,RUA FERNANDO CESAR,,CIDADE,CAPOTAMENTO,1,0,0,0,0,0,0,0,0,0,0,Longo da via,Bom,Perfeito estado,Seca,Perfeito estado,Outras,,Única,Faixa seccionada
2021-04-29 00:00:00,19:29:00,COM VÍTIMA,BOA VIAGEM,AV ENGENHEIRO DOMINGOS FERREIRA,,SUBURBIO,COLISÃO TRASEIRA,3,1,0,0,0,0,0,0,0,1,0,Longo da via,Bom,Perfeito estado,Seca,Perfeito estado,Não há placas,,Dupla,Canteiro central
2021-04-29 00:00:00,21:27:40,COM VÍTIMA,SÃO JOSÉ,RUA IMPERIAL,,SUBURBIO,COLISÃO LATERAL,2,0,0,0,0,0,0,0,0,2,0,Cruzamento,Bom,Perfeito estado,Seca,Perfeito estado,Não há placas,,Única,Faixa seccionada
2021-04-30 00:00:00,08:08:00,COM VÍTIMA,CASA AMARELA,RUA CONS NABUCO,,,COLISÃO FRONTAL,1,1,0,0,0,0,0,0,0,1,0,Longo da via,Chuvoso,Perfeito estado,Molhada,Perfeito estado,R-6a,,Dupla,Não existe
2021-04-30 00:00:00,08:17:00,SEM VÍTIMA,BOA VISTA,RUA DOM BOSCO,,,COLISÃO LATERAL,1,0,0,0,0,0,0,1,0,0,0,Longo da via,Chuvoso,Perfeito estado,Molhada,Perfeito estado,Não há placas,,Única,Faixa contínua
2021-04-30 00:00:00,09:56:00,SEM VÍTIMA,SANTO AMARO,AV GOVERNADOR AGAMENON MAGALHAES,,BOA VIAGEM,COLISÃO TRASEIRA,1,0,0,0,0,0,0,1,0,0,0,Longo da via,Bom,Perfeito estado,Seca,Perfeito estado,Não há placas,,Dupla,Canal
2021-04-30 00:00:00,11:59:00,COM VÍTIMA,CORDEIRO,RUA GOMES TABORDA,,CIDADE,ATROPELAMENTO DE PESSOA,0,1,0,0,1,0,0,0,0,1,0,Longo da via,Chuvoso,Perfeito estado,Molhada,Perfeito estado,Não há placas,30 km/h,Dupla,Faixa seccionada
2021-04-30 00:00:00,12:23:00,SEM VÍTIMA,IPUTINGA,EST DO BARBALHO,,,SEMÁFORO,0,0,0,0,0,0,0,0,0,0,0,,,,,,,,,
2021-04-30 00:00:00,16:10:00,COM VÍTIMA,SÍTIO DOS PINTOS,RUA MANUEL DE MEDEIROS,,SUBURBIO,COLISÃO LATERAL,1,1,0,0,0,0,0,0,0,1,0,Longo da via,Chuvoso,Perfeito estado,Seca,Mal conservada,R-19,30 km/h,Dupla,Não existe
2021-04-30 00:00:00,16:12:00,SEM VÍTIMA,CAXANGÁ,AV CAXANGA,80,,SEMÁFORO,0,0,0,0,0,0,0,0,0,0,0,,,,,,,,,
2021-04-30 00:00:00,18:19:00,COM VÍTIMA,CASA AMARELA,AV NORTE,,CIDADE,QUEDA,1,1,0,0,0,0,0,0,0,1,0,Longo da via,Bom,Perfeito estado,Seca,Mal iluminada,Outras,,Dupla,Canteiro central
2021-04-30 00:00:00,19:29:00,COM VÍTIMA,CABANGA,PRC GOVERNADOR PAULO GUERRA,662,SUBURBIO,ATROPELAMENTO DE PESSOA,0,1,0,0,1,0,0,0,0,1,0,Longo da via,Bom,Perfeito estado,Seca,Perfeito estado,,60 km/h,,Faixa contínua
2021-05-01 00:00:00,13:01:00,COM VÍTIMA,TOTÓ,AV LIBERDADE,,SUBURBIO,COLISÃO COM CICLISTA,1,0,0,1,0,0,0,0,0,1,0,Longo da via,Bom,Perfeito estado,Seca,Perfeito estado,Não há placas,,Dupla,Faixa contínua
2021-05-01 00:00:00,13:16:00,COM VÍTIMA,ENCRUZILHADA,AV NORTE,81,CIDADE,COLISÃO LATERAL,1,0,0,0,0,0,0,0,0,1,0,Cruzamento,Nublado,Perfeito estado,Seca,Perfeito estado,Outras,,Única,Canteiro central
2021-05-01 00:00:00,14:45:00,COM VÍTIMA,BOA VIAGEM,AV ENGENHEIRO DOMINGOS FERREIRA,550,,COLISÃO LATERAL,1,1,0,0,0,0,0,0,0,1,0,Longo da via,Bom,Perfeito estado,Seca,Perfeito estado,Não há placas,,Única,Faixa seccionada
2021-05-01 00:00:00,14:59:00,COM VÍTIMA,APIPUCOS,RUA DE APIPUCOS,248,CIDADE,ATROPELAMENTO DE PESSOA,1,0,0,0,1,0,0,0,0,1,0,Longo da via,Bom,Perfeito estado,Seca,Perfeito estado,Outras,,Dupla,Faixa contínua
2021-05-02 00:00:00,00:27:00,COM VÍTIMA,IPSEP,RUA ARACATUBA,,,COLISÃO TRASEIRA,1,1,0,0,0,0,0,0,0,1,0,,,,,,,,,
2021-05-02 00:00:00,12:58:00,COM VÍTIMA,IMBIRIBEIRA,AV MARECHAL MASCARENHAS DE MORAES,,,COLISÃO TRASEIRA,1,1,0,0,0,0,0,0,0,1,0,Longo da via,Chuvoso,Perfeito estado,Molhada,Perfeito estado,Outras,,Dupla,Faixa contínua
2021-05-02 00:00:00,17:51:00,COM VÍTIMA,BONGI,RUA APARECIDA DE MINAS,,SUBURBIO,CHOQUE,1,1,0,0,0,0,0,0,0,1,0,Longo da via,Bom,Não existente,Seca,Perfeito estado,Não há placas,,Dupla,Não existe
2021-05-02 00:00:00,18:05:00,COM VÍTIMA,MADALENA,RUA LOPES DE CARVALHO,,CIDADE,COLISÃO LATERAL,1,1,0,0,0,0,0,0,0,1,0,Longo da via,Bom,Não existente,Seca,Perfeito estado,Não há placas,60 km/h,Única,Faixa seccionada
2021-05-02 00:00:00,18:23:00,COM VÍTIMA,IPSEP,RUA PINTOR ANTONIO ALBUQUERQUE,,SUBURBIO,COLISÃO COM CICLISTA,1,0,0,1,0,0,0,0,0,1,0,Longo da via,Bom,Perfeito estado,Seca,Perfeito estado,Não há placas,30 km/h,Única,Faixa contínua
2021-05-02 00:00:00,19:25:00,COM VÍTIMA,CORDEIRO,EST DO FORTE DO ARRAIAL N. DO B. JESUS,,SUBURBIO,COLISÃO LATERAL,1,1,0,0,0,0,0,0,0,1,0,Longo da via,Bom,Perfeito estado,Seca,Perfeito estado,Não há placas,,Dupla,Faixa contínua
2021-05-03 00:00:00,08:07:00,COM VÍTIMA,CORDEIRO,RUA GOMES TABORDA,67,CIDADE,COLISÃO FRONTAL,1,1,0,0,0,0,0,0,0,1,0,Longo da via,Bom,Perfeito estado,Seca,Perfeito estado,"Placas ""Pare""",,Dupla,Faixa seccionada
2021-05-03 00:00:00,08:20:00,COM VÍTIMA,GRAÇAS,RUA AMELIA,845,CIDADE,CAPOTAMENTO,1,0,0,0,0,0,0,0,0,1,0,Longo da via,Bom,Perfeito estado,Seca,Perfeito estado,Outras,,Única,Faixa seccionada
2021-05-03 00:00:00,08:38:00,COM VÍTIMA,IMBIRIBEIRA,RUA ARQUITETO LUIZ NUNES,633,CIDADE,ATROPELAMENTO DE PESSOA,1,0,0,0,1,0,0,0,0,1,0,Cruzamento,Chuvoso,Perfeito estado,Molhada,Perfeito estado,Não há placas,70 km/h,Dupla,Faixa contínua
2021-05-03 00:00:00,14:59:00,COM VÍTIMA,TORRÕES,AV INACIO MONTEIRO,566,,COLISÃO LATERAL,1,1,0,0,0,0,0,0,0,1,0,Cruzamento,Bom,Perfeito estado,Seca,Perfeito estado,Não há placas,30 km/h,Dupla,
2021-05-03 00:00:00,15:49:00,COM VÍTIMA,SÃO JOSÉ,AV DANTAS BARRETO,181,SUBURBIO,COLISÃO LATERAL,0,1,0,0,0,1,0,0,0,1,0,Cruzamento,Bom,Perfeito estado,Seca,Perfeito estado,Não há placas,,Dupla,Faixa contínua
2021-05-03 00:00:00,16:51:00,COM VÍTIMA,DOIS IRMÃOS,RUA DOIS IRMAOS,189,SUBURBIO,COLISÃO LATERAL,1,1,0,0,0,0,0,0,0,1,0,Longo da via,Bom,Perfeito estado,Seca,Perfeito estado,Outras,,Dupla,Faixa contínua
2021-05-03 00:00:00,18:05:00,SEM VÍTIMA,BOA VISTA,AV GOVERNADOR AGAMENON MAGALHAES,37,,COLISÃO TRASEIRA,3,0,0,0,0,0,0,0,0,0,0,,,,,,,,,
2021-05-03 00:00:00,18:18:00,COM VÍTIMA,SÃO JOSÉ,C SANTA RITA,76,CIDADE,,0,1,0,0,0,0,0,0,0,2,0,Longo da via,Bom,Perfeito estado,Seca,Perfeito estado,Não há placas,60 km/h,Dupla,Canteiro central
2021-05-03 00:00:00,18:37:00,COM VÍTIMA,IMBIRIBEIRA,RUA ANTONIO FALCAO,,SUBURBIO,COLISÃO LATERAL,1,1,0,0,0,0,0,0,0,2,0,Longo da via,Bom,Perfeito estado,Seca,Perfeito estado,"Placas ""Pare""",,Única,Faixa seccionada
2021-05-03 00:00:00,21:50:40,COM VÍTIMA,AFOGADOS,RUA SAO MIGUEL,,CIDADE,COLISÃO FRONTAL,1,1,0,0,0,0,0,0,0,1,0,Longo da via,Chuvoso,Perfeito estado,Molhada,Perfeito estado,Não há placas,,Dupla,Faixa seccionada
2021-05-04 00:00:00,08:22:00,COM VÍTIMA,SANTO AMARO,AV NORTE,,SUBURBIO,COLISÃO LATERAL,0,0,0,0,0,0,0,0,0,1,0,Longo da via,Chuvoso,Perfeito estado,Molhada,Perfeito estado,Outras,,Dupla,Canteiro central
2021-05-04 00:00:00,08:39:00,COM VÍTIMA,BOA VIAGEM,RUA COPACABANA,,CIDADE,COLISÃO TRASEIRA,2,0,0,0,0,0,0,0,0,1,0,Cruzamento,Chuvoso,Incompleta,Molhada,Perfeito estado,Outras,,Dupla,Faixa contínua
2021-05-04 00:00:00,12:28:00,COM VÍTIMA,CABANGA,AV SUL,260,SUBURBIO,COLISÃO FRONTAL,0,1,0,0,0,1,0,0,0,1,0,Cruzamento,Chuvoso,Perfeito estado,Molhada,Perfeito estado,Não há placas,,Dupla,Blocos
2021-05-04 00:00:00,13:35:00,COM VÍTIMA,CORDEIRO,RUA GOMES TABORDA,,CIDADE,COLISÃO LATERAL,1,1,0,0,0,0,0,0,0,1,0,Longo da via,Bom,Não existente,Seca,Perfeito estado,Não há placas,60 km/h,Dupla,Faixa seccionada
2021-05-04 00:00:00,14:34:00,SEM VÍTIMA,CASA AMARELA,RUA CONS NABUCO,,,COLISÃO LATERAL,2,0,0,0,0,0,0,0,0,0,0,,,,,,,,,
2021-05-04 00:00:00,17:11:00,COM VÍTIMA,CASA FORTE,EST DO ENCANAMENTO,,SUBURBIO,COLISÃO TRANSVERSAL,1,1,0,0,0,0,0,0,0,1,0,Longo da via,Nublado,Perfeito estado,Seca,Perfeito estado,Outras,30 km/h,Dupla,Faixa seccionada
2021-05-04 00:00:00,20:59:40,SEM VÍTIMA,CAXANGÁ,AV CAXANGA,,,COLISÃO TRASEIRA,2,0,0,0,0,0,0,0,0,0,0,,,,,,,,,
2021-05-05 00:00:00,08:27:00,COM VÍTIMA,SANTO AMARO,AV CRUZ CABUGA,,CIDADE,COLISÃO TRASEIRA,1,1,0,0,0,0,0,0,0,2,0,Longo da via,Bom,Perfeito estado,Seca,Perfeito estado,Não há placas,,Dupla,Faixa contínua
2021-05-05 00:00:00,11:58:00,COM VÍTIMA,CIDADE UNIVERSITÁRIA,RUA PROFESSOR ANTONIO COELHO,,,COLISÃO LATERAL,1,1,0,0,0,0,0,0,0,1,0,,,,,,,,,
2021-05-05 00:00:00,13:46:00,COM VÍTIMA,CABANGA,RUA COMANDANTE ANTONIO MANHAES DE MATTOS,,CIDADE,COLISÃO FRONTAL,1,1,0,0,0,0,0,0,0,1,0,Cruzamento,Bom,,Seca,Perfeito estado,Não há placas,,Dupla,Não existe
2021-05-05 00:00:00,14:48:00,COM VÍTIMA,SANTO AMARO,AV GOVERNADOR AGAMENON MAGALHAES,,OLINDA,COLISÃO TRASEIRA,1,1,0,0,0,1,0,0,0,1,0,,,,,,,,,
2021-05-06 00:00:00,05:15:00,COM VÍTIMA,CAXANGÁ,AV CAXANGA,,SUBURBIO,COLISÃO FRONTAL,1,2,0,0,0,0,0,0,0,3,0,Longo da via,Bom,Perfeito estado,Seca,Perfeito estado,Não há placas,,Dupla,Canteiro central
2021-05-06 00:00:00,09:19:00,COM VÍTIMA,ENCRUZILHADA,RUA CASTRO ALVES,666,SUBURBIO,ATROPELAMENTO DE PESSOA,1,0,0,0,1,0,0,0,0,1,0,Esquina,Bom,Perfeito estado,Seca,Perfeito estado,Não há placas,30 km/h,Única,Faixa seccionada
2021-05-06 00:00:00,12:48:00,COM VÍTIMA,CORDEIRO,AV MAURICIO DE NASSAU,,,COLISÃO FRONTAL,2,1,0,0,0,0,0,0,0,1,0,,,,,,,,,
2021-05-06 00:00:00,14:46:00,COM VÍTIMA,SANTO AMARO,AV CRUZ CABUGA,,CIDADE,COLISÃO LATERAL,1,1,0,0,0,0,0,0,0,1,0,Longo da via,Bom,Perfeito estado,Seca,Perfeito estado,R-6a,,Dupla,Faixa seccionada
2021-05-06 00:00:00,18:52:00,COM VÍTIMA,CASA AMARELA,RUA CASA AMARELA,,SUBURBIO,COLISÃO COM CICLISTA,1,0,0,1,0,0,0,0,0,1,0,Cruzamento,Bom,Perfeito estado,Seca,Perfeito estado,R-6a,30 km/h,Dupla,Não existe
2021-05-06 00:00:00,20:12:00,COM VÍTIMA,BOA VIAGEM,RUA VISCONDE DE JEQUITINHONHA,433,SUBURBIO,COLISÃO COM CICLISTA,1,0,0,1,0,0,0,0,0,1,0,Cruzamento,Bom,Perfeito estado,Seca,Perfeito estado,Não há placas,,Única,
2021-05-06 00:00:00,20:33:00,COM VÍTIMA,IMBIRIBEIRA,AV MARECHAL MASCARENHAS DE MORAES,240,SUBURBIO,COLISÃO LATERAL,1,1,0,0,0,0,0,0,0,1,0,Longo da via,Bom,Perfeito estado,Seca,Perfeito estado,Não há placas,,Única,Faixa contínua
2021-05-06 00:00:00,20:39:40,SEM VÍTIMA,BOA VIAGEM,RUA PROFESSOR JOSE BRANDAO,,,COLISÃO LATERAL,2,0,0,0,0,0,0,0,0,0,0,,,,,,,,,
2021-05-07 00:00:00,09:12:00,COM VÍTIMA,SANTO AMARO,AV GOVERNADOR AGAMENON MAGALHAES,,,COLISÃO TRASEIRA,1,1,0,0,0,0,0,0,0,1,0,,,,,,,,,
2021-05-07 00:00:00,11:05:00,COM VÍTIMA,IBURA,AV RECIFE,16,,COLISÃO TRANSVERSAL,1,1,0,0,0,0,0,0,0,1,0,Longo da via,Bom,Perfeito estado,Seca,Perfeito estado,,60 km/h,Dupla,Faixa seccionada
2021-05-07 00:00:00,14:04:00,COM VÍTIMA,IMBIRIBEIRA,AV MARECHAL MASCARENHAS DE MORAES,570,,COLISÃO TRASEIRA,1,1,0,0,0,0,0,0,0,1,0,,,,,,,,,
2021-05-07 00:00:00,14:37:00,COM VÍTIMA,ESPINHEIRO,AV GOVERNADOR AGAMENON MAGALHAES,,CIDADE,COLISÃO LATERAL,1,1,0,0,0,0,0,0,0,1,0,Longo da via,Bom,Perfeito estado,Seca,Perfeito estado,Não há placas,,Dupla,Canteiro central
2021-05-07 00:00:00,19:08:00,COM VÍTIMA,IMBIRIBEIRA,AV RECIFE,,,COLISÃO COM CICLISTA,1,0,0,1,0,0,0,0,0,1,0,Longo da via,Bom,Perfeito estado,Seca,Perfeito estado,Não há placas,60 km/h,Única,Canteiro central
2021-05-07 00:00:00,20:56:40,COM VÍTIMA,ESTÂNCIA,AV RECIFE,,,ENGAVETAMENTO,3,1,0,0,0,0,0,0,0,1,0,,,,,,,,,
2021-05-08 00:00:00,06:42:00,COM VÍTIMA,TORRE,RUA REAL DA TORRE,106,SUBURBIO,COLISÃO FRONTAL,1,1,0,0,0,0,0,0,0,2,0,Cruzamento,Chuvoso,Perfeito estado,Molhada,Perfeito estado,Não há placas,,Única,Faixa seccionada
2021-05-08 00:00:00,07:13:00,COM VÍTIMA,SÃO JOSÉ,AV SUL,509,CIDADE,COLISÃO TRASEIRA,1,1,0,0,0,0,0,0,0,1,0,Cruzamento,Bom,Perfeito estado,Molhada,Perfeito estado,R-4a,,Única,
2021-05-08 00:00:00,08:53:00,COM VÍTIMA,IMBIRIBEIRA,AV MARECHAL MASCARENHAS DE MORAES,385,CIDADE,COLISÃO TRASEIRA,1,1,0,0,0,0,0,0,0,1,0,Longo da via,Chuvoso,Perfeito estado,Molhada,Perfeito estado,Não há placas,,Dupla,Faixa contínua
2021-05-08 00:00:00,13:04:00,COM VÍTIMA,BARRO,AV DR JOSE RUFINO,,SUBURBIO,COLISÃO LATERAL,1,1,0,0,0,0,0,0,0,1,0,Longo da via,Bom,Perfeito estado,Seca,Perfeito estado,Não há placas,60 km/h,Dupla,Faixa contínua
2021-05-08 00:00:00,13:40:00,COM VÍTIMA,TOTÓ,AV LIBERDADE,,CIDADE,ATROPELAMENTO DE PESSOA,1,0,0,0,1,0,0,0,0,1,0,Longo da via,Bom,Perfeito estado,Seca,Perfeito estado,Não há placas,,Dupla,Faixa contínua
2021-05-08 00:00:00,14:48:00,COM VÍTIMA,CIDADE UNIVERSITÁRIA,RUA EMILIANO BRAGA,,SUBURBIO,COLISÃO LATERAL,1,1,0,0,0,0,0,0,0,1,0,Cruzamento,Bom,Perfeito estado,Seca,Perfeito estado,"Placas ""Pare""",40 km/h,,Faixa seccionada
2021-05-09 00:00:00,14:56:00,SEM VÍTIMA,BOA VIAGEM,RUA DOM JOSE LOPES,,,COLISÃO TRASEIRA,2,0,0,0,0,0,0,0,0,0,0,,,,,,,,,