data,hora,natureza,bairro,endereco,num_semaforo,sentido_via,tipo,auto,moto,ciclom,ciclista,pedestre,onibus,caminhao,viatura,outros,vitimas,vitimasfatais,acidente_verificado,tempo_clima,sinalizacao,condicao_via,conservacao_via,situacao_placa,velocidade_max_via,mao_direcao,divisao_via1
2021-05-09 00:00:00,15:02:00,COM VÍTIMA,AFOGADOS,RUA NICOLAU PEREIRA,242,,COLISÃO LATERAL,1,1,0,0,0,0,0,0,0,1,0,,,,,,,,,
2021-05-09 00:00:00,21:57:40,SEM VÍTIMA,BOA VIAGEM,AV BOA VIAGEM,,,CHOQUE,1,0,0,0,0,0,0,0,0,0,0,,,,,,,,,
2021-05-10 00:00:00,09:53:00,COM VÍTIMA,MACAXEIRA,AV NORTE,296,SUBURBIO,COLISÃO TRASEIRA,1,1,0,0,0,0,0,0,0,1,0,Longo da via,Chuvoso,Perfeito estado,Molhada,Perfeito estado,Outras,,Dupla,Canteiro central
2021-05-10 00:00:00,12:16:00,COM VÍTIMA,BOA VIAGEM,AV CONSELHEIRO AGUIAR,,,COLISÃO FRONTAL,1,1,0,0,0,0,0,0,0,1,0,,,,,,,,,
2021-05-10 00:00:00,12:31:00,COM VÍTIMA,IBURA,RUA DR BENIGNO JORDAO DE VASCONCELOS,,,COLISÃO LATERAL,1,1,0,0,0,0,0,0,0,1,0,,,,,,,,,
2021-05-10 00:00:00,13:43:00,COM VÍTIMA,TAMARINEIRA,RUA GOMES COUTINHO,,,COLISÃO TRASEIRA,0,1,0,0,0,0,1,0,0,1,0,,,,,,,,,
2021-05-11 00:00:00,10:14:00,COM VÍTIMA,VASCO DA GAMA,RUA VASCO DA GAMA,,,COLISÃO FRONTAL,1,1,0,0,0,0,0,0,0,1,0,,,,,,,,,
2021-05-11 00:00:00,13:33:00,COM VÍTIMA,CASA AMARELA,AV NORTE,,,COLISÃO COM CICLISTA,0,0,0,1,0,1,0,0,0,1,0,,,,,,,,,
2021-05-11 00:00:00,17:41:00,COM VÍTIMA,SANTO AMARO,AV GOVERNADOR AGAMENON MAGALHAES,,CIDADE,COLISÃO LATERAL,2,1,0,0,0,0,0,0,0,1,0,,,,,,,,,
2021-05-11 00:00:00,18:07:00,SEM VÍTIMA,MADALENA,AV VISCONDE DE ALBUQUERQUE,,,COLISÃO TRANSVERSAL,1,0,0,0,0,0,0,0,1,0,0,,,,,,,,,
2021-05-11 00:00:00,18:35:00,COM VÍTIMA,SÃO JOSÉ,AV SUL,,,COLISÃO LATERAL,0,2,0,0,0,0,0,0,0,1,0,,,,,,,,,
2021-05-11 00:00:00,18:50:00,COM VÍTIMA,CASA FORTE,RUA DE APIPUCOS,,,ATROPELAMENTO DE ANIMAL,0,0,0,0,0,0,0,0,0,1,0,,,,,,,,,
2021-05-11 00:00:00,18:53:00,SEM VÍTIMA,ILHA DO LEITE,RUA JOSE DE ALENCAR,,,COLISÃO FRONTAL,2,0,0,0,0,0,0,0,0,0,0,,,,,,,,,
2021-05-12 00:00:00,11:35:00,COM VÍTIMA,CASA AMARELA,RUA PADRE LEMOS,,,COLISÃO FRONTAL,1,1,0,0,0,0,0,0,0,1,0,Longo da via,Bom,Incompleta,Seca,Perfeito estado,R-6a,30 km/h,Dupla,Não existe
2021-05-12 00:00:00,12:07:00,COM VÍTIMA,AFOGADOS,RUA VINTE E UM DE ABRIL,,SUBURBIO,COLISÃO FRONTAL,0,2,0,0,0,0,0,0,0,1,0,Longo da via,Bom,Não existente,Seca,Perfeito estado,Não há placas,60 km/h,Dupla,Não existe
2021-05-12 00:00:00,13:59:00,COM VÍTIMA,PINA,PTE GOVERNADOR PAULO GUERRA,,SUBURBIO,,1,1,0,0,0,0,0,0,0,1,0,Longo da via,Bom,Perfeito estado,Seca,Perfeito estado,Não há placas,,Única,Faixa seccionada
2021-05-12 00:00:00,15:17:00,COM VÍTIMA,SÃO JOSÉ,RUA IMPERIAL,,,COLISÃO LATERAL,0,2,0,0,0,0,0,0,0,1,0,,,,,,,,,
2021-05-12 00:00:00,15:56:00,COM VÍTIMA,SAN MARTIN,AV JOAO CABRAL DE MELO NETO,,,COLISÃO COM CICLISTA,0,1,0,0,0,0,0,0,0,1,0,,,,,,,,,
2021-05-12 00:00:00,17:58:00,COM VÍTIMA,BOA VISTA,RUA DA AURORA,,SUBURBIO,ATROPELAMENTO DE PESSOA,0,1,0,0,1,0,0,0,0,1,0,Longo da via,Bom,Perfeito estado,Seca,Perfeito estado,R-6a,60 km/h,Única,Faixa seccionada
2021-05-13 00:00:00,01:36:00,SEM VÍTIMA,SANTO AMARO,AV GOVERNADOR AGAMENON MAGALHAES,,,CHOQUE,1,0,0,0,0,0,0,0,0,0,0,,,,,,,,,
2021-05-13 00:00:00,15:41:00,SEM VÍTIMA,BOA VISTA,RUA BISPO CARDOSO AYRES,,,ALAGAMENTO,0,0,0,0,0,0,0,0,0,0,0,,,,,,,,,
2021-05-13 00:00:00,16:07:00,SEM VÍTIMA,BOA VISTA,RUA BISPO CARDOSO AYRES,,,ALAGAMENTO,0,0,0,0,0,0,0,0,0,0,0,,,,,,,,,
2021-05-13 00:00:00,17:04:00,SEM VÍTIMA,BOA VISTA,RUA BISPO CARDOSO AYRES,,,ALAGAMENTO,0,0,0,0,0,0,0,0,0,0,0,,,,,,,,,
2021-05-14 00:00:00,18:00:00,COM VÍTIMA,PRADO,RUA SANTA EDWIRGES,354,CIDADE,COLISÃO LATERAL,1,1,0,0,0,0,0,0,0,1,0,Cruzamento,Chuvoso,Perfeito estado,Molhada,Perfeito estado,Outras,,Única,Não existe
2021-05-14 00:00:00,19:12:00,SEM VÍTIMA,BOMBA DO HEMETÉRIO,RUA BOMBA DO HEMETERIO,,,COLISÃO LATERAL,0,0,0,0,0,0,0,0,0,0,0,,,,,,,,,
2021-05-14 00:00:00,19:36:00,SEM VÍTIMA,CASA AMARELA,AV NORTE,,,COLISÃO FRONTAL,2,0,0,0,0,0,0,0,0,0,0,,,,,,,,,
2021-05-15 00:00:00,11:09:00,COM VÍTIMA,BOA VIAGEM,RUA JOAQUIM BANDEIRA,,,COLISÃO TRANSVERSAL,1,1,0,0,0,0,0,0,0,1,0,,,,,,,,,
2021-05-15 00:00:00,13:00:00,COM VÍTIMA,ÁGUA FRIA,RUA MANOEL SILVA,,,COLISÃO LATERAL,2,0,0,0,0,0,0,0,0,1,0,,,,,,,,,
2021-05-15 00:00:00,14:03:00,COM VÍTIMA,CAXANGÁ,AV CAXANGA,,CIDADE,COLISÃO TRASEIRA,1,1,0,0,0,0,0,0,0,1,0,Longo da via,Bom,Perfeito estado,Seca,Perfeito estado,Não há placas,,Dupla,Canteiro central
2021-05-15 00:00:00,14:35:00,COM VÍTIMA,CAMPO GRANDE,EST DE BELEM,,CIDADE,COLISÃO TRASEIRA,0,1,0,0,0,1,0,0,0,1,0,Longo da via,Bom,Perfeito estado,Seca,Perfeito estado,Outras,,Dupla,Faixa contínua
2021-05-15 00:00:00,15:13:00,COM VÍTIMA,IBURA,AV RECIFE,,CIDADE,COLISÃO TRASEIRA,1,1,0,0,0,0,0,0,0,1,0,Longo da via,Bom,Perfeito estado,Seca,Perfeito estado,Outras,60 km/h,Dupla,Canteiro central
2021-05-15 00:00:00,15:28:00,COM VÍTIMA,PONTO DE PARADA,RUA COUTO MAGALHAES,,SUBURBIO,COLISÃO TRASEIRA,2,0,0,0,0,0,0,0,0,3,0,Longo da via,Bom,Não existente,Seca,Perfeito estado,Não há placas,,Dupla,Não existe
2021-05-15 00:00:00,15:40:00,COM VÍTIMA,SANTO AMARO,AV CRUZ CABUGA,,CIDADE,COLISÃO COM CICLISTA,1,0,0,1,0,0,0,0,0,1,0,Longo da via,Bom,Perfeito estado,Seca,Perfeito estado,Não há placas,,Dupla,Faixa seccionada
2021-05-15 00:00:00,15:45:00,COM VÍTIMA,BOA VIAGEM,RUA DOS NAVEGANTES,,SUBURBIO,COLISÃO LATERAL,1,1,0,0,0,0,0,0,0,1,0,Cruzamento,Bom,Perfeito estado,Seca,Perfeito estado,Não há placas,,Única,Não existe
2021-05-15 00:00:00,19:06:00,SEM VÍTIMA,BOA VIAGEM,RUA TENENTE JOAO CICERO,,CIDADE,COLISÃO TRANSVERSAL,3,0,0,0,0,0,0,0,0,0,0,Cruzamento,Bom,Incompleta,Seca,Perfeito estado,"Placas ""Pare""",,Única,Não existe
2021-05-15 00:00:00,21:46:40,SEM VÍTIMA,TORREÃO,RUA OTHON PARAISO,,,COLISÃO FRONTAL,2,0,0,0,0,0,0,0,0,0,0,,,,,,,,,
2021-05-16 00:00:00,07:35:00,SEM VÍTIMA,IMBIRIBEIRA,AV MARECHAL MASCARENHAS DE MORAES,,,COLISÃO LATERAL,3,0,0,0,0,0,0,0,0,0,0,,,,,,,,,
2021-05-16 00:00:00,07:41:00,COM VÍTIMA,BOA VIAGEM,AV ENGENHEIRO DOMINGOS FERREIRA,545,SUBURBIO,CAPOTAMENTO,2,0,0,0,0,0,0,0,0,1,0,Cruzamento,Bom,Perfeito estado,Seca,Perfeito estado,R-6a,,Única,Canteiro central
2021-05-16 00:00:00,17:27:00,COM VÍTIMA,BOA VIAGEM,AV ENGENHEIRO DOMINGOS FERREIRA,545,SUBURBIO,COLISÃO LATERAL,1,1,0,0,0,0,0,0,0,1,0,Cruzamento,Bom,Perfeito estado,Seca,Perfeito estado,,60 km/h,Única,Faixa contínua
2021-05-16 00:00:00,19:10:00,COM VÍTIMA,TORRE,RUA JOSE BONIFACIO,,CIDADE,COLISÃO COM CICLISTA,1,1,0,0,0,0,0,0,0,1,0,Longo da via,Bom,Perfeito estado,Seca,Perfeito estado,R-6a,40 km/h,Dupla,Canteiro central
2021-05-16 00:00:00,19:09:00,COM VÍTIMA,MADALENA,AV BEIRA RIO,387,CIDADE,COLISÃO COM CICLISTA,1,0,0,1,0,0,0,0,0,1,0,Cruzamento,Bom,Perfeito estado,Seca,Perfeito estado,R-6a,,Única,
2021-05-16 00:00:00,19:13:00,COM VÍTIMA,SANTO AMARO,AV GOVERNADOR AGAMENON MAGALHAES,78,SUBURBIO,CHOQUE,1,1,0,0,0,0,0,0,0,1,0,Longo da via,Bom,Perfeito estado,Seca,Perfeito estado,Outras,60 km/h,Única,Faixa seccionada
2021-05-17 00:00:00,07:07:00,COM VÍTIMA,IPUTINGA,AV CAXANGA,533,SUBURBIO,COLISÃO LATERAL,1,1,0,0,0,0,0,0,0,1,0,Longo da via,Bom,Perfeito estado,Seca,Perfeito estado,Não há placas,60 km/h,Única,Faixa seccionada
2021-05-17 00:00:00,09:17:00,SEM VÍTIMA,CASA AMARELA,RUA PAULA BATISTA,,CIDADE,COLISÃO TRANSVERSAL,1,0,0,0,0,0,0,1,0,0,0,Cruzamento,Bom,Incompleta,Seca,Perfeito estado,Outras,,Dupla,Faixa seccionada
2021-05-17 00:00:00,10:09:00,COM VÍTIMA,BOMBA DO HEMETÉRIO,RUA BOMBA DO HEMETERIO,,SUBURBIO,COLISÃO TRASEIRA,1,1,0,0,0,0,0,0,0,2,0,Rotatória,Bom,Perfeito estado,Seca,Perfeito estado,Não há placas,30 km/h,Dupla,Faixa seccionada
2021-05-17 00:00:00,11:32:00,COM VÍTIMA,IMBIRIBEIRA,RUA JORGE DE LIMA,402,SUBURBIO,COLISÃO LATERAL,0,2,0,0,0,0,0,0,0,1,0,Cruzamento,Bom,Perfeito estado,Seca,Perfeito estado,Outras,60 km/h,Única,Faixa contínua
2021-05-17 00:00:00,14:56:00,COM VÍTIMA,SÃO JOSÉ,AV DANTAS BARRETO,,CIDADE,ATROPELAMENTO DE PESSOA,1,0,0,0,1,0,0,0,0,1,0,Longo da via,Bom,Perfeito estado,Seca,Perfeito estado,Não há placas,,Dupla,Faixa contínua
2021-05-17 00:00:00,19:12:00,SEM VÍTIMA,MANGABEIRA,RUA DA MANGABEIRA,,,COLISÃO LATERAL,2,0,0,0,0,0,0,0,0,0,0,,,,,,,,,
2021-05-17 00:00:00,19:22:00,COM VÍTIMA,COQUEIRAL,RUA ANANIAS CATANHO,,,ATROPELAMENTO DE PESSOA,0,1,0,0,1,0,0,0,0,1,0,,,,,,,,,
2021-05-17 00:00:00,19:52:00,COM VÍTIMA,SANTO AMARO,AV NORTE,34,CIDADE,COLISÃO TRASEIRA,1,1,0,0,0,0,0,0,0,1,0,Longo da via,Bom,Perfeito estado,Seca,Perfeito estado,"Placas ""Dê a preferência""",,Única,Não existe
2021-05-18 00:00:00,07:54:00,COM VÍTIMA,AREIAS,AV RECIFE,,,COLISÃO LATERAL,0,2,0,0,0,0,0,0,0,1,0,Longo da via,Bom,Perfeito estado,Seca,Perfeito estado,Outras,,Dupla,Canteiro central
2021-05-18 00:00:00,09:44:00,COM VÍTIMA,ILHA DO LEITE,RUA FRANCISCO ALVES,,SUBURBIO,COLISÃO LATERAL,1,1,0,0,0,0,0,0,0,1,0,Longo da via,Bom,Perfeito estado,Seca,Perfeito estado,"Placas ""Dê a preferência""",,Dupla,Faixa contínua
2021-05-18 00:00:00,12:48:00,COM VÍTIMA,TORRE,RUA CONDE DE IRAJA,,SUBURBIO,COLISÃO LATERAL,1,1,0,0,0,0,0,0,0,1,0,Longo da via,Bom,Perfeito estado,Seca,Perfeito estado,Não há placas,60 km/h,Única,Faixa seccionada
2021-05-18 00:00:00,13:29:00,COM VÍTIMA,ESPINHEIRO,RUA QUARENTA E OITO,,CIDADE,COLISÃO TRANSVERSAL,1,1,0,0,0,0,0,0,0,1,0,Longo da via,Bom,Perfeito estado,Seca,Perfeito estado,Não há placas,40 km/h,Única,Faixa seccionada
2021-05-18 00:00:00,15:03:00,COM VÍTIMA,SANTO AMARO,RUA TRES DE MAIO,,SUBURBIO,COLISÃO LATERAL,1,0,0,0,0,0,0,0,0,1,0,Cruzamento,Bom,Ilegível,Seca,Mal iluminada,Não há placas,,Dupla,Não existe
2021-05-18 00:00:00,17:32:00,COM VÍTIMA,BOA VISTA,RUA DOM BOSCO,,SUBURBIO,CHOQUE,1,0,0,0,0,0,0,0,0,1,0,Longo da via,Bom,Perfeito estado,Seca,Perfeito estado,Outras,40 km/h,Única,Faixa seccionada
2021-05-18 00:00:00,17:42:00,COM VÍTIMA,BOA VISTA,AV GOVERNADOR AGAMENON MAGALHAES,,CIDADE,COLISÃO TRASEIRA,0,0,0,0,0,2,0,0,0,1,0,Longo da via,Bom,Perfeito estado,Seca,Perfeito estado,Não há placas,60 km/h,Dupla,Canteiro central
2021-05-18 00:00:00,17:55:00,COM VÍTIMA,ESPINHEIRO,AV NORTE,376,CIDADE,CAPOTAMENTO,1,0,0,0,0,0,0,0,0,1,0,Cruzamento,Bom,Perfeito estado,Seca,Perfeito estado,Outras,60 km/h,Dupla,Canteiro central
2021-05-18 00:00:00,18:11:00,COM VÍTIMA,BOA VIAGEM,AV BOA VIAGEM,,CIDADE,COLISÃO TRANSVERSAL,1,1,0,0,0,0,0,0,0,1,0,Longo da via,Bom,Perfeito estado,Seca,Perfeito estado,Não há placas,,Única,Faixa seccionada
2021-05-19 00:00:00,07:17:00,COM VÍTIMA,MADALENA,AV BEIRA RIO,,,COLISÃO COM CICLISTA,1,0,0,1,0,0,0,0,0,1,0,Longo da via,Bom,Perfeito estado,Seca,Perfeito estado,Não há placas,,Dupla,Faixa seccionada
2021-05-19 00:00:00,08:16:00,COM VÍTIMA,CAXANGÁ,AV CAXANGA,,,COLISÃO TRASEIRA,1,1,0,0,0,0,0,0,0,1,0,Longo da via,Bom,Perfeito estado,Seca,Perfeito estado,R-6a,,Dupla,Faixa contínua
2021-05-19 00:00:00,09:11:00,COM VÍTIMA,BOA VISTA,RUA JOSE DE ALENCAR,,,COLISÃO LATERAL,2,0,0,0,0,0,0,0,0,1,0,,,,,,,,,
2021-05-19 00:00:00,17:35:00,COM VÍTIMA,SANTO AMARO,AV VISCONDE DE SUASSUNA,,,COLISÃO LATERAL,0,1,0,0,0,0,0,1,0,1,0,Cruzamento,Bom,Perfeito estado,Seca,Perfeito estado,Outras,,Dupla,Faixa seccionada
2021-05-19 00:00:00,19:05:00,COM VÍTIMA,CORDEIRO,AV CAXANGA,,CIDADE,COLISÃO LATERAL,1,1,0,0,0,0,0,0,0,1,0,Longo da via,Bom,Perfeito estado,Seca,Perfeito estado,Não há placas,,Dupla,Canteiro central
2021-05-20 00:00:00,08:21:00,COM VÍTIMA,IPUTINGA,AV CAXANGA,230,CIDADE,COLISÃO COM CICLISTA,0,0,0,1,0,0,0,0,0,1,0,Cruzamento,Bom,Perfeito estado,Seca,Perfeito estado,Outras,,Dupla,Canteiro central
2021-05-20 00:00:00,12:08:00,COM VÍTIMA,TEJIPIÓ,RUA FALCAO DE LACERDA,,SUBURBIO,COLISÃO LATERAL,1,1,0,0,0,0,0,0,0,1,0,Longo da via,Bom,Ilegível,Seca,Perfeito estado,Não há placas,40 km/h,Dupla,Faixa contínua
2021-05-20 00:00:00,13:58:00,COM VÍTIMA,CORDEIRO,RUA CLAUDIO BROTHERHOOD,,CIDADE,COLISÃO FRONTAL,1,1,0,0,0,0,0,0,0,1,0,Cruzamento,Bom,Não existente,Seca,Perfeito estado,Não há placas,40 km/h,Dupla,Faixa seccionada
2021-05-20 00:00:00,15:07:00,COM VÍTIMA,MADALENA,RUA SENADOR FABIO DE BARROS,,SUBURBIO,COLISÃO FRONTAL,1,1,0,0,0,0,0,0,0,1,0,Longo da via,Bom,Perfeito estado,Seca,Perfeito estado,Não há placas,,Dupla,Faixa contínua
2021-05-20 00:00:00,16:24:00,COM VÍTIMA,IMBIRIBEIRA,AV ENGENHEIRO ALVES DE SOUZA,634,CIDADE,COLISÃO LATERAL,1,1,0,0,0,0,0,0,0,1,0,Cruzamento,Bom,Ilegível,Seca,Perfeito estado,"Placas ""Pare""",,Dupla,Faixa seccionada
2021-05-20 00:00:00,22:26:40,COM VÍTIMA,BOA VIAGEM,AV ENGENHEIRO DOMINGOS FERREIRA,217,SUBURBIO,COLISÃO TRASEIRA,1,1,0,0,0,0,0,0,0,1,0,Cruzamento,Bom,Perfeito estado,Seca,Perfeito estado,R-6a,50 km/h,Única,Canteiro central
2021-05-21 00:00:00,05:22:00,SEM VÍTIMA,IPUTINGA,AV PROFESSOR JOAQUIM CAVALCANTI,,,COLISÃO LATERAL,2,0,0,0,0,0,0,0,0,0,0,,,,,,,,,
2021-05-21 00:00:00,10:03:00,COM VÍTIMA,GRAÇAS,RUA ALBERTO PAIVA,,SUBURBIO,QUEDA,0,1,0,0,0,0,0,0,0,1,0,Longo da via,Chuvoso,Perfeito estado,Oleosa,Perfeito estado,Não há placas,40 km/h,Única,Faixa seccionada
2021-05-21 00:00:00,10:27:00,COM VÍTIMA,IBURA,AV RECIFE,,SUBURBIO,COLISÃO TRANSVERSAL,1,1,0,0,0,0,0,0,0,1,0,Longo da via,Bom,Perfeito estado,Seca,Perfeito estado,Não há placas,60 km/h,Dupla,Canteiro central
2021-05-21 00:00:00,10:35:00,COM VÍTIMA,SANTO ANTÔNIO,AV GUARARAPES,,SUBURBIO,ATROPELAMENTO DE PESSOA,0,0,0,0,1,1,0,0,0,1,0,Longo da via,Bom,Perfeito estado,Seca,Perfeito estado,Não há placas,40 km/h,Dupla,Canteiro central
2021-05-21 00:00:00,10:50:00,COM VÍTIMA,SANTO ANTÔNIO,AV GUARARAPES,,SUBURBIO,ATROPELAMENTO DE PESSOA,0,0,0,0,1,0,0,0,0,1,0,,,,,,,,,
2021-05-21 00:00:00,12:23:00,COM VÍTIMA,SÃO JOSÉ,C SANTA RITA,,SUBURBIO,COLISÃO TRASEIRA,1,1,0,0,0,0,0,0,0,1,0,Longo da via,Bom,Perfeito estado,Seca,Perfeito estado,Não há placas,60 km/h,Dupla,Canteiro central
2021-05-21 00:00:00,13:11:00,COM VÍTIMA,BOA VIAGEM,RUA VISCONDE DE JEQUITINHONHA,,CIDADE,COLISÃO FRONTAL,2,0,0,0,0,0,0,0,0,1,0,Cruzamento,Bom,Perfeito estado,Seca,Perfeito estado,"Placas ""Pare""",,Única,Não existe
2021-05-21 00:00:00,14:18:00,COM VÍTIMA,BRASÍLIA TEIMOSA,RUA IVONETE FERREIRA DA SILVA,,CIDADE,COLISÃO FRONTAL,1,1,0,0,0,0,0,0,0,1,0,Longo da via,Bom,Ilegível,Seca,Mal conservada,Não há placas,,Dupla,Faixa contínua
2021-05-21 00:00:00,19:17:00,COM VÍTIMA,BOA VIAGEM,AV CONSELHEIRO AGUIAR,,,COLISÃO LATERAL,2,0,0,0,0,0,0,0,0,1,0,,,,,,,,,
2021-05-21 00:00:00,19:34:00,SEM VÍTIMA,ARRUDA,AV PROFESSOR JOSE DOS ANJOS,306,,COLISÃO TRASEIRA,2,0,0,0,0,0,0,0,0,0,0,,,,,,,,,
2021-05-21 00:00:00,20:54:40,COM VÍTIMA,CAMPO GRANDE,RUA CATULO DA PAIXAO CEARENSE,,,COLISÃO LATERAL,1,1,0,0,0,0,0,0,0,1,0,,,,,,,,,
2021-05-22 00:00:00,08:48:00,COM VÍTIMA,AFOGADOS,RUA PROFESSOR AUGUSTO WANDERLEY FILHO,,SUBURBIO,COLISÃO TRASEIRA,1,1,0,0,0,0,0,0,0,1,0,Longo da via,Bom,Perfeito estado,Seca,Perfeito estado,Não há placas,40 km/h,Única,Faixa seccionada
2021-05-22 00:00:00,13:49:00,COM VÍTIMA,BOA VIAGEM,AV BOA VIAGEM,,CIDADE,COLISÃO TRASEIRA,1,1,0,0,0,0,0,0,0,1,0,Longo da via,Bom,Perfeito estado,Seca,Perfeito estado,Não há placas,,Única,Faixa seccionada
2021-05-22 00:00:00,19:26:00,COM VÍTIMA,SAN MARTIN,AV JOAO CABRAL DE MELO NETO,250,SUBURBIO,COLISÃO COM CICLISTA,0,1,0,1,0,0,0,0,0,1,0,Cruzamento,Bom,Perfeito estado,Seca,Perfeito estado,Não há placas,,Dupla,Canteiro central
2021-05-22 00:00:00,20:42:40,COM VÍTIMA,ÁGUA FRIA,AV ANIBAL BENEVOLO,,,COLISÃO FRONTAL,0,1,1,0,0,0,0,0,0,3,0,,,,,,,,,
2021-05-22 00:00:00,21:20:40,SEM VÍTIMA,PRADO,RUA GOMES TABORDA,,SUBURBIO,,1,1,0,0,0,0,0,0,0,0,0,Longo da via,Bom,Não existente,Seca,Mal conservada,Não há placas,,Dupla,Faixa seccionada
2021-05-22 00:00:00,22:17:40,COM VÍTIMA,IPSEP,RUA JEAN EMILE FAVRE,,,COLISÃO LATERAL,0,2,0,0,0,0,0,0,0,1,0,,,,,,,,,
2021-05-23 00:00:00,13:46:00,COM VÍTIMA,BOA VIAGEM,AV ENGENHEIRO DOMINGOS FERREIRA,,SUBURBIO,COLISÃO TRASEIRA,2,0,0,0,0,0,0,0,0,1,0,Longo da via,Bom,Perfeito estado,Seca,Perfeito estado,Não há placas,60 km/h,Única,Faixa contínua
2021-05-24 00:00:00,10:49:00,COM VÍTIMA,PINA,AV ENGENHEIRO DOMINGOS FERREIRA,,SUBURBIO,COLISÃO LATERAL,0,0,0,0,0,0,0,0,0,2,0,Longo da via,Bom,Perfeito estado,Seca,Perfeito estado,Não há placas,,Única,Faixa seccionada
2021-05-24 00:00:00,11:21:00,COM VÍTIMA,SANTO AMARO,AV CRUZ CABUGA,32,,COLISÃO TRASEIRA,1,1,0,0,0,0,0,0,0,1,0,Longo da via,Bom,Perfeito estado,Seca,Perfeito estado,Não há placas,,Única,Faixa contínua
2021-05-24 00:00:00,12:18:00,COM VÍTIMA,AFOGADOS,RUA SAO MIGUEL,,SUBURBIO,COLISÃO LATERAL,1,1,0,0,0,0,0,0,0,1,0,Longo da via,Bom,Perfeito estado,Seca,Perfeito estado,Não há placas,,Dupla,Faixa seccionada
2021-05-24 00:00:00,17:46:00,COM VÍTIMA,IMBIRIBEIRA,AV RECIFE,319,,COLISÃO COM CICLISTA,1,0,0,1,0,0,0,0,0,1,0,Cruzamento,Bom,Perfeito estado,Seca,Perfeito estado,R-18,30 km/h,Dupla,Faixa contínua
2021-05-25 00:00:00,08:25:00,COM VÍTIMA,SÃO JOSÉ,AV DANTAS BARRETO,54,CIDADE,ATROPELAMENTO DE PESSOA,0,1,0,0,1,0,0,0,0,1,0,Cruzamento,Bom,Perfeito estado,Seca,Perfeito estado,Não há placas,,Dupla,Faixa contínua
2021-05-25 00:00:00,12:09:00,COM VÍTIMA,GRAÇAS,RUA AMELIA,,,COLISÃO COM CICLISTA,1,0,0,1,0,0,0,0,0,1,0,,,,,,,,,
2021-05-26 00:00:00,13:47:00,COM VÍTIMA,CASA FORTE,AV DEZESSETE DE AGOSTO,,SUBURBIO,COLISÃO LATERAL,0,2,0,0,0,0,0,0,0,1,0,Longo da via,Bom,Perfeito estado,Seca,Perfeito estado,Não há placas,40 km/h,Dupla,Faixa seccionada
2021-05-26 00:00:00,15:09:00,COM VÍTIMA,ROSARINHO,AV NORTE,81,SUBURBIO,COLISÃO LATERAL,1,1,0,0,0,0,0,0,0,1,0,Longo da via,Bom,Perfeito estado,Seca,Perfeito estado,Não há placas,60 km/h,Dupla,Canteiro central
2021-05-27 00:00:00,07:51:00,COM VÍTIMA,BOA VIAGEM,RUA FELIX DE BRITO E MELO,,CIDADE,CAPOTAMENTO,2,0,0,0,0,0,0,0,0,1,0,Longo da via,Chuvoso,Perfeito estado,Molhada,Perfeito estado,Não há placas,60 km/h,Única,Faixa seccionada
2021-05-27 00:00:00,08:46:00,COM VÍTIMA,CORDEIRO,RUA N S DA SAUDE,,,COLISÃO TRASEIRA,1,0,0,0,0,0,0,0,0,1,0,Cruzamento,Bom,Perfeito estado,Molhada,Perfeito estado,Não há placas,40 km/h,Dupla,Faixa contínua
2021-05-27 00:00:00,08:58:00,COM VÍTIMA,SANTO AMARO,RUA COELHO LEITE,,CIDADE,COLISÃO TRASEIRA,1,1,0,0,0,0,0,0,0,1,0,Cruzamento,Chuvoso,Perfeito estado,Molhada,Perfeito estado,Outras,40 km/h,Dupla,Faixa seccionada
2021-05-27 00:00:00,09:24:00,COM VÍTIMA,CASA FORTE,AV DEZESSETE DE AGOSTO,646,CIDADE,COLISÃO LATERAL,1,1,0,0,0,0,0,0,0,1,0,Longo da via,Chuvoso,Perfeito estado,Molhada,Perfeito estado,Não há placas,60 km/h,Dupla,Faixa contínua
2021-05-27 00:00:00,14:22:00,COM VÍTIMA,CASA AMARELA,RUA PAULA BATISTA,,,COLISÃO LATERAL,2,0,0,0,0,0,0,0,0,3,0,Cruzamento,Chuvoso,Perfeito estado,Seca,Perfeito estado,"Placas ""Pare""",,Dupla,Faixa seccionada
2021-05-27 00:00:00,14:42:00,COM VÍTIMA,SANTO AMARO,AV CRUZ CABUGA,37,CIDADE,COLISÃO TRANSVERSAL,1,1,0,0,0,0,0,0,0,1,0,Cruzamento,Bom,Perfeito estado,Seca,Perfeito estado,Não há placas,,Dupla,Faixa contínua
2021-05-27 00:00:00,15:46:00,COM VÍTIMA,CORDEIRO,AV CAXANGA,,CIDADE,COLISÃO LATERAL,1,1,0,0,0,0,0,0,0,2,0,Cruzamento,Bom,Incompleta,Seca,Perfeito estado,R-6a,,Dupla,Faixa contínua