data,hora,natureza,bairro,endereco,num_semaforo,sentido_via,tipo,auto,moto,ciclom,ciclista,pedestre,onibus,caminhao,viatura,outros,vitimas,vitimasfatais,acidente_verificado,tempo_clima,sinalizacao,condicao_via,conservacao_via,situacao_placa,velocidade_max_via,mao_direcao,divisao_via1
2021-05-27 00:00:00,17:19:00,COM VÍTIMA,BOA VIAGEM,AV BOA VIAGEM,,CIDADE,COLISÃO LATERAL,1,1,0,0,0,0,0,0,0,1,0,Longo da via,Bom,Perfeito estado,Seca,Perfeito estado,Outras,60 km/h,Única,Faixa contínua
2021-05-27 00:00:00,17:43:00,COM VÍTIMA,IPSEP,RUA JEAN EMILE FAVRE,,CIDADE,ATROPELAMENTO DE PESSOA,1,0,0,0,2,0,0,0,0,2,0,Longo da via,Chuvoso,Perfeito estado,Molhada,Perfeito estado,Não há placas,,Dupla,Faixa contínua
2021-05-27 00:00:00,19:35:00,COM VÍTIMA,IPUTINGA,AV CAXANGA,,,COLISÃO LATERAL,0,2,0,0,0,0,0,0,0,3,0,,,,,,,,,
2021-05-28 00:00:00,07:45:00,COM VÍTIMA,JORDÃO,AV MARIA IRENE,,CIDADE,COLISÃO TRASEIRA,1,1,0,0,0,0,0,0,0,1,0,Longo da via,Bom,Perfeito estado,Seca,Perfeito estado,Não há placas,,Dupla,Faixa contínua
2021-05-28 00:00:00,08:43:00,COM VÍTIMA,PARNAMIRIM,RUA JOAO TUDE DE MELO,,SUBURBIO,COLISÃO LATERAL,0,0,0,0,0,0,0,0,0,2,0,Longo da via,Bom,Perfeito estado,Seca,Perfeito estado,Não há placas,,Única,Faixa seccionada
2021-05-28 00:00:00,08:59:00,COM VÍTIMA,DOIS UNIDOS,RUA URIEL DE HOLANDA,,,ATROPELAMENTO DE PESSOA,0,0,0,0,1,0,0,0,0,1,0,,,,,,,,,
2021-05-28 00:00:00,09:59:00,COM VÍTIMA,CAXANGÁ,AV CAXANGA,,CIDADE,COLISÃO LATERAL,1,1,0,0,0,0,0,0,0,1,0,Longo da via,Bom,Perfeito estado,Seca,Perfeito estado,Não há placas,60 km/h,Dupla,Canteiro central
2021-05-28 00:00:00,16:08:00,COM VÍTIMA,DOIS IRMÃOS,RUA DOIS IRMAOS,416,CIDADE,COLISÃO TRASEIRA,0,1,0,0,0,1,0,0,0,1,0,Longo da via,Chuvoso,Perfeito estado,Molhada,Perfeito estado,Não há placas,,Única,Outros
2021-05-28 00:00:00,22:38:40,COM VÍTIMA,TORRE,RUA CONDE DE IRAJA,,,COLISÃO LATERAL,0,2,0,0,0,0,0,0,0,2,0,,,,,,,,,
2021-05-29 00:00:00,09:41:00,COM VÍTIMA,BOA VIAGEM,AV BOA VIAGEM,120,CIDADE,COLISÃO TRANSVERSAL,0,1,1,0,0,0,0,0,0,1,0,Longo da via,Bom,Perfeito estado,Seca,Perfeito estado,Outras,60 km/h,Única,Faixa contínua
2021-05-29 00:00:00,11:08:00,COM VÍTIMA,DOIS UNIDOS,AV HILDEBRANDO DE VASCONCELOS,,,COLISÃO LATERAL,1,1,0,0,0,0,0,0,0,1,0,Cruzamento,Bom,Incompleta,Seca,Perfeito estado,Outras,40 km/h,Dupla,Faixa
2021-05-29 00:00:00,13:14:00,COM VÍTIMA,TORRE,RUA MARQUES DE MARICA,,SUBURBIO,COLISÃO LATERAL,1,1,0,0,0,0,0,0,0,1,0,Longo da via,Bom,Perfeito estado,Seca,Perfeito estado,"Placas ""Pare""",,Dupla,Faixa seccionada
2021-05-29 00:00:00,14:16:00,SEM VÍTIMA,BOA VIAGEM,RUA ANTONIO FALCAO,640,,CHOQUE,1,0,0,0,0,0,0,0,0,0,0,,,,,,,,,
2021-05-30 00:00:00,11:51:00,COM VÍTIMA,ESPINHEIRO,RUA DA HORA,656,SUBURBIO,COLISÃO FRONTAL,2,0,0,0,0,0,0,0,0,2,0,Cruzamento,Chuvoso,Perfeito estado,Molhada,Perfeito estado,Outras,60 km/h,Única,Não existe
2021-05-30 00:00:00,15:54:00,COM VÍTIMA,CORDEIRO,AV GENERAL SAN MARTIN,185,SUBURBIO,COLISÃO LATERAL,1,1,0,0,0,0,0,0,0,1,0,Longo da via,Bom,Perfeito estado,Seca,Mal conservada,Não há placas,,Dupla,Faixa contínua
2021-05-30 00:00:00,19:50:00,SEM VÍTIMA,AREIAS,AV RECIFE,494,,COLISÃO TRASEIRA,2,0,0,0,0,0,0,0,0,0,0,,,,,,,,,
2021-05-31 00:00:00,09:08:00,COM VÍTIMA,ÁGUA FRIA,AV BEBERIBE,153,CIDADE,COLISÃO LATERAL,1,1,0,0,0,0,0,0,0,1,0,Longo da via,Bom,Perfeito estado,Seca,Perfeito estado,Outras,,Dupla,Faixa contínua
2021-05-31 00:00:00,13:21:00,COM VÍTIMA,CASA AMARELA,AV NORTE,,SUBURBIO,COLISÃO COM CICLISTA,0,0,0,1,0,0,1,0,0,1,0,Longo da via,Bom,Perfeito estado,Seca,Perfeito estado,Outras,,Dupla,Faixa seccionada
2021-05-31 00:00:00,16:28:00,COM VÍTIMA,SANTO ANTÔNIO,PRC DA REPUBLICA,,,COLISÃO COM CICLISTA,1,0,0,1,0,0,0,0,0,1,0,Longo da via,Chuvoso,Perfeito estado,Molhada,Perfeito estado,R-6a,,Única,Outros
2021-05-31 00:00:00,17:59:00,COM VÍTIMA,BOA VIAGEM,RUA DEZ DE JULHO,,SUBURBIO,COLISÃO LATERAL,1,1,0,0,0,0,0,0,0,1,0,Cruzamento,Chuvoso,Perfeito estado,Molhada,Perfeito estado,"Placas ""Pare""",30 km/h,Dupla,Faixa seccionada
2021-05-31 00:00:00,18:42:00,COM VÍTIMA,BEBERIBE,RUA BOLIVAR,,CIDADE,COLISÃO LATERAL,1,1,0,0,0,0,0,0,0,1,0,Longo da via,Chuvoso,Perfeito estado,Molhada,Perfeito estado,Outras,,Dupla,Faixa contínua
2021-05-31 00:00:00,19:05:00,COM VÍTIMA,IPSEP,AV RECIFE,,SUBURBIO,CAPOTAMENTO,0,0,0,0,0,0,0,0,0,4,0,Longo da via,Chuvoso,Perfeito estado,Molhada,Perfeito estado,,,Dupla,Faixa seccionada
2021-05-31 00:00:00,19:08:00,COM VÍTIMA,CAXANGÁ,AV CAXANGA,,CIDADE,COLISÃO TRASEIRA,1,1,0,0,0,0,0,0,0,1,0,Longo da via,Chuvoso,Perfeito estado,Molhada,Perfeito estado,Não há placas,,Única,Faixa seccionada
2021-06-01 00:00:00,08:48:00,COM VÍTIMA,IPUTINGA,AV MAURICIO DE NASSAU,88,SUBURBIO,COLISÃO TRANSVERSAL,1,1,0,0,0,0,0,0,0,1,0,Longo da via,Bom,,Seca,Perfeito estado,R-19,40 km/h,Dupla,Faixa contínua
2021-06-01 00:00:00,08:57:00,COM VÍTIMA,ARRUDA,RUA DAS MOCAS,,SUBURBIO,COLISÃO COM CICLISTA,1,0,0,1,0,0,0,0,0,1,0,Longo da via,Bom,Perfeito estado,Seca,Perfeito estado,"Placas ""Pare""",,Dupla,
2021-06-01 00:00:00,11:17:00,COM VÍTIMA,BOA VIAGEM,AV ENGENHEIRO DOMINGOS FERREIRA,,SUBURBIO,COLISÃO LATERAL,2,0,0,0,0,0,0,0,0,1,0,Longo da via,Bom,Perfeito estado,Seca,Perfeito estado,Não há placas,,Única,Canteiro central
2021-06-01 00:00:00,16:37:00,COM VÍTIMA,AFOGADOS,RUA SAO MIGUEL,,SUBURBIO,CHOQUE,0,1,0,0,0,0,0,0,0,1,0,Longo da via,Bom,Perfeito estado,Seca,Perfeito estado,R-4a,,Dupla,Faixa contínua
2021-06-02 00:00:00,03:31:00,COM VÍTIMA,PINA,AVENIDA CELSO FURTADO (VIA MANGUE),,,TOMBAMENTO,0,1,0,0,0,0,0,0,0,1,0,,,,,,,,,
2021-06-02 00:00:00,08:33:00,COM VÍTIMA,SANTO AMARO,RUA DO POMBAL,,,COLISÃO FRONTAL,0,0,0,0,0,0,0,0,0,1,0,Cruzamento,Bom,Perfeito estado,Seca,Perfeito estado,,,Dupla,Faixa seccionada
2021-06-02 00:00:00,10:34:00,SEM VÍTIMA,MACAXEIRA,RUA ANA,,SUBURBIO,COLISÃO TRASEIRA,1,0,0,0,0,0,1,0,0,0,0,,,,,,,,,
2021-06-02 00:00:00,15:45:00,COM VÍTIMA,BOA VISTA,AV CONDE DA BOA VISTA,222,CIDADE,QUEDA,0,1,0,0,0,0,0,0,0,1,0,Longo da via,Bom,Perfeito estado,Seca,Perfeito estado,R-6a,40 km/h,Única,
2021-06-02 00:00:00,17:59:00,COM VÍTIMA,BOA VIAGEM,AVENIDA CELSO FURTADO (VIA MANGUE),,SUBURBIO,COLISÃO FRONTAL,1,1,0,0,0,0,0,0,0,1,0,Longo da via,Bom,Perfeito estado,Seca,Perfeito estado,Outras,60 km/h,Dupla,Faixa seccionada
2021-06-03 00:00:00,16:21:00,COM VÍTIMA,TAMARINEIRA,EST VELHA DE AGUA FRIA,,SUBURBIO,COLISÃO FRONTAL,1,1,0,0,0,0,0,0,0,1,0,Cruzamento,Bom,Não existente,Seca,Perfeito estado,R-6a,,Dupla,Faixa seccionada
2021-06-03 00:00:00,17:13:00,COM VÍTIMA,DERBY,AV GOVERNADOR AGAMENON MAGALHAES,174,,COLISÃO LATERAL,1,0,0,0,0,0,1,0,0,1,0,Cruzamento,Bom,Perfeito estado,Seca,Perfeito estado,Outras,60 km/h,Dupla,Faixa seccionada
2021-06-03 00:00:00,19:23:00,COM VÍTIMA,ROSARINHO,RUA REGUEIRA COSTA,,,COLISÃO FRONTAL,1,1,0,0,0,0,0,0,0,1,0,Cruzamento,Bom,Perfeito estado,Seca,Perfeito estado,Não há placas,,Única,Não existe
2021-06-03 00:00:00,19:28:00,COM VÍTIMA,CABANGA,VIADUTO CAPITAO TEMUDO,,CIDADE,COLISÃO COM CICLISTA,1,0,0,1,0,0,0,0,0,1,0,Longo da via,Bom,Perfeito estado,Seca,Perfeito estado,Não há placas,60 km/h,Dupla,Outros
2021-06-04 00:00:00,00:10:00,SEM VÍTIMA,CABANGA,VIADUTO CAPITAO TEMUDO,,,CHOQUE,1,0,0,0,0,0,0,0,0,0,0,,,,,,,,,
2021-06-04 00:00:00,00:26:00,COM VÍTIMA,BOA VIAGEM,AV CONSELHEIRO AGUIAR,143,CIDADE,COLISÃO TRANSVERSAL,2,0,0,0,0,0,0,0,0,2,0,Cruzamento,Bom,Perfeito estado,Seca,Perfeito estado,Outras,60 km/h,Única,Faixa contínua
2021-06-04 00:00:00,07:19:00,SEM VÍTIMA,IPSEP,AV RECIFE,,SUBURBIO,COLISÃO TRANSVERSAL,1,0,0,0,0,0,0,0,0,0,0,,,,,,,,,
2021-06-04 00:00:00,07:33:00,COM VÍTIMA,IPSEP,AV RECIFE,,SUBURBIO,CAPOTAMENTO,0,0,0,0,0,0,0,0,0,1,0,Longo da via,Chuvoso,Perfeito estado,Seca,Perfeito estado,Não há placas,60 km/h,Dupla,Faixa contínua
2021-06-04 00:00:00,10:45:00,COM VÍTIMA,PORTO DA MADEIRA,AV CIDADE DE MONTEIRO,,SUBURBIO,COLISÃO LATERAL,1,1,0,0,0,0,0,0,0,1,0,Cruzamento,Bom,Perfeito estado,Seca,Perfeito estado,Não há placas,30 km/h,Dupla,Faixa contínua
2021-06-04 00:00:00,13:08:00,COM VÍTIMA,TORRE,RUA JOSE BONIFACIO,,SUBURBIO,COLISÃO LATERAL,0,1,0,0,0,0,1,0,0,1,0,Longo da via,Bom,Perfeito estado,Seca,Perfeito estado,Outras,40 km/h,Única,Faixa seccionada
2021-06-04 00:00:00,14:53:00,SEM VÍTIMA,ARRUDA,RUA JOAO LIBERATO,,SUBURBIO,CHOQUE,0,0,0,0,0,0,1,0,0,0,0,,,,,,,,,
2021-06-04 00:00:00,17:03:00,SEM VÍTIMA,DOIS IRMÃOS,RUA DOIS IRMAOS,,,COLISÃO FRONTAL,0,0,0,0,0,1,1,0,0,0,0,,,,,,,,,
2021-06-04 00:00:00,19:05:00,COM VÍTIMA,ROSARINHO,AV SANTOS DUMONT,,,COLISÃO FRONTAL,1,1,0,0,0,0,0,0,0,1,0,,,,,,,,,
2021-06-04 00:00:00,20:46:00,SEM VÍTIMA,GRAÇAS,AV CONS ROSA E SILVA,,SUBURBIO,CHOQUE,0,0,0,0,0,0,0,0,0,0,0,,,,,,,,,
2021-06-04 00:00:00,23:20:40,SEM VÍTIMA,DERBY,AV GOVERNADOR AGAMENON MAGALHAES,173,SUBURBIO,COLISÃO TRANSVERSAL,1,0,0,0,0,0,0,1,0,0,0,Cruzamento,Bom,Perfeito estado,Seca,Perfeito estado,Não há placas,60 km/h,Dupla,Canteiro central
2021-06-05 00:00:00,07:38:00,COM VÍTIMA,CABANGA,AV GOVERNADOR AGAMENON MAGALHAES,,,COLISÃO LATERAL,1,1,0,0,0,0,0,0,0,1,0,Longo da via,Bom,Perfeito estado,Seca,Perfeito estado,Não há placas,60 km/h,Dupla,Outros
2021-06-05 00:00:00,10:53:00,SEM VÍTIMA,DOIS UNIDOS,AV HILDEBRANDO DE VASCONCELOS,,,,0,0,0,0,0,1,0,1,0,0,0,Longo da via,Bom,,Seca,Perfeito estado,R-4a,,Dupla,Não existe
2021-06-05 00:00:00,14:15:00,COM VÍTIMA,BOA VIAGEM,RUA AGENOR LOPES,,,ATROPELAMENTO DE PESSOA,1,0,0,0,1,0,0,0,0,1,0,,,,,,,,,
2021-06-05 00:00:00,16:06:00,COM VÍTIMA,AREIAS,AV DR JOSE RUFINO,,SUBURBIO,COLISÃO LATERAL,1,1,0,0,0,0,0,0,0,1,0,Longo da via,Bom,Perfeito estado,Seca,Perfeito estado,,50 km/h,,Faixa contínua
2021-06-05 00:00:00,17:20:00,COM VÍTIMA,AFOGADOS,EST DOS REMEDIOS,,,CHOQUE,1,0,0,0,0,0,0,0,0,3,0,Longo da via,Chuvoso,Perfeito estado,Seca,Perfeito estado,Não há placas,,Única,Faixa seccionada
2021-06-05 00:00:00,18:40:00,COM VÍTIMA,SÃO JOSÉ,TRV DO RAPOSO,,SUBURBIO,COLISÃO LATERAL,1,1,0,0,0,0,0,0,0,1,0,Viaduto,Chuvoso,Não existente,Molhada,Mal iluminada,Não há placas,,Dupla,Não existe
2021-06-06 00:00:00,09:04:00,COM VÍTIMA,TORREÃO,AV NORTE,56,CIDADE,QUEDA,0,1,0,0,0,0,0,0,0,1,0,Esquina,Chuvoso,Perfeito estado,Molhada,Perfeito estado,R-6a,,Dupla,Faixa seccionada
2021-06-06 00:00:00,12:16:00,SEM VÍTIMA,MACAXEIRA,AV NORTE,,,COLISÃO TRASEIRA,1,0,0,0,0,0,1,0,0,0,0,,,,,,,,,
2021-06-06 00:00:00,13:18:00,COM VÍTIMA,CABANGA,PTE JOSE DE BARROS LIMA,,,COLISÃO TRASEIRA,2,0,0,0,0,0,0,0,0,1,0,Viaduto,Bom,Perfeito estado,Seca,Perfeito estado,Não há placas,,Dupla,Faixa seccionada
2021-06-06 00:00:00,15:26:00,COM VÍTIMA,ILHA DO LEITE,RUA FRANCISCO ALVES,490,,COLISÃO LATERAL,2,0,0,0,0,0,0,0,0,1,0,,,,,,,,,
2021-06-06 00:00:00,15:44:00,COM VÍTIMA,PINA,AV ANTONIO DE GOES,,,COLISÃO COM CICLISTA,1,0,0,1,0,0,0,0,0,1,0,,,,,,,,,
2021-06-06 00:00:00,18:06:00,COM VÍTIMA,GRAÇAS,AV CONS ROSA E SILVA,522,SUBURBIO,COLISÃO LATERAL,1,1,0,0,0,0,0,0,0,1,0,Cruzamento,Bom,Perfeito estado,Seca,Perfeito estado,Não há placas,,Única,Não existe
2021-06-06 00:00:00,20:48:00,COM VÍTIMA,NOVA DESCOBERTA,AV VEREADOR OTACILIO AZEVEDO,,SUBURBIO,COLISÃO FRONTAL,0,2,0,0,0,0,0,0,0,2,0,Longo da via,Bom,Incompleta,Seca,,,,Dupla,Não existe
2021-06-07 00:00:00,07:22:00,SEM VÍTIMA,ENCRUZILHADA,RUA CASTRO ALVES,,,OUTROS APOIOS,0,0,0,0,0,0,0,0,0,0,0,,,,,,,,,
2021-06-07 00:00:00,08:47:00,COM VÍTIMA,TEJIPIÓ,AV DR JOSE RUFINO,,SUBURBIO,COLISÃO FRONTAL,1,1,0,0,0,0,0,0,0,1,0,Longo da via,Chuvoso,Perfeito estado,Seca,Perfeito estado,Outras,,Dupla,Faixa contínua
2021-06-08 00:00:00,09:02:00,COM VÍTIMA,SANTO ANTÔNIO,RUA DO SOL,,CIDADE,QUEDA,0,1,0,0,0,0,0,0,0,1,0,Longo da via,Bom,Perfeito estado,Oleosa,Perfeito estado,Outras,40 km/h,Única,Faixa seccionada
2021-06-08 00:00:00,10:13:00,COM VÍTIMA,DERBY,AV GOVERNADOR AGAMENON MAGALHAES,650,,COLISÃO LATERAL,1,1,0,0,0,0,0,0,0,1,0,Longo da via,Chuvoso,Perfeito estado,Seca,Perfeito estado,Não há placas,60 km/h,Única,Faixa contínua
2021-06-08 00:00:00,11:46:00,COM VÍTIMA,PRADO,RUA CARLOS GOMES,,,COLISÃO LATERAL,1,1,0,0,0,0,0,0,0,1,0,,,,,,,,,
2021-06-08 00:00:00,12:51:00,COM VÍTIMA,TEJIPIÓ,RUA DO SANCHO,,,COLISÃO LATERAL,0,1,0,0,0,1,0,0,0,2,0,Longo da via,Chuvoso,Não existente,Molhada,Mal conservada,Não há placas,,Dupla,Não existe
2021-06-08 00:00:00,16:59:00,SEM VÍTIMA,IMBIRIBEIRA,RUA JOAQUIM BANDEIRA,,,CHOQUE,1,1,0,0,0,0,0,0,0,0,0,,,,,,,,,
2021-06-08 00:00:00,17:24:00,COM VÍTIMA,JIQUIÁ,RUA SAO MIGUEL,,CIDADE,COLISÃO FRONTAL,0,2,0,0,0,0,0,0,0,1,0,Longo da via,Chuvoso,Incompleta,Molhada,Perfeito estado,Outras,40 km/h,Dupla,Faixa contínua
2021-06-08 00:00:00,19:09:00,COM VÍTIMA,IPSEP,RUA SAO NICOLAU,,CIDADE,COLISÃO LATERAL,1,1,0,0,0,0,0,0,0,1,0,Cruzamento,Bom,Não existente,Seca,Mal conservada,Não há placas,,Única,Não existe
2021-06-08 00:00:00,20:42:00,COM VÍTIMA,SÃO JOSÉ,AV DANTAS BARRETO,181,SUBURBIO,COLISÃO LATERAL,1,1,0,0,0,0,0,0,0,1,0,Cruzamento,Bom,Perfeito estado,Seca,Perfeito estado,Não há placas,,Dupla,Faixa contínua
2021-06-08 00:00:00,21:40:40,COM VÍTIMA,BOA VIAGEM,VIADUTO TANCREDO NEVES,,SUBURBIO,COLISÃO LATERAL,1,1,0,0,0,0,0,0,0,1,0,Viaduto,Chuvoso,Perfeito estado,Seca,Perfeito estado,Não há placas,,Dupla,Faixa seccionada
2021-06-09 00:00:00,10:20:00,COM VÍTIMA,PINA,RUA MANOEL DE BRITO,,,COLISÃO LATERAL,1,1,0,0,0,0,0,0,0,1,0,Longo da via,Chuvoso,Perfeito estado,Molhada,Perfeito estado,Não há placas,60 km/h,Única,Faixa contínua
2021-06-09 00:00:00,13:47:00,COM VÍTIMA,MUSTARDINHA,RUA VINTE E UM DE ABRIL,,SUBURBIO,COLISÃO LATERAL,1,1,0,0,0,0,0,0,0,1,0,Longo da via,Bom,Perfeito estado,Seca,Perfeito estado,Não há placas,,Dupla,Não existe
2021-06-09 00:00:00,18:27:00,COM VÍTIMA,BARRO,RUA PADRE NOBREGA,,,COLISÃO LATERAL,2,0,0,0,0,0,0,0,0,1,0,,,,,,,,,
2021-06-10 00:00:00,12:50:00,COM VÍTIMA,PAISSANDU,AV GOVERNADOR AGAMENON MAGALHAES,350,SUBURBIO,ATROPELAMENTO DE PESSOA,0,0,0,0,1,1,0,0,0,1,0,Longo da via,Bom,Perfeito estado,Seca,Perfeito estado,Não há placas,60 km/h,Dupla,Faixa seccionada
2021-06-10 00:00:00,15:48:00,COM VÍTIMA,AFOGADOS,RUA VINTE E UM DE ABRIL,,,COLISÃO LATERAL,0,2,0,0,0,0,0,0,0,1,0,Longo da via,Bom,Incompleta,Seca,Perfeito estado,Outras,40 km/h,Dupla,Faixa contínua
2021-06-11 00:00:00,06:22:00,COM VÍTIMA,BOA VIAGEM,AV ENGENHEIRO DOMINGOS FERREIRA,545,SUBURBIO,COLISÃO TRANSVERSAL,2,0,0,0,0,0,0,0,0,1,0,Cruzamento,Chuvoso,Perfeito estado,Molhada,Perfeito estado,Outras,60 km/h,Única,Canteiro central
2021-06-11 00:00:00,09:15:00,COM VÍTIMA,JOANA BEZERRA,RUA DOM PAULO II,,SUBURBIO,COLISÃO COM CICLISTA,1,0,0,1,0,0,0,0,0,1,0,Longo da via,Bom,Perfeito estado,Seca,Perfeito estado,Não há placas,60 km/h,Dupla,Canteiro central
2021-06-11 00:00:00,09:18:00,COM VÍTIMA,ESTÂNCIA,AV DR JOSE RUFINO,,CIDADE,COLISÃO LATERAL,1,1,0,0,0,0,0,0,0,1,0,Longo da via,Bom,Perfeito estado,Seca,Perfeito estado,R-6a,50 km/h,Dupla,Faixa contínua
2021-06-11 00:00:00,12:36:00,COM VÍTIMA,CORDEIRO,AV INACIO MONTEIRO,,DUPLO,COLISÃO LATERAL,1,1,0,0,0,0,0,0,0,1,0,Cruzamento,Bom,Perfeito estado,Seca,Perfeito estado,Não há placas,,Dupla,Faixa seccionada
2021-06-11 00:00:00,12:38:00,COM VÍTIMA,JORDÃO,RUA BOANERGES PEREIRA,,SUBURBIO,CAPOTAMENTO,2,0,0,0,0,0,0,0,0,1,0,Longo da via,Bom,Não existente,Seca,Perfeito estado,Não há placas,,Dupla,Não existe
2021-06-11 00:00:00,12:56:00,COM VÍTIMA,BOA VIAGEM,VIADUTO TANCREDO NEVES,,BOA VIAGEM,COLISÃO TRASEIRA,1,1,0,0,0,0,0,0,0,1,0,Longo da via,Bom,Perfeito estado,Seca,Perfeito estado,Não há placas,60 km/h,Única,Não existe
2021-06-11 00:00:00,20:28:00,COM VÍTIMA,IPSEP,AV RECIFE,,BOA VIAGEM,COLISÃO LATERAL,0,2,0,0,0,0,0,0,0,1,0,Longo da via,Bom,Perfeito estado,Seca,Perfeito estado,Não há placas,60 km/h,Dupla,Faixa seccionada
2021-06-11 00:00:00,20:43:40,COM VÍTIMA,CASA FORTE,AV DEZESSETE DE AGOSTO,,,COLISÃO TRASEIRA,1,1,0,0,0,0,0,0,0,1,0,,,,,,,,,
2021-06-12 00:00:00,03:22:00,COM VÍTIMA,JORDÃO,AV MARIA IRENE,,CIDADE,COLISÃO FRONTAL,1,1,0,0,0,0,0,0,0,2,0,Longo da via,Bom,Não existente,Seca,Perfeito estado,Não há placas,,Dupla,Canteiro central
2021-06-12 00:00:00,07:48:00,COM VÍTIMA,SANTO AMARO,RUA DOS CASADOS,202,CIDADE,COLISÃO LATERAL,1,1,0,0,0,0,0,0,0,1,0,Esquina,Bom,,Seca,Perfeito estado,R-6a,,Dupla,Não existe
2021-06-12 00:00:00,09:37:00,SEM VÍTIMA,NOVA DESCOBERTA,RUA JOSE REBOUCAS,,SUBURBIO,COLISÃO FRONTAL,0,2,0,0,0,0,0,0,0,0,0,Longo da via,Bom,Não existente,Seca,Perfeito estado,Não há placas,,Dupla,Não existe
2021-06-12 00:00:00,10:06:00,COM VÍTIMA,CASA AMARELA,AV NORTE,364,CIDADE,COLISÃO TRASEIRA,0,2,0,0,0,0,0,0,0,1,0,Cruzamento,Bom,Perfeito estado,Seca,Perfeito estado,Outras,,Dupla,Faixa seccionada
2021-06-12 00:00:00,10:57:00,COM VÍTIMA,AFOGADOS,RUA COSME VIANA,,SUBURBIO,COLISÃO LATERAL,3,1,0,0,0,0,0,0,0,1,0,Cruzamento,Bom,Perfeito estado,Seca,Perfeito estado,Não há placas,,Única,Canteiro central
2021-06-12 00:00:00,12:00:00,COM VÍTIMA,BOA VIAGEM,AV BOA VIAGEM,,CIDADE,COLISÃO TRASEIRA,1,1,0,0,0,0,0,0,0,1,0,Longo da via,Bom,Perfeito estado,Seca,Perfeito estado,Não há placas,,Única,Faixa contínua
2021-06-12 00:00:00,12:34:00,COM VÍTIMA,ARRUDA,AV BEBERIBE,,SUBURBIO,COLISÃO LATERAL,1,0,0,0,0,0,0,0,0,1,0,Cruzamento,Bom,Incompleta,Seca,Perfeito estado,Não há placas,,Dupla,
2021-06-12 00:00:00,12:41:00,SEM VÍTIMA,IMBIRIBEIRA,RUA CAFESOPOLIS,,,COLISÃO TRASEIRA,2,0,0,0,0,0,0,0,0,0,0,,,,,,,,,
2021-06-12 00:00:00,13:33:00,COM VÍTIMA,TORRE,RUA REAL DA TORRE,,,COLISÃO LATERAL,1,1,0,0,0,0,0,0,0,1,0,Longo da via,Bom,Não existente,Seca,Perfeito estado,Outras,,Única,Faixa seccionada
2021-06-12 00:00:00,13:54:00,SEM VÍTIMA,CIDADE UNIVERSITÁRIA,RUA GENERAL POLIDORO,,,COLISÃO LATERAL,1,1,0,0,0,0,0,0,0,0,0,,,,,,,,,
2021-06-12 00:00:00,14:33:00,SEM VÍTIMA,COHAB,RUA DR BENIGNO JORDAO DE VASCONCELOS,,,COLISÃO LATERAL,0,2,0,0,0,0,0,0,0,0,0,,,,,,,,,
2021-06-12 00:00:00,21:00:40,COM VÍTIMA,BARRO,AV DR JOSE RUFINO,,SUBURBIO,COLISÃO FRONTAL,1,1,0,0,0,0,0,0,0,1,0,Longo da via,Bom,Perfeito estado,Seca,Perfeito estado,R-6a,60 km/h,Dupla,Faixa contínua
2021-06-12 00:00:00,21:10:40,COM VÍTIMA,AFOGADOS,RUA DA PAZ,,SUBURBIO,COLISÃO COM CICLISTA,1,0,0,1,0,0,0,0,0,1,0,Longo da via,Bom,Perfeito estado,Seca,Perfeito estado,Outras,,Única,Faixa seccionada
2021-06-13 00:00:00,06:15:00,COM VÍTIMA,BRASÍLIA TEIMOSA,RUA COMENDADOR MORAES,,SUBURBIO,QUEDA,0,0,1,0,0,0,0,0,0,2,0,Longo da via,Bom,Perfeito estado,Seca,Perfeito estado,Outras,,Única,Faixa seccionada
2021-06-13 00:00:00,10:18:00,COM VÍTIMA,IPSEP,RUA JEAN EMILE FAVRE,101,SUBURBIO,COLISÃO LATERAL,1,1,0,0,0,0,0,0,0,1,0,Cruzamento,Bom,Perfeito estado,Seca,Perfeito estado,R-6a,,Dupla,Faixa contínua
2021-06-13 00:00:00,19:11:00,COM VÍTIMA,BONGI,EST DO BONGI,,CIDADE,COLISÃO COM CICLISTA,0,1,0,1,0,0,0,0,0,1,0,Longo da via,Bom,Perfeito estado,Seca,Perfeito estado,Não há placas,30 km/h,Dupla,Faixa contínua
2021-06-13 00:00:00,20:20:00,COM VÍTIMA,CAMPO GRANDE,AV GOVERNADOR AGAMENON MAGALHAES,,OLINDA,COLISÃO LATERAL,1,1,0,0,0,0,0,0,0,1,0,,,,,,,,,