data,hora,natureza,bairro,endereco,num_semaforo,sentido_via,tipo,auto,moto,ciclom,ciclista,pedestre,onibus,caminhao,viatura,outros,vitimas,vitimasfatais,acidente_verificado,tempo_clima,sinalizacao,condicao_via,conservacao_via,situacao_placa,velocidade_max_via,mao_direcao,divisao_via1
2021-08-03 00:00:00,08:57:00,COM VÍTIMA,DOIS IRMÃOS,AV DEZESSETE DE AGOSTO,,CIDADE,QUEDA,0,1,0,0,0,0,0,0,0,1,0,Cruzamento,Chuvoso,Perfeito estado,Oleosa,Perfeito estado,Outras,,Dupla,Faixa contínua
2021-08-03 00:00:00,11:33:00,SEM VÍTIMA,DOIS IRMÃOS,RUA DOIS IRMAOS,,CIDADE,,1,0,0,0,0,0,1,0,0,0,0,Longo da via,Chuvoso,Perfeito estado,Molhada,Perfeito estado,Não há placas,,Dupla,Faixa contínua
2021-08-03 00:00:00,17:23:00,SEM VÍTIMA,CASA FORTE,PRC JORNALISTA FRANCISCO PESSOA DE QUEIROZ JR,,,MONITORAMENTO,0,0,0,0,0,0,0,0,0,0,0,,,,,,,,,
2021-08-03 00:00:00,12:43:00,SEM VÍTIMA,DOIS IRMÃOS,RUA MANUEL DE MEDEIROS,,,MONITORAMENTO,0,0,0,0,0,0,0,0,0,0,0,,,,,,,,,
2021-08-03 00:00:00,13:23:00,COM VÍTIMA,JAQUEIRA,RUA DO FUTURO,,SUBURBIO,COLISÃO LATERAL,1,1,0,0,0,0,0,0,0,1,0,Longo da via,Bom,Perfeito estado,Seca,Perfeito estado,Não há placas,,Única,Faixa seccionada
2021-08-03 00:00:00,10:00:00,SEM VÍTIMA,DOIS IRMÃOS,RUA DOIS IRMAOS,,,COLISÃO LATERAL,1,0,0,0,0,0,1,0,0,0,0,,,,,,,,,
2021-08-03 00:00:00,16:19:00,COM VÍTIMA,ESPINHEIRO,RUA BARAO DE ITAMARACA,,SUBURBIO,COLISÃO TRASEIRA,1,1,0,0,0,0,0,0,0,1,0,Longo da via,Bom,Perfeito estado,Seca,Perfeito estado,R-6a,,Dupla,Faixa contínua
2021-08-03 00:00:00,16:49:00,COM VÍTIMA,AFOGADOS,RUA COSME VIANA,,SUBURBIO,COLISÃO FRONTAL,1,1,0,0,0,0,0,0,0,2,0,Cruzamento,Bom,Não existente,Seca,Perfeito estado,Não há placas,,Única,Não existe
2021-08-03 00:00:00,19:44:00,COM VÍTIMA,IMBIRIBEIRA,VIADUTO TANCREDO NEVES,,,COLISÃO LATERAL,1,1,0,0,0,0,0,0,0,1,0,,,,,,,,,
2021-08-04 00:00:00,10:25:00,SEM VÍTIMA,AREIAS,AV RECIFE,,SUBURBIO,,0,0,0,0,0,0,1,1,0,0,0,Longo da via,Chuvoso,Perfeito estado,Molhada,Perfeito estado,Não há placas,,Única,Faixa seccionada
2021-08-04 00:00:00,16:57:00,COM VÍTIMA,ESPINHEIRO,RUA CONS PORTELA,,SUBURBIO,COLISÃO LATERAL,1,1,0,0,0,0,0,0,0,1,0,Cruzamento,Chuvoso,Perfeito estado,Molhada,Perfeito estado,R-6a,,Única,Faixa seccionada
2021-08-04 00:00:00,18:15:00,COM VÍTIMA,JOANA BEZERRA,RUA DOM PAULO II,,SUBURBIO,QUEDA,0,1,0,0,0,0,0,0,0,1,0,Viaduto,Chuvoso,Perfeito estado,Molhada,Perfeito estado,Não há placas,,Única,Faixa seccionada
2021-08-05 00:00:00,00:03:00,COM VÍTIMA,DERBY,AV GOVERNADOR AGAMENON MAGALHAES,75,CIDADE,COLISÃO TRANSVERSAL,0,0,0,0,0,0,0,0,0,1,0,Cruzamento,Chuvoso,Perfeito estado,Molhada,Perfeito estado,Outras,60 km/h,Dupla,Canal
2021-08-05 00:00:00,06:34:00,COM VÍTIMA,PINA,AV HERCULANO BANDEIRA,657,SUBURBIO,COLISÃO TRASEIRA,1,1,0,0,0,0,0,0,0,1,0,Cruzamento,Chuvoso,Perfeito estado,Molhada,Perfeito estado,Não há placas,,Única,Faixa seccionada
2021-08-05 00:00:00,07:59:00,COM VÍTIMA,ZUMBI,AV CAXANGA,273,CIDADE,ATROPELAMENTO DE PESSOA,0,1,0,0,1,0,0,0,0,2,0,Longo da via,Chuvoso,Perfeito estado,Molhada,,Não há placas,,Dupla,Canteiro central
2021-08-05 00:00:00,08:03:00,COM VÍTIMA,IBURA,AV DOIS RIOS,561,SUBURBIO,COLISÃO COM CICLISTA,0,1,0,1,0,0,0,0,0,2,0,,,,,,,,,
2021-08-05 00:00:00,08:49:00,SEM VÍTIMA,IPSEP,RUA HELIO BRANDAO,,SUBURBIO,COLISÃO TRANSVERSAL,3,0,0,0,0,0,0,0,0,0,0,Cruzamento,Chuvoso,Perfeito estado,Molhada,Perfeito estado,"Placas ""Pare""",,Dupla,Não existe
2021-08-05 00:00:00,09:35:00,COM VÍTIMA,SANTO ANTÔNIO,RUA IMPERADOR PEDRO SEGUNDO,,CIDADE,QUEDA,0,1,0,0,0,0,0,0,0,1,0,Longo da via,Chuvoso,Não existente,Molhada,Perfeito estado,Não há placas,,Única,Faixa seccionada
2021-08-05 00:00:00,09:49:00,COM VÍTIMA,VÁRZEA,AV AFONSO OLINDENSE,,SUBURBIO,,1,1,0,0,0,0,0,0,0,1,0,Longo da via,Chuvoso,Incompleta,Molhada,Perfeito estado,Não há placas,40 km/h,Dupla,Faixa seccionada
2021-08-05 00:00:00,12:22:00,COM VÍTIMA,HIPÓDROMO,RUA MEM DE SA,495,SUBURBIO,COLISÃO LATERAL,1,1,0,0,0,0,0,0,0,1,0,Cruzamento,Chuvoso,Perfeito estado,Molhada,Perfeito estado,Não há placas,,Dupla,Faixa seccionada
2021-08-05 00:00:00,14:55:00,COM VÍTIMA,DOIS IRMÃOS,RUA MANUEL DE MEDEIROS,,CIDADE,COLISÃO LATERAL,1,1,0,0,0,0,0,0,0,1,0,Longo da via,Bom,Não existente,Seca,Mal conservada,Não há placas,,Dupla,Não existe
2021-08-05 00:00:00,15:42:00,COM VÍTIMA,BOA VIAGEM,AV ENGENHEIRO DOMINGOS FERREIRA,,SUBURBIO,COLISÃO LATERAL,2,1,0,0,0,0,0,0,0,1,0,Longo da via,Bom,,Seca,Perfeito estado,Não há placas,,Única,Faixa seccionada
2021-08-05 00:00:00,20:15:00,COM VÍTIMA,CASA AMARELA,AV NORTE MIGUEL ARRAES DE ALENCAR,677,CIDADE,COLISÃO LATERAL,1,1,0,0,0,0,0,0,0,1,0,Longo da via,Chuvoso,Perfeito estado,Molhada,Perfeito estado,Outras,,Única,Faixa seccionada
2021-08-05 00:00:00,20:33:40,VÍTIMA FATAL,VASCO DA GAMA,RUA VASCO DA GAMA,,SUBURBIO,COLISÃO COM CICLISTA,0,0,0,1,0,1,0,0,0,0,1,Longo da via,Chuvoso,Incompleta,Molhada,Mal conservada,Não há placas,,Dupla,Não existe
2021-08-06 00:00:00,06:42:00,COM VÍTIMA,GRAÇAS,RUA BRUNO MAIA,,CIDADE,COLISÃO TRANSVERSAL,0,1,0,0,0,0,0,1,0,2,0,Cruzamento,Bom,Perfeito estado,Seca,Perfeito estado,"Placas ""Pare""",,Única,Não existe
2021-08-06 00:00:00,06:59:00,COM VÍTIMA,IMBIRIBEIRA,AV MARECHAL MASCARENHAS DE MORAES,,,QUEDA,0,1,0,0,0,0,0,0,0,1,0,,,,,,,,,
2021-08-06 00:00:00,09:21:00,COM VÍTIMA,IPSEP,AV RAIMUNDO DINIZ,,SUBURBIO,COLISÃO LATERAL,1,0,0,0,0,1,0,0,0,1,0,Longo da via,Bom,Perfeito estado,Seca,Perfeito estado,Não há placas,60 km/h,Dupla,Faixa seccionada
2021-08-06 00:00:00,18:24:00,COM VÍTIMA,AREIAS,AV TAPAJOS,,CIDADE,COLISÃO FRONTAL,1,1,0,0,0,0,0,0,0,1,0,Cruzamento,Bom,Não existente,Seca,Perfeito estado,Não há placas,,Dupla,Não existe
2021-08-06 00:00:00,20:47:00,COM VÍTIMA,BOA VIAGEM,AV ENGENHEIRO DOMINGOS FERREIRA,,SUBURBIO,COLISÃO TRASEIRA,1,1,0,0,0,0,0,0,0,1,0,Longo da via,Bom,Perfeito estado,Seca,Perfeito estado,Outras,,Única,Canteiro central
2021-08-07 00:00:00,01:33:00,COM VÍTIMA,AFOGADOS,EST DOS REMEDIOS,,SUBURBIO,COLISÃO TRANSVERSAL,2,0,0,0,0,0,0,0,0,2,0,Cruzamento,Chuvoso,Perfeito estado,Molhada,Perfeito estado,Não há placas,,Única,Faixa seccionada
2021-08-07 00:00:00,05:45:00,COM VÍTIMA,MADALENA,RUA JOSE BONIFACIO,,SUBURBIO,CHOQUE,1,0,0,0,0,0,0,0,0,1,0,Longo da via,Bom,Perfeito estado,Seca,Perfeito estado,R-6a,,Única,Faixa seccionada
2021-08-07 00:00:00,08:25:00,COM VÍTIMA,TORRE,AV BEIRA RIO,630,SUBURBIO,COLISÃO FRONTAL,2,0,0,0,0,0,0,0,0,1,0,Cruzamento,Bom,Perfeito estado,Seca,Perfeito estado,Outras,,Única,Faixa seccionada
2021-08-07 00:00:00,10:17:00,COM VÍTIMA,BOA VIAGEM,AV BOA VIAGEM,,SUBURBIO,COLISÃO LATERAL,2,1,0,0,0,0,0,0,0,1,0,Longo da via,Bom,Perfeito estado,Seca,Perfeito estado,Outras,,Dupla,Faixa seccionada
2021-08-07 00:00:00,14:42:00,OUTROS,SANTO AMARO,AV CRUZ CABUGA,,CIDADE,OUTROS,1,0,0,0,0,0,0,0,0,0,0,,,,,,,,,
2021-08-08 00:00:00,06:39:00,SEM VÍTIMA,,,,,,0,0,0,0,0,0,0,0,0,0,0,,,,,,,,,
2021-08-07 00:00:00,15:49:00,COM VÍTIMA,MUSTARDINHA,AV MANOEL GONCALVES DA LUZ,,,COLISÃO TRASEIRA,1,1,0,0,0,0,0,0,0,1,0,Longo da via,Bom,Perfeito estado,Seca,Perfeito estado,Outras,,Dupla,Faixa seccionada
2021-08-07 00:00:00,17:13:00,COM VÍTIMA,VÁRZEA,RUA GASTAO VIDIGAL,,SUBURBIO,COLISÃO LATERAL,1,1,0,0,0,0,0,0,0,1,0,Cruzamento,Chuvoso,Incompleta,Molhada,Perfeito estado,Não há placas,,Dupla,Não existe
2021-08-07 00:00:00,18:39:00,COM VÍTIMA,PARNAMIRIM,RUA JOAO TUDE DE MELO,,,COLISÃO LATERAL,1,1,0,0,0,0,0,0,0,1,0,,,,,,,,,
2021-08-08 00:00:00,11:00:00,COM VÍTIMA,IMBIRIBEIRA,AV MARECHAL MASCARENHAS DE MORAES,,CIDADE,COLISÃO LATERAL,1,1,0,0,0,0,0,0,0,1,0,Longo da via,Bom,Perfeito estado,Seca,Perfeito estado,Não há placas,,Dupla,Canteiro central
2021-08-08 00:00:00,19:58:00,SEM VÍTIMA,JARDIM SÃO PAULO,RUA NOSSA SENHORA DE FATIMA,,SUBURBIO,,2,0,1,0,0,0,0,0,0,0,0,Longo da via,Bom,Não existente,Seca,Perfeito estado,Não há placas,,Dupla,Não existe
2021-08-08 00:00:00,20:58:40,COM VÍTIMA,BOA VIAGEM,RUA JOAO CARDOSO AIRES,,SUBURBIO,COLISÃO TRASEIRA,1,1,0,0,0,0,0,0,0,1,0,Cruzamento,Bom,Incompleta,Seca,Mal iluminada,"Placas ""Pare""",30 km/h,Única,
2021-08-09 00:00:00,00:05:00,COM VÍTIMA,IPUTINGA,AV CAXANGA,,SUBURBIO,COLISÃO LATERAL,1,1,0,0,0,0,0,0,0,1,0,Longo da via,Chuvoso,Perfeito estado,Molhada,Perfeito estado,Não há placas,60 km/h,Única,Faixa seccionada
2021-08-09 00:00:00,01:17:00,COM VÍTIMA,MADALENA,AV VISCONDE DE ALBUQUERQUE,50,SUBURBIO,COLISÃO FRONTAL,2,0,0,0,0,0,0,0,0,1,0,Cruzamento,Chuvoso,Perfeito estado,Molhada,Perfeito estado,Não há placas,60 km/h,Única,Faixa seccionada
2021-08-09 00:00:00,07:25:00,COM VÍTIMA,SANTO AMARO,AV GOVERNADOR AGAMENON MAGALHAES,,CIDADE,COLISÃO TRASEIRA,1,1,0,0,0,0,0,0,0,1,0,Viaduto,Bom,Perfeito estado,Seca,Perfeito estado,Outras,60 km/h,Única,Faixa contínua
2021-08-09 00:00:00,08:48:00,COM VÍTIMA,CORDEIRO,RUA GOMES TABORDA,,,COLISÃO LATERAL,1,1,0,0,0,0,0,0,0,1,0,Cruzamento,Chuvoso,,Molhada,Perfeito estado,Não há placas,40 km/h,Dupla,Faixa seccionada
2021-08-09 00:00:00,09:07:00,COM VÍTIMA,IMBIRIBEIRA,AV MARECHAL MASCARENHAS DE MORAES,,SUBURBIO,COLISÃO TRASEIRA,2,0,0,0,0,0,0,0,0,1,0,,,,,,,,,
2021-08-09 00:00:00,09:28:00,COM VÍTIMA,BOA VIAGEM,AV CONSELHEIRO AGUIAR,,CIDADE,COLISÃO FRONTAL,1,1,0,0,0,0,0,0,0,1,0,Cruzamento,Chuvoso,Perfeito estado,Molhada,Perfeito estado,"Placas ""Pare""",,Única,Faixa seccionada
2021-08-09 00:00:00,11:09:00,COM VÍTIMA,AREIAS,AV RECIFE,,,QUEDA,0,1,0,0,0,0,0,0,0,1,0,Longo da via,Chuvoso,Perfeito estado,Molhada,Perfeito estado,Não há placas,,Dupla,Canteiro central
2021-08-09 00:00:00,13:05:00,COM VÍTIMA,IPUTINGA,AV MAURICIO DE NASSAU,109,CIDADE,COLISÃO COM CICLISTA,1,0,0,1,0,0,0,0,0,1,0,Longo da via,Chuvoso,Perfeito estado,Molhada,Perfeito estado,Outras,,Dupla,Faixa contínua
2021-08-09 00:00:00,14:45:00,COM VÍTIMA,ARRUDA,AV BEBERIBE,,SUBURBIO,COLISÃO COM CICLISTA,0,1,0,1,0,0,0,0,0,3,0,Longo da via,Chuvoso,Perfeito estado,Molhada,Perfeito estado,Outras,,Dupla,Faixa contínua
2021-08-09 00:00:00,17:27:00,COM VÍTIMA,SANTO ANTÔNIO,AV N S DO CARMO,,SUBURBIO,ATROPELAMENTO DE PESSOA,0,0,0,0,1,1,0,0,0,1,0,Longo da via,Chuvoso,Perfeito estado,Molhada,Perfeito estado,Outras,,Dupla,Outros
2021-08-10 00:00:00,00:02:00,COM VÍTIMA,SAN MARTIN,AV ENGENHEIRO ABDIAS DE CARVALHO,,CIDADE,QUEDA,0,1,0,0,0,0,0,1,0,1,0,Longo da via,Chuvoso,Incompleta,Molhada,Mal iluminada,Não há placas,60 km/h,Dupla,Canteiro central
2021-08-10 00:00:00,06:49:00,SEM VÍTIMA,VÁRZEA,AV CAXANGA,262,CIDADE,COLISÃO TRASEIRA,3,0,0,0,0,0,0,0,0,0,0,Longo da via,Chuvoso,Perfeito estado,Molhada,Perfeito estado,,,Única,Faixa contínua
2021-08-10 00:00:00,07:17:00,COM VÍTIMA,BOA VIAGEM,RUA VISCONDE DE JEQUITINHONHA,,SUBURBIO,COLISÃO TRASEIRA,0,0,0,0,0,2,0,0,0,1,0,Longo da via,Chuvoso,Perfeito estado,Molhada,Perfeito estado,Não há placas,60 km/h,Única,Faixa seccionada
2021-08-10 00:00:00,11:35:00,COM VÍTIMA,SANTO AMARO,AV JOAO DE BARROS,198,,COLISÃO COM CICLISTA,1,0,0,1,0,0,0,0,0,1,0,,,,,,,,,
2021-08-10 00:00:00,12:16:00,COM VÍTIMA,BOA VISTA,RUA DO HOSPICIO,31,CIDADE,COLISÃO LATERAL,1,1,0,0,0,0,0,0,0,1,0,Cruzamento,Chuvoso,Incompleta,Molhada,Perfeito estado,Outras,,Dupla,Faixa contínua
2021-08-10 00:00:00,17:02:00,COM VÍTIMA,BOA VIAGEM,RUA BALTAZAR PASSOS,154,,COLISÃO LATERAL,1,1,0,0,0,0,0,0,0,1,0,Cruzamento,Bom,Perfeito estado,Seca,Perfeito estado,R-25d,,Dupla,Faixa contínua
2021-08-10 00:00:00,18:36:00,VÍTIMA FATAL,ENCRUZILHADA,EST DE BELEM,,CIDADE,COLISÃO TRANSVERSAL,1,1,0,0,0,0,0,0,0,0,1,Cruzamento,Bom,Perfeito estado,Seca,Perfeito estado,R-6a,,Dupla,Faixa contínua
2021-08-10 00:00:00,19:54:00,SEM VÍTIMA,ILHA DO LEITE,RUA FRANCISCO ALVES,,,COLISÃO LATERAL,1,0,0,0,0,1,0,0,0,0,0,,,,,,,,,
2021-08-11 00:00:00,08:09:00,VÍTIMA FATAL,MADALENA,AV JOSE GONCALVES DE MEDEIROS,353,SUBURBIO,CHOQUE,1,0,0,0,0,0,0,0,0,0,1,Longo da via,Chuvoso,,Molhada,Perfeito estado,R-6a,,Dupla,Faixa contínua
2021-08-12 00:00:00,07:24:00,COM VÍTIMA,AFOGADOS,RUA VINTE E UM DE ABRIL,,SUBURBIO,COLISÃO LATERAL,1,1,0,0,0,0,0,0,0,1,0,Longo da via,Chuvoso,Não existente,Molhada,,Não há placas,,Dupla,Não existe
2021-08-12 00:00:00,07:25:00,COM VÍTIMA,DERBY,AV GOVERNADOR AGAMENON MAGALHAES,,BOA VIAGEM,COLISÃO COM CICLISTA,0,0,0,1,0,1,0,0,0,1,0,Longo da via,Chuvoso,,Molhada,Mal conservada,,60 km/h,Dupla,Canteiro central
2021-08-12 00:00:00,09:32:00,COM VÍTIMA,TORRE,RUA MARQUES DE MARICA,,,COLISÃO LATERAL,1,1,0,0,0,0,0,0,0,1,0,Longo da via,Chuvoso,Perfeito estado,Molhada,Perfeito estado,Não há placas,30 km/h,Dupla,Faixa seccionada
2021-08-12 00:00:00,09:36:00,COM VÍTIMA,IMBIRIBEIRA,RUA PINTOR LULA CARDOSO AYRES,,SUBURBIO,COLISÃO FRONTAL,1,1,0,0,0,0,0,0,0,1,0,Cruzamento,Bom,Não existente,Seca,Perfeito estado,Não há placas,60 km/h,Dupla,
2021-08-12 00:00:00,09:38:00,COM VÍTIMA,CASA FORTE,AV DEZESSETE DE AGOSTO,,CIDADE,COLISÃO TRASEIRA,1,1,0,0,0,0,1,0,0,1,0,Longo da via,Bom,Perfeito estado,Seca,Perfeito estado,R-6a,60 km/h,Dupla,Faixa contínua
2021-08-12 00:00:00,11:45:00,COM VÍTIMA,BOA VIAGEM,RUA RIBEIRO DE BRITO,,,COLISÃO LATERAL,1,1,0,0,0,0,0,0,0,1,0,Cruzamento,Bom,Perfeito estado,Seca,Perfeito estado,Não há placas,60 km/h,Única,Não existe
2021-08-12 00:00:00,13:21:00,COM VÍTIMA,ILHA DO RETIRO,RUA JOAO ELISIO RAMOS,,SUBURBIO,COLISÃO LATERAL,1,1,0,0,0,0,0,0,0,1,0,Cruzamento,Bom,Incompleta,Seca,Perfeito estado,R-6a,,Dupla,Faixa seccionada
2021-08-13 00:00:00,10:04:00,SEM VÍTIMA,DOIS IRMÃOS,RUA DOIS IRMAOS,,,CHOQUE,1,0,0,0,0,0,0,0,0,0,0,,,,,,,,,
2021-08-13 00:00:00,12:43:00,COM VÍTIMA,MADALENA,RUA BENFICA,257,CIDADE,COLISÃO FRONTAL,2,0,0,0,0,0,0,0,0,1,0,Cruzamento,Bom,Perfeito estado,Seca,Perfeito estado,Não há placas,,Dupla,Faixa contínua
2021-08-13 00:00:00,12:51:00,SEM VÍTIMA,DERBY,AV GOVERNADOR AGAMENON MAGALHAES,,SUBURBIO,,2,0,0,0,0,0,0,0,0,0,0,Longo da via,Bom,Perfeito estado,Seca,Perfeito estado,Não há placas,60 km/h,Única,Faixa seccionada
2021-08-13 00:00:00,14:50:00,COM VÍTIMA,SANTO AMARO,AV NORTE MIGUEL ARRAES DE ALENCAR,34,CIDADE,COLISÃO TRASEIRA,1,1,0,0,0,0,0,0,0,2,0,Longo da via,Bom,Perfeito estado,Seca,Perfeito estado,Outras,,Única,Não existe
2021-08-13 00:00:00,14:59:00,SEM VÍTIMA,BOA VIAGEM,RUA ANTONIO LUMACK DO MONTE,,SUBURBIO,,0,0,0,0,0,0,0,0,0,0,0,,,,,,,,,
2021-08-13 00:00:00,16:42:00,COM VÍTIMA,CORDEIRO,EST DO FORTE DO ARRAIAL N. DO B. JESUS,,AV CAXANGA,COLISÃO LATERAL,1,1,0,0,0,0,0,0,0,1,0,Cruzamento,Bom,Perfeito estado,Seca,,Não há placas,,Dupla,Não existe
2021-08-13 00:00:00,19:07:00,COM VÍTIMA,SANTO ANTÔNIO,AV SUL,311,CIDADE,COLISÃO COM CICLISTA,0,1,0,1,0,0,0,0,0,1,0,Longo da via,Bom,Perfeito estado,Seca,Perfeito estado,Não há placas,,Dupla,Não existe
2021-08-13 00:00:00,20:21:00,SEM VÍTIMA,IPSEP,RUA ITAJAI,,SUBURBIO,COLISÃO TRANSVERSAL,2,0,0,0,0,0,0,0,0,0,0,Cruzamento,Bom,Perfeito estado,Seca,Perfeito estado,Outras,40 km/h,Única,Faixa contínua
2021-08-13 00:00:00,22:36:40,SEM VÍTIMA,SANTO AMARO,AV CRUZ CABUGA,,SUBURBIO,COLISÃO LATERAL,0,1,0,0,0,0,1,0,0,0,0,,,,,,,,,
2021-08-14 00:00:00,09:18:00,COM VÍTIMA,SANTO ANTÔNIO,AV MARTINS DE BARROS,,SUBURBIO,COLISÃO TRANSVERSAL,1,1,0,0,0,0,0,0,0,1,0,Longo da via,Bom,Perfeito estado,Seca,Perfeito estado,,,,
2021-08-14 00:00:00,15:57:00,COM VÍTIMA,IPUTINGA,RUA SAO MATEUS,,CIDADE,COLISÃO LATERAL,1,1,0,0,0,0,0,0,0,1,0,Longo da via,Bom,Perfeito estado,Seca,Perfeito estado,Não há placas,,Dupla,Não existe
2021-08-14 00:00:00,22:29:40,SEM VÍTIMA,ESPINHEIRO,AV JOAO DE BARROS,,SUBURBIO,CHOQUE,2,0,0,0,0,0,0,0,0,0,0,Longo da via,Chuvoso,Perfeito estado,Molhada,Perfeito estado,Outras,,Única,Faixa seccionada
2021-08-15 00:00:00,15:45:00,COM VÍTIMA,IPUTINGA,AV MAURICIO DE NASSAU,,SUBURBIO,CHOQUE,0,1,0,0,0,0,0,0,0,1,0,Longo da via,Bom,Perfeito estado,Seca,Perfeito estado,Outras,,Dupla,Faixa contínua
2021-08-15 00:00:00,17:06:00,COM VÍTIMA,PRADO,AV ENGENHEIRO ABDIAS DE CARVALHO,,,COLISÃO FRONTAL,3,0,0,0,0,0,0,0,0,2,0,,,,,,,,,
2021-08-15 00:00:00,18:15:00,COM VÍTIMA,CASA AMARELA,AV NORTE MIGUEL ARRAES DE ALENCAR,,,COLISÃO LATERAL,1,1,0,0,0,0,0,0,0,1,0,Longo da via,Bom,Perfeito estado,Seca,Perfeito estado,Não há placas,60 km/h,Dupla,
2021-08-16 00:00:00,00:33:00,SEM VÍTIMA,ESPINHEIRO,RUA CONS PORTELA,,,CHOQUE,2,0,0,0,0,0,0,0,0,0,0,,,,,,,,,
2021-08-16 00:00:00,09:00:00,VÍTIMA FATAL,MADALENA,AV CAXANGA,,CIDADE,ATROPELAMENTO DE PESSOA,0,0,0,0,1,1,0,0,0,0,1,Longo da via,Bom,Perfeito estado,Seca,Perfeito estado,Não há placas,60 km/h,Dupla,Canteiro central
2021-08-16 00:00:00,12:23:00,COM VÍTIMA,BONGI,EST DO BONGI,,CIDADE,COLISÃO FRONTAL,1,1,0,0,0,0,0,0,0,1,0,Longo da via,Bom,Perfeito estado,Seca,Perfeito estado,Não há placas,30 km/h,Dupla,Faixa seccionada
2021-08-16 00:00:00,12:29:00,COM VÍTIMA,SANTO AMARO,RUA TREZE DE MAIO,,SUBURBIO,COLISÃO LATERAL,1,1,0,0,0,0,0,0,0,1,0,Longo da via,Bom,Perfeito estado,Seca,Perfeito estado,Outras,,Dupla,Faixa contínua
2021-08-16 00:00:00,13:51:00,COM VÍTIMA,AFOGADOS,RUA MOTOCOLOMBO,,SUBURBIO,COLISÃO FRONTAL,1,1,0,0,0,0,0,0,0,1,0,Longo da via,Bom,Não existente,Seca,Perfeito estado,Não há placas,,Única,Faixa seccionada
2021-08-16 00:00:00,15:13:00,COM VÍTIMA,DERBY,AV GOVERNADOR AGAMENON MAGALHAES,75,SUBURBIO,COLISÃO TRASEIRA,1,1,0,0,0,0,0,0,0,1,0,Cruzamento,Bom,Perfeito estado,Seca,Perfeito estado,Outras,60 km/h,Dupla,Canal
2021-08-16 00:00:00,17:30:00,VÍTIMA FATAL,SANTO AMARO,AV GOVERNADOR AGAMENON MAGALHAES,,SUBURBIO,ATROPELAMENTO DE PESSOA,0,0,0,0,1,1,0,0,0,1,1,Longo da via,Bom,Perfeito estado,Seca,,,,,
2021-08-16 00:00:00,18:04:00,COM VÍTIMA,BOA VIAGEM,RUA BALTAZAR PASSOS,,,COLISÃO FRONTAL,1,2,0,0,0,0,0,0,0,1,0,Cruzamento,Bom,Perfeito estado,Seca,Perfeito estado,"Placas ""Pare""",,Única,Não existe
2021-08-16 00:00:00,19:43:00,COM VÍTIMA,BOA VIAGEM,AV BOA VIAGEM,,CIDADE,ATROPELAMENTO DE PESSOA,0,1,0,0,1,0,0,0,0,1,0,Longo da via,Bom,Perfeito estado,Seca,Perfeito estado,Outras,50 km/h,Única,
2021-08-16 00:00:00,19:53:00,COM VÍTIMA,CABANGA,AV ENGENHEIRO JOSE ESTELITA,,,COLISÃO LATERAL,0,0,0,0,0,0,0,0,0,1,0,,,,,,,,,
2021-08-16 00:00:00,20:13:00,COM VÍTIMA,CAJUEIRO,AV SEBASTIAO SALAZAR,,,COLISÃO LATERAL,1,1,0,0,0,0,0,0,0,1,0,Longo da via,Bom,Perfeito estado,Seca,Perfeito estado,Outras,,Dupla,Faixa contínua
2021-08-16 00:00:00,22:38:40,COM VÍTIMA,BAIRRO DO RECIFE,AV MARQUES DE OLINDA,20,SUBURBIO,COLISÃO LATERAL,1,0,0,0,0,1,0,0,0,1,0,Cruzamento,Chuvoso,Perfeito estado,Molhada,Perfeito estado,Outras,,Única,Faixa seccionada
2021-08-17 00:00:00,00:12:00,COM VÍTIMA,DERBY,AV GOVERNADOR AGAMENON MAGALHAES,174,SUBURBIO,COLISÃO TRANSVERSAL,0,0,0,0,0,0,0,0,0,1,0,Cruzamento,Bom,Perfeito estado,Seca,Perfeito estado,R-6a,50 km/h,Dupla,Canal
2021-08-17 00:00:00,07:48:00,SEM VÍTIMA,ARRUDA,AV BEBERIBE,,SUBURBIO,,0,0,0,0,0,0,0,0,0,0,0,,,,,,,,,
2021-08-17 00:00:00,10:28:00,SEM VÍTIMA,JOANA BEZERRA,AV BEIRA RIO,38,CIDADE,COLISÃO TRASEIRA,1,0,0,0,0,0,0,1,0,0,0,Longo da via,Bom,Incompleta,Seca,Perfeito estado,R-6a,,Dupla,Faixa contínua
2021-08-17 00:00:00,10:24:00,COM VÍTIMA,BOA VIAGEM,AV ENGENHEIRO DOMINGOS FERREIRA,545,CIDADE,COLISÃO LATERAL,1,1,0,0,0,0,0,0,0,1,0,Cruzamento,Bom,Perfeito estado,Seca,Perfeito estado,,,Única,Canteiro central