data,hora,natureza,bairro,endereco,num_semaforo,sentido_via,tipo,auto,moto,ciclom,ciclista,pedestre,onibus,caminhao,viatura,outros,vitimas,vitimasfatais,acidente_verificado,tempo_clima,sinalizacao,condicao_via,conservacao_via,situacao_placa,velocidade_max_via,mao_direcao,divisao_via1
2021-08-17 00:00:00,12:15:00,COM VÍTIMA,TAMARINEIRA,AV NORTE MIGUEL ARRAES DE ALENCAR,,SUBURBIO,ATROPELAMENTO DE PESSOA,0,1,0,0,1,0,0,0,0,1,0,Longo da via,Bom,Perfeito estado,Seca,Perfeito estado,R-6a,,Dupla,Faixa seccionada
2021-08-17 00:00:00,13:21:00,COM VÍTIMA,BAIRRO DO RECIFE,CAIS DO APOLO,436,SUBURBIO,QUEDA,0,1,0,0,0,0,0,0,0,1,0,Longo da via,Chuvoso,Perfeito estado,Molhada,Perfeito estado,Outras,,Única,Faixa seccionada
2021-08-17 00:00:00,13:55:00,COM VÍTIMA,VÁRZEA,AV AFONSO OLINDENSE,,CIDADE,COLISÃO LATERAL,0,1,0,0,0,0,0,1,0,1,0,Longo da via,Chuvoso,Perfeito estado,Molhada,Perfeito estado,Não há placas,,Dupla,Faixa contínua
2021-08-17 00:00:00,15:16:00,COM VÍTIMA,ZUMBI,AV CAXANGA,,SUBURBIO,COLISÃO COM CICLISTA,0,0,0,1,0,1,0,0,0,1,0,Longo da via,Bom,Perfeito estado,Seca,Perfeito estado,Não há placas,,Dupla,Faixa contínua
2021-08-17 00:00:00,17:29:00,COM VÍTIMA,SANTO AMARO,AV PREFEITO ARTUR LIMA CAVALCANTI,,SUBURBIO,COLISÃO TRASEIRA,1,1,0,0,0,0,0,0,0,1,0,Longo da via,Bom,Perfeito estado,Seca,Perfeito estado,Não há placas,40 km/h,,Faixa seccionada
2021-08-17 00:00:00,17:50:00,COM VÍTIMA,CORDEIRO,RUA GOMES TABORDA,,CIDADE,COLISÃO LATERAL,1,1,0,0,0,0,0,0,0,1,0,Longo da via,Bom,Incompleta,Seca,Mal iluminada,R-6a,,Dupla,Faixa seccionada
2021-08-17 00:00:00,18:42:00,COM VÍTIMA,BARRO,AV DR JOSE RUFINO,,DUPLO,COLISÃO FRONTAL,1,1,0,0,0,0,0,0,0,1,0,Cruzamento,Bom,Perfeito estado,Seca,Perfeito estado,,,Dupla,Não existe
2021-08-17 00:00:00,19:37:00,COM VÍTIMA,BOA VIAGEM,AV BOA VIAGEM,3,CIDADE,COLISÃO TRANSVERSAL,1,1,0,0,0,0,0,0,0,1,0,Longo da via,Bom,Perfeito estado,Seca,Perfeito estado,Não há placas,,Única,Faixa contínua
2021-08-17 00:00:00,22:44:40,COM VÍTIMA,BAIRRO DO RECIFE,AV ALFREDO LISBOA,,SUBURBIO,COLISÃO COM CICLISTA,1,0,0,2,0,0,0,0,0,2,0,Longo da via,Bom,Perfeito estado,Seca,Mal iluminada,Outras,60 km/h,Única,Faixa seccionada
2021-08-18 00:00:00,08:29:00,COM VÍTIMA,SANTO AMARO,AV PREFEITO ARTUR LIMA CAVALCANTI,,SUBURBIO,QUEDA,0,1,0,0,0,0,0,0,0,1,0,Longo da via,Bom,Perfeito estado,Seca,Perfeito estado,Não há placas,,Dupla,Canteiro central
2021-08-18 00:00:00,09:39:00,SEM VÍTIMA,ILHA DO RETIRO,EST DOS REMEDIOS,,,COLISÃO TRASEIRA,2,0,0,0,0,0,0,0,0,0,0,,,,,,,,,
2021-08-18 00:00:00,09:50:00,SEM VÍTIMA,ESPINHEIRO,AV GOVERNADOR AGAMENON MAGALHAES,78,SUBURBIO,,1,0,0,0,0,0,1,0,0,0,0,Cruzamento,Bom,Perfeito estado,Seca,Perfeito estado,Outras,,Dupla,Canal
2021-08-18 00:00:00,09:59:00,COM VÍTIMA,MADALENA,RUA DEMOCRITO DE SOUZA FILHO,,SUBURBIO,COLISÃO LATERAL,1,1,0,0,0,0,0,0,0,1,0,Cruzamento,Bom,Perfeito estado,Seca,Perfeito estado,R-3,,Única,Não existe
2021-08-18 00:00:00,10:04:00,SEM VÍTIMA,BOA VISTA,AV GOVERNADOR AGAMENON MAGALHAES,,,COLISÃO LATERAL,1,0,0,0,0,0,0,1,0,0,0,,,,,,,,,
2021-08-18 00:00:00,11:29:00,COM VÍTIMA,PAISSANDU,AV GOVERNADOR AGAMENON MAGALHAES,,BOA VIAGEM,COLISÃO TRASEIRA,1,1,0,0,0,0,0,0,0,1,0,Longo da via,Bom,Não existente,Seca,Perfeito estado,Não há placas,60 km/h,Única,Faixa seccionada
2021-08-18 00:00:00,12:11:00,COM VÍTIMA,BOA VIAGEM,AV ENGENHEIRO DOMINGOS FERREIRA,,SUBURBIO,COLISÃO LATERAL,1,1,0,0,0,0,0,0,0,1,0,Longo da via,Bom,Perfeito estado,Seca,Perfeito estado,Não há placas,,Dupla,Canteiro central
2021-08-18 00:00:00,11:55:00,COM VÍTIMA,CASA AMARELA,RUA PADRE LEMOS,369,SUBURBIO,COLISÃO LATERAL,1,1,0,0,0,0,0,0,0,1,0,Longo da via,Bom,Incompleta,Seca,Mal conservada,Outras,30 km/h,Dupla,Não existe
2021-08-19 00:00:00,06:31:00,COM VÍTIMA,BOA VISTA,RUA JOSE DE ALENCAR,,CIDADE,COLISÃO FRONTAL,1,0,0,0,0,0,0,0,1,1,0,Cruzamento,Chuvoso,Perfeito estado,Molhada,Perfeito estado,Outras,,Única,Outros
2021-08-19 00:00:00,07:48:00,COM VÍTIMA,BEBERIBE,AV BEBERIBE,,SUBURBIO,COLISÃO COM CICLISTA,0,0,0,1,0,0,0,0,0,1,0,Longo da via,Nublado,Perfeito estado,Molhada,Perfeito estado,R-6a,,Dupla,Faixa seccionada
2021-08-19 00:00:00,12:59:00,COM VÍTIMA,MADALENA,RUA DEMOCRITO DE SOUZA FILHO,,CIDADE,COLISÃO FRONTAL,1,0,0,0,0,0,0,0,0,1,0,Cruzamento,Chuvoso,Incompleta,Molhada,Perfeito estado,Não há placas,,Única,Não existe
2021-08-19 00:00:00,15:28:00,SEM VÍTIMA,TORRÕES,AV ENGENHEIRO ABDIAS DE CARVALHO,375,SUBURBIO,COLISÃO TRASEIRA,1,0,0,0,0,0,2,0,0,0,0,Longo da via,Chuvoso,Perfeito estado,Molhada,Perfeito estado,,60 km/h,Dupla,Faixa seccionada
2021-08-19 00:00:00,17:54:00,COM VÍTIMA,SAN MARTIN,AV GENERAL SAN MARTIN,,NORTE / SUL,COLISÃO FRONTAL,0,2,0,0,0,0,0,0,0,1,0,Longo da via,Bom,Perfeito estado,Seca,Perfeito estado,Não há placas,40 km/h,Dupla,Faixa contínua
2021-08-19 00:00:00,18:55:00,COM VÍTIMA,CASA AMARELA,EST DO ENCANAMENTO,435,,ATROPELAMENTO DE PESSOA,0,1,0,0,1,0,0,0,0,1,0,,,,,,,,,
2021-08-19 00:00:00,19:48:00,COM VÍTIMA,SANTO AMARO,RUA AURORA,,SUBURBIO,ATROPELAMENTO DE ANIMAL,1,0,0,0,0,0,0,0,0,1,0,Longo da via,Bom,Perfeito estado,Seca,Perfeito estado,Não há placas,,Dupla,Faixa contínua
2021-08-20 00:00:00,00:49:00,COM VÍTIMA,GRAÇAS,RUA ALBERTO PAIVA,,DUPLO,COLISÃO LATERAL,2,0,0,0,0,0,0,0,0,2,0,Cruzamento,Chuvoso,Perfeito estado,Molhada,Perfeito estado,Não há placas,,Dupla,Não existe
2021-08-20 00:00:00,08:18:00,COM VÍTIMA,CASA AMARELA,AV NORTE MIGUEL ARRAES DE ALENCAR,95,CIDADE,COLISÃO TRASEIRA,1,1,0,0,0,0,0,0,0,1,0,Longo da via,Chuvoso,Perfeito estado,Molhada,Perfeito estado,Outras,60 km/h,Dupla,Canteiro central
2021-08-20 00:00:00,10:11:00,COM VÍTIMA,CASA AMARELA,COR DO BARTOLOMEU,,SUBURBIO,COLISÃO TRANSVERSAL,0,2,0,0,0,0,0,0,0,2,0,Longo da via,Chuvoso,Perfeito estado,Molhada,Perfeito estado,R-6a,30 km/h,Dupla,Faixa seccionada
2021-08-20 00:00:00,11:24:00,COM VÍTIMA,SANTO AMARO,AV CRUZ CABUGA,,SUBURBIO,COLISÃO TRASEIRA,0,1,0,0,0,0,1,0,0,1,0,Cruzamento,Chuvoso,Perfeito estado,Seca,Perfeito estado,R-6a,,Dupla,Faixa contínua
2021-08-20 00:00:00,16:31:00,COM VÍTIMA,MADALENA,RUA REAL DA TORRE,,SUBURBIO,COLISÃO LATERAL,2,0,0,0,0,0,0,0,0,1,0,Longo da via,Chuvoso,Perfeito estado,Molhada,Perfeito estado,Não há placas,60 km/h,Única,Não existe
2021-08-21 00:00:00,00:03:00,COM VÍTIMA,JARDIM SÃO PAULO,AV LIBERDADE,,CIDADE,COLISÃO FRONTAL,1,1,0,0,0,0,0,0,0,1,0,Longo da via,Bom,,Seca,Perfeito estado,Não há placas,60 km/h,Dupla,Faixa contínua
2021-08-21 00:00:00,11:19:00,COM VÍTIMA,BEBERIBE,RUA ARAO BOTLER,,SUBURBIO,COLISÃO LATERAL,1,1,0,0,0,0,0,0,0,2,0,Longo da via,Bom,Perfeito estado,Seca,Perfeito estado,Não há placas,,Única,Não existe
2021-08-21 00:00:00,15:08:00,COM VÍTIMA,ILHA DO RETIRO,RUA SPORT CLUBE DO RECIFE,367,CIDADE,COLISÃO TRASEIRA,1,1,0,0,0,0,0,0,0,1,0,Longo da via,Bom,Perfeito estado,Seca,Perfeito estado,Não há placas,,Dupla,Faixa contínua
2021-08-21 00:00:00,17:02:00,COM VÍTIMA,IMBIRIBEIRA,AV MARECHAL MASCARENHAS DE MORAES,,,COLISÃO LATERAL,1,1,0,0,0,0,0,0,0,1,0,,,,,,,,,
2021-08-21 00:00:00,17:02:00,COM VÍTIMA,BOA VIAGEM,AV ENGENHEIRO DOMINGOS FERREIRA,550,SUBURBIO,ENGAVETAMENTO,3,0,0,0,0,0,0,0,0,1,0,Longo da via,Bom,Perfeito estado,Seca,Perfeito estado,Outras,,Única,Faixa contínua
2021-08-21 00:00:00,17:10:00,COM VÍTIMA,JORDÃO,AV MARIA IRENE,,CIDADE,COLISÃO LATERAL,1,1,0,0,0,0,0,0,0,1,0,Longo da via,Bom,Perfeito estado,Seca,Perfeito estado,Não há placas,40 km/h,Dupla,
2021-08-21 00:00:00,22:36:40,COM VÍTIMA,MACAXEIRA,RUA MARIA CANDIDA,,SUBURBIO,COLISÃO LATERAL,1,1,0,0,0,0,0,0,0,1,0,Cruzamento,Chuvoso,Perfeito estado,Seca,Perfeito estado,Outras,,Dupla,Faixa seccionada
2021-08-22 00:00:00,13:02:00,COM VÍTIMA,ILHA JOANA BEZERRA,VDO PAPA JOAO PAULO II,,RECIFE / OLINDA,COLISÃO LATERAL,0,2,0,0,0,0,0,0,0,1,0,Longo da via,Bom,Perfeito estado,Seca,Perfeito estado,Outras,60 km/h,Dupla,Canteiro central
2021-08-22 00:00:00,14:29:00,COM VÍTIMA,SANTO AMARO,AV CRUZ CABUGA,,,COLISÃO LATERAL,2,0,0,0,0,0,0,0,0,1,0,,,,,,,,,
2021-08-22 00:00:00,16:52:00,COM VÍTIMA,JORDÃO,AV GOVERNADOR ROBERTO SILVEIRA,,,COLISÃO LATERAL,1,0,0,0,0,0,0,0,0,1,0,Cruzamento,Chuvoso,Perfeito estado,Seca,Perfeito estado,R-24a,,Única,Não existe
2021-08-23 00:00:00,09:15:00,SEM VÍTIMA,MADALENA,AV JOSE GONCALVES DE MEDEIROS,,SUBURBIO,COLISÃO TRANSVERSAL,1,0,0,0,0,0,0,1,0,0,0,Cruzamento,Nublado,Perfeito estado,Seca,Perfeito estado,R-6a,,Dupla,Faixa contínua
2021-08-23 00:00:00,10:07:00,COM VÍTIMA,CASA AMARELA,AV NORTE MIGUEL ARRAES DE ALENCAR,,CIDADE,COLISÃO LATERAL,0,1,0,0,0,0,1,0,0,1,0,Longo da via,Chuvoso,Perfeito estado,Seca,Perfeito estado,R-6a,60 km/h,Dupla,Faixa seccionada
2021-08-23 00:00:00,14:29:00,COM VÍTIMA,SANTO ANTÔNIO,AV GUARARAPES,14,SUBURBIO,COLISÃO LATERAL,0,2,0,0,0,0,0,0,0,1,0,Cruzamento,Bom,Perfeito estado,Seca,Perfeito estado,Não há placas,,Dupla,Canteiro central
2021-08-23 00:00:00,15:45:00,COM VÍTIMA,CORDEIRO,AV CAXANGA,,SUBURBIO,COLISÃO TRASEIRA,1,1,0,0,0,0,0,0,0,1,0,Longo da via,Bom,Perfeito estado,Seca,Perfeito estado,Não há placas,,Dupla,Canteiro central
2021-08-23 00:00:00,16:55:00,COM VÍTIMA,CASA FORTE,AV DEZESSETE DE AGOSTO,345,SUBURBIO,COLISÃO COM CICLISTA,1,0,0,1,0,0,0,0,0,1,0,Longo da via,Bom,Perfeito estado,Seca,Perfeito estado,R-6a,,Dupla,Faixa contínua
2021-08-23 00:00:00,19:37:00,COM VÍTIMA,IMBIRIBEIRA,AV SUL,,SUBURBIO,COLISÃO LATERAL,1,1,0,0,0,0,0,0,0,1,0,Longo da via,Bom,Perfeito estado,Seca,Perfeito estado,Não há placas,,Única,Não existe
2021-08-24 00:00:00,08:43:00,SEM VÍTIMA,BOA VIAGEM,AVENIDA CELSO FURTADO (VIA MANGUE),,SUBURBIO,CHOQUE,1,0,0,0,0,0,0,0,0,0,0,Longo da via,Bom,Perfeito estado,Molhada,Perfeito estado,R-19,,Dupla,Canteiro central
2021-08-24 00:00:00,09:41:00,SEM VÍTIMA,BOA VIAGEM,RUA REMIGIO,,SUBURBIO,CHOQUE,0,0,0,0,0,0,0,1,0,0,0,Longo da via,Bom,Incompleta,Seca,Mal conservada,Não há placas,,Dupla,Canteiro central
2021-08-24 00:00:00,12:15:00,COM VÍTIMA,BOA VIAGEM,RUA PROFESSOR JOAO MEDEIROS,335,CIDADE,COLISÃO LATERAL,1,1,0,0,0,0,0,0,0,1,0,Cruzamento,Bom,Perfeito estado,Seca,Perfeito estado,Outras,,Dupla,Faixa contínua
2021-08-10 00:00:00,18:20:00,COM VÍTIMA,DOIS UNIDOS,RUA DIVISOPOLIS,,CIDADE,ATROPELAMENTO DE PESSOA,0,1,0,0,1,0,0,0,0,1,0,Longo da via,Bom,Não existente,Seca,Mal iluminada,Não há placas,30 km/h,Dupla,Não existe
2021-08-24 00:00:00,15:56:00,COM VÍTIMA,TAMARINEIRA,EST VELHA DE AGUA FRIA,306,SUBURBIO,QUEDA,0,1,0,0,0,0,0,0,0,1,0,Cruzamento,Bom,Perfeito estado,Seca,Perfeito estado,,,Dupla,Canteiro central
2021-08-24 00:00:00,16:00:00,COM VÍTIMA,AFOGADOS,RUA SAO MIGUEL,,CIDADE,COLISÃO LATERAL,2,1,0,0,0,0,0,0,0,1,0,Longo da via,Bom,Perfeito estado,Seca,Perfeito estado,Não há placas,,Dupla,Faixa
2021-08-24 00:00:00,18:57:00,COM VÍTIMA,IBURA,AV DOIS RIOS,,CIDADE,COLISÃO LATERAL,0,2,0,0,0,0,0,0,0,2,0,Cruzamento,Bom,Perfeito estado,Seca,Perfeito estado,Não há placas,60 km/h,Dupla,Faixa contínua
2021-08-24 00:00:00,18:57:00,SEM VÍTIMA,IBURA,AV DOIS RIOS,,SUBURBIO,COLISÃO TRASEIRA,1,1,0,0,0,0,0,0,0,0,0,Longo da via,Bom,Perfeito estado,Seca,Perfeito estado,Não há placas,,Dupla,Faixa contínua
2021-08-24 00:00:00,20:50:00,COM VÍTIMA,ESPINHEIRO,RUA DO ESPINHEIRO,,SUBURBIO,COLISÃO COM CICLISTA,1,0,0,1,0,0,0,0,0,1,0,Longo da via,Bom,Perfeito estado,Seca,Perfeito estado,"Placas ""Pare""",,Dupla,
2021-08-24 00:00:00,21:15:40,COM VÍTIMA,IPUTINGA,RUA SAO MATEUS,,SUBURBIO,COLISÃO FRONTAL,0,2,0,0,0,0,0,0,0,1,0,Longo da via,Bom,Perfeito estado,Seca,Perfeito estado,Outras,,Dupla,Não existe
2021-08-25 00:00:00,00:23:00,COM VÍTIMA,BARRO,AV DR JOSE RUFINO,,,COLISÃO LATERAL,1,1,0,0,0,0,0,0,0,1,0,,,,,,,,,
2021-08-25 00:00:00,11:42:00,COM VÍTIMA,AFOGADOS,EST DOS REMEDIOS,,SUBURBIO,COLISÃO LATERAL,2,1,0,0,0,0,0,0,0,1,0,Longo da via,Bom,Perfeito estado,Seca,Perfeito estado,Não há placas,,Única,Faixa seccionada
2021-08-25 00:00:00,13:22:00,COM VÍTIMA,IBURA,RUA JORNALISTA EDSON REGIS,518,SUBURBIO,COLISÃO LATERAL,1,1,0,0,0,0,0,0,0,1,0,Longo da via,Bom,Perfeito estado,Seca,Perfeito estado,Outras,,Dupla,Não existe
2021-08-25 00:00:00,16:00:00,SEM VÍTIMA,SANTO AMARO,AV MARIO MELO,,SUBURBIO,COLISÃO TRANSVERSAL,1,0,0,0,0,0,0,1,0,0,0,Cruzamento,Bom,Perfeito estado,Seca,Perfeito estado,Outras,,Dupla,Canteiro central
2021-08-25 00:00:00,18:59:00,COM VÍTIMA,CASA AMARELA,AV NORTE MIGUEL ARRAES DE ALENCAR,,SUBURBIO,COLISÃO TRASEIRA,1,1,0,0,0,0,0,0,0,1,0,Longo da via,Bom,Incompleta,Seca,Mal conservada,Outras,,Dupla,Canteiro central
2021-08-26 00:00:00,08:44:00,COM VÍTIMA,AFOGADOS,RUA COSME VIANA,,SUBURBIO,COLISÃO LATERAL,1,1,0,0,0,0,0,0,0,1,0,Longo da via,Bom,Perfeito estado,Seca,Perfeito estado,Não há placas,60 km/h,Única,Não existe
2021-08-26 00:00:00,09:12:00,COM VÍTIMA,IBURA,RUA RIO XINGU,,SUBURBIO,COLISÃO FRONTAL,1,1,0,0,0,0,0,0,0,1,0,Longo da via,Bom,Perfeito estado,Seca,Perfeito estado,R-6a,30 km/h,Dupla,Faixa seccionada
2021-08-26 00:00:00,10:24:00,COM VÍTIMA,PORTO DA MADEIRA,RUA DALVA DE OLIVEIRA,,CIDADE,COLISÃO FRONTAL,0,1,0,0,0,0,1,0,0,1,0,Cruzamento,Bom,Perfeito estado,Seca,Perfeito estado,Outras,,Dupla,Não existe
2021-08-26 00:00:00,13:04:00,COM VÍTIMA,JARDIM SÃO PAULO,RUA LEANDRO BARRETO,,SUBURBIO,COLISÃO LATERAL,1,1,0,0,0,0,0,0,0,1,0,Longo da via,Bom,Não existente,Seca,Perfeito estado,Não há placas,,Dupla,Não existe
2021-08-26 00:00:00,13:48:00,COM VÍTIMA,CAXANGÁ,AV CAXANGA,568,CIDADE,COLISÃO TRASEIRA,1,1,0,0,0,0,0,0,0,1,0,Ponte,Bom,Perfeito estado,Seca,Perfeito estado,R-32,,Dupla,Faixa seccionada
2021-08-26 00:00:00,15:04:00,COM VÍTIMA,BOA VIAGEM,AV MARECHAL JUAREZ TAVORA,,SUBURBIO,COLISÃO TRASEIRA,0,1,0,0,0,0,1,0,0,1,0,Longo da via,Bom,Perfeito estado,Seca,Perfeito estado,R-19,40 km/h,Dupla,Canal
2021-08-26 00:00:00,16:21:00,COM VÍTIMA,SANTO ANTÔNIO,PTE PRINCESA IZABEL,,,QUEDA,0,1,0,0,0,0,0,0,0,1,0,Esquina,Bom,Perfeito estado,Seca,Perfeito estado,Outras,,Única,Não existe
2021-08-27 00:00:00,08:00:00,COM VÍTIMA,ENCRUZILHADA,AV NORTE MIGUEL ARRAES DE ALENCAR,,CIDADE,ATROPELAMENTO DE PESSOA,0,1,0,0,1,0,0,0,0,2,0,Longo da via,Bom,Perfeito estado,Seca,Mal conservada,Outras,,Dupla,Faixa seccionada
2021-08-27 00:00:00,09:12:00,COM VÍTIMA,DERBY,,,,COLISÃO TRANSVERSAL,2,0,0,0,0,0,0,0,0,1,0,,,,,,,,,
2021-08-27 00:00:00,12:37:00,COM VÍTIMA,DOIS IRMÃOS,RUA DOIS IRMAOS,416,CIDADE,CHOQUE,0,1,0,0,0,0,0,0,0,1,0,Outros,Bom,Perfeito estado,Seca,Perfeito estado,Não há placas,,Dupla,Faixa seccionada
2021-08-27 00:00:00,14:41:00,SEM VÍTIMA,ILHA DO RETIRO,RUA SPORT CLUBE DO RECIFE,355,CIDADE,,1,0,0,0,0,0,0,1,0,0,0,Longo da via,Bom,Perfeito estado,Seca,Perfeito estado,Não há placas,60 km/h,Dupla,Canteiro central
2021-08-27 00:00:00,15:22:00,COM VÍTIMA,IMBIRIBEIRA,AV MARECHAL MASCARENHAS DE MORAES,501,SUBURBIO,COLISÃO TRASEIRA,2,0,0,0,0,0,0,0,0,1,0,Longo da via,Bom,Perfeito estado,Seca,Perfeito estado,Não há placas,,Dupla,Canteiro central
2021-08-27 00:00:00,19:49:00,VÍTIMA FATAL,SANTO AMARO,RUA DOS PALMARES,,SUBURBIO,COLISÃO COM CICLISTA,0,1,0,1,0,0,0,0,0,1,1,Cruzamento,Bom,Perfeito estado,Seca,Perfeito estado,Não há placas,,Única,Faixa seccionada
2021-08-28 00:00:00,08:16:00,COM VÍTIMA,IPSEP,RUA POTENGY,564,CIDADE,COLISÃO TRANSVERSAL,1,1,0,0,0,0,0,0,0,1,0,Longo da via,Bom,Perfeito estado,Seca,Perfeito estado,,40 km/h,Única,Faixa seccionada
2021-08-28 00:00:00,08:46:00,COM VÍTIMA,PRADO,RUA PADRE TEOFILO TWORZ,,CIDADE,COLISÃO LATERAL,1,1,0,0,0,0,0,0,0,1,0,Cruzamento,Bom,,Seca,Perfeito estado,Não há placas,,,
2021-08-28 00:00:00,18:57:00,SEM VÍTIMA,DOIS IRMÃOS,RUA DOIS IRMAOS,,,COLISÃO LATERAL,2,0,0,0,0,0,0,0,0,0,0,,,,,,,,,
2021-08-28 00:00:00,20:56:00,VÍTIMA FATAL,APIPUCOS,RUA DE APIPUCOS,248,SUBURBIO,CHOQUE,0,1,0,0,0,0,0,0,0,0,1,Longo da via,Bom,Ilegível,Seca,Mal conservada,Outras,,Dupla,Faixa contínua
2021-08-29 00:00:00,19:00:00,COM VÍTIMA,BOA VIAGEM,AV BOA VIAGEM,,CIDADE,COLISÃO TRASEIRA,1,1,0,0,0,0,0,0,0,2,0,Longo da via,Bom,Perfeito estado,Seca,Perfeito estado,Não há placas,,Única,Faixa seccionada
2021-08-29 00:00:00,19:42:00,SEM VÍTIMA,BOA VIAGEM,AV BOA VIAGEM,,CIDADE,COLISÃO TRASEIRA,2,0,0,0,0,0,0,0,0,0,0,Longo da via,Bom,Perfeito estado,Seca,Perfeito estado,,,Única,Faixa seccionada
2021-08-30 00:00:00,12:58:00,COM VÍTIMA,CAXANGÁ,RUA MINISTRO JOAO ALBERTO,,SUBURBIO,CAPOTAMENTO,1,0,0,0,0,0,0,0,0,1,0,Longo da via,Bom,Perfeito estado,Seca,Perfeito estado,Não há placas,40 km/h,Dupla,Faixa seccionada
2021-08-30 00:00:00,14:08:00,COM VÍTIMA,GRAÇAS,RUA JOAQUIM NABUCO,,SUBURBIO,COLISÃO TRASEIRA,1,1,0,0,0,0,0,0,0,1,0,Longo da via,Bom,Perfeito estado,Seca,Perfeito estado,R-6a,40 km/h,Única,Faixa seccionada
2021-08-30 00:00:00,15:10:00,COM VÍTIMA,BOA VISTA,RUA GERVASIO PIRES,24,SUBURBIO,ATROPELAMENTO DE PESSOA,0,0,0,0,1,0,1,0,0,1,0,Longo da via,Bom,Perfeito estado,Seca,Perfeito estado,R-6a,,Única,Faixa seccionada
2021-08-30 00:00:00,15:39:00,COM VÍTIMA,MADALENA,RUA RICARDO SALAZAR,,SUBURBIO,CHOQUE,1,0,0,0,0,0,0,0,0,1,0,Longo da via,Bom,Incompleta,Seca,Perfeito estado,Não há placas,,Única,Canal
2021-08-30 00:00:00,17:26:00,COM VÍTIMA,PINA,AV ENGENHEIRO DOMINGOS FERREIRA,,SUBURBIO,ATROPELAMENTO DE PESSOA,0,1,0,0,2,0,0,0,0,3,0,Longo da via,Bom,Perfeito estado,Seca,Perfeito estado,Não há placas,60 km/h,Única,Faixa seccionada
2021-08-30 00:00:00,17:36:00,COM VÍTIMA,VÁRZEA,RUA EMILIANO BRAGA,,SUBURBIO,COLISÃO LATERAL,0,2,0,0,0,0,0,0,0,1,0,Cruzamento,Bom,Perfeito estado,Seca,Perfeito estado,"Placas ""Pare""",40 km/h,Única,Faixa contínua
2021-08-30 00:00:00,17:57:00,COM VÍTIMA,SÃO JOSÉ,AV N S DO CARMO,,CIDADE,COLISÃO COM CICLISTA,0,1,0,1,0,0,0,0,0,1,0,Longo da via,Bom,Perfeito estado,Seca,Perfeito estado,Outras,40 km/h,Dupla,Faixa contínua
2021-08-30 00:00:00,20:12:00,COM VÍTIMA,MACAXEIRA,AV NORTE MIGUEL ARRAES DE ALENCAR,296,SUBURBIO,COLISÃO LATERAL,0,2,0,0,0,0,0,0,0,3,0,,,,,,,,,
2021-08-31 00:00:00,10:08:00,COM VÍTIMA,SANTO AMARO,AV CRUZ CABUGA,234,SUBURBIO,ATROPELAMENTO DE PESSOA,0,1,0,0,1,0,0,0,0,1,0,Longo da via,Bom,Perfeito estado,Seca,Perfeito estado,Não há placas,60 km/h,Dupla,Faixa contínua
2021-08-31 00:00:00,10:15:00,COM VÍTIMA,IPUTINGA,AV CAXANGA,,CIDADE,COLISÃO LATERAL,1,1,0,0,0,0,0,0,0,1,0,Longo da via,Bom,Perfeito estado,Seca,Perfeito estado,Não há placas,,Dupla,Canteiro central
2021-08-31 00:00:00,11:54:00,COM VÍTIMA,ARRUDA,RUA RAMIZ GALVAO,,,COLISÃO LATERAL,1,0,0,0,0,0,1,0,0,1,0,,,,,,,,,
2021-08-31 00:00:00,14:49:00,COM VÍTIMA,PRADO,RUA GOMES TABORDA,,CIDADE,COLISÃO LATERAL,1,1,0,0,0,0,0,0,0,1,0,Cruzamento,Bom,Ilegível,Seca,Perfeito estado,Outras,40 km/h,Dupla,Faixa seccionada
2021-08-31 00:00:00,15:13:00,SEM VÍTIMA,PINA,RUA COMENDADOR MORAES,,SUBURBIO,,0,1,0,0,0,0,0,1,0,0,0,Longo da via,Bom,Perfeito estado,Seca,Perfeito estado,Não há placas,60 km/h,Única,Não existe
2021-08-31 00:00:00,15:30:00,COM VÍTIMA,MADALENA,RUA REAL DA TORRE,,CIDADE,COLISÃO LATERAL,1,1,0,0,0,0,0,0,0,1,0,Longo da via,Bom,Perfeito estado,Seca,Perfeito estado,Não há placas,,Única,Faixa seccionada