data,hora,natureza,bairro,endereco,num_semaforo,sentido_via,tipo,auto,moto,ciclom,ciclista,pedestre,onibus,caminhao,viatura,outros,vitimas,vitimasfatais,acidente_verificado,tempo_clima,sinalizacao,condicao_via,conservacao_via,situacao_placa,velocidade_max_via,mao_direcao,divisao_via1
2021-08-31 00:00:00,19:30:00,SEM VÍTIMA,SANTO AMARO,RUA DOS PALMARES,526,SUBURBIO,COLISÃO TRASEIRA,2,0,0,0,0,0,0,0,0,0,0,Longo da via,Chuvoso,Perfeito estado,Molhada,Perfeito estado,,,Única,
2021-09-01 00:00:00,09:28:00,COM VÍTIMA,HIPÓDROMO,EST DE BELEM,,SUBURBIO,QUEDA,0,0,0,0,0,0,0,0,0,1,0,Longo da via,Bom,Perfeito estado,Seca,Perfeito estado,Outras,50 km/h,Dupla,Faixa seccionada
2021-09-01 00:00:00,09:28:00,COM VÍTIMA,TOTÓ,AV LIBERDADE,,SUBURBIO,COLISÃO LATERAL,1,1,0,0,0,0,0,0,0,1,0,Longo da via,Bom,Perfeito estado,Seca,Perfeito estado,Outras,30 km/h,Dupla,Faixa contínua
2021-09-01 00:00:00,09:32:00,SEM VÍTIMA,SÃO JOSÉ,C SANTA RITA,,,COLISÃO LATERAL,0,0,0,0,0,0,0,1,0,0,0,,,,,,,,,
2021-09-01 00:00:00,10:14:00,COM VÍTIMA,MADALENA,AV BEIRA RIO,,CIDADE,COLISÃO LATERAL,1,1,0,0,0,0,0,0,0,1,0,Longo da via,Bom,Incompleta,Seca,Perfeito estado,Não há placas,,,
2021-09-01 00:00:00,14:37:00,COM VÍTIMA,PRADO,AV ENGENHEIRO ABDIAS DE CARVALHO,354,CIDADE,COLISÃO TRASEIRA,1,1,0,0,0,0,0,0,0,1,0,Longo da via,Bom,Perfeito estado,Seca,Perfeito estado,Não há placas,,Única,Faixa contínua
2021-09-01 00:00:00,15:16:00,COM VÍTIMA,BOA VIAGEM,RUA JOAO CARDOSO AIRES,,,COLISÃO FRONTAL,1,1,0,0,0,0,0,0,0,1,0,,,,,,,,,
2021-09-01 00:00:00,15:33:00,COM VÍTIMA,VASCO DA GAMA,RUA ALTO NOVO MUNDO,,SUBURBIO,COLISÃO LATERAL,1,1,0,0,0,0,0,0,0,1,0,Longo da via,Bom,Não existente,Seca,Perfeito estado,Não há placas,30 km/h,Dupla,Não existe
2021-09-01 00:00:00,16:22:00,SEM VÍTIMA,CORDEIRO,AV GENERAL SAN MARTIN,,CIDADE,,1,0,0,0,0,0,0,0,2,0,0,Longo da via,Bom,Ilegível,Seca,Perfeito estado,Não há placas,,Dupla,Faixa contínua
2021-09-01 00:00:00,17:06:00,COM VÍTIMA,BOA VIAGEM,RUA PADRE CARAPUCEIRO,,,COLISÃO TRASEIRA,2,0,0,0,0,0,0,0,0,1,0,Longo da via,Bom,Perfeito estado,Seca,Perfeito estado,"Placas ""Pare""",,Única,Não existe
2021-09-01 00:00:00,18:41:00,COM VÍTIMA,IPSEP,RUA ALVARO MOREYRA,,CIDADE,COLISÃO LATERAL,1,1,0,0,0,0,0,0,0,1,0,Cruzamento,Bom,Perfeito estado,Seca,Perfeito estado,Outras,,Dupla,Faixa seccionada
2021-09-02 00:00:00,08:33:00,COM VÍTIMA,SÃO JOSÉ,VDO PAPA JOAO PAULO II,,BOA VIAGEM,COLISÃO COM CICLISTA,0,0,0,1,0,0,0,0,0,1,0,Longo da via,Bom,Perfeito estado,Seca,Perfeito estado,Não há placas,60 km/h,Única,Faixa seccionada
2021-09-02 00:00:00,08:54:00,COM VÍTIMA,PAISSANDU,AV GOVERNADOR AGAMENON MAGALHAES,69,BOA VIAGEM,ATROPELAMENTO DE PESSOA,0,1,0,0,2,0,0,0,0,2,0,Longo da via,Bom,Perfeito estado,Seca,Perfeito estado,Não há placas,60 km/h,Dupla,Canteiro central
2021-09-02 00:00:00,09:38:00,COM VÍTIMA,PAISSANDU,AV GOVERNADOR AGAMENON MAGALHAES,,SUBURBIO,ATROPELAMENTO DE PESSOA,0,1,0,0,2,0,0,0,0,2,0,,,,,,,,,
2021-09-02 00:00:00,10:14:00,COM VÍTIMA,JIQUIÁ,AV DR JOSE RUFINO,,SUBURBIO,COLISÃO TRASEIRA,0,1,0,0,0,0,1,0,0,1,0,Longo da via,Bom,Perfeito estado,Seca,Perfeito estado,Não há placas,,Dupla,Não existe
2021-09-02 00:00:00,15:22:00,COM VÍTIMA,PINA,PRC GOVERNADOR PAULO GUERRA,,CIDADE,COLISÃO TRASEIRA,0,2,0,0,0,0,0,0,0,2,0,Outros,Bom,Perfeito estado,Seca,Perfeito estado,Outras,60 km/h,Única,Faixa seccionada
2021-09-03 00:00:00,08:21:00,COM VÍTIMA,IPSEP,AV RECIFE,,CIDADE,COLISÃO TRASEIRA,1,1,0,0,0,0,0,0,0,1,0,Longo da via,Bom,Perfeito estado,Seca,Perfeito estado,,,,
2021-09-03 00:00:00,12:29:00,COM VÍTIMA,TORRE,AV PROFESSOR ESTEVAO FRANCISCO DA COSTA,280,,COLISÃO FRONTAL,1,1,0,0,0,0,0,0,0,1,0,Cruzamento,Bom,Perfeito estado,Seca,Perfeito estado,Outras,,Única,
2021-09-03 00:00:00,12:31:00,SEM VÍTIMA,BOA VIAGEM,AV ANTONIO TORRES GALVAO,,,COLISÃO TRASEIRA,0,0,0,0,0,0,0,0,0,0,0,,,,,,,,,
2021-09-03 00:00:00,12:36:00,COM VÍTIMA,TAMARINEIRA,RUA JUNDIA,,SUBURBIO,COLISÃO LATERAL,0,2,0,0,0,0,0,0,0,2,0,Longo da via,Bom,Perfeito estado,Seca,Perfeito estado,Não há placas,30 km/h,Dupla,Faixa seccionada
2021-09-03 00:00:00,14:18:00,COM VÍTIMA,MADALENA,AV BEIRA RIO,,CIDADE,COLISÃO LATERAL,1,1,0,0,0,0,0,0,0,1,0,Longo da via,Bom,Perfeito estado,Seca,Perfeito estado,,,Dupla,Faixa contínua
2021-09-03 00:00:00,15:02:00,COM VÍTIMA,IPUTINGA,AV MAURICIO DE NASSAU,,,COLISÃO LATERAL,1,1,0,0,0,0,0,0,0,1,0,Longo da via,Bom,Perfeito estado,Seca,Perfeito estado,Não há placas,,Dupla,Faixa contínua
2021-09-03 00:00:00,16:08:00,COM VÍTIMA,MADALENA,RUA REAL DA TORRE,,SUBURBIO,CHOQUE,1,0,0,0,0,0,0,0,0,1,0,Longo da via,Bom,Perfeito estado,Seca,Perfeito estado,Não há placas,60 km/h,Única,Faixa seccionada
2021-09-03 00:00:00,19:21:00,COM VÍTIMA,PINA,PTE GOVERNADOR PAULO GUERRA,,SUBURBIO,COLISÃO FRONTAL,1,1,0,0,0,0,0,0,0,1,0,Viaduto,Bom,Perfeito estado,Seca,Perfeito estado,Outras,,Única,Faixa seccionada
2021-09-04 00:00:00,13:40:00,COM VÍTIMA,IMBIRIBEIRA,AV MARECHAL MASCARENHAS DE MORAES,,CIDADE,COLISÃO LATERAL,1,1,0,0,0,0,0,0,0,1,0,Longo da via,Bom,Perfeito estado,Seca,Perfeito estado,Outras,60 km/h,Única,Faixa contínua
2021-09-04 00:00:00,17:26:00,COM VÍTIMA,CASA AMARELA,RUA VISCONDE DE TAUNAY,,,COLISÃO LATERAL,1,1,0,0,0,0,0,0,0,1,0,Longo da via,Bom,Perfeito estado,Seca,Perfeito estado,"Placas ""Pare""",,Dupla,Não existe
2021-09-05 00:00:00,09:33:00,COM VÍTIMA,IBURA,RUA VALE DO ITAJAI,,DUPLO,COLISÃO LATERAL,1,1,0,0,0,0,0,0,0,1,0,Cruzamento,Chuvoso,Não existente,Molhada,Perfeito estado,Não há placas,40 km/h,Dupla,Não existe
2021-09-05 00:00:00,10:24:00,COM VÍTIMA,JARDIM SÃO PAULO,RUA LEANDRO BARRETO,,CIDADE,COLISÃO TRANSVERSAL,1,1,0,0,0,0,0,0,0,1,0,Longo da via,Chuvoso,Não existente,Molhada,Mal conservada,Não há placas,,Dupla,Não existe
2021-09-05 00:00:00,11:49:00,COM VÍTIMA,JARDIM SÃO PAULO,RUA LEANDRO BARRETO,507,CIDADE,ATROPELAMENTO DE PESSOA,0,0,0,0,1,1,0,0,0,1,0,Longo da via,Bom,Incompleta,Seca,,Não há placas,,Dupla,Não existe
2021-09-05 00:00:00,14:11:00,COM VÍTIMA,PORTO DA MADEIRA,RUA RIO BEBERIBE,,SUBURBIO,COLISÃO FRONTAL,1,1,0,0,0,0,0,0,0,1,0,Cruzamento,Bom,Não existente,Seca,Perfeito estado,"Placas ""Pare""",,Dupla,Outros
2021-09-05 00:00:00,16:50:00,COM VÍTIMA,VÁRZEA,AV CAXANGA,,SUBURBIO,COLISÃO LATERAL,1,1,0,0,0,0,0,0,0,1,0,Longo da via,Bom,Perfeito estado,Seca,Perfeito estado,Não há placas,60 km/h,Única,Não existe
2021-09-05 00:00:00,23:10:40,COM VÍTIMA,IPUTINGA,AV MAURICIO DE NASSAU,,,COLISÃO TRASEIRA,1,1,0,0,0,0,0,0,0,1,0,,,,,,,,,
2021-09-06 00:00:00,06:54:00,COM VÍTIMA,MONTEIRO,RUA DE APIPUCOS,,SUBURBIO,COLISÃO TRANSVERSAL,2,1,0,0,0,0,0,0,0,1,0,Longo da via,Bom,Perfeito estado,Seca,Perfeito estado,Não há placas,60 km/h,Dupla,Faixa contínua
2021-09-06 00:00:00,08:24:00,COM VÍTIMA,ÁGUA FRIA,AV BEBERIBE,,DUPLO,COLISÃO TRANSVERSAL,1,1,0,0,0,0,0,0,0,1,0,Longo da via,Bom,Perfeito estado,Seca,Perfeito estado,Não há placas,,Dupla,Faixa contínua
2021-09-06 00:00:00,10:42:00,COM VÍTIMA,PRADO,AV ENGENHEIRO ABDIAS DE CARVALHO,327,CIDADE,COLISÃO TRASEIRA,3,0,0,0,0,0,0,0,0,1,0,Longo da via,Bom,Incompleta,Seca,Perfeito estado,Outras,60 km/h,Dupla,Canteiro central
2021-09-06 00:00:00,11:43:00,SEM VÍTIMA,BOA VIAGEM,RUA PADRE BERNADINO PESSOA,,,COLISÃO LATERAL,2,0,0,0,0,0,0,0,0,0,0,,,,,,,,,
2021-09-06 00:00:00,16:20:00,COM VÍTIMA,DERBY,AV GOVERNADOR AGAMENON MAGALHAES,,CIDADE,ATROPELAMENTO DE PESSOA,1,0,0,0,1,0,0,0,0,1,0,Longo da via,Bom,Perfeito estado,Seca,Perfeito estado,Outras,60 km/h,Dupla,Canal
2021-09-06 00:00:00,18:45:00,COM VÍTIMA,BOA VIAGEM,AV ARMINDO MOURA,,,COLISÃO FRONTAL,1,1,0,0,0,0,0,0,0,1,0,,,,,,,,,
2021-09-06 00:00:00,19:28:00,COM VÍTIMA,ÁGUA FRIA,AV BEBERIBE,187,SUBURBIO,COLISÃO COM CICLISTA,0,0,0,1,0,1,0,0,0,1,0,Cruzamento,Bom,Perfeito estado,Seca,Perfeito estado,R-6a,,Dupla,Faixa contínua
2021-09-07 00:00:00,13:37:00,COM VÍTIMA,SÃO JOSÉ,AV MARTINS DE BARROS,383,CIDADE,COLISÃO COM CICLISTA,1,0,0,1,0,0,0,0,0,1,0,Longo da via,Bom,Perfeito estado,Seca,Perfeito estado,Não há placas,,Dupla,Canteiro central
2021-09-07 00:00:00,17:26:00,COM VÍTIMA,VÁRZEA,AV PROFESSOR ARTUR DE SA,,,COLISÃO LATERAL,1,1,0,0,0,0,0,0,0,1,0,Longo da via,Bom,Não existente,Seca,Perfeito estado,Não há placas,,Dupla,Faixa
2021-09-07 00:00:00,17:59:00,COM VÍTIMA,BOA VIAGEM,AV BOA VIAGEM,,CIDADE,COLISÃO LATERAL,1,1,0,0,0,0,0,0,0,1,0,Longo da via,Bom,Perfeito estado,Seca,Perfeito estado,,,,
2021-09-07 00:00:00,18:18:00,COM VÍTIMA,AREIAS,AV RECIFE,,SUBURBIO,ATROPELAMENTO DE PESSOA,1,0,0,0,1,0,0,0,0,1,0,Longo da via,Bom,Perfeito estado,Seca,Perfeito estado,Não há placas,60 km/h,Dupla,Faixa contínua
2021-09-07 00:00:00,22:29:40,COM VÍTIMA,BOA VIAGEM,AV ENGENHEIRO DOMINGOS FERREIRA,,SUBURBIO,COLISÃO TRASEIRA,1,0,0,0,0,1,0,0,0,1,0,Longo da via,Bom,Perfeito estado,Seca,Perfeito estado,Outras,,Única,Faixa seccionada
2021-09-08 00:00:00,08:58:00,COM VÍTIMA,DOIS UNIDOS,AV HILDEBRANDO DE VASCONCELOS,,SUBURBIO,COLISÃO FRONTAL,0,1,0,0,0,1,0,0,0,1,0,Cruzamento,Bom,Incompleta,Molhada,Perfeito estado,Outras,,Dupla,Não existe
2021-09-08 00:00:00,14:28:00,COM VÍTIMA,BOA VIAGEM,AV CONSELHEIRO AGUIAR,,CIDADE,COLISÃO LATERAL,1,1,0,0,0,0,0,0,0,1,0,Cruzamento,Bom,Perfeito estado,Seca,Perfeito estado,"Placas ""Pare""",,Única,Faixa seccionada
2021-09-08 00:00:00,17:53:00,COM VÍTIMA,BOA VIAGEM,AVENIDA CELSO FURTADO (VIA MANGUE),,CIDADE,COLISÃO TRASEIRA,1,1,0,0,0,0,0,0,0,1,0,Longo da via,Bom,Perfeito estado,Seca,Perfeito estado,Não há placas,,Única,Faixa seccionada
2021-09-09 00:00:00,08:19:00,COM VÍTIMA,MADALENA,RUA REAL DA TORRE,,,COLISÃO LATERAL,1,1,0,0,0,0,0,0,0,1,0,Longo da via,Bom,Perfeito estado,Seca,Perfeito estado,R-6a,,Única,Não existe
2021-09-09 00:00:00,09:00:00,COM VÍTIMA,AREIAS,AV RECIFE,,CIDADE,COLISÃO TRASEIRA,4,0,0,0,0,0,0,0,0,1,0,Longo da via,Bom,,Seca,Perfeito estado,Não há placas,,Dupla,Canteiro central
2021-09-09 00:00:00,09:41:00,COM VÍTIMA,SANTANA,RUA JORGE GOMES DE SA,,SUBURBIO,COLISÃO TRANSVERSAL,1,1,0,0,0,0,0,0,0,1,0,Longo da via,Bom,Incompleta,Seca,Perfeito estado,Outras,,Dupla,
2021-09-09 00:00:00,10:20:00,COM VÍTIMA,BOA VIAGEM,RUA DEZ DE JULHO,,LOCAL,COLISÃO LATERAL,1,1,0,0,0,0,0,0,0,1,0,Cruzamento,Bom,Perfeito estado,Seca,Perfeito estado,"Placas ""Pare""",,Dupla,Faixa contínua
2021-09-09 00:00:00,11:10:00,SEM VÍTIMA,AFOGADOS,RUA MOTOCOLOMBO,,SUBURBIO,COLISÃO TRASEIRA,2,0,0,0,0,0,0,0,0,0,0,Longo da via,Bom,Perfeito estado,Seca,Perfeito estado,Não há placas,,Única,Faixa seccionada
2021-09-09 00:00:00,11:17:00,COM VÍTIMA,PRADO,AV ENGENHEIRO ABDIAS DE CARVALHO,327,CIDADE,COLISÃO TRASEIRA,1,1,0,0,0,0,0,0,0,1,0,Longo da via,Bom,Perfeito estado,Seca,,,,Dupla,Canteiro central
2021-09-09 00:00:00,11:42:00,COM VÍTIMA,ILHA DO LEITE,PTE JOSE DE BARROS LIMA,,SUBURBIO,COLISÃO TRASEIRA,1,1,0,0,0,0,0,0,0,1,0,Longo da via,Bom,Incompleta,Seca,Mal conservada,Não há placas,60 km/h,Dupla,Canteiro central
2021-09-09 00:00:00,12:26:00,COM VÍTIMA,MADALENA,RUA DR JOAO COIMBRA,,SUBURBIO,ATROPELAMENTO DE PESSOA,1,0,0,0,1,0,0,0,0,1,0,Longo da via,Bom,Perfeito estado,Seca,Perfeito estado,Não há placas,,Única,Não existe
2021-09-09 00:00:00,13:05:00,SEM VÍTIMA,BOA VIAGEM,AV BOA VIAGEM,113,,COLISÃO TRASEIRA,2,0,0,0,0,0,0,0,0,0,0,,,,,,,,,
2021-09-09 00:00:00,15:30:00,COM VÍTIMA,AFOGADOS,RUA VINTE E UM DE ABRIL,611,SUBURBIO,COLISÃO TRASEIRA,2,0,0,0,0,0,0,0,0,1,0,Longo da via,Bom,Perfeito estado,Seca,Perfeito estado,Não há placas,,Dupla,Não existe
2021-09-09 00:00:00,17:28:00,COM VÍTIMA,VÁRZEA,AV CAXANGA,,SUBURBIO,ATROPELAMENTO DE PESSOA,0,0,1,0,1,0,0,0,0,2,0,Longo da via,Bom,Perfeito estado,Seca,Perfeito estado,Não há placas,60 km/h,Dupla,Canteiro central
2021-09-09 00:00:00,20:37:40,COM VÍTIMA,BOA VIAGEM,AV DOM JOAO VI,,SUBURBIO,ATROPELAMENTO DE PESSOA,0,0,0,0,1,0,0,0,0,1,0,Longo da via,Bom,Perfeito estado,Seca,Perfeito estado,Não há placas,60 km/h,Única,Faixa seccionada
2021-09-10 00:00:00,06:10:00,COM VÍTIMA,PINA,AV ANTONIO DE GOES,,CIDADE,CHOQUE,1,0,0,0,0,0,0,0,0,1,0,Ponte,Bom,Perfeito estado,Seca,Perfeito estado,Não há placas,60 km/h,Única,Faixa seccionada
2021-09-10 00:00:00,09:00:00,COM VÍTIMA,CASA AMARELA,AV NORTE MIGUEL ARRAES DE ALENCAR,,SUBURBIO,COLISÃO TRASEIRA,0,2,0,0,0,0,0,0,0,2,0,Longo da via,Bom,Perfeito estado,Seca,Perfeito estado,Não há placas,60 km/h,Única,Faixa contínua
2021-09-10 00:00:00,09:53:00,COM VÍTIMA,MADALENA,RUA MONSENHOR JULIO MARIA,,SUBURBIO,COLISÃO COM CICLISTA,1,0,0,1,0,0,0,0,0,1,0,Cruzamento,Bom,Incompleta,Seca,Perfeito estado,Não há placas,,Única,
2021-09-10 00:00:00,13:29:00,COM VÍTIMA,SANTO AMARO,AV CRUZ CABUGA,344,CIDADE,COLISÃO FRONTAL,2,1,0,0,0,0,0,0,0,1,0,Longo da via,Bom,Perfeito estado,Seca,Perfeito estado,Não há placas,60 km/h,Dupla,Faixa contínua
2021-09-10 00:00:00,17:18:00,COM VÍTIMA,AREIAS,AV DR JOSE RUFINO,,SUBURBIO,COLISÃO LATERAL,1,1,0,0,0,0,0,0,0,2,0,Esquina,Bom,Não existente,Molhada,Mal conservada,Não há placas,,Dupla,Não existe
2021-09-10 00:00:00,18:59:00,COM VÍTIMA,BOA VIAGEM,AV BOA VIAGEM,124,CIDADE,COLISÃO FRONTAL,1,1,0,0,0,0,0,0,0,1,0,Longo da via,Bom,Perfeito estado,Seca,Perfeito estado,Não há placas,60 km/h,Única,Faixa seccionada
2021-09-11 00:00:00,04:52:00,COM VÍTIMA,MANGABEIRA,AV NORTE MIGUEL ARRAES DE ALENCAR,,,QUEDA,1,0,0,0,0,0,0,0,0,1,0,,,,,,,,,
2021-09-11 00:00:00,10:09:00,COM VÍTIMA,BOA VISTA,AV MANOEL BORBA,,SUBURBIO,COLISÃO TRASEIRA,1,1,0,0,0,0,0,0,0,1,0,Longo da via,Bom,Perfeito estado,Seca,Perfeito estado,,40 km/h,Única,Faixa seccionada
2021-09-11 00:00:00,10:23:00,COM VÍTIMA,AFOGADOS,RUA JOAO IVO DA SILVA,,SUBURBIO,COLISÃO TRASEIRA,1,1,0,0,0,0,0,0,0,1,0,Longo da via,Bom,Perfeito estado,Seca,Perfeito estado,Não há placas,,Única,Canal
2021-09-11 00:00:00,14:58:00,COM VÍTIMA,DOIS IRMÃOS,RUA RIBEIRO PESSOA,,,COLISÃO TRASEIRA,0,2,0,0,0,0,0,0,0,1,0,Longo da via,Bom,Não existente,Seca,Perfeito estado,Não há placas,,Dupla,Não existe
2021-09-11 00:00:00,22:13:40,COM VÍTIMA,ENCRUZILHADA,AV JOAO DE BARROS,43,CIDADE,CHOQUE,1,0,0,0,0,0,0,0,0,1,0,Longo da via,Bom,Perfeito estado,Seca,Perfeito estado,Não há placas,,Única,Canteiro central
2021-09-12 00:00:00,09:04:00,COM VÍTIMA,TORRÕES,RUA ZUMBI DOS PALMARES,,SUBURBIO,COLISÃO FRONTAL,3,0,0,0,0,0,0,0,0,1,0,Longo da via,Bom,Incompleta,Seca,,R-6a,30 km/h,Dupla,Não existe
2021-09-12 00:00:00,09:06:00,COM VÍTIMA,BAIRRO DO RECIFE,AV MILITAR,,,TOMBAMENTO,0,1,0,0,0,0,0,0,0,1,0,Longo da via,Bom,Perfeito estado,Seca,Perfeito estado,R-6a,,Única,Canteiro central
2021-09-12 00:00:00,12:27:00,COM VÍTIMA,TAMARINEIRA,AV NORTE MIGUEL ARRAES DE ALENCAR,,CIDADE,COLISÃO TRANSVERSAL,1,1,0,0,0,0,0,0,0,1,0,Esquina,Bom,Perfeito estado,Seca,Perfeito estado,R-6a,,Dupla,Canteiro central
2021-09-12 00:00:00,20:52:00,COM VÍTIMA,BOA VIAGEM,AV CONSELHEIRO AGUIAR,,CIDADE,COLISÃO TRANSVERSAL,1,1,0,0,0,0,0,0,0,2,0,Longo da via,Bom,Perfeito estado,Seca,Perfeito estado,R-6a,,Única,Faixa seccionada
2021-09-12 00:00:00,21:03:40,SEM VÍTIMA,CASA AMARELA,AV NORTE MIGUEL ARRAES DE ALENCAR,,SUBURBIO,,1,0,0,0,0,0,0,0,0,0,0,Longo da via,Bom,Perfeito estado,Seca,Perfeito estado,Não há placas,60 km/h,Dupla,Canteiro central
2021-09-13 00:00:00,08:18:00,COM VÍTIMA,MADALENA,AV VISCONDE DE ALBUQUERQUE,,,CAPOTAMENTO,0,1,0,0,0,0,0,0,0,1,0,Longo da via,Bom,Perfeito estado,Seca,Mal conservada,Não há placas,,Única,Não existe
2021-09-13 00:00:00,10:48:00,COM VÍTIMA,AFOGADOS,RUA PADRE TEOFILO TWORZ,499,SUBURBIO,COLISÃO TRANSVERSAL,1,1,0,0,0,0,0,0,0,1,0,Cruzamento,Bom,Incompleta,Seca,Perfeito estado,Não há placas,,Única,Não existe
2021-09-13 00:00:00,16:52:00,COM VÍTIMA,COELHOS,AV SUL,260,CIDADE,COLISÃO COM CICLISTA,0,0,0,1,0,1,0,0,0,1,0,Longo da via,Bom,Perfeito estado,Seca,Perfeito estado,,,Dupla,Não existe
2021-09-13 00:00:00,18:12:00,COM VÍTIMA,BOA VIAGEM,RUA MARIA CAROLINA,,SUBURBIO,COLISÃO TRASEIRA,0,1,1,0,0,0,0,0,0,2,0,Cruzamento,Bom,Perfeito estado,Seca,Perfeito estado,Não há placas,60 km/h,Única,Não existe
2021-09-13 00:00:00,18:45:00,COM VÍTIMA,CABANGA,VIADUTO CAPITAO TEMUDO,,CIDADE,COLISÃO LATERAL,1,1,0,0,0,0,0,0,0,2,0,Longo da via,Bom,Perfeito estado,Seca,Perfeito estado,Não há placas,60 km/h,Única,Faixa seccionada
2021-09-14 00:00:00,10:34:00,SEM VÍTIMA,,AV RECIFE,,,COLISÃO LATERAL,0,0,0,0,0,0,0,0,0,0,0,,,,,,,,,
2021-09-14 00:00:00,10:47:00,COM VÍTIMA,ÁGUA FRIA,AV BEBERIBE,,CIDADE,COLISÃO FRONTAL,1,1,0,0,0,0,0,0,0,2,0,Longo da via,Bom,Perfeito estado,Seca,Perfeito estado,Outras,,Dupla,Faixa contínua
2021-09-14 00:00:00,11:15:00,COM VÍTIMA,IPUTINGA,AV CAXANGA,,SUBURBIO,COLISÃO TRASEIRA,1,1,0,0,0,0,0,0,0,1,0,Longo da via,Bom,Perfeito estado,Seca,Perfeito estado,Não há placas,,Dupla,Canteiro central
2021-09-14 00:00:00,17:36:00,COM VÍTIMA,CAMPO GRANDE,AV BEBERIBE,,SUBURBIO,COLISÃO LATERAL,1,1,0,0,0,0,0,0,0,1,0,Longo da via,Bom,Perfeito estado,Seca,Perfeito estado,R-6a,40 km/h,Dupla,Faixa contínua
2021-09-14 00:00:00,19:40:00,COM VÍTIMA,DERBY,AV GOVERNADOR AGAMENON MAGALHAES,75,SUBURBIO,ATROPELAMENTO DE PESSOA,1,0,0,0,1,0,0,0,0,1,0,Cruzamento,Bom,Perfeito estado,Seca,Perfeito estado,R-6a,60 km/h,Dupla,Canal
2021-09-14 00:00:00,23:06:40,COM VÍTIMA,BOA VIAGEM,AV ENGENHEIRO DOMINGOS FERREIRA,,SUBURBIO,COLISÃO TRANSVERSAL,0,0,0,0,0,0,0,0,0,2,0,Cruzamento,Bom,Perfeito estado,Seca,Perfeito estado,Não há placas,60 km/h,Única,Faixa contínua
2021-09-15 00:00:00,07:32:00,COM VÍTIMA,BOA VIAGEM,RUA SA E SOUZA,,SUBURBIO,COLISÃO TRANSVERSAL,1,1,0,0,0,0,0,0,0,1,0,Cruzamento,Bom,Perfeito estado,Seca,Perfeito estado,R-6a,,Dupla,Faixa seccionada
2021-09-15 00:00:00,08:20:00,COM VÍTIMA,CAXANGÁ,RUA RIBEIRO PESSOA,,CIDADE,COLISÃO TRASEIRA,1,1,0,0,0,0,0,0,0,1,0,Longo da via,Bom,Incompleta,Seca,Perfeito estado,Não há placas,,Dupla,Não existe
2021-09-15 00:00:00,08:34:00,SEM VÍTIMA,ILHA DO RETIRO,RUA DR JOAQUIM DOS SANTOS SOUTO,,CIDADE,COLISÃO TRASEIRA,1,0,0,0,0,0,0,1,0,0,0,Longo da via,Bom,Perfeito estado,Seca,Perfeito estado,Não há placas,,Única,Faixa seccionada
2021-09-15 00:00:00,08:42:00,SEM VÍTIMA,VÁRZEA,AV CAXANGA,,,,1,0,0,0,0,0,0,1,0,0,0,,Bom,Perfeito estado,Seca,Perfeito estado,Não há placas,,,Não existe
2021-09-15 00:00:00,09:57:00,COM VÍTIMA,SÃO JOSÉ,AV SUL,,,ATROPELAMENTO DE PESSOA,0,0,0,0,1,1,0,0,0,1,0,,,,,,,,,
2021-09-15 00:00:00,12:10:00,COM VÍTIMA,CORDEIRO,RUA N S DA SAUDE,,,COLISÃO FRONTAL,2,1,0,0,0,0,0,0,0,3,0,Longo da via,Bom,Perfeito estado,Seca,Perfeito estado,"Placas ""Pare""",40 km/h,Dupla,Faixa contínua
2021-09-15 00:00:00,15:34:00,COM VÍTIMA,SANTO AMARO,RUA DO POMBAL,,,COLISÃO FRONTAL,2,0,0,0,0,0,0,0,0,1,0,Longo da via,Bom,Perfeito estado,Seca,Perfeito estado,Não há placas,40 km/h,Dupla,Faixa seccionada
2021-09-15 00:00:00,17:01:00,COM VÍTIMA,CASA FORTE,AV DEZESSETE DE AGOSTO,,CIDADE,COLISÃO FRONTAL,1,1,0,0,0,0,0,0,0,1,0,Longo da via,Bom,Perfeito estado,Seca,Perfeito estado,R-6a,,Dupla,Faixa contínua
2021-09-15 00:00:00,18:16:00,COM VÍTIMA,SANTO AMARO,AV NORTE MIGUEL ARRAES DE ALENCAR,,SUBURBIO,ATROPELAMENTO DE PESSOA,0,1,0,0,1,0,0,0,0,1,0,Longo da via,Bom,Perfeito estado,Seca,Perfeito estado,Não há placas,60 km/h,Única,Faixa seccionada