data,hora,natureza,bairro,endereco,num_semaforo,sentido_via,tipo,auto,moto,ciclom,ciclista,pedestre,onibus,caminhao,viatura,outros,vitimas,vitimasfatais,acidente_verificado,tempo_clima,sinalizacao,condicao_via,conservacao_via,situacao_placa,velocidade_max_via,mao_direcao,divisao_via1
2021-09-15 00:00:00,18:18:00,COM VÍTIMA,IMBIRIBEIRA,RUA ITAJAI,,IPSEP,COLISÃO TRANSVERSAL,1,1,0,0,0,0,0,0,0,1,0,Cruzamento,Bom,Perfeito estado,Seca,Mal iluminada,"Placas ""Pare""",,Dupla,Faixa seccionada
2021-09-15 00:00:00,18:26:00,COM VÍTIMA,TORRE,RUA JOSE BONIFACIO,601,SUBURBIO,COLISÃO FRONTAL,1,1,0,0,0,0,0,0,0,1,0,Cruzamento,Bom,Perfeito estado,Seca,Perfeito estado,Não há placas,,Única,Faixa contínua
2021-09-15 00:00:00,18:46:00,COM VÍTIMA,IMBIRIBEIRA,RUA JEAN EMILE FAVRE,,SUBURBIO,COLISÃO TRANSVERSAL,2,0,0,0,0,0,0,0,0,1,0,Cruzamento,Bom,Perfeito estado,Seca,Perfeito estado,Outras,,Dupla,Faixa contínua
2021-09-16 00:00:00,07:30:00,COM VÍTIMA,CIDADE UNIVERSITÁRIA,RUA EMILIANO BRAGA,,SUBURBIO,COLISÃO TRANSVERSAL,0,1,0,0,0,1,0,0,0,1,0,Longo da via,Bom,Perfeito estado,Seca,Perfeito estado,R-6a,30 km/h,Única,Faixa seccionada
2021-09-16 00:00:00,09:36:00,SEM VÍTIMA,AFOGADOS,RUA ESCRITOR ALVARO LINS,,SUBURBIO,CHOQUE,0,0,0,0,0,0,1,0,0,0,0,Longo da via,Bom,Não existente,Seca,Perfeito estado,Não há placas,30 km/h,Dupla,Não existe
2021-09-16 00:00:00,12:20:00,COM VÍTIMA,CORDEIRO,AV MAURICIO DE NASSAU,,CIDADE,COLISÃO TRANSVERSAL,1,1,0,0,0,0,0,0,0,1,0,Longo da via,Bom,Perfeito estado,Seca,Perfeito estado,Não há placas,,Dupla,
2021-09-16 00:00:00,12:42:00,SEM VÍTIMA,CASA FORTE,RUA LEONARDO BEZERRA CAVALCANTE,,SUBURBIO,COLISÃO FRONTAL,0,2,0,0,0,0,0,0,0,0,0,,,,,,,,,
2021-09-16 00:00:00,13:50:00,SEM VÍTIMA,SANTO AMARO,AV DR JAYME DA FONTE,,CIDADE,COLISÃO TRASEIRA,1,1,0,0,0,0,0,0,0,0,0,Longo da via,Bom,Perfeito estado,Seca,Perfeito estado,Outras,,Dupla,Faixa seccionada
2021-09-16 00:00:00,16:55:00,COM VÍTIMA,SANTO AMARO,AV CRUZ CABUGA,,CIDADE,COLISÃO FRONTAL,1,1,0,0,0,0,0,0,0,1,0,Cruzamento,Bom,Perfeito estado,Seca,Perfeito estado,Não há placas,,Dupla,Faixa contínua
2021-09-16 00:00:00,20:18:00,COM VÍTIMA,MACAXEIRA,RUA DOLORES SALGADO,,SUBURBIO,COLISÃO FRONTAL,1,1,0,0,0,0,0,0,0,1,0,Outros,Bom,Não existente,Seca,Mal iluminada,Outras,,Dupla,
2021-09-16 00:00:00,20:51:40,COM VÍTIMA,CAMPINA DO BARRETO,AV POETA VINICIUS DE MORAIS,,SUBURBIO,COLISÃO TRANSVERSAL,1,1,0,0,0,0,0,0,0,1,0,Esquina,Bom,Perfeito estado,Seca,Perfeito estado,Não há placas,40 km/h,Dupla,Faixa seccionada
2021-09-16 00:00:00,23:10:40,COM VÍTIMA,SANTO ANTÔNIO,PTE PRINCESA IZABEL,,CIDADE,CHOQUE,0,0,0,0,0,0,0,1,0,1,0,Longo da via,Bom,Perfeito estado,Seca,Perfeito estado,Não há placas,,Única,Faixa seccionada
2021-09-17 00:00:00,06:49:00,COM VÍTIMA,IPUTINGA,AV CAXANGA,,CIDADE,COLISÃO TRASEIRA,1,2,0,0,0,0,0,0,0,1,0,,,,,,,,,
2021-09-17 00:00:00,07:54:00,COM VÍTIMA,BOA VISTA,AV GOVERNADOR AGAMENON MAGALHAES,,OLINDA,COLISÃO FRONTAL,1,1,0,0,0,0,0,0,0,1,0,Longo da via,Bom,Perfeito estado,Seca,Perfeito estado,Não há placas,60 km/h,Dupla,Canal
2021-09-17 00:00:00,08:15:00,COM VÍTIMA,IBURA,RUA EXP FRANCISCO VITORIANO,,,COLISÃO FRONTAL,0,2,0,0,0,0,0,0,0,1,0,Longo da via,Bom,Incompleta,Seca,Perfeito estado,R-6a,,Dupla,Não existe
2021-09-17 00:00:00,13:58:00,COM VÍTIMA,MADALENA,RUA DR JOSE MARCELINO,,SUBURBIO,COLISÃO FRONTAL,1,1,0,0,0,0,0,0,0,1,0,Longo da via,Bom,Não existente,Seca,Perfeito estado,Não há placas,,,Não existe
2021-09-17 00:00:00,15:51:00,COM VÍTIMA,SANCHO,RUA APRIGIO GUIMARAES,,SUBURBIO,COLISÃO LATERAL,0,2,0,0,0,0,0,0,0,1,0,Longo da via,Bom,,Seca,Perfeito estado,Não há placas,,Dupla,Faixa seccionada
2021-09-17 00:00:00,16:13:00,COM VÍTIMA,AFOGADOS,EST DOS REMEDIOS,,,ATROPELAMENTO DE PESSOA,0,0,0,0,1,1,0,0,0,1,0,Outros,Bom,Perfeito estado,Seca,Perfeito estado,Não há placas,,,Não existe
2021-09-17 00:00:00,18:23:00,SEM VÍTIMA,BAIRRO DO RECIFE,RUA DO BRUM,,CIDADE,CHOQUE,2,0,0,0,0,0,0,0,0,0,0,Longo da via,Bom,Não existente,Seca,Perfeito estado,Outras,,Única,Não existe
2021-09-17 00:00:00,20:34:40,COM VÍTIMA,TORRÕES,RUA DR FLAVIO FERREIRA DA SILVA MAROJO,,CIDADE,ATROPELAMENTO DE PESSOA,0,1,0,0,1,0,0,0,0,1,0,Longo da via,Bom,Ilegível,Seca,Mal iluminada,Não há placas,,Única,Não existe
2021-09-17 00:00:00,21:58:40,COM VÍTIMA,CAMPO GRANDE,RUA JERONIMO VILELA,26,,COLISÃO FRONTAL,1,1,0,0,0,0,0,0,0,1,0,Longo da via,Bom,Perfeito estado,Seca,Perfeito estado,,,,
2021-09-17 00:00:00,23:16:40,SEM VÍTIMA,CAMPO GRANDE,RUA PRUDENTE DE MORAES,,,CHOQUE,1,0,0,0,0,0,0,0,0,0,0,,,,,,,,,
2021-09-18 00:00:00,07:02:00,COM VÍTIMA,MORRO DA CONCEIÇÃO,AV NORTE MIGUEL ARRAES DE ALENCAR,,SUBURBIO,COLISÃO TRASEIRA,0,1,0,0,0,1,0,0,0,1,0,Longo da via,Bom,Incompleta,Seca,Perfeito estado,Não há placas,,Dupla,Faixa seccionada
2021-09-18 00:00:00,08:13:00,SEM VÍTIMA,VÁRZEA,RUA GASTAO VIDIGAL,,,COLISÃO LATERAL,2,0,0,0,0,0,0,0,0,0,0,,,,,,,,,
2021-09-18 00:00:00,08:52:00,COM VÍTIMA,BREJO DA GUABIRABA,AV VEREADOR OTACILIO AZEVEDO,,CIDADE,COLISÃO LATERAL,1,1,0,0,0,0,0,0,0,1,0,Longo da via,Bom,Incompleta,Seca,Perfeito estado,R-6c,,Dupla,Não existe
2021-09-18 00:00:00,12:27:00,COM VÍTIMA,IPSEP,RUA PAMPULHA,450,BOA VIAGEM,COLISÃO TRANSVERSAL,1,2,0,0,0,0,0,0,0,2,0,Cruzamento,Bom,Perfeito estado,Seca,Perfeito estado,,,Única,
2021-09-18 00:00:00,14:55:00,SEM VÍTIMA,BOA VIAGEM,RUA PADRE CARAPUCEIRO,,,COLISÃO TRASEIRA,2,0,0,0,0,0,0,0,0,0,0,,,,,,,,,
2021-09-18 00:00:00,15:52:00,COM VÍTIMA,TORRE,AV BEIRA RIO,,CIDADE,CAPOTAMENTO,3,0,0,0,0,0,0,0,0,1,0,Longo da via,Bom,Perfeito estado,Seca,Perfeito estado,Não há placas,,Dupla,Faixa contínua
2021-09-18 00:00:00,16:14:00,SEM VÍTIMA,VÁRZEA,RUA GENERAL POLIDORO,,,COLISÃO TRASEIRA,1,1,0,0,0,0,0,0,0,0,0,,,,,,,,,
2021-09-18 00:00:00,16:47:00,COM VÍTIMA,SANTO AMARO,AV CRUZ CABUGA,,AMBOS,COLISÃO FRONTAL,1,0,0,0,0,1,0,0,0,11,0,Longo da via,Bom,Perfeito estado,Seca,Perfeito estado,Não há placas,60 km/h,Dupla,Faixa contínua
2021-09-18 00:00:00,18:08:00,COM VÍTIMA,IBURA,AV DOIS RIOS,,,ATROPELAMENTO DE PESSOA,0,1,0,0,1,0,0,0,0,1,0,,,,,,,,,
2021-09-18 00:00:00,20:43:40,COM VÍTIMA,BOA VIAGEM,RUA ERNESTO DE PAULA SANTOS,,CIDADE,COLISÃO TRANSVERSAL,2,0,0,0,0,0,0,0,0,1,0,Cruzamento,Bom,Perfeito estado,Seca,Perfeito estado,Não há placas,40 km/h,Única,Faixa contínua
2021-09-19 00:00:00,12:32:00,COM VÍTIMA,BOA VIAGEM,RUA ERNESTO DE PAULA SANTOS,304,,COLISÃO TRANSVERSAL,1,1,0,0,0,0,0,0,0,1,0,Cruzamento,Bom,Perfeito estado,Seca,Perfeito estado,R-6a,30 km/h,Única,Faixa contínua
2021-09-19 00:00:00,13:56:00,COM VÍTIMA,IMBIRIBEIRA,AV MARECHAL MASCARENHAS DE MORAES,532,CIDADE,COLISÃO LATERAL,2,1,0,0,0,0,0,0,0,1,0,Cruzamento,Bom,Perfeito estado,Seca,,Não há placas,60 km/h,Dupla,Canteiro central
2021-09-19 00:00:00,18:10:00,COM VÍTIMA,BOA VIAGEM,RUA BALTAZAR PASSOS,,SUBURBIO,COLISÃO FRONTAL,2,0,0,0,0,0,0,0,0,1,0,Cruzamento,Bom,,Seca,Perfeito estado,"Placas ""Pare""",,Única,Não existe
2021-09-20 00:00:00,08:18:00,COM VÍTIMA,CORDEIRO,AV ENGENHEIRO ABDIAS DE CARVALHO,,CIDADE,COLISÃO FRONTAL,2,1,0,0,0,0,0,0,0,2,0,Longo da via,Bom,Perfeito estado,Seca,Perfeito estado,R-6a,60 km/h,Única,Faixa seccionada
2021-09-20 00:00:00,10:30:00,COM VÍTIMA,AFLITOS,RUA CONS PORTELA,,CIDADE,COLISÃO COM CICLISTA,1,0,0,1,0,0,0,0,0,1,0,Cruzamento,Bom,Perfeito estado,Seca,Perfeito estado,R-6a,40 km/h,Única,Faixa seccionada
2021-09-20 00:00:00,11:40:00,COM VÍTIMA,DERBY,RUA JENER DE SOUZA,40,SUBURBIO,COLISÃO TRANSVERSAL,1,1,0,0,0,0,0,0,0,1,0,Cruzamento,Bom,Perfeito estado,Seca,Perfeito estado,,,Dupla,Canteiro central
2021-09-20 00:00:00,13:48:00,OUTROS,CORDEIRO,RUA MATHUZALEM WANDERLEY,,SUBURBIO,OUTROS,1,0,0,0,0,0,0,0,0,0,0,,,,,,,,,
2021-09-20 00:00:00,14:35:00,COM VÍTIMA,PARNAMIRIM,AV DEZESSETE DE AGOSTO,,,COLISÃO TRANSVERSAL,1,1,0,0,0,0,0,0,0,2,0,Longo da via,Bom,Perfeito estado,Seca,Perfeito estado,R-6a,,Dupla,Faixa contínua
2021-09-20 00:00:00,18:23:00,COM VÍTIMA,PAISSANDU,RUA PAISSANDU,,CIDADE,ATROPELAMENTO DE PESSOA,1,0,0,0,1,0,0,0,0,1,0,Longo da via,Bom,Perfeito estado,Seca,Perfeito estado,Outras,,Dupla,Canteiro central
2021-09-21 00:00:00,11:05:00,COM VÍTIMA,AREIAS,AV RECIFE,,SUBURBIO,COLISÃO FRONTAL,0,0,0,0,0,0,0,0,0,1,0,Ponte,Bom,Perfeito estado,Seca,Perfeito estado,Não há placas,,Dupla,Canteiro central
2021-09-21 00:00:00,12:14:00,COM VÍTIMA,LINHA DO TIRO,RUA URIEL DE HOLANDA,,SUBURBIO,COLISÃO FRONTAL,1,1,0,0,0,0,0,0,0,2,0,Esquina,Bom,Perfeito estado,Seca,Perfeito estado,Outras,,Dupla,Não existe
2021-09-21 00:00:00,13:31:00,COM VÍTIMA,SANTO AMARO,AV NORTE MIGUEL ARRAES DE ALENCAR,36,CIDADE,COLISÃO FRONTAL,0,0,0,0,0,0,0,0,0,1,0,Longo da via,Bom,Perfeito estado,Seca,Perfeito estado,Não há placas,60 km/h,Dupla,Canteiro central
2021-09-21 00:00:00,14:31:00,SEM VÍTIMA,MADALENA,AV JOSE GONCALVES DE MEDEIROS,,,COLISÃO TRANSVERSAL,1,0,0,0,0,1,0,0,0,0,0,Longo da via,Bom,Perfeito estado,Seca,Perfeito estado,Não há placas,,Dupla,
2021-09-21 00:00:00,21:43:40,COM VÍTIMA,ENCRUZILHADA,AV BEBERIBE,186,SUBURBIO,ATROPELAMENTO DE PESSOA,1,0,0,0,1,0,0,0,0,1,0,Longo da via,Bom,Perfeito estado,Seca,Perfeito estado,R-6a,,Dupla,Faixa contínua
2021-09-21 00:00:00,21:55:40,COM VÍTIMA,BOA VIAGEM,AV CONSELHEIRO AGUIAR,,CIDADE,COLISÃO TRASEIRA,0,1,0,0,0,1,0,0,0,1,0,Longo da via,Bom,Perfeito estado,Seca,Perfeito estado,R-6a,60 km/h,Única,
2021-09-22 00:00:00,08:46:00,COM VÍTIMA,AFOGADOS,RUA COSME VIANA,503,SUBURBIO,COLISÃO TRANSVERSAL,1,1,0,0,0,0,0,0,0,1,0,Cruzamento,Bom,Incompleta,Seca,Perfeito estado,Outras,,Única,Faixa contínua
2021-09-22 00:00:00,12:15:00,COM VÍTIMA,CASA AMARELA,AV NORTE MIGUEL ARRAES DE ALENCAR,95,CIDADE,COLISÃO TRASEIRA,2,1,0,0,0,0,0,0,0,1,0,Longo da via,Bom,Perfeito estado,Seca,Perfeito estado,Outras,,Dupla,Faixa seccionada
2021-09-22 00:00:00,16:13:00,COM VÍTIMA,IPSEP,RUA JEAN EMILE FAVRE,70,SUBURBIO,ATROPELAMENTO DE PESSOA,1,0,0,0,2,0,0,0,0,2,0,Cruzamento,Bom,Perfeito estado,Seca,Perfeito estado,R-6a,,Dupla,Faixa contínua
2021-09-22 00:00:00,20:33:00,COM VÍTIMA,BOA VIAGEM,RUA ANTONIO FALCAO,,ÚNICO,CHOQUE,2,0,0,0,0,0,0,0,0,1,0,Longo da via,Bom,Perfeito estado,Seca,Perfeito estado,Não há placas,,Única,Faixa seccionada
2021-09-23 00:00:00,07:44:00,COM VÍTIMA,MACAXEIRA,AV NORTE MIGUEL ARRAES DE ALENCAR,,SUBURBIO,COLISÃO TRANSVERSAL,1,1,0,0,0,0,0,0,0,1,0,Cruzamento,Bom,Perfeito estado,Seca,Perfeito estado,Não há placas,60 km/h,,Não existe
2021-09-23 00:00:00,10:41:00,SEM VÍTIMA,BOA VISTA,AV CONDE DA BOA VISTA,299,CIDADE,COLISÃO TRASEIRA,1,0,0,0,0,0,0,1,0,0,0,Longo da via,Bom,Perfeito estado,Seca,Perfeito estado,Não há placas,,Dupla,Canteiro central
2021-09-23 00:00:00,12:50:00,COM VÍTIMA,IPSEP,RUA IBIPITUBA,,,COLISÃO TRANSVERSAL,1,1,0,0,0,0,0,0,0,1,0,Cruzamento,Bom,Não existente,Seca,Perfeito estado,Não há placas,,Dupla,Não existe
2021-09-23 00:00:00,17:23:00,COM VÍTIMA,PAISSANDU,RUA SPORT CLUBE DO RECIFE,,SUBURBIO,COLISÃO TRASEIRA,1,1,0,0,0,0,0,0,0,1,0,Longo da via,Bom,Perfeito estado,Seca,Perfeito estado,R-26,,Dupla,Faixa contínua
2021-09-23 00:00:00,17:41:00,COM VÍTIMA,ARRUDA,AV BEBERIBE,,CIDADE,ATROPELAMENTO DE PESSOA,0,1,0,0,1,0,0,0,0,1,0,Longo da via,Bom,Perfeito estado,Seca,Perfeito estado,Não há placas,,Dupla,Faixa contínua
2021-09-23 00:00:00,18:48:00,COM VÍTIMA,IMBIRIBEIRA,RUA ARQUITETO LUIZ NUNES,634,CIDADE,COLISÃO TRANSVERSAL,1,1,0,0,0,0,0,0,0,1,0,Cruzamento,Bom,Perfeito estado,Seca,Perfeito estado,Não há placas,40 km/h,Dupla,
2021-09-23 00:00:00,19:35:00,COM VÍTIMA,AFOGADOS,RUA SAO MIGUEL,53,SUBURBIO,CHOQUE,0,0,0,0,0,1,0,0,0,1,0,Cruzamento,Bom,Perfeito estado,Seca,Perfeito estado,Outras,,Única,Faixa seccionada
2021-09-24 00:00:00,08:25:00,COM VÍTIMA,APIPUCOS,RUA DE APIPUCOS,540,,CHOQUE,1,0,0,0,0,0,0,0,0,1,0,Longo da via,Chuvoso,Perfeito estado,Molhada,Perfeito estado,Outras,,Dupla,Faixa contínua
2021-09-24 00:00:00,10:39:00,COM VÍTIMA,MADALENA,RUA BENFICA,,CIDADE,COLISÃO COM CICLISTA,1,0,0,1,0,0,0,0,0,1,0,Longo da via,Bom,Perfeito estado,Seca,Perfeito estado,Não há placas,,Dupla,Outros
2021-09-24 00:00:00,16:13:00,SEM VÍTIMA,BOA VIAGEM,RUA CAPITAO ZUZINHA,433,CIDADE,COLISÃO TRANSVERSAL,0,0,0,0,0,0,0,1,0,0,0,,,,,,,,,
2021-09-24 00:00:00,16:05:00,SEM VÍTIMA,BOA VIAGEM,RUA CAPITAO ZUZINHA,420,SUBURBIO,COLISÃO TRANSVERSAL,0,0,0,0,0,0,0,0,0,0,0,,,,,,,,,
2021-09-24 00:00:00,18:04:00,COM VÍTIMA,AREIAS,AV PRESIDENTE DUTRA,,AEROPORTO INTERNACIONA DO RECIFE,COLISÃO COM CICLISTA,0,1,0,1,0,0,0,0,0,1,0,Longo da via,Bom,Perfeito estado,Seca,Perfeito estado,Não há placas,,Dupla,Canteiro central
2021-09-25 00:00:00,10:25:00,COM VÍTIMA,PINA,AVENIDA CELSO FURTADO (VIA MANGUE),,CIDADE,QUEDA,0,1,0,0,0,0,0,0,0,1,0,Longo da via,Bom,Perfeito estado,Seca,Perfeito estado,Não há placas,60 km/h,Dupla,Canteiro central
2021-09-25 00:00:00,10:49:00,COM VÍTIMA,IPUTINGA,AV CAXANGA,229,CIDADE,COLISÃO LATERAL,0,2,0,0,0,0,0,0,0,1,0,Longo da via,Bom,Incompleta,Seca,,Não há placas,,Dupla,Canteiro central
2021-09-26 00:00:00,11:44:00,COM VÍTIMA,BEBERIBE,PRC DA CONVENCAO,,,QUEDA,0,1,0,0,0,0,0,0,0,1,0,,,,,,,,,
2021-09-26 00:00:00,16:32:00,COM VÍTIMA,GRAÇAS,AV RUI BARBOSA,126,CIDADE,COLISÃO COM CICLISTA,1,0,0,1,0,0,0,0,0,1,0,Cruzamento,Bom,Perfeito estado,Seca,Perfeito estado,Não há placas,,Única,Não existe
2021-09-27 00:00:00,01:52:00,SEM VÍTIMA,ILHA JOANA BEZERRA,VIADUTO CAPITAO TEMUDO,,,CHOQUE,1,0,0,0,0,0,0,0,0,0,0,,,,,,,,,
2021-09-27 00:00:00,06:18:00,COM VÍTIMA,PRADO,AV ENGENHEIRO ABDIAS DE CARVALHO,354,CIDADE,COLISÃO FRONTAL,1,1,0,0,0,0,0,0,0,1,0,Cruzamento,Bom,Perfeito estado,Seca,Perfeito estado,Outras,60 km/h,Dupla,Canteiro central
2021-09-27 00:00:00,08:40:00,COM VÍTIMA,TEJIPIÓ,RUA APRIGIO GUIMARAES,157,SUBURBIO,QUEDA,0,1,0,0,0,0,0,0,0,1,0,Longo da via,Bom,Perfeito estado,Seca,Mal conservada,R-6a,,Dupla,Faixa contínua
2021-09-27 00:00:00,14:44:00,COM VÍTIMA,TORRÕES,RUA DR MIGUEL VIEIRA FERREIRA,,SUBURBIO,COLISÃO TRANSVERSAL,2,0,0,0,0,0,0,0,0,1,0,Cruzamento,Bom,Perfeito estado,Seca,Perfeito estado,"Placas ""Pare""",,Dupla,Faixa seccionada
2021-09-27 00:00:00,15:25:00,COM VÍTIMA,SANTO AMARO,AV GOVERNADOR AGAMENON MAGALHAES,,,ENGAVETAMENTO,3,0,0,0,0,0,0,0,0,2,0,,,,,,,,,
2021-09-27 00:00:00,15:37:00,COM VÍTIMA,IMBIRIBEIRA,RUA JOSE DA SILVA LUCENA,,SUBURBIO,COLISÃO FRONTAL,1,1,0,0,0,0,0,0,0,1,0,Cruzamento,Bom,Perfeito estado,Seca,Perfeito estado,Não há placas,60 km/h,Dupla,Não existe
2021-09-27 00:00:00,16:14:00,SEM VÍTIMA,CAMPO GRANDE,RUA FRANCISCO BERENGUER,,SUBURBIO,COLISÃO TRASEIRA,2,0,0,0,0,0,0,0,0,0,0,Longo da via,Bom,,Seca,Perfeito estado,Não há placas,30 km/h,Dupla,Não existe
2021-09-27 00:00:00,20:08:00,COM VÍTIMA,IBURA,AV DOIS RIOS,,SUBURBIO,COLISÃO FRONTAL,1,2,0,0,0,0,0,0,0,2,0,Longo da via,Bom,Perfeito estado,Seca,Perfeito estado,Não há placas,,Dupla,Não existe
2021-09-27 00:00:00,21:53:40,COM VÍTIMA,CASA AMARELA,RUA DOIS DE FEVEREIRO,,CIDADE,COLISÃO FRONTAL,1,1,0,0,0,0,0,0,0,1,0,Longo da via,Bom,Ilegível,Seca,Perfeito estado,Outras,,Dupla,Faixa contínua
2021-09-28 00:00:00,01:09:00,SEM VÍTIMA,BAIRRO DO RECIFE,AV MILITAR,,,CHOQUE,1,0,0,0,0,0,0,0,0,0,0,,,,,,,,,
2021-09-28 00:00:00,11:53:00,COM VÍTIMA,SANTO AMARO,AV CRUZ CABUGA,457,CIDADE,COLISÃO TRANSVERSAL,0,0,0,0,0,2,0,0,0,2,0,Longo da via,Bom,Perfeito estado,Seca,Perfeito estado,Outras,,Dupla,Faixa contínua
2021-09-28 00:00:00,12:47:00,COM VÍTIMA,TAMARINEIRA,RUA CONEGO BARATA,62,CIDADE,COLISÃO TRASEIRA,0,1,0,0,0,1,0,0,0,1,0,Cruzamento,Bom,Perfeito estado,Seca,Perfeito estado,R-6a,,Dupla,Canteiro central
2021-09-28 00:00:00,14:18:00,COM VÍTIMA,CASA AMARELA,RUA PADRE LEMOS,,CIDADE,COLISÃO FRONTAL,1,1,0,0,0,0,0,0,0,1,0,Longo da via,Bom,Perfeito estado,Seca,Perfeito estado,"Placas ""Pare""",,Dupla,Não existe
2021-09-28 00:00:00,17:37:00,COM VÍTIMA,IMBIRIBEIRA,AV MARECHAL MASCARENHAS DE MORAES,290,CIDADE,ATROPELAMENTO DE PESSOA,1,0,0,0,1,0,0,0,0,1,0,Longo da via,Bom,Perfeito estado,Seca,Perfeito estado,R-6a,,Única,Faixa contínua
2021-09-28 00:00:00,19:57:00,COM VÍTIMA,PRADO,AV ENGENHEIRO ABDIAS DE CARVALHO,,SUBURBIO,ATROPELAMENTO DE ANIMAL,0,1,0,0,0,0,0,0,0,1,0,Longo da via,Bom,Perfeito estado,Seca,Perfeito estado,Não há placas,,Dupla,Faixa seccionada
2021-09-29 00:00:00,00:10:00,SEM VÍTIMA,ESPINHEIRO,RUA MARQUES DO PARANA,,,COLISÃO FRONTAL,0,0,0,0,0,0,0,0,0,0,0,,,,,,,,,
2021-09-29 00:00:00,07:34:00,COM VÍTIMA,IPSEP,RUA JEAN EMILE FAVRE,564,SUBURBIO,COLISÃO TRANSVERSAL,1,1,0,0,0,0,0,0,0,1,0,Cruzamento,Bom,Perfeito estado,Seca,Perfeito estado,R-26,,Dupla,Faixa contínua
2021-09-29 00:00:00,11:22:00,COM VÍTIMA,PINA,AV ENGENHEIRO DOMINGOS FERREIRA,142,SUBURBIO,COLISÃO TRASEIRA,1,1,0,0,0,0,0,0,0,1,0,Cruzamento,Bom,Perfeito estado,Seca,Perfeito estado,R-4b,,Dupla,Canteiro central
2021-09-29 00:00:00,12:34:00,COM VÍTIMA,BAIRRO DO RECIFE,AV ALFREDO LISBOA,477,CIDADE,COLISÃO TRASEIRA,2,1,0,0,0,0,0,0,0,1,0,Longo da via,Bom,Perfeito estado,Seca,Perfeito estado,R-6a,30 km/h,,Faixa seccionada
2021-09-29 00:00:00,12:52:00,SEM VÍTIMA,BOA VISTA,RUA DOM BOSCO,,SUBURBIO,,1,0,0,0,0,0,0,1,0,0,0,Longo da via,Bom,Perfeito estado,Seca,Perfeito estado,Outras,40 km/h,Única,Faixa seccionada
2021-09-29 00:00:00,22:45:40,COM VÍTIMA,MADALENA,AV CAXANGA,,SUBURBIO,ATROPELAMENTO DE ANIMAL,0,1,0,0,0,0,0,0,0,1,0,Longo da via,Chuvoso,Perfeito estado,Molhada,Perfeito estado,Não há placas,,Dupla,Canteiro central
2021-09-30 00:00:00,03:20:00,COM VÍTIMA,BOA VIAGEM,RUA BARAO DE SOUZA LEAO,129,CIDADE,COLISÃO TRANSVERSAL,1,1,0,0,0,0,0,0,0,1,0,Cruzamento,Chuvoso,Perfeito estado,Molhada,Mal iluminada,R-6a,,Única,Faixa contínua
2021-09-30 00:00:00,03:47:00,SEM VÍTIMA,CASA FORTE,AV DEZESSETE DE AGOSTO,,,COLISÃO TRASEIRA,2,0,0,0,0,0,0,0,0,0,0,,,,,,,,,
2021-09-30 00:00:00,07:51:00,COM VÍTIMA,GRAÇAS,AV CONS ROSA E SILVA,,CIDADE,COLISÃO FRONTAL,1,1,0,0,0,0,0,0,0,2,0,Longo da via,Bom,Perfeito estado,Molhada,Perfeito estado,Não há placas,,Única,Canteiro central
2021-09-30 00:00:00,08:49:00,COM VÍTIMA,BOA VIAGEM,AVENIDA CELSO FURTADO (VIA MANGUE),,SUBURBIO,COLISÃO TRASEIRA,1,1,0,0,0,0,0,0,0,1,0,Longo da via,Bom,Perfeito estado,Seca,Perfeito estado,Não há placas,60 km/h,Única,Faixa seccionada
2021-09-30 00:00:00,15:00:00,SEM VÍTIMA,DOIS IRMÃOS,EST DOS PINTOS,,,COLISÃO LATERAL,2,0,0,0,0,0,0,0,0,0,0,,,,,,,,,
2021-09-30 00:00:00,17:59:00,COM VÍTIMA,DERBY,RUA JOAQUIM NABUCO,,SUBURBIO,,1,1,0,0,0,0,0,0,0,1,0,Longo da via,Bom,Perfeito estado,Seca,Perfeito estado,R-6a,,Única,Faixa seccionada
2021-09-30 00:00:00,19:00:00,SEM VÍTIMA,GRAÇAS,AV GOVERNADOR AGAMENON MAGALHAES,,,COLISÃO TRANSVERSAL,3,0,0,0,0,0,0,0,0,0,0,,,,,,,,,
2021-09-30 00:00:00,21:04:40,COM VÍTIMA,TAMARINEIRA,EST VELHA DE AGUA FRIA,,CIDADE,COLISÃO TRANSVERSAL,0,0,0,0,0,0,0,0,0,1,0,Longo da via,Bom,Perfeito estado,Seca,Perfeito estado,Não há placas,,Dupla,Faixa contínua
2021-10-01 00:00:00,01:57:00,COM VÍTIMA,APIPUCOS,AV DEZESSETE DE AGOSTO,,CIDADE,CHOQUE,1,0,0,0,0,0,0,0,0,1,0,Longo da via,Bom,Perfeito estado,Molhada,Perfeito estado,Não há placas,,Dupla,Faixa contínua
2021-10-01 00:00:00,02:55:00,SEM VÍTIMA,ESPINHEIRO,RUA DA HORA,,,COLISÃO LATERAL,2,0,0,0,0,0,0,0,0,0,0,,,,,,,,,