data,hora,natureza,bairro,endereco,num_semaforo,sentido_via,tipo,auto,moto,ciclom,ciclista,pedestre,onibus,caminhao,viatura,outros,vitimas,vitimasfatais,acidente_verificado,tempo_clima,sinalizacao,condicao_via,conservacao_via,situacao_placa,velocidade_max_via,mao_direcao,divisao_via1
2021-10-01 00:00:00,07:31:00,COM VÍTIMA,SÃO JOSÉ,AV ENGENHEIRO JOSE ESTELITA,,SUBURBIO,COLISÃO FRONTAL,1,1,0,0,0,0,0,0,0,1,0,Longo da via,Bom,Ilegível,Seca,Perfeito estado,Não há placas,,Única,Faixa seccionada
2021-10-01 00:00:00,08:37:00,COM VÍTIMA,CORDEIRO,AV CAXANGA,,CIDADE,ATROPELAMENTO DE PESSOA,1,1,0,0,1,0,0,0,0,2,0,Longo da via,Bom,Perfeito estado,Seca,Perfeito estado,Não há placas,,Dupla,Canteiro central
2021-10-01 00:00:00,12:20:00,COM VÍTIMA,AREIAS,AV TAPAJOS,,SUBURBIO,COLISÃO TRASEIRA,0,1,0,0,0,0,0,0,0,1,0,Longo da via,Bom,Perfeito estado,Seca,Perfeito estado,Outras,,Dupla,Faixa contínua
2021-10-01 00:00:00,12:54:00,COM VÍTIMA,SANTO AMARO,AV GOVERNADOR AGAMENON MAGALHAES,,SUBURBIO,COLISÃO FRONTAL,1,1,0,0,0,0,0,0,0,1,0,Longo da via,Bom,Perfeito estado,Seca,Perfeito estado,,,,
2021-10-01 00:00:00,15:50:00,COM VÍTIMA,SANTO AMARO,AV CRUZ CABUGA,,SUBURBIO,COLISÃO TRANSVERSAL,1,1,0,0,0,0,0,0,0,1,0,Longo da via,Bom,Perfeito estado,Seca,Perfeito estado,Outras,60 km/h,Dupla,Faixa seccionada
2021-10-01 00:00:00,18:24:00,COM VÍTIMA,BONGI,AV ENGENHEIRO ABDIAS DE CARVALHO,,SUBURBIO,ENGAVETAMENTO,4,0,0,0,0,0,0,0,0,2,0,Longo da via,Bom,Perfeito estado,Seca,Perfeito estado,Não há placas,60 km/h,Única,Faixa seccionada
2021-10-01 00:00:00,19:51:00,COM VÍTIMA,IBURA,AV DOIS RIOS,,SUBURBIO,COLISÃO TRASEIRA,0,2,0,0,0,0,0,0,0,2,0,Longo da via,Bom,Não existente,Seca,Perfeito estado,Não há placas,,Dupla,Faixa contínua
2021-10-02 00:00:00,00:25:00,COM VÍTIMA,SÃO JOSÉ,AV SUL,,SUBURBIO,COLISÃO FRONTAL,0,1,0,0,0,1,0,0,0,1,0,Longo da via,Chuvoso,Perfeito estado,Molhada,Perfeito estado,Não há placas,,Dupla,Faixa contínua
2021-10-02 00:00:00,02:15:00,SEM VÍTIMA,PINA,AVENIDA CELSO FURTADO (VIA MANGUE),,SUBURBIO,CHOQUE,1,0,0,0,0,0,0,0,0,0,0,Longo da via,Chuvoso,Perfeito estado,Molhada,Perfeito estado,Outras,,Dupla,Faixa contínua
2021-10-02 00:00:00,08:02:00,SEM VÍTIMA,CORDEIRO,AV CAXANGA,,CIDADE,COLISÃO TRASEIRA,2,0,0,0,0,1,0,0,0,0,0,Longo da via,Bom,Perfeito estado,Seca,Perfeito estado,R-6a,,Dupla,Faixa seccionada
2021-10-02 00:00:00,10:51:00,COM VÍTIMA,LINHA DO TIRO,RUA GUARAJA,,S,COLISÃO FRONTAL,1,1,0,0,0,0,0,0,0,1,0,Cruzamento,Bom,Perfeito estado,Seca,,"Placas ""Pare""",20 km/h,Dupla,Não existe
2021-10-02 00:00:00,12:33:00,COM VÍTIMA,SANTO ANTÔNIO,AV MARTINS DE BARROS,194,,ATROPELAMENTO DE PESSOA,1,0,0,0,1,0,0,0,0,1,0,Longo da via,Bom,Perfeito estado,Seca,Perfeito estado,Outras,40 km/h,Única,Faixa seccionada
2021-10-02 00:00:00,12:39:00,COM VÍTIMA,JORDÃO,AV DONA CARENTINA,,,COLISÃO LATERAL,1,1,0,0,0,0,0,0,0,1,0,,,,,,,,,
2021-10-02 00:00:00,16:02:00,COM VÍTIMA,IBURA,AV ENGENHO SERRA VERDE,,CIDADE,COLISÃO FRONTAL,1,1,0,0,0,0,0,0,0,1,0,Longo da via,Bom,Perfeito estado,Seca,Perfeito estado,R-6a,,Única,Não existe
2021-10-02 00:00:00,16:46:00,COM VÍTIMA,CASA AMARELA,EST DO ARRAIAL,,,ATROPELAMENTO DE PESSOA,1,0,0,0,0,0,0,0,0,1,0,,,,,,,,,
2021-10-02 00:00:00,17:06:00,COM VÍTIMA,DOIS IRMÃOS,RUA MANUEL DE MEDEIROS,,,COLISÃO TRASEIRA,2,0,0,0,0,0,0,0,0,1,0,Longo da via,Bom,Não existente,Seca,Mal conservada,Outras,,Dupla,Faixa seccionada
2021-10-02 00:00:00,17:38:00,VÍTIMA FATAL,MADALENA,AV CAXANGA,,SUBURBIO,CHOQUE,0,0,0,0,0,0,0,0,0,2,1,Longo da via,Bom,Incompleta,Seca,Perfeito estado,Não há placas,60 km/h,Dupla,Faixa contínua
2021-10-02 00:00:00,20:54:40,COM VÍTIMA,COHAB,AV SANTA FE,,SUBURBIO,COLISÃO FRONTAL,0,2,0,0,0,0,0,0,0,2,0,Longo da via,Bom,Perfeito estado,Seca,Perfeito estado,Não há placas,,Dupla,Faixa seccionada
2021-10-02 00:00:00,21:42:40,COM VÍTIMA,CASA AMARELA,AV NORTE MIGUEL ARRAES DE ALENCAR,,CIDADE,COLISÃO TRASEIRA,0,0,0,0,0,0,0,0,0,1,0,Longo da via,Bom,Perfeito estado,Seca,Perfeito estado,Não há placas,,Dupla,Faixa seccionada
2021-10-03 00:00:00,08:32:00,SEM VÍTIMA,SANTO ANTÔNIO,PRC DA REPUBLICA,,CIDADE,CHOQUE,1,0,0,0,0,0,0,0,0,0,0,Longo da via,Bom,Perfeito estado,Seca,Perfeito estado,Outras,,,Faixa contínua
2021-10-03 00:00:00,15:41:00,COM VÍTIMA,NOVA DESCOBERTA,AV VEREADOR OTACILIO AZEVEDO,,SUBURBIO,ATROPELAMENTO DE PESSOA,1,0,0,0,1,0,0,0,0,1,0,Longo da via,Bom,Não existente,Seca,Perfeito estado,Outras,30 km/h,Dupla,Não existe
2021-10-03 00:00:00,16:21:00,COM VÍTIMA,ÁGUA FRIA,AV BEBERIBE,,,COLISÃO FRONTAL,1,1,0,0,0,0,0,0,0,1,0,,,,,,,,,
2021-10-03 00:00:00,20:14:00,COM VÍTIMA,IMBIRIBEIRA,AV GENERAL MAC ARTHUR,402,,COLISÃO TRASEIRA,1,1,0,0,0,0,0,0,0,2,0,Cruzamento,Bom,Perfeito estado,Seca,Perfeito estado,Outras,,Única,Faixa seccionada
2021-10-03 00:00:00,20:35:40,COM VÍTIMA,TAMARINEIRA,AV NORTE MIGUEL ARRAES DE ALENCAR,62,SUBURBIO,COLISÃO FRONTAL,2,0,0,0,0,0,0,0,0,1,0,Cruzamento,Bom,Perfeito estado,Seca,Perfeito estado,Não há placas,,Dupla,Faixa seccionada
2021-10-04 00:00:00,00:19:00,COM VÍTIMA,IBURA,AV DOIS RIOS,351,SUBURBIO,COLISÃO TRANSVERSAL,1,1,0,0,0,0,0,0,0,1,0,Longo da via,Bom,Perfeito estado,Seca,Perfeito estado,"Placas ""Pare""",,Dupla,Faixa contínua
2021-10-04 00:00:00,08:12:00,COM VÍTIMA,VÁRZEA,AV BARAO DE BONITO,,CIDADE,COLISÃO TRANSVERSAL,1,1,0,0,0,0,0,0,0,2,0,Longo da via,Bom,Ilegível,Seca,Perfeito estado,R-6a,30 km/h,Dupla,Não existe
2021-10-04 00:00:00,08:48:00,SEM VÍTIMA,SANTO AMARO,AV GOVERNADOR AGAMENON MAGALHAES,378,SUBURBIO,CHOQUE,1,0,0,0,0,0,0,0,0,0,0,Longo da via,Bom,Perfeito estado,Seca,Perfeito estado,Não há placas,60 km/h,,Faixa contínua
2021-10-04 00:00:00,09:16:00,COM VÍTIMA,PARNAMIRIM,AV FLOR DE SANTANA,,CIDADE,COLISÃO TRANSVERSAL,1,1,0,0,0,0,0,0,0,1,0,Longo da via,Bom,Ilegível,Seca,Perfeito estado,R-6a,,Dupla,Não existe
2021-10-04 00:00:00,10:14:00,COM VÍTIMA,BOA VIAGEM,RUA COSMORAMA,,SUBURBIO,COLISÃO FRONTAL,1,1,0,0,0,0,0,0,0,1,0,Longo da via,Bom,Perfeito estado,Seca,Perfeito estado,Não há placas,40 km/h,Dupla,Faixa seccionada
2021-10-04 00:00:00,10:25:00,COM VÍTIMA,BOA VISTA,AV CONDE DA BOA VISTA,,CIDADE,QUEDA,0,1,0,0,0,0,0,0,0,1,0,Longo da via,Bom,Perfeito estado,Seca,Perfeito estado,Não há placas,,Dupla,Canteiro central
2021-10-04 00:00:00,10:48:00,COM VÍTIMA,IPUTINGA,AV MAURICIO DE NASSAU,,SUBURBIO,COLISÃO TRANSVERSAL,1,1,0,0,0,0,0,0,0,1,0,Longo da via,Bom,Perfeito estado,Seca,Perfeito estado,R-6a,,Dupla,Faixa contínua
2021-10-04 00:00:00,12:25:00,SEM VÍTIMA,CORDEIRO,AV CAXANGA,,CIDADE,COLISÃO TRASEIRA,1,0,0,0,0,1,0,0,0,0,0,Longo da via,Bom,Perfeito estado,Seca,Perfeito estado,Outras,,Dupla,Canteiro central
2021-10-04 00:00:00,15:26:00,COM VÍTIMA,CORDEIRO,RUA DR MIGUEL VIEIRA FERREIRA,,CIDADE,COLISÃO TRANSVERSAL,0,2,0,0,0,0,0,0,0,1,0,Cruzamento,Bom,Incompleta,Seca,Perfeito estado,,,Dupla,
2021-10-04 00:00:00,16:02:00,SEM VÍTIMA,GRAÇAS,AV RUI BARBOSA,460,,CHOQUE,1,0,0,0,0,0,0,0,0,0,0,,,,,,,,,
2021-10-04 00:00:00,17:32:00,COM VÍTIMA,SANTO AMARO,AV NORTE MIGUEL ARRAES DE ALENCAR,243,SUBURBIO,COLISÃO TRANSVERSAL,1,1,0,0,0,0,0,0,0,1,0,Cruzamento,Bom,Perfeito estado,Seca,Perfeito estado,Não há placas,,Dupla,Faixa contínua
2021-10-04 00:00:00,18:17:00,COM VÍTIMA,NOVA DESCOBERTA,RUA ALTO JARDIM PROGRESSO,,SUBURBIO,ATROPELAMENTO DE PESSOA,1,0,0,0,1,0,0,0,0,1,0,Longo da via,Bom,Não existente,Seca,Perfeito estado,Não há placas,,Dupla,Não existe
2021-10-05 00:00:00,06:35:00,COM VÍTIMA,SANTO ANTÔNIO,RUA DO SOL,,CIDADE,QUEDA,0,1,0,0,0,0,0,0,0,1,0,Outros,Bom,Não existente,Oleosa,Perfeito estado,Não há placas,30 km/h,Única,Faixa seccionada
2021-10-05 00:00:00,07:56:00,COM VÍTIMA,CASA AMARELA,EST DO ARRAIAL,,SUBURBIO,COLISÃO FRONTAL,1,1,0,0,0,0,0,0,0,1,0,Longo da via,Bom,Perfeito estado,Seca,Perfeito estado,R-4b,,Única,Faixa seccionada
2021-10-05 00:00:00,09:36:00,COM VÍTIMA,GRAÇAS,RUA JOAQUIM NABUCO,,SUBURBIO,COLISÃO TRANSVERSAL,1,1,0,0,0,0,0,0,0,2,0,Longo da via,Bom,Perfeito estado,Seca,Perfeito estado,Outras,40 km/h,Única,Não existe
2021-10-05 00:00:00,10:19:00,COM VÍTIMA,TAMARINEIRA,RUA CONEGO BARATA,62,CIDADE,COLISÃO FRONTAL,1,1,0,0,0,0,0,0,0,1,0,Cruzamento,Bom,Perfeito estado,Seca,Perfeito estado,R-4a,,Dupla,Faixa contínua
2021-10-05 00:00:00,12:55:00,COM VÍTIMA,AREIAS,AV CAPITAO GREGORIO DE CALDAS,,,COLISÃO FRONTAL,1,1,0,0,0,0,0,0,0,1,0,Longo da via,Bom,Incompleta,Seca,Perfeito estado,Não há placas,,Dupla,Canteiro central
2021-10-05 00:00:00,17:26:00,COM VÍTIMA,CASA AMARELA,AV NORTE MIGUEL ARRAES DE ALENCAR,,SUBURBIO,ATROPELAMENTO DE PESSOA,0,1,0,0,1,0,0,0,0,1,0,Longo da via,Bom,Perfeito estado,Seca,Perfeito estado,R-6a,,Dupla,Faixa seccionada
2021-10-05 00:00:00,23:15:40,COM VÍTIMA,TAMARINEIRA,RUA CONEGO BARATA,347,SUBURBIO,ATROPELAMENTO DE PESSOA,0,0,0,0,1,0,0,0,0,1,0,Longo da via,Bom,Perfeito estado,Seca,Perfeito estado,Outras,,Dupla,Canteiro central
2021-10-06 00:00:00,05:00:00,COM VÍTIMA,DERBY,AV GOVERNADOR AGAMENON MAGALHAES,68,CIDADE,COLISÃO TRANSVERSAL,1,0,0,0,0,0,0,0,0,2,0,Cruzamento,Bom,Perfeito estado,Seca,Perfeito estado,Outras,,Única,Faixa seccionada
2021-10-06 00:00:00,08:58:00,COM VÍTIMA,CORDEIRO,AV CAXANGA,236,SUBURBIO,COLISÃO TRASEIRA,0,2,0,0,0,0,0,0,0,2,0,Longo da via,Bom,Perfeito estado,Seca,Perfeito estado,Não há placas,,Única,Faixa contínua
2021-10-06 00:00:00,09:38:00,COM VÍTIMA,CAMPO GRANDE,RUA PRUDENTE DE MORAES,,CIDADE,COLISÃO TRANSVERSAL,1,1,0,0,0,0,0,0,0,1,0,Cruzamento,Bom,Perfeito estado,Seca,Perfeito estado,"Placas ""Pare""",,Dupla,Faixa seccionada
2021-10-06 00:00:00,09:53:00,COM VÍTIMA,AREIAS,AV DR JOSE RUFINO,508,SUBURBIO,ATROPELAMENTO DE PESSOA,1,0,0,0,1,0,0,0,0,1,0,Longo da via,Bom,Perfeito estado,Seca,Perfeito estado,R-6a,,Dupla,Faixa contínua
2021-10-06 00:00:00,10:45:00,COM VÍTIMA,IPSEP,AV RECIFE,,,ATROPELAMENTO DE PESSOA,0,1,0,0,1,0,0,0,0,1,0,,,,,,,,,
2021-10-06 00:00:00,10:46:00,COM VÍTIMA,IPSEP,AV RECIFE,,SUBURBIO,ATROPELAMENTO DE PESSOA,0,0,0,0,0,0,0,0,0,1,0,Longo da via,Bom,Incompleta,Seca,Mal conservada,Não há placas,,Dupla,Canteiro central
2021-10-06 00:00:00,11:02:00,COM VÍTIMA,BOA VIAGEM,AV HERCULANO BANDEIRA,,SUBURBIO,COLISÃO FRONTAL,1,1,0,0,0,0,0,0,0,1,0,Longo da via,Bom,Perfeito estado,Seca,Perfeito estado,Não há placas,60 km/h,Única,Faixa seccionada
2021-10-06 00:00:00,12:27:00,COM VÍTIMA,ILHA DO LEITE,PTE JOSE DE BARROS LIMA,,SUBURBIO,COLISÃO COM CICLISTA,0,0,0,1,0,1,0,0,0,1,0,Viaduto,Bom,Não existente,Seca,Perfeito estado,Não há placas,60 km/h,Dupla,Canteiro central
2021-10-06 00:00:00,15:17:00,COM VÍTIMA,BOA VIAGEM,AV ENGENHEIRO DOMINGOS FERREIRA,,SUBURBIO,QUEDA,0,1,0,0,0,0,0,0,0,1,0,Longo da via,Bom,Perfeito estado,Seca,Perfeito estado,Não há placas,60 km/h,Única,Faixa seccionada
2021-10-06 00:00:00,15:20:00,SEM VÍTIMA,CASA FORTE,AV DEZESSETE DE AGOSTO,,CIDADE,COLISÃO TRASEIRA,1,0,0,0,0,0,0,1,0,0,0,Longo da via,Chuvoso,Perfeito estado,Molhada,Perfeito estado,Outras,,Dupla,Faixa contínua
2021-10-06 00:00:00,16:57:00,COM VÍTIMA,BOA VIAGEM,AV CONSELHEIRO AGUIAR,5,CIDADE,COLISÃO FRONTAL,1,1,0,0,0,0,0,0,0,1,0,Cruzamento,Bom,Perfeito estado,Seca,Perfeito estado,Não há placas,,Única,Faixa seccionada
2021-10-06 00:00:00,18:00:00,COM VÍTIMA,MACAXEIRA,AV NORTE MIGUEL ARRAES DE ALENCAR,,SUBURBIO,COLISÃO FRONTAL,0,1,0,0,0,1,0,0,0,1,0,Longo da via,Bom,Não existente,Seca,Perfeito estado,Não há placas,,Única,Não existe
2021-10-06 00:00:00,18:52:00,SEM VÍTIMA,BOA VISTA,RUA DO HOSPICIO,,SUBURBIO,,0,0,0,0,0,1,0,1,0,0,0,Longo da via,Bom,Não existente,Seca,Perfeito estado,Não há placas,,Única,Faixa seccionada
2021-10-06 00:00:00,21:44:40,COM VÍTIMA,PINA,AV ANTONIO DE GOES,103,CIDADE,COLISÃO TRANSVERSAL,1,1,0,0,0,0,0,0,0,1,0,Cruzamento,Bom,Perfeito estado,Seca,Perfeito estado,,,Dupla,Faixa contínua
2021-10-07 00:00:00,07:24:00,COM VÍTIMA,CAMPO GRANDE,RUA MARQUES DE ABRANTES,,,COLISÃO LATERAL,2,0,0,0,0,0,0,0,0,1,0,Cruzamento,Bom,Não existente,Seca,Perfeito estado,Não há placas,,Única,Não existe
2021-10-07 00:00:00,09:30:00,COM VÍTIMA,ÁGUA FRIA,RUA SAO SEBASTIAO,,BOMBA DO HEMITERIO,COLISÃO LATERAL,2,0,0,0,0,0,0,0,0,1,0,Longo da via,Bom,Perfeito estado,Seca,Perfeito estado,Outras,30 km/h,Dupla,Faixa seccionada
2021-10-07 00:00:00,11:15:00,COM VÍTIMA,BOA VIAGEM,RUA SA E SOUZA,,CIDADE,COLISÃO FRONTAL,2,0,0,0,0,0,0,0,0,1,0,Cruzamento,Bom,Perfeito estado,Seca,Perfeito estado,"Placas ""Pare""",,Dupla,Faixa seccionada
2021-10-07 00:00:00,12:44:00,SEM VÍTIMA,SANTO AMARO,RUA NUMA POMPILHO,,SUBURBIO,COLISÃO TRASEIRA,0,1,0,0,0,0,0,1,0,0,0,Longo da via,Bom,Perfeito estado,Seca,Perfeito estado,Não há placas,60 km/h,Única,Não existe
2021-10-07 00:00:00,13:28:00,COM VÍTIMA,SÃO JOSÉ,VDO DAS CINCO PONTAS,,,COLISÃO LATERAL,1,1,0,0,0,0,0,0,0,1,0,,,,,,,,,
2021-10-07 00:00:00,17:25:00,COM VÍTIMA,NOVA DESCOBERTA,RUA ALTO JARDIM PROGRESSO,,,COLISÃO FRONTAL,0,1,0,0,0,1,0,0,0,1,0,,,,,,,,,
2021-10-07 00:00:00,17:41:00,COM VÍTIMA,MADALENA,RUA DEMOCRITO DE SOUZA FILHO,,,COLISÃO TRANSVERSAL,1,1,0,0,0,0,0,0,0,1,0,Cruzamento,Bom,Perfeito estado,Seca,Perfeito estado,,,Única,Não existe
2021-10-07 00:00:00,18:17:00,COM VÍTIMA,ENCRUZILHADA,RUA DA CORAGEM,,,COLISÃO TRANSVERSAL,1,1,0,0,0,0,0,0,0,1,0,Cruzamento,Bom,Perfeito estado,Seca,Perfeito estado,"Placas ""Pare""",30 km/h,,Faixa seccionada
2021-10-07 00:00:00,19:38:00,COM VÍTIMA,BAIRRO DO RECIFE,AV ALFREDO LISBOA,,SUBURBIO,COLISÃO TRANSVERSAL,1,1,0,0,0,0,0,0,0,1,0,Longo da via,Bom,Perfeito estado,Seca,,Outras,,Única,Faixa seccionada
2021-10-07 00:00:00,22:29:40,SEM VÍTIMA,NOVA DESCOBERTA,AV NORTE MIGUEL ARRAES DE ALENCAR,,,COLISÃO LATERAL,1,0,0,0,0,0,1,0,0,0,0,,,,,,,,,
2021-10-08 00:00:00,08:43:00,COM VÍTIMA,SANTO ANTÔNIO,AV DANTAS BARRETO,,SUBURBIO,ATROPELAMENTO DE PESSOA,0,1,0,0,1,0,0,0,0,1,0,Longo da via,Bom,Perfeito estado,Seca,Perfeito estado,Não há placas,30 km/h,Única,
2021-10-08 00:00:00,11:04:00,COM VÍTIMA,TEJIPIÓ,AV DR JOSE RUFINO,,SUBURBIO,ATROPELAMENTO DE PESSOA,0,1,0,0,1,0,0,0,0,1,0,Longo da via,Bom,Incompleta,Seca,Perfeito estado,R-6a,,Dupla,Não existe
2021-10-08 00:00:00,13:42:00,COM VÍTIMA,DOIS IRMÃOS,RUA RIBEIRO PESSOA,281,CIDADE,COLISÃO TRASEIRA,1,1,0,0,0,0,0,0,0,1,0,Longo da via,Bom,Perfeito estado,Seca,Perfeito estado,Outras,40 km/h,Dupla,Faixa contínua
2021-10-08 00:00:00,17:23:00,VÍTIMA FATAL,ARRUDA,AV BEBERIBE,,SUBURBIO,CHOQUE,0,0,0,0,0,1,0,0,0,0,1,Longo da via,Bom,Perfeito estado,Seca,Perfeito estado,Outras,,Dupla,Não existe
2021-10-08 00:00:00,17:47:00,COM VÍTIMA,SANTO AMARO,AV NORTE MIGUEL ARRAES DE ALENCAR,34,CIDADE,COLISÃO FRONTAL,1,1,0,0,0,0,0,0,0,2,0,Cruzamento,Bom,Perfeito estado,Seca,Perfeito estado,Não há placas,60 km/h,Dupla,Canteiro central
2021-10-08 00:00:00,20:55:40,COM VÍTIMA,AREIAS,AV DR JOSE RUFINO,,CIDADE,COLISÃO FRONTAL,1,1,0,0,0,0,0,0,0,1,0,Longo da via,Bom,Não existente,Seca,Perfeito estado,Não há placas,,Dupla,Faixa contínua
2021-10-08 00:00:00,23:13:40,SEM VÍTIMA,BOA VIAGEM,RUA ANTONIO FALCAO,,CIDADE,COLISÃO TRASEIRA,1,0,0,0,0,0,1,0,0,0,0,Longo da via,Bom,Perfeito estado,Seca,Perfeito estado,Outras,,Única,
2021-10-09 00:00:00,01:20:00,COM VÍTIMA,SANTO AMARO,AV GOVERNADOR AGAMENON MAGALHAES,49,SUBURBIO,COLISÃO COM CICLISTA,0,0,0,1,0,0,0,0,0,1,0,Cruzamento,Bom,Perfeito estado,Seca,Perfeito estado,Outras,60 km/h,Dupla,Faixa contínua
2021-10-09 00:00:00,04:18:00,SEM VÍTIMA,BOA VIAGEM,RUA ANTONIO FALCAO,,,CHOQUE,4,0,0,0,0,0,0,0,0,0,0,Longo da via,Bom,Não existente,Molhada,Perfeito estado,Não há placas,,Única,Não existe
2021-10-09 00:00:00,11:24:00,SEM VÍTIMA,CASA AMARELA,AV NORTE MIGUEL ARRAES DE ALENCAR,79,SUBURBIO,CHOQUE,0,0,0,0,0,0,1,0,2,0,0,Longo da via,Bom,Perfeito estado,Seca,Perfeito estado,Outras,,Dupla,Canteiro central
2021-10-09 00:00:00,15:29:00,COM VÍTIMA,SAN MARTIN,RUA APULCRO DE ASSUNCAO,,SUBURBIO,COLISÃO TRANSVERSAL,1,1,0,0,0,0,0,0,0,1,0,Longo da via,Bom,Não existente,Seca,Mal conservada,Não há placas,,Dupla,Não existe
2021-10-10 00:00:00,14:47:00,SEM VÍTIMA,IMBIRIBEIRA,AV GENERAL MAC ARTHUR,225,SUBURBIO,COLISÃO TRASEIRA,2,0,0,0,0,0,0,0,0,0,0,Longo da via,Bom,Perfeito estado,Seca,Perfeito estado,Não há placas,40 km/h,Única,Não existe
2021-10-10 00:00:00,15:11:00,COM VÍTIMA,IPSEP,RUA JEAN EMILE FAVRE,527,CIDADE,COLISÃO TRANSVERSAL,1,1,0,0,0,0,0,0,0,1,0,Longo da via,Bom,Perfeito estado,Seca,Perfeito estado,Outras,60 km/h,Dupla,Faixa contínua
2021-10-10 00:00:00,22:43:40,COM VÍTIMA,DOIS UNIDOS,AV CHAGAS FERREIRA,,SUBURBIO,COLISÃO FRONTAL,0,2,0,0,0,0,0,0,0,2,0,Longo da via,Bom,Incompleta,Seca,Perfeito estado,Não há placas,,Dupla,Não existe
2021-10-11 00:00:00,01:42:00,SEM VÍTIMA,BOA VIAGEM,AV CONSELHEIRO AGUIAR,,,COLISÃO FRONTAL,2,0,0,0,0,0,0,0,0,0,0,,,,,,,,,
2021-10-11 00:00:00,09:38:00,COM VÍTIMA,BOA VISTA,RUA GERVASIO PIRES,,SUBURBIO,ATROPELAMENTO DE PESSOA,0,1,0,0,1,0,0,0,0,1,0,Longo da via,Bom,Perfeito estado,Seca,Perfeito estado,R-6a,,Única,
2021-10-11 00:00:00,09:41:00,COM VÍTIMA,DERBY,AV GOVERNADOR AGAMENON MAGALHAES,68,CIDADE,COLISÃO TRANSVERSAL,0,2,0,0,0,0,0,0,0,2,0,Cruzamento,Bom,Perfeito estado,Seca,Perfeito estado,R-4a,60 km/h,Dupla,Faixa contínua
2021-10-11 00:00:00,09:52:00,COM VÍTIMA,JORDÃO,AV MARIA IRENE,,SUBURBIO,COLISÃO FRONTAL,1,1,0,0,0,0,0,0,0,1,0,Longo da via,Bom,Perfeito estado,Seca,Perfeito estado,Não há placas,,Dupla,Faixa contínua
2021-10-11 00:00:00,12:05:00,COM VÍTIMA,VÁRZEA,RUA GENERAL POLIDORO,,SUBURBIO,ATROPELAMENTO DE PESSOA,1,0,0,0,1,0,0,0,0,1,0,Longo da via,Bom,Incompleta,Seca,Perfeito estado,Outras,30 km/h,Dupla,Não existe
2021-10-11 00:00:00,14:39:00,COM VÍTIMA,IMBIRIBEIRA,AV PRESIDENTE DUTRA,,CAXANGÁ,COLISÃO COM CICLISTA,1,0,0,1,0,0,0,0,0,1,0,Longo da via,Bom,Perfeito estado,Seca,Perfeito estado,R-26,,Única,Faixa contínua
2021-10-11 00:00:00,15:04:00,COM VÍTIMA,MADALENA,AV JOSE GONCALVES DE MEDEIROS,,CIDADE,COLISÃO TRANSVERSAL,1,1,0,0,0,0,0,0,0,1,0,Longo da via,Bom,Perfeito estado,Seca,Perfeito estado,Não há placas,,Dupla,Faixa contínua
2021-10-11 00:00:00,16:39:00,COM VÍTIMA,ÁGUA FRIA,AV BEBERIBE,187,SUBURBIO,ATROPELAMENTO DE PESSOA,1,0,0,0,1,0,0,0,0,1,0,Cruzamento,Bom,Perfeito estado,Seca,Perfeito estado,R-6a,,Dupla,Faixa contínua
2021-10-11 00:00:00,20:29:00,SEM VÍTIMA,CABANGA,RUA CAPITAO TEMUDO,,,ATROPELAMENTO DE ANIMAL,1,0,0,0,0,0,0,0,0,0,0,,,,,,,,,
2021-10-11 00:00:00,20:31:00,COM VÍTIMA,PINA,RUA CAPITAO TEMUDO,,,ATROPELAMENTO DE ANIMAL,1,0,0,0,0,0,0,0,0,1,0,,,,,,,,,
2021-10-11 00:00:00,21:38:40,COM VÍTIMA,BOA VISTA,AV MANOEL BORBA,,SUBURBIO,COLISÃO TRASEIRA,1,1,0,0,0,0,0,0,0,1,0,Longo da via,Bom,Perfeito estado,Seca,Perfeito estado,R-6a,,Única,Faixa seccionada
2021-10-12 00:00:00,09:32:00,COM VÍTIMA,TAMARINEIRA,AV PROFESSOR JOSE DOS ANJOS,,SUBURBIO,COLISÃO TRANSVERSAL,1,1,0,0,0,0,0,0,0,1,0,Esquina,Bom,Perfeito estado,Seca,Perfeito estado,R-6a,60 km/h,Única,Faixa contínua
2021-10-12 00:00:00,10:44:00,COM VÍTIMA,ENCRUZILHADA,AV NORTE MIGUEL ARRAES DE ALENCAR,,CIDADE,ATROPELAMENTO DE PESSOA,0,1,0,0,1,0,0,0,0,1,0,Longo da via,Bom,,Seca,Mal conservada,Outras,,Dupla,Faixa seccionada