data,hora,natureza,bairro,endereco,num_semaforo,sentido_via,tipo,auto,moto,ciclom,ciclista,pedestre,onibus,caminhao,viatura,outros,vitimas,vitimasfatais,acidente_verificado,tempo_clima,sinalizacao,condicao_via,conservacao_via,situacao_placa,velocidade_max_via,mao_direcao,divisao_via1
2021-10-26 00:00:00,10:03:00,SEM VÍTIMA,SÃO JOSÉ,RUA IMPERIAL,,SUBURBIO,COLISÃO TRASEIRA,2,0,0,0,0,0,0,0,0,0,0,Longo da via,Bom,Não existente,Seca,Mal conservada,Não há placas,60 km/h,Única,Não existe
2021-10-26 00:00:00,11:33:00,COM VÍTIMA,CASA FORTE,AV DEZESSETE DE AGOSTO,,SUBURBIO,COLISÃO TRASEIRA,1,1,0,0,0,0,0,0,0,1,0,,,,,,,,,
2021-10-26 00:00:00,14:10:00,COM VÍTIMA,SANTO AMARO,AV GOVERNADOR AGAMENON MAGALHAES,378,SUBURBIO,COLISÃO FRONTAL,2,1,0,0,0,0,0,0,0,1,0,Outros,Bom,Perfeito estado,Seca,Perfeito estado,Não há placas,,Dupla,Canteiro central
2021-10-26 00:00:00,18:05:00,COM VÍTIMA,SANTO AMARO,AV GOVERNADOR AGAMENON MAGALHAES,,,QUEDA,0,2,0,0,0,0,0,0,0,1,0,,,,,,,,,
2021-10-26 00:00:00,18:35:00,COM VÍTIMA,PINA,AVENIDA CELSO FURTADO (VIA MANGUE),,SUBURBIO,COLISÃO TRASEIRA,1,1,0,0,0,0,0,0,0,1,0,Longo da via,Bom,Perfeito estado,Seca,Perfeito estado,Não há placas,60 km/h,Dupla,Faixa seccionada
2021-10-26 00:00:00,21:28:40,COM VÍTIMA,AFOGADOS,RUA VINTE E UM DE ABRIL,,SUBURBIO,COLISÃO FRONTAL,1,1,0,0,0,0,0,0,0,1,0,Longo da via,Chuvoso,Não existente,Molhada,Perfeito estado,R-30,,Dupla,Não existe
2021-10-27 00:00:00,07:25:00,COM VÍTIMA,DERBY,AV GOVERNADOR AGAMENON MAGALHAES,75,,COLISÃO TRASEIRA,0,1,0,0,0,0,0,0,0,1,0,Cruzamento,Bom,Perfeito estado,Seca,Perfeito estado,,60 km/h,Dupla,Canal
2021-10-27 00:00:00,09:42:00,SEM VÍTIMA,SANTO AMARO,AV NORTE MIGUEL ARRAES DE ALENCAR,,SUBURBIO,COLISÃO TRASEIRA,4,0,0,0,0,0,0,0,0,0,0,Longo da via,Bom,Perfeito estado,Seca,Perfeito estado,Outras,60 km/h,Dupla,Canteiro central
2021-10-27 00:00:00,10:36:00,COM VÍTIMA,SÃO JOSÉ,AV SUL,,SUBURBIO,COLISÃO COM CICLISTA,0,0,0,1,0,1,0,0,0,1,0,Longo da via,Bom,Perfeito estado,Seca,Perfeito estado,Não há placas,60 km/h,Dupla,Faixa contínua
2021-10-27 00:00:00,15:33:00,SEM VÍTIMA,CASA AMARELA,AV NORTE MIGUEL ARRAES DE ALENCAR,643,SUBURBIO,COLISÃO LATERAL,0,0,0,0,0,0,0,1,1,0,0,,,,,,,,,
2021-10-27 00:00:00,18:07:00,SEM VÍTIMA,BAIRRO DO RECIFE,AV MILITAR,,,COLISÃO LATERAL,2,0,0,0,0,0,0,0,0,0,0,,,,,,,,,
2021-10-27 00:00:00,19:07:00,COM VÍTIMA,PRADO,RUA GOMES TABORDA,,,COLISÃO LATERAL,1,1,0,0,0,0,0,0,0,1,0,Longo da via,Bom,Ilegível,Seca,Perfeito estado,Não há placas,30 km/h,Dupla,Faixa seccionada
2021-10-28 00:00:00,12:39:00,SEM VÍTIMA,BOA VIAGEM,RUA RIBEIRO DE BRITO,,,COLISÃO TRANSVERSAL,2,0,0,0,0,0,0,0,0,0,0,,,,,,,,,
2021-10-28 00:00:00,13:19:00,COM VÍTIMA,CORDEIRO,AV GENERAL SAN MARTIN,,SUBURBIO,COLISÃO FRONTAL,1,1,0,0,0,0,0,0,0,1,0,Longo da via,Bom,Incompleta,Seca,Mal iluminada,Outras,,Dupla,Faixa contínua
2021-10-28 00:00:00,13:40:00,COM VÍTIMA,VÁRZEA,RUA VALE DO SIRIJI,,,CHOQUE,0,0,0,0,0,0,0,0,0,1,0,Longo da via,Bom,Não existente,Seca,Perfeito estado,Não há placas,,Dupla,Não existe
2021-10-28 00:00:00,17:21:00,COM VÍTIMA,AFOGADOS,RUA SAO MIGUEL,,SUBURBIO,COLISÃO FRONTAL,1,1,0,0,0,0,0,0,0,2,0,Cruzamento,Bom,Perfeito estado,Seca,Perfeito estado,Não há placas,,Dupla,Faixa contínua
2021-10-28 00:00:00,18:32:00,COM VÍTIMA,BOA VIAGEM,AVENIDA CELSO FURTADO (VIA MANGUE),,CIDADE,CHOQUE,0,1,0,0,0,0,0,0,0,1,0,Esquina,Bom,Perfeito estado,Seca,Perfeito estado,R-4b,,Única,Faixa seccionada
2021-10-28 00:00:00,18:42:00,COM VÍTIMA,BOA VIAGEM,RUA HENRIQUE CAPITULINO,143,CIDADE,COLISÃO COM CICLISTA,1,0,0,1,0,0,0,0,0,1,0,Cruzamento,Bom,Perfeito estado,Seca,Perfeito estado,,,Única,Faixa seccionada
2021-10-28 00:00:00,22:15:40,COM VÍTIMA,AFOGADOS,PTE DO MOTOCOLOMBO,,CIDADE,COLISÃO TRASEIRA,1,1,0,0,0,0,0,0,0,1,0,Ponte,Bom,Perfeito estado,Seca,Perfeito estado,Outras,,Dupla,Canteiro central
2021-10-29 00:00:00,10:34:00,COM VÍTIMA,BOA VIAGEM,RUA VISCONDE DE JEQUITINHONHA,,SUBURBIO,COLISÃO TRASEIRA,1,1,0,0,0,1,0,0,0,1,0,Longo da via,Bom,Perfeito estado,Seca,Perfeito estado,Não há placas,60 km/h,Única,Faixa seccionada
2021-10-29 00:00:00,12:58:00,SEM VÍTIMA,TOTÓ,RUA ONZE DE AGOSTO,,,COLISÃO TRASEIRA,1,1,0,0,0,0,0,0,0,0,0,,,,,,,,,
2021-10-29 00:00:00,17:00:00,SEM VÍTIMA,TORRE,RUA SOUZA BANDEIRA,317,SUBURBIO,COLISÃO TRANSVERSAL,1,1,0,0,0,0,0,0,0,0,0,Cruzamento,Bom,Perfeito estado,Seca,Perfeito estado,R-6a,,Dupla,Não existe
2021-10-29 00:00:00,21:32:40,COM VÍTIMA,ARRUDA,AV BEBERIBE,13,SUBURBIO,COLISÃO TRASEIRA,1,2,0,0,0,0,0,0,0,1,0,Cruzamento,Bom,Perfeito estado,Seca,Perfeito estado,"Placas ""Dê a preferência""",,Única,Faixa contínua
2021-10-30 00:00:00,06:03:00,COM VÍTIMA,LINHA DO TIRO,RUA URIEL DE HOLANDA,,SUBURBIO,ATROPELAMENTO DE PESSOA,0,0,0,0,1,1,0,0,0,1,0,Longo da via,Bom,Perfeito estado,Seca,Perfeito estado,Outras,40 km/h,Dupla,Não existe
2021-10-30 00:00:00,08:28:00,COM VÍTIMA,AREIAS,AV RECIFE,,CIDADE,COLISÃO FRONTAL,1,1,0,0,0,0,0,0,0,1,0,Longo da via,Bom,Perfeito estado,Seca,Perfeito estado,Não há placas,,Dupla,Canteiro central
2021-10-30 00:00:00,11:31:00,COM VÍTIMA,MADALENA,RUA JOAO IVO DA SILVA,,SUBURBIO,COLISÃO COM CICLISTA,1,0,0,1,0,0,0,0,0,1,0,Longo da via,Bom,Perfeito estado,Seca,Perfeito estado,R-6a,,Única,Faixa seccionada
2021-10-30 00:00:00,11:51:00,SEM VÍTIMA,ARRUDA,RUA DAS MOCAS,,SUBURBIO,,1,0,0,0,0,0,0,1,0,0,0,Longo da via,Bom,Perfeito estado,Seca,Perfeito estado,R-6a,,Dupla,Faixa seccionada
2021-10-30 00:00:00,12:29:00,COM VÍTIMA,CORDEIRO,AV CAXANGA,,CIDADE,COLISÃO FRONTAL,1,1,0,0,0,0,0,0,0,1,0,Longo da via,Bom,Não existente,Seca,Perfeito estado,Não há placas,,Única,Não existe
2021-10-30 00:00:00,13:03:00,SEM VÍTIMA,BRASÍLIA TEIMOSA,AV BRASILIA FORMOSA,,SUBURBIO,,0,1,0,0,0,0,0,1,0,0,0,Longo da via,Bom,Incompleta,Seca,Perfeito estado,Outras,,Dupla,Faixa seccionada
2021-10-30 00:00:00,13:16:00,COM VÍTIMA,JORDÃO,AV MARIA IRENE,,SUBURBIO,COLISÃO TRANSVERSAL,1,1,0,0,0,0,0,0,0,1,0,Longo da via,Bom,Perfeito estado,Seca,Perfeito estado,Não há placas,,Dupla,Faixa contínua
2021-10-30 00:00:00,14:53:00,COM VÍTIMA,BOA VIAGEM,RUA BARAO DE SOUZA LEAO,476,CIDADE,COLISÃO TRANSVERSAL,0,3,0,0,0,0,0,0,0,3,0,Cruzamento,Bom,Perfeito estado,Seca,Perfeito estado,Outras,,Única,Faixa seccionada
2021-10-30 00:00:00,16:25:00,COM VÍTIMA,CASA AMARELA,RUA DR TOME DIAS,,,ATROPELAMENTO DE PESSOA,1,0,0,0,1,0,0,0,0,1,0,Longo da via,Bom,Perfeito estado,Seca,Perfeito estado,"Placas ""Pare""",,Dupla,Faixa contínua
2021-10-30 00:00:00,17:15:00,SEM VÍTIMA,BOA VIAGEM,RUA DOS NAVEGANTES,,,COLISÃO TRASEIRA,2,0,0,0,0,0,0,0,0,0,0,,,,,,,,,
2021-10-31 00:00:00,10:17:00,COM VÍTIMA,BOA VIAGEM,RUA VISCONDE DE JEQUITINHONHA,258,SUBURBIO,COLISÃO TRASEIRA,1,1,0,0,0,0,0,0,0,1,0,Longo da via,Bom,Perfeito estado,Seca,Perfeito estado,Não há placas,60 km/h,Única,Faixa contínua
2021-10-31 00:00:00,14:27:00,COM VÍTIMA,SAN MARTIN,AV CONSUL VILARES FRAGOSO,,,QUEDA,0,1,0,0,0,0,0,0,0,1,0,Longo da via,Bom,Perfeito estado,Seca,Perfeito estado,,,Dupla,
2021-10-31 00:00:00,14:44:00,COM VÍTIMA,PAISSANDU,AV GOVERNADOR AGAMENON MAGALHAES,69,SUBURBIO,COLISÃO TRANSVERSAL,0,2,0,0,0,0,0,0,0,2,0,Longo da via,Bom,Perfeito estado,Seca,Perfeito estado,Outras,60 km/h,Dupla,Canal
2021-10-31 00:00:00,15:52:00,SEM VÍTIMA,PINA,RUA MANOEL DE BRITO,659,CIDADE,COLISÃO TRASEIRA,0,1,0,0,0,0,0,1,0,0,0,Cruzamento,Bom,Incompleta,Seca,Perfeito estado,R-6a,,Única,Faixa seccionada
2021-10-31 00:00:00,19:48:00,COM VÍTIMA,SANTO AMARO,AV GOVERNADOR AGAMENON MAGALHAES,,SUBURBIO,COLISÃO COM CICLISTA,1,0,0,1,0,0,0,0,0,1,0,Longo da via,Bom,Perfeito estado,Seca,Perfeito estado,Outras,60 km/h,Única,Faixa contínua
2021-11-01 00:00:00,02:37:00,SEM VÍTIMA,TORRÕES,RUA MIRABELA,,,COLISÃO TRASEIRA,0,0,0,0,0,0,0,0,0,0,0,,,,,,,,,
2021-11-01 00:00:00,07:24:00,COM VÍTIMA,CAMPO GRANDE,RUA MARQUES DE BAIPENDI,,,COLISÃO TRANSVERSAL,1,1,0,0,0,0,0,0,0,2,0,Longo da via,Bom,Perfeito estado,Seca,Perfeito estado,Outras,,Dupla,Faixa seccionada
2021-11-01 00:00:00,10:58:00,COM VÍTIMA,PINA,AV ANTONIO DE GOES,538,CIDADE,ATROPELAMENTO DE PESSOA,1,0,0,0,1,0,0,0,0,1,0,Longo da via,Bom,Perfeito estado,Seca,Perfeito estado,Não há placas,,Dupla,Canteiro central
2021-11-01 00:00:00,12:10:00,COM VÍTIMA,TORRÕES,AV BICENTENARIO DA REVOLUCAO FRANCESA,,SUBURBIO,ATROPELAMENTO DE PESSOA,0,0,0,0,1,0,0,0,0,1,0,Longo da via,Bom,Perfeito estado,Seca,Perfeito estado,"Placas ""Pare""",30 km/h,Dupla,Não existe
2021-11-01 00:00:00,14:15:00,COM VÍTIMA,DOIS IRMÃOS,RUA DOIS IRMAOS,,,COLISÃO TRANSVERSAL,2,0,0,0,0,0,0,0,0,1,0,Longo da via,Bom,Perfeito estado,Seca,Perfeito estado,Não há placas,,Dupla,Faixa contínua
2021-11-01 00:00:00,16:12:00,COM VÍTIMA,JOANA BEZERRA,AV CENTRAL,,SUBURBIO,COLISÃO COM CICLISTA,0,0,0,1,0,1,0,0,0,1,0,Longo da via,Bom,Incompleta,Seca,Perfeito estado,Outras,,Única,Não existe
2021-11-01 00:00:00,16:44:00,COM VÍTIMA,MADALENA,EST DOS REMEDIOS,353,SUBURBIO,COLISÃO TRANSVERSAL,1,1,0,0,0,0,0,0,0,1,0,Cruzamento,Bom,Perfeito estado,Seca,Perfeito estado,R-25a,,Única,Blocos
2021-11-01 00:00:00,16:53:00,COM VÍTIMA,MADALENA,RUA GOMES TABORDA,,SUBURBIO,COLISÃO COM CICLISTA,1,0,0,1,0,0,0,0,0,1,0,Cruzamento,Bom,Perfeito estado,Seca,Perfeito estado,Não há placas,40 km/h,Dupla,Não existe
2021-11-02 00:00:00,11:11:00,COM VÍTIMA,ESPINHEIRO,RUA AMELIA,,CIDADE,COLISÃO FRONTAL,1,1,0,0,0,0,0,0,0,1,0,Longo da via,Bom,Perfeito estado,Seca,Perfeito estado,R-6a,40 km/h,Única,
2021-11-02 00:00:00,13:15:00,SEM VÍTIMA,AFOGADOS,RUA SAO MIGUEL,,SUBURBIO,COLISÃO TRASEIRA,2,0,0,0,0,0,0,0,0,0,0,,,,,,,,,
2021-11-02 00:00:00,16:39:00,COM VÍTIMA,BOA VISTA,RUA JOAO FERNANDES VIEIRA,,CIDADE,COLISÃO FRONTAL,1,1,0,0,0,0,0,0,0,1,0,Longo da via,Bom,Perfeito estado,Seca,Perfeito estado,Outras,,Única,Faixa seccionada
2021-11-02 00:00:00,17:22:00,COM VÍTIMA,PORTO DA MADEIRA,RUA DALVA DE OLIVEIRA,,SUBURBIO,COLISÃO TRASEIRA,1,1,0,0,0,0,0,0,0,1,0,Cruzamento,Bom,Não existente,Seca,Mal iluminada,Não há placas,,Dupla,Não existe
2021-11-03 00:00:00,07:38:00,COM VÍTIMA,BOA VISTA,RUA GERVASIO PIRES,175,CIDADE,COLISÃO FRONTAL,0,0,0,1,0,0,0,0,0,1,0,Cruzamento,Bom,Perfeito estado,Seca,Perfeito estado,Não há placas,40 km/h,Única,Não existe
2021-11-03 00:00:00,08:25:00,COM VÍTIMA,TAMARINEIRA,AV NORTE MIGUEL ARRAES DE ALENCAR,364,,ATROPELAMENTO DE ANIMAL,0,1,0,0,0,0,0,0,1,1,0,Cruzamento,Bom,Perfeito estado,Seca,Perfeito estado,Outras,,Dupla,Não existe
2021-11-03 00:00:00,10:54:00,COM VÍTIMA,ESTÂNCIA,AV DR JOSE RUFINO,,SUBURBIO,COLISÃO FRONTAL,1,1,0,0,0,0,0,0,0,1,0,Cruzamento,Bom,Ilegível,Seca,Perfeito estado,R-6a,,Dupla,Não existe
2021-11-03 00:00:00,13:36:00,COM VÍTIMA,SANTO AMARO,VDO ENG ROBERTO PEREIRA DE CARVALHO,,SUBURBIO,COLISÃO FRONTAL,1,1,0,0,0,0,0,0,0,1,0,Viaduto,Bom,Perfeito estado,Seca,Perfeito estado,Não há placas,60 km/h,Única,Faixa seccionada
2021-11-03 00:00:00,14:45:00,SEM VÍTIMA,SÃO JOSÉ,AV SUL,,,COLISÃO TRASEIRA,2,0,0,0,0,0,0,0,0,0,0,,,,,,,,,
2021-11-03 00:00:00,14:54:00,VÍTIMA FATAL,CAXANGÁ,AV CAXANGA,,SUBURBIO,COLISÃO COM CICLISTA,1,0,0,1,0,0,0,0,0,1,1,Longo da via,Bom,Perfeito estado,Seca,Perfeito estado,Não há placas,,Dupla,Canteiro central
2021-11-03 00:00:00,17:08:00,COM VÍTIMA,BOA VIAGEM,AV BOA VIAGEM,,CIDADE,COLISÃO FRONTAL,1,1,0,0,0,0,0,0,0,1,0,Longo da via,Bom,Perfeito estado,Seca,Perfeito estado,Não há placas,60 km/h,Única,Faixa seccionada
2021-11-03 00:00:00,18:00:00,COM VÍTIMA,BOA VISTA,RUA JOAO FERNANDES VIEIRA,,CIDADE,COLISÃO FRONTAL,1,1,0,0,0,0,0,0,0,1,0,Longo da via,Bom,Perfeito estado,Seca,Perfeito estado,Outras,,Única,Faixa seccionada
2021-11-04 00:00:00,09:44:00,COM VÍTIMA,IMBIRIBEIRA,AV MARECHAL MASCARENHAS DE MORAES,,CIDADE,COLISÃO FRONTAL,0,1,0,0,0,0,1,0,0,1,0,Longo da via,Bom,Perfeito estado,Seca,Perfeito estado,R-32,60 km/h,Única,Canteiro central
2021-11-04 00:00:00,11:58:00,COM VÍTIMA,MADALENA,RUA JOSE OSORIO,179,SUBURBIO,COLISÃO TRASEIRA,0,2,0,0,0,0,0,0,0,1,0,Longo da via,Bom,Perfeito estado,Seca,Perfeito estado,R-6a,,Única,Faixa seccionada
2021-11-04 00:00:00,14:44:00,COM VÍTIMA,IMBIRIBEIRA,RUA BARAO DE AGUA BRANCA,,,COLISÃO TRANSVERSAL,2,0,0,0,0,0,0,0,0,1,0,Cruzamento,Bom,Não existente,Seca,Perfeito estado,Não há placas,,Dupla,Não existe
2021-11-04 00:00:00,14:44:00,COM VÍTIMA,BAIRRO DO RECIFE,CAIS DO APOLO,165,SUBURBIO,ATROPELAMENTO DE PESSOA,0,0,0,0,1,1,0,0,0,1,0,Cruzamento,Bom,Perfeito estado,Seca,Perfeito estado,R-6a,30 km/h,Única,Faixa seccionada
2021-11-04 00:00:00,16:02:00,SEM VÍTIMA,ILHA DO LEITE,RUA FRANCISCO ALVES,508,CIDADE,,1,0,0,0,0,0,0,1,0,0,0,Cruzamento,Bom,Perfeito estado,Seca,Perfeito estado,Não há placas,,Dupla,Faixa contínua
2021-11-04 00:00:00,17:38:00,SEM VÍTIMA,AFOGADOS,RUA SANTOS ARAUJO,,SUBURBIO,,1,0,0,0,0,1,0,0,0,0,0,Longo da via,Bom,Perfeito estado,Seca,Perfeito estado,Outras,,Única,Faixa contínua
2021-11-05 00:00:00,00:14:00,SEM VÍTIMA,ROSARINHO,AV SANTOS DUMONT,,,COLISÃO TRASEIRA,0,0,0,0,0,0,0,0,0,0,0,,,,,,,,,
2021-11-05 00:00:00,09:00:00,COM VÍTIMA,CAXANGÁ,AV CAXANGA,609,SUBURBIO,ATROPELAMENTO DE PESSOA,1,0,0,0,1,0,0,0,0,2,0,Longo da via,Bom,Perfeito estado,Seca,Perfeito estado,R-6a,60 km/h,Dupla,Faixa contínua
2021-11-05 00:00:00,10:46:00,COM VÍTIMA,TORRÕES,AV ENGENHEIRO ABDIAS DE CARVALHO,,CIDADE,COLISÃO COM CICLISTA,1,0,0,1,0,0,0,0,0,1,0,Longo da via,Bom,Perfeito estado,Seca,Perfeito estado,Não há placas,,Dupla,Canteiro central
2021-11-05 00:00:00,11:29:00,COM VÍTIMA,AFOGADOS,RUA SAO MIGUEL,,CIDADE,COLISÃO FRONTAL,1,1,0,0,0,0,0,0,0,1,0,Longo da via,Bom,Perfeito estado,Seca,Perfeito estado,R-6a,,Dupla,Faixa seccionada
2021-11-05 00:00:00,16:30:00,SEM VÍTIMA,DERBY,AV GOVERNADOR AGAMENON MAGALHAES,75,SUBURBIO,COLISÃO FRONTAL,0,0,0,0,0,1,0,1,0,0,0,Cruzamento,Bom,Perfeito estado,Seca,Perfeito estado,Outras,60 km/h,Dupla,Outros
2021-11-05 00:00:00,20:12:00,SEM VÍTIMA,BOA VIAGEM,AV ENGENHEIRO DOMINGOS FERREIRA,,,COLISÃO TRASEIRA,3,0,0,0,0,0,0,0,0,0,0,,,,,,,,,
2021-11-05 00:00:00,20:33:00,COM VÍTIMA,PARNAMIRIM,AV DEZESSETE DE AGOSTO,,,COLISÃO FRONTAL,1,1,0,0,0,0,0,0,0,1,0,,,,,,,,,
2021-11-05 00:00:00,21:34:40,SEM VÍTIMA,CABANGA,AV ENGENHEIRO JOSE ESTELITA,,,CHOQUE,1,0,0,0,0,0,0,0,0,0,0,,,,,,,,,
2021-11-06 00:00:00,08:03:00,COM VÍTIMA,ESPINHEIRO,RUA QUARENTA E OITO,166,CIDADE,COLISÃO COM CICLISTA,0,1,0,1,0,0,0,0,0,3,0,Cruzamento,Bom,Perfeito estado,Seca,Perfeito estado,Não há placas,30 km/h,Única,Faixa seccionada
2021-11-06 00:00:00,14:03:00,COM VÍTIMA,TEJIPIÓ,RUA FALCAO DE LACERDA,,,COLISÃO LATERAL,1,2,0,0,0,0,0,0,0,1,0,,,,,,,,,
2021-11-06 00:00:00,18:21:00,COM VÍTIMA,BOA VIAGEM,AV BOA VIAGEM,,CIDADE,ATROPELAMENTO DE PESSOA,1,0,0,0,1,0,0,0,0,1,0,Longo da via,Bom,Perfeito estado,Seca,Perfeito estado,Não há placas,60 km/h,Única,Faixa seccionada
2021-11-07 00:00:00,00:23:00,COM VÍTIMA,CAMPO GRANDE,EST DE BELEM,,,CHOQUE,0,0,0,0,0,0,0,0,0,1,0,,,,,,,,,
2021-11-07 00:00:00,02:08:00,SEM VÍTIMA,CASA FORTE,AV DEZESSETE DE AGOSTO,,,COLISÃO LATERAL,0,0,0,0,0,0,0,0,0,0,0,,,,,,,,,
2021-11-07 00:00:00,11:20:00,COM VÍTIMA,IPSEP,RUA JEAN EMILE FAVRE,101,CIDADE,COLISÃO FRONTAL,0,2,0,0,0,0,0,0,0,1,0,Cruzamento,Bom,Perfeito estado,Seca,Perfeito estado,R-6a,,Dupla,Faixa contínua
2021-11-07 00:00:00,12:32:00,SEM VÍTIMA,CORDEIRO,RUA CARNEIRO DE MARIZ,,,COLISÃO TRASEIRA,2,0,0,0,0,0,0,0,0,0,0,,,,,,,,,
2021-11-07 00:00:00,07:40:00,COM VÍTIMA,CASA AMARELA,AV NORTE MIGUEL ARRAES DE ALENCAR,,SUBURBIO,CHOQUE,0,1,0,0,0,0,0,0,0,1,0,Longo da via,Bom,Perfeito estado,Seca,Perfeito estado,Não há placas,,Dupla,Canteiro central
2021-11-07 00:00:00,17:52:00,SEM VÍTIMA,IPSEP,RUA JEAN EMILE FAVRE,135,,COLISÃO LATERAL,2,0,0,0,0,0,0,0,0,0,0,,,,,,,,,
2021-11-07 00:00:00,20:14:00,SEM VÍTIMA,AFOGADOS,EST DO BONGI,,,CHOQUE,1,0,0,0,0,0,0,0,0,0,0,,,,,,,,,
2021-11-07 00:00:00,20:20:00,COM VÍTIMA,ÁGUA FRIA,EST VELHA DE AGUA FRIA,,CIDADE,COLISÃO FRONTAL,1,1,0,0,0,0,0,0,0,1,0,Longo da via,Bom,Perfeito estado,Seca,Perfeito estado,Não há placas,,Dupla,Faixa seccionada
2021-11-07 00:00:00,20:50:00,COM VÍTIMA,IPUTINGA,AV INACIO MONTEIRO,,,CHOQUE,3,0,0,0,0,0,0,0,0,1,0,,,,,,,,,
2021-11-07 00:00:00,21:58:40,COM VÍTIMA,DOIS UNIDOS,RUA BEIJA FLOR,,,COLISÃO FRONTAL,0,1,0,0,0,1,0,0,0,2,0,,,,,,,,,
2021-11-08 00:00:00,00:56:00,COM VÍTIMA,JOANA BEZERRA,PTE JOSE DE BARROS LIMA,,SUBURBIO,CAPOTAMENTO,1,0,0,0,0,0,0,0,0,1,0,Ponte,Bom,Perfeito estado,Seca,Perfeito estado,Não há placas,,Dupla,Faixa seccionada
2021-11-08 00:00:00,08:41:00,COM VÍTIMA,IPUTINGA,AV CAXANGA,533,CIDADE,COLISÃO TRASEIRA,0,2,0,0,0,0,0,0,0,2,0,Cruzamento,Bom,Perfeito estado,Seca,Perfeito estado,Não há placas,,,Faixa contínua
2021-11-08 00:00:00,09:22:00,COM VÍTIMA,TORRE,RUA JOSE OSORIO,,,COLISÃO TRASEIRA,1,0,0,0,0,0,1,0,0,1,0,,,,,,,,,
2021-11-08 00:00:00,10:20:00,COM VÍTIMA,BOA VIAGEM,AV CONSELHEIRO AGUIAR,,CIDADE,CHOQUE,1,0,0,0,0,0,0,0,0,2,0,Longo da via,Bom,Perfeito estado,Seca,Perfeito estado,Não há placas,,Única,Faixa seccionada
2021-11-08 00:00:00,11:17:00,COM VÍTIMA,VASCO DA GAMA,RUA ASSUNCAO,,,CHOQUE,2,0,0,0,0,0,1,0,0,1,0,Longo da via,Bom,Não existente,Seca,Perfeito estado,Não há placas,,Dupla,Não existe
2021-11-08 00:00:00,13:35:00,SEM VÍTIMA,SAN MARTIN,AV GENERAL SAN MARTIN,693,CIDADE,,1,1,0,0,0,0,0,0,0,0,0,Longo da via,Bom,Perfeito estado,Seca,Perfeito estado,Outras,,Dupla,Faixa contínua
2021-11-08 00:00:00,17:54:00,COM VÍTIMA,CORDEIRO,AV MAURICIO DE NASSAU,,CIDADE,COLISÃO FRONTAL,3,0,0,0,0,0,0,0,0,2,0,Longo da via,Bom,Perfeito estado,Seca,,,,Dupla,
2021-11-08 00:00:00,18:29:00,COM VÍTIMA,LINHA DO TIRO,RUA AGUAS DE PRATA,,SUBURBIO,CHOQUE,0,0,0,0,0,0,1,0,0,1,0,Longo da via,Bom,Perfeito estado,Seca,Perfeito estado,Não há placas,40 km/h,Dupla,Não existe
2021-11-09 00:00:00,04:44:00,SEM VÍTIMA,BAIRRO DO RECIFE,AV MILITAR,,,QUEDA,0,1,0,0,0,0,0,0,0,0,0,,,,,,,,,
2021-11-09 00:00:00,09:39:00,COM VÍTIMA,TOTÓ,AV LIBERDADE,,SUBURBIO,COLISÃO TRANSVERSAL,1,1,0,0,0,0,0,0,0,1,0,Longo da via,Bom,Incompleta,Seca,,Não há placas,,Dupla,Não existe
2021-11-09 00:00:00,11:42:00,COM VÍTIMA,BOA VIAGEM,RUA SA E SOUZA,,SUBURBIO,COLISÃO FRONTAL,0,1,0,0,0,1,0,0,0,1,0,Cruzamento,Bom,Perfeito estado,Seca,Perfeito estado,"Placas ""Pare""",30 km/h,Dupla,Faixa seccionada
2021-11-09 00:00:00,13:12:00,COM VÍTIMA,JOANA BEZERRA,AV BEIRA RIO,,CIDADE,COLISÃO TRANSVERSAL,1,1,0,0,0,0,0,0,0,1,0,Cruzamento,Bom,Perfeito estado,Seca,Perfeito estado,"Placas ""Pare""",60 km/h,Única,Faixa contínua
2021-11-09 00:00:00,14:26:00,SEM VÍTIMA,DOIS UNIDOS,SUB DA MEDALHA MILAGROSA,,,CAPOTAMENTO,1,0,0,0,0,0,0,0,0,0,0,,Bom,Perfeito estado,Seca,Perfeito estado,Não há placas,,Dupla,Não existe
2021-11-09 00:00:00,17:05:00,SEM VÍTIMA,AFOGADOS,RUA SAO MIGUEL,,SUBURBIO,COLISÃO TRANSVERSAL,2,0,0,0,0,0,0,0,0,0,0,Longo da via,Bom,Não existente,Seca,Perfeito estado,Não há placas,,Dupla,Faixa seccionada
2021-11-09 00:00:00,17:18:00,COM VÍTIMA,TORRÕES,AV ENGENHEIRO ABDIAS DE CARVALHO,375,CIDADE,COLISÃO FRONTAL,0,2,0,0,0,0,0,0,0,1,0,Cruzamento,Bom,Perfeito estado,Seca,Perfeito estado,R-4a,60 km/h,Dupla,Canteiro central