data,hora,natureza,bairro,endereco,num_semaforo,sentido_via,tipo,auto,moto,ciclom,ciclista,pedestre,onibus,caminhao,viatura,outros,vitimas,vitimasfatais,acidente_verificado,tempo_clima,sinalizacao,condicao_via,conservacao_via,situacao_placa,velocidade_max_via,mao_direcao,divisao_via1
2021-11-21 00:00:00,17:28:00,COM VÍTIMA,BOA VIAGEM,RUA ANTONIO PASSOS,,SUBURBIO,COLISÃO FRONTAL,2,0,0,0,0,0,0,0,0,1,0,Cruzamento,Bom,Perfeito estado,Seca,Perfeito estado,Não há placas,,Única,Não existe
2021-11-22 00:00:00,00:06:00,COM VÍTIMA,BOA VIAGEM,AVENIDA CELSO FURTADO (VIA MANGUE),,CIDADE,COLISÃO FRONTAL,0,0,0,1,0,0,0,0,0,2,0,Longo da via,Bom,Perfeito estado,Seca,Perfeito estado,Não há placas,60 km/h,Dupla,Canteiro central
2021-11-22 00:00:00,07:52:00,SEM VÍTIMA,SÃO JOSÉ,C SANTA RITA,,,CHOQUE,1,0,0,0,0,0,0,0,0,0,0,Longo da via,Bom,Perfeito estado,Seca,Perfeito estado,Não há placas,60 KM/H,Única,Faixa seccionada
2021-11-22 00:00:00,08:29:00,COM VÍTIMA,ESPINHEIRO,AV JOAO DE BARROS,,SUBURBIO,COLISÃO FRONTAL,1,1,0,0,0,0,0,0,0,1,0,Cruzamento,Bom,Perfeito estado,Seca,Perfeito estado,,,Única,Faixa contínua
2021-11-22 00:00:00,09:05:00,SEM VÍTIMA,CORDEIRO,RUA OCIDENTAL,,,COLISÃO FRONTAL,2,0,0,0,0,0,0,0,0,0,0,,,,,,,,,
2021-11-22 00:00:00,10:37:00,COM VÍTIMA,FUNDÃO,AV BEBERIBE,153,CIDADE,COLISÃO TRASEIRA,1,1,0,0,0,0,0,0,0,1,0,Longo da via,Bom,Perfeito estado,Seca,Perfeito estado,,,Dupla,Faixa contínua
2021-11-22 00:00:00,11:10:00,SEM VÍTIMA,SANTO AMARO,RUA ITUBERA,,,CHOQUE,0,0,0,0,0,0,0,1,0,0,0,,,,,,,,,
2021-11-22 00:00:00,11:43:00,COM VÍTIMA,TAMARINEIRA,RUA CONEGO BARATA,,CIDADE,COLISÃO FRONTAL,0,1,0,0,0,0,0,0,0,1,0,Longo da via,Bom,Não existente,Seca,Perfeito estado,Não há placas,60 km/h,Única,Faixa seccionada
2021-11-22 00:00:00,11:56:00,COM VÍTIMA,BOA VIAGEM,AV ENGENHEIRO DOMINGOS FERREIRA,,SUBURBIO,COLISÃO FRONTAL,0,2,0,0,0,0,0,0,0,1,0,Longo da via,Bom,Perfeito estado,Seca,Perfeito estado,Não há placas,60 km/h,Única,Canteiro central
2021-11-22 00:00:00,14:26:00,SEM VÍTIMA,SÃO JOSÉ,RUA FLORIANO PEIXOTO,,,COLISÃO TRASEIRA,1,1,0,0,0,0,0,0,0,0,0,Longo da via,Bom,Perfeito estado,Seca,Perfeito estado,R-6a,,Única,Faixa seccionada
2021-11-22 00:00:00,21:18:40,SEM VÍTIMA,TORREÃO,RUA OTHON PARAISO,,,COLISÃO LATERAL,0,0,0,0,0,0,0,0,0,0,0,,,,,,,,,
2021-11-23 00:00:00,08:02:00,COM VÍTIMA,BOA VIAGEM,RUA RIBEIRO DE BRITO,,CIDADE,COLISÃO TRANSVERSAL,1,1,0,0,0,0,0,0,0,1,0,Cruzamento,Bom,Perfeito estado,Seca,Perfeito estado,"Placas ""Pare""",,Única,Não existe
2021-11-23 00:00:00,08:41:00,COM VÍTIMA,VÁRZEA,RUA VALE DO SIRIJI,,SUBURBIO,COLISÃO COM CICLISTA,1,0,0,1,0,0,0,0,0,1,0,Cruzamento,Bom,Incompleta,Seca,Perfeito estado,R-6a,,Dupla,Outros
2021-11-23 00:00:00,08:41:00,COM VÍTIMA,CABANGA,AV ENGENHEIRO JOSE ESTELITA,,CIDADE,COLISÃO COM CICLISTA,0,0,0,1,0,1,0,0,0,1,0,Longo da via,Bom,Incompleta,Seca,Perfeito estado,Outras,60 km/h,Dupla,Faixa contínua
2021-11-23 00:00:00,10:08:00,COM VÍTIMA,MADALENA,AV ENGENHEIRO ABDIAS DE CARVALHO,132,CIDADE,CHOQUE,1,0,0,0,0,0,0,0,0,1,0,Cruzamento,Bom,Perfeito estado,Seca,Perfeito estado,Outras,60 km/h,Dupla,Canteiro central
2021-11-23 00:00:00,12:40:00,COM VÍTIMA,ALTO JOSÉ DO PINHO,RUA HORACIO SILVA,,SUBURBIO,ATROPELAMENTO DE PESSOA,1,0,0,0,1,0,0,0,0,1,0,Longo da via,Bom,Perfeito estado,Seca,Perfeito estado,R-6a,,Dupla,Não existe
2021-11-23 00:00:00,12:42:00,COM VÍTIMA,CORDEIRO,EST DO FORTE DO ARRAIAL N. DO B. JESUS,,CIDADE,COLISÃO TRANSVERSAL,1,1,0,0,0,0,0,0,0,1,0,Cruzamento,Bom,Perfeito estado,Seca,Perfeito estado,Não há placas,,Dupla,Faixa contínua
2021-11-23 00:00:00,16:34:00,COM VÍTIMA,MADALENA,RUA BENFICA,,CIDADE,COLISÃO FRONTAL,1,1,0,0,0,0,0,0,0,1,0,Cruzamento,Bom,Incompleta,Seca,Perfeito estado,Outras,30 km/h,Única,Blocos
2021-11-23 00:00:00,17:35:00,SEM VÍTIMA,PINA,AVENIDA CELSO FURTADO (VIA MANGUE),,,COLISÃO TRASEIRA,1,0,0,0,0,0,0,0,0,0,0,,,,,,,,,
2021-11-23 00:00:00,18:32:00,COM VÍTIMA,BOA VISTA,PRC PARQUE AMORIM,173,SUBURBIO,COLISÃO FRONTAL,0,2,0,0,0,0,0,0,0,1,0,Esquina,Bom,Perfeito estado,Seca,Perfeito estado,Outras,60 km/h,Única,Faixa contínua
2021-11-23 00:00:00,19:17:00,COM VÍTIMA,TEJIPIÓ,AV DR JOSE RUFINO,,SUBURBIO,COLISÃO TRASEIRA,1,0,0,0,0,1,0,0,0,1,0,Longo da via,Bom,Perfeito estado,Seca,Perfeito estado,Outras,,Dupla,Faixa contínua
2021-11-24 00:00:00,07:53:00,COM VÍTIMA,PAISSANDU,RUA GENERAL JOAQUIM INACIO,69,SUBURBIO,COLISÃO TRANSVERSAL,1,1,0,0,0,0,0,0,0,1,0,Cruzamento,Bom,Perfeito estado,Seca,Perfeito estado,Outras,40 km/h,Única,Faixa seccionada
2021-11-24 00:00:00,10:03:00,COM VÍTIMA,SANTO ANTÔNIO,RUA SIQUEIRA CAMPOS,141,,COLISÃO TRANSVERSAL,1,1,0,0,0,0,0,0,0,2,0,Cruzamento,Bom,Perfeito estado,Seca,Perfeito estado,Não há placas,40 km/h,Única,Não existe
2021-11-24 00:00:00,11:58:00,COM VÍTIMA,ILHA DO LEITE,AV GOVERNADOR AGAMENON MAGALHAES,64,BOA VIAGEM,COLISÃO TRASEIRA,1,1,0,0,0,0,0,0,0,1,0,Longo da via,Bom,Perfeito estado,Seca,Perfeito estado,Não há placas,60 km/h,Dupla,Canal
2021-11-24 00:00:00,12:20:00,COM VÍTIMA,ARRUDA,RUA MEM DE SA,,CIDADE,COLISÃO FRONTAL,1,1,0,0,0,0,0,0,0,1,0,Longo da via,Bom,Não existente,Seca,Perfeito estado,Não há placas,,Dupla,Faixa seccionada
2021-11-24 00:00:00,14:28:00,SEM VÍTIMA,BOA VIAGEM,RUA SA E SOUZA,,,CHOQUE,3,0,0,0,0,0,0,0,0,0,0,,,,,,,,,
2021-11-24 00:00:00,15:27:00,SEM VÍTIMA,PRADO,RUA GOMES TABORDA,,,COLISÃO TRASEIRA,2,0,0,0,0,0,0,0,0,0,0,Longo da via,Bom,Incompleta,Seca,Mal conservada,R-6b,,Dupla,Faixa seccionada
2021-11-24 00:00:00,18:22:00,COM VÍTIMA,MADALENA,AV CAXANGA,,CIDADE,ATROPELAMENTO DE PESSOA,0,1,0,0,1,0,0,0,0,1,0,Longo da via,Bom,Perfeito estado,Seca,Perfeito estado,,,Única,Faixa contínua
2021-11-24 00:00:00,18:45:00,COM VÍTIMA,BONGI,RUA DELMIRO GOUVEIA,,CIDADE,COLISÃO TRANSVERSAL,1,1,0,0,0,0,0,0,0,1,0,Cruzamento,Bom,Não existente,Seca,Mal conservada,Não há placas,40 km/h,Dupla,Não existe
2021-11-25 00:00:00,08:39:00,COM VÍTIMA,VÁRZEA,AV CAXANGA,,CIDADE,CHOQUE,0,1,0,0,0,0,0,0,0,1,0,Longo da via,Bom,Perfeito estado,Seca,Perfeito estado,R-6a,60 km/h,Dupla,Faixa contínua
2021-11-25 00:00:00,09:12:00,COM VÍTIMA,VÁRZEA,AV CAXANGA,,SUBURBIO,COLISÃO COM CICLISTA,0,1,0,1,0,0,0,0,0,1,0,Longo da via,Bom,Perfeito estado,Seca,Perfeito estado,Outras,60 km/h,Dupla,Faixa contínua
2021-11-25 00:00:00,16:03:00,COM VÍTIMA,PINA,AV BRASILIA FORMOSA,,SUBURBIO,COLISÃO FRONTAL,1,1,0,0,0,0,0,0,0,1,0,Longo da via,Bom,Perfeito estado,Seca,Perfeito estado,Outras,,Dupla,Faixa seccionada
2021-11-25 00:00:00,16:33:00,COM VÍTIMA,SANTO AMARO,AV VISCONDE DE SUASSUNA,31,SUBURBIO,COLISÃO FRONTAL,0,1,0,0,0,0,0,0,1,1,0,Cruzamento,Bom,Perfeito estado,Seca,Perfeito estado,R-6a,40 km/h,Única,Faixa seccionada
2021-11-25 00:00:00,16:34:00,COM VÍTIMA,TAMARINEIRA,AV NORTE MIGUEL ARRAES DE ALENCAR,,,CAPOTAMENTO,1,0,0,0,0,0,0,0,0,1,0,Longo da via,Bom,Perfeito estado,Seca,Perfeito estado,Não há placas,,Única,Faixa seccionada
2021-11-25 00:00:00,18:13:00,SEM VÍTIMA,CABANGA,AV SATURNINO DE BRITO,,,COLISÃO LATERAL,1,0,0,0,0,0,1,0,0,0,0,,,,,,,,,
2021-11-25 00:00:00,19:05:00,COM VÍTIMA,BOA VISTA,AV GOVERNADOR AGAMENON MAGALHAES,,,COLISÃO TRASEIRA,1,1,0,0,0,0,0,0,0,1,0,,,,,,,,,
2021-11-25 00:00:00,19:32:00,COM VÍTIMA,AREIAS,AV RECIFE,,CIDADE,COLISÃO TRASEIRA,2,0,0,0,0,0,0,0,0,1,0,Longo da via,Bom,Perfeito estado,Seca,Perfeito estado,,,Dupla,Faixa seccionada
2021-11-25 00:00:00,21:10:40,COM VÍTIMA,BOA VISTA,RUA MIGUEL COUTO,,CIDADE,COLISÃO FRONTAL,0,0,0,0,0,0,0,0,0,1,0,Esquina,Bom,Incompleta,Seca,Perfeito estado,R-6a,,Dupla,Não existe
2021-11-26 00:00:00,00:35:00,COM VÍTIMA,TORRE,RUA JOSE BONIFACIO,,,COLISÃO TRANSVERSAL,2,0,0,0,0,0,0,0,0,1,0,,,,,,,,,
2021-11-26 00:00:00,06:14:00,SEM VÍTIMA,IMBIRIBEIRA,RUA DR TAVARES CORREIA,,SUBURBIO,CHOQUE,1,0,0,0,0,0,0,0,0,0,0,Longo da via,Bom,Perfeito estado,Seca,Perfeito estado,Não há placas,,Dupla,Não existe
2021-11-26 00:00:00,07:05:00,COM VÍTIMA,MADALENA,AV VISCONDE DE ALBUQUERQUE,,ÚNICO,COLISÃO TRANSVERSAL,1,1,0,0,0,0,0,0,0,2,0,Longo da via,Bom,Perfeito estado,Seca,Perfeito estado,R-24a,,Única,Faixa contínua
2021-11-26 00:00:00,07:41:00,COM VÍTIMA,APIPUCOS,AV DEZESSETE DE AGOSTO,,CIDADE,COLISÃO TRASEIRA,1,1,0,0,0,0,0,0,0,1,0,Longo da via,Bom,Perfeito estado,Seca,Perfeito estado,R-6a,,Dupla,Faixa contínua
2021-11-26 00:00:00,08:05:00,COM VÍTIMA,CASA AMARELA,AV NORTE MIGUEL ARRAES DE ALENCAR,,CIDADE,COLISÃO TRASEIRA,1,1,0,0,0,0,0,0,0,1,0,Longo da via,Bom,Perfeito estado,Seca,Perfeito estado,Outras,,Única,Faixa seccionada
2021-11-26 00:00:00,09:53:00,COM VÍTIMA,PORTO DA MADEIRA,RUA DALVA DE OLIVEIRA,,SUBURBIO,COLISÃO TRANSVERSAL,0,0,0,0,0,0,0,0,0,1,0,Longo da via,Bom,Perfeito estado,Seca,Perfeito estado,Não há placas,30 km/h,Dupla,Faixa contínua
2021-11-26 00:00:00,16:20:00,SEM VÍTIMA,IPUTINGA,RUA PROFESSOR JULIO OLIVEIRA,,CIDADE,,1,0,0,0,0,0,0,0,0,0,0,Longo da via,Bom,Perfeito estado,Seca,Perfeito estado,"Placas ""Pare""",,Única,Faixa contínua
2021-11-26 00:00:00,20:03:00,COM VÍTIMA,SAN MARTIN,AV GENERAL SAN MARTIN,,CIDADE,COLISÃO TRANSVERSAL,1,1,0,0,0,0,0,0,0,1,0,Cruzamento,Bom,Perfeito estado,Seca,Perfeito estado,Outras,,Dupla,Faixa contínua
2021-11-26 00:00:00,21:39:40,COM VÍTIMA,CORDEIRO,EST DO FORTE DO ARRAIAL N. DO B. JESUS,,,COLISÃO FRONTAL,2,0,0,0,0,0,0,0,0,1,0,Longo da via,Bom,Perfeito estado,Seca,Perfeito estado,Não há placas,,Dupla,Faixa contínua
2021-11-27 00:00:00,01:05:00,COM VÍTIMA,ESPINHEIRO,RUA DO ESPINHEIRO,,SUBURBIO,COLISÃO TRANSVERSAL,0,2,0,0,0,0,0,0,0,1,0,Cruzamento,Bom,,Seca,Perfeito estado,"Placas ""Pare""",,Dupla,Não existe
2021-11-27 00:00:00,06:24:00,COM VÍTIMA,ENCRUZILHADA,AV BEBERIBE,186,CIDADE,ATROPELAMENTO DE PESSOA,1,0,0,0,1,0,0,0,0,1,0,Longo da via,Bom,Perfeito estado,Seca,Perfeito estado,Não há placas,,Dupla,Canteiro central
2021-11-27 00:00:00,06:29:00,COM VÍTIMA,IMBIRIBEIRA,AV PROJETADA,,CIDADE,CHOQUE,1,0,0,0,0,0,1,0,0,1,0,Longo da via,Bom,Não existente,Seca,Perfeito estado,Não há placas,,Única,Faixa seccionada
2021-11-27 00:00:00,12:15:00,COM VÍTIMA,TORRÕES,AV GOVERNADOR AGAMENON MAGALHAES,,SUBURBIO,COLISÃO TRANSVERSAL,1,1,0,0,0,0,0,0,0,1,0,Longo da via,Bom,Perfeito estado,Seca,Perfeito estado,"Placas ""Pare""",,Única,Faixa seccionada
2021-11-27 00:00:00,13:28:00,SEM VÍTIMA,SÃO JOSÉ,C SANTA RITA,,,COLISÃO FRONTAL,1,0,0,0,0,0,0,1,0,0,0,,,,,,,,,
2021-11-27 00:00:00,17:15:00,COM VÍTIMA,PINA,AV BOA VIAGEM,104,,COLISÃO TRANSVERSAL,1,1,0,0,0,0,0,0,0,1,0,,,,,,,,,
2021-11-28 00:00:00,11:30:00,COM VÍTIMA,SANTO AMARO,RUA DOS PALMARES,,CIDADE,ATROPELAMENTO DE PESSOA,1,0,0,0,1,0,0,0,0,1,0,Longo da via,Bom,Perfeito estado,Seca,Perfeito estado,Não há placas,,Dupla,Canteiro central
2021-11-28 00:00:00,13:10:00,COM VÍTIMA,AREIAS,AV RECIFE,,,COLISÃO FRONTAL,2,0,0,0,0,0,0,0,0,1,0,,,,,,,,,
2021-11-28 00:00:00,13:35:00,COM VÍTIMA,CAXANGÁ,AV JOAQUIM RIBEIRO,,,COLISÃO TRASEIRA,1,1,0,0,0,0,0,0,0,2,0,,,,,,,,,
2021-11-28 00:00:00,18:31:00,COM VÍTIMA,MACAXEIRA,RUA MARIA AMALIA,,,COLISÃO FRONTAL,0,0,0,0,0,0,0,0,0,1,0,,,,,,,,,
2021-11-28 00:00:00,19:14:00,COM VÍTIMA,VÁRZEA,AV AFONSO OLINDENSE,,SUBURBIO,COLISÃO TRANSVERSAL,1,1,0,0,0,0,0,0,0,1,0,Longo da via,Bom,,Seca,Perfeito estado,Outras,,Dupla,Faixa contínua
2021-11-28 00:00:00,20:27:00,COM VÍTIMA,IBURA,AV DOIS RIOS,,CIDADE,COLISÃO TRANSVERSAL,1,1,0,0,0,0,0,0,0,2,0,Longo da via,Bom,Perfeito estado,Seca,Perfeito estado,Outras,,Dupla,Não existe
2021-11-28 00:00:00,21:31:40,SEM VÍTIMA,CAXANGÁ,RUA DOUTOR DUSTAN DE CARVALHO SOARES,,,ENGAVETAMENTO,0,0,0,0,0,0,0,0,0,0,0,,,,,,,,,
2021-11-28 00:00:00,22:11:40,SEM VÍTIMA,ARRUDA,RUA DA REGENERACAO,,,ENGAVETAMENTO,3,0,0,0,0,0,0,0,0,0,0,,,,,,,,,
2021-11-29 00:00:00,00:04:00,SEM VÍTIMA,IPUTINGA,RUA EMILIANO BRAGA,,,COLISÃO LATERAL,3,0,0,0,0,0,0,0,0,0,0,,,,,,,,,
2021-11-29 00:00:00,10:12:00,COM VÍTIMA,ESPINHEIRO,RUA QUARENTA E OITO,21,CIDADE,COLISÃO FRONTAL,1,1,0,0,0,0,0,0,0,2,0,Cruzamento,Bom,Perfeito estado,Seca,Perfeito estado,Outras,,Única,Faixa seccionada
2021-11-29 00:00:00,10:17:00,COM VÍTIMA,CABANGA,AV ANTONIO DE GOES,,CIDADE,QUEDA,0,1,0,0,0,0,0,0,0,1,0,Longo da via,Bom,Não existente,Seca,Perfeito estado,Não há placas,60 km/h,,
2021-11-29 00:00:00,12:35:00,COM VÍTIMA,CABANGA,PRC GOVERNADOR PAULO GUERRA,,CIDADE,CHOQUE,0,1,0,0,0,0,0,0,0,1,0,Longo da via,Bom,Perfeito estado,Seca,Perfeito estado,Outras,60 km/h,Dupla,Faixa contínua
2021-11-29 00:00:00,13:12:00,COM VÍTIMA,BARRO,AV DR JOSE RUFINO,,,COLISÃO TRASEIRA,1,1,0,0,0,1,0,0,0,1,0,Longo da via,Bom,Perfeito estado,Seca,Perfeito estado,Não há placas,,Dupla,Faixa contínua
2021-11-29 00:00:00,15:01:00,COM VÍTIMA,AFLITOS,AV SANTOS DUMONT,,SUBURBIO,CHOQUE,1,0,0,0,0,0,0,0,0,1,0,Longo da via,Bom,Perfeito estado,Seca,Perfeito estado,R-6a,,Única,Não existe
2021-11-29 00:00:00,18:20:00,COM VÍTIMA,ÁGUA FRIA,AV BEBERIBE,492,SUBURBIO,COLISÃO FRONTAL,1,1,0,0,0,0,0,0,0,1,0,Cruzamento,Bom,Perfeito estado,Seca,Perfeito estado,Não há placas,60 km/h,Dupla,Faixa contínua
2021-11-29 00:00:00,18:45:00,COM VÍTIMA,IMBIRIBEIRA,RUA JAMAICA,,,COLISÃO LATERAL,2,1,0,0,0,0,0,0,0,1,0,,,,,,,,,
2021-11-29 00:00:00,20:26:00,COM VÍTIMA,TAMARINEIRA,RUA PADRE ROMA,,SUBURBIO,COLISÃO TRANSVERSAL,0,2,0,0,0,0,0,0,0,1,0,Longo da via,Bom,Perfeito estado,Seca,Perfeito estado,Outras,,Dupla,Faixa seccionada
2021-11-30 00:00:00,06:52:00,OUTROS,GRAÇAS,AV DR MALAQUIAS,,,OUTROS,0,0,0,0,0,0,1,0,0,0,0,,,,,,,,,
2021-11-30 00:00:00,10:02:00,COM VÍTIMA,BOA VISTA,RUA JOAO FERNANDES VIEIRA,37,CIDADE,COLISÃO FRONTAL,0,2,0,0,0,0,0,0,0,2,0,Longo da via,Bom,Perfeito estado,Seca,Perfeito estado,Não há placas,40 km/h,Única,Faixa seccionada
2021-11-30 00:00:00,13:20:00,COM VÍTIMA,BOA VISTA,AV GOVERNADOR AGAMENON MAGALHAES,,CIDADE,COLISÃO TRANSVERSAL,1,1,0,0,0,0,0,0,0,1,0,Longo da via,Bom,Perfeito estado,Seca,Perfeito estado,Não há placas,60 km/h,Única,Canteiro central
2021-11-30 00:00:00,14:15:00,COM VÍTIMA,IPUTINGA,RUA DR JOSE ANASTACIO DA SILVA GUIMARAES,,CIDADE,COLISÃO FRONTAL,1,1,0,0,0,0,0,0,0,1,0,Longo da via,Bom,Não existente,Seca,Perfeito estado,Não há placas,,Dupla,Não existe
2021-11-30 00:00:00,15:49:00,COM VÍTIMA,CAMPO GRANDE,EST DE BELEM,,CIDADE,COLISÃO FRONTAL,1,1,0,0,0,0,0,0,0,1,0,Longo da via,Bom,Perfeito estado,Seca,Perfeito estado,R-6a,,Dupla,Faixa contínua
2021-11-30 00:00:00,15:57:00,COM VÍTIMA,CASA AMARELA,AV NORTE MIGUEL ARRAES DE ALENCAR,,CIDADE,ATROPELAMENTO DE PESSOA,0,1,0,0,1,0,0,0,0,1,0,Longo da via,Bom,Perfeito estado,Seca,Perfeito estado,R-6a,,Dupla,Canteiro central
2021-11-30 00:00:00,16:04:00,SEM VÍTIMA,MADALENA,TUNEL CHICO SCIENCE,,,COLISÃO TRASEIRA,2,0,0,0,0,0,0,0,0,0,0,Longo da via,Bom,Não existente,Seca,Perfeito estado,Não há placas,,Única,Faixa contínua
2021-11-30 00:00:00,18:05:00,SEM VÍTIMA,ESTÂNCIA,AV RECIFE,,,CHOQUE,0,0,0,0,0,0,0,0,0,0,0,,,,,,,,,
2021-11-30 00:00:00,19:06:00,COM VÍTIMA,VÁRZEA,AV PROFESSOR ARTUR DE SA,,SUBURBIO,COLISÃO TRANSVERSAL,0,0,0,0,0,0,0,0,0,2,0,Longo da via,Bom,Perfeito estado,Seca,Perfeito estado,Não há placas,,Dupla,
2021-12-01 00:00:00,06:31:00,COM VÍTIMA,DOIS IRMÃOS,RUA MANUEL DE MEDEIROS,,SUBURBIO,COLISÃO FRONTAL,0,2,0,0,0,0,0,0,0,2,0,Longo da via,Bom,Perfeito estado,Seca,Perfeito estado,Outras,,Dupla,Faixa seccionada
2021-12-01 00:00:00,07:55:00,COM VÍTIMA,ZUMBI,RUA CONS THEODORO,,CAXANGÁ,COLISÃO FRONTAL,2,0,0,0,0,0,0,0,0,1,0,Longo da via,Bom,Perfeito estado,Seca,Perfeito estado,Não há placas,,Dupla,Faixa seccionada
2021-12-01 00:00:00,08:50:00,COM VÍTIMA,BEBERIBE,AV BEBERIBE,559,SUBURBIO,COLISÃO TRANSVERSAL,1,1,0,0,0,0,0,0,0,1,0,Esquina,Bom,Perfeito estado,Seca,Mal conservada,Outras,,Dupla,Faixa contínua
2021-12-01 00:00:00,09:16:00,COM VÍTIMA,AFOGADOS,RUA COSME VIANA,503,SUBURBIO,COLISÃO TRANSVERSAL,1,1,0,0,0,0,0,0,0,1,0,Cruzamento,Bom,Incompleta,Seca,Perfeito estado,R-32,,Única,Faixa contínua
2021-11-04 00:00:00,10:00:00,COM VÍTIMA,MADALENA,RUA BENFICA,,CIDADE,COLISÃO LATERAL,0,2,0,0,0,0,0,0,0,2,0,Longo da via,Bom,Perfeito estado,Seca,Perfeito estado,Não há placas,60 km/h,Única,Faixa seccionada
2021-12-01 00:00:00,18:19:00,COM VÍTIMA,CASA AMARELA,EST DO ARRAIAL,74,,ATROPELAMENTO DE PESSOA,0,1,0,0,1,0,0,0,0,2,0,Cruzamento,Bom,Perfeito estado,Seca,Perfeito estado,Não há placas,60 km/h,Dupla,Faixa contínua
2021-12-01 00:00:00,22:43:40,SEM VÍTIMA,PRADO,RUA CARLOS GOMES,,CIDADE,COLISÃO TRANSVERSAL,1,1,0,0,0,0,0,0,0,0,0,Cruzamento,Bom,Perfeito estado,Molhada,Perfeito estado,Outras,,Única,Faixa seccionada
2021-12-01 00:00:00,23:14:40,COM VÍTIMA,PARNAMIRIM,RUA JOAO TUDE DE MELO,,SUBURBIO,CHOQUE,0,0,0,0,0,0,0,1,0,2,0,Viaduto,Bom,Perfeito estado,Seca,Perfeito estado,Não há placas,60 km/h,Única,Faixa seccionada
2021-12-02 00:00:00,14:40:00,SEM VÍTIMA,AFOGADOS,RUA IMPERIAL,,SUBURBIO,,1,1,0,0,0,0,0,1,0,0,0,Longo da via,Bom,Perfeito estado,Seca,Perfeito estado,Não há placas,40 km/h,Única,Não existe
2021-12-02 00:00:00,16:18:00,COM VÍTIMA,IMBIRIBEIRA,RUA ITAJAI,,SUBURBIO,COLISÃO FRONTAL,1,1,0,0,0,0,0,0,0,1,0,Longo da via,Bom,Perfeito estado,Seca,Perfeito estado,Não há placas,60 km/h,Dupla,Faixa contínua
2021-12-02 00:00:00,16:27:00,COM VÍTIMA,ESPINHEIRO,RUA CONS PORTELA,,SUBURBIO,COLISÃO FRONTAL,1,1,0,0,0,0,0,0,0,1,0,Longo da via,Bom,Perfeito estado,Seca,Perfeito estado,Não há placas,60 km/h,Única,Faixa seccionada
2021-12-02 00:00:00,19:20:00,COM VÍTIMA,SANTO AMARO,RUA DOS PALMARES,,SUBURBIO,COLISÃO LATERAL,1,1,0,0,0,0,0,0,0,2,0,Cruzamento,Bom,Perfeito estado,Seca,Perfeito estado,Outras,,Única,
2021-12-02 00:00:00,20:37:40,SEM VÍTIMA,IPSEP,AV RECIFE,55,SUBURBIO,,1,2,0,0,0,0,0,0,0,0,0,Cruzamento,Bom,Perfeito estado,Seca,Perfeito estado,Outras,,Dupla,Canteiro central
2021-12-03 00:00:00,10:27:00,SEM VÍTIMA,BOA VIAGEM,RUA WALDEMAR NERY CARNEIRO MONTEIRO,,,,2,0,0,0,0,0,0,0,0,0,0,,,,,,,,,
2021-12-03 00:00:00,10:36:00,COM VÍTIMA,CASA AMARELA,RUA PADRE LEMOS,,SUBURBIO,COLISÃO LATERAL,0,1,0,0,0,1,0,0,0,2,0,Longo da via,Bom,Perfeito estado,Seca,Mal conservada,Outras,30 km/h,Dupla,Não existe
2021-12-03 00:00:00,12:36:00,COM VÍTIMA,CASA AMARELA,RUA DA HARMONIA,598,CIDADE,COLISÃO LATERAL,1,1,0,0,0,0,0,0,0,1,0,Cruzamento,Bom,Perfeito estado,Seca,Perfeito estado,Não há placas,40 km/h,Dupla,Faixa seccionada
2021-12-03 00:00:00,13:06:00,COM VÍTIMA,DERBY,RUA JENER DE SOUZA,,SUBURBIO,COLISÃO LATERAL,2,0,0,0,0,0,0,0,0,1,0,Esquina,Bom,Perfeito estado,Seca,Perfeito estado,Outras,,Dupla,Canteiro central
2021-12-03 00:00:00,14:10:00,SEM VÍTIMA,PINA,AV HERCULANO BANDEIRA,,SUBURBIO,,1,0,0,0,0,1,0,0,0,0,0,Longo da via,Bom,Perfeito estado,Seca,Perfeito estado,Outras,,Única,Não existe
2021-12-03 00:00:00,16:04:00,COM VÍTIMA,BOA VISTA,AV GOVERNADOR AGAMENON MAGALHAES,78,OLINDA,COLISÃO TRASEIRA,1,1,0,0,0,1,0,0,0,1,0,Longo da via,Bom,Perfeito estado,Seca,Perfeito estado,Outras,,Dupla,Faixa contínua
2021-12-03 00:00:00,17:09:00,COM VÍTIMA,TORRE,AV BEIRA RIO,,SUBURBIO,COLISÃO TRASEIRA,1,1,0,0,0,0,0,1,0,2,0,Longo da via,Bom,Perfeito estado,Seca,Perfeito estado,R-6a,,Dupla,Faixa seccionada
2021-12-03 00:00:00,17:28:00,COM VÍTIMA,BOA VIAGEM,AV BOA VIAGEM,,CIDADE,COLISÃO LATERAL,1,1,0,0,0,0,0,0,0,1,0,Longo da via,Bom,Perfeito estado,Seca,Perfeito estado,Não há placas,60 km/h,Única,Faixa seccionada