data,hora,natureza,bairro,endereco,num_semaforo,sentido_via,tipo,auto,moto,ciclom,ciclista,pedestre,onibus,caminhao,viatura,outros,vitimas,vitimasfatais,acidente_verificado,tempo_clima,sinalizacao,condicao_via,conservacao_via,situacao_placa,velocidade_max_via,mao_direcao,divisao_via1
2021-12-03 00:00:00,20:09:00,SEM VÍTIMA,CASA AMARELA,AV NORTE MIGUEL ARRAES DE ALENCAR,256,SUBURBIO,COLISÃO TRASEIRA,2,0,0,0,0,0,0,0,0,0,0,Longo da via,Bom,Perfeito estado,Seca,Perfeito estado,Não há placas,,Dupla,Canteiro central
2021-12-04 00:00:00,00:30:00,SEM VÍTIMA,CASA AMARELA,EST DO ENCANAMENTO,,CIDADE,CHOQUE,1,0,0,0,0,0,0,0,0,0,0,Longo da via,Chuvoso,Perfeito estado,Molhada,Perfeito estado,"Placas ""Pare""",,Única,Faixa seccionada
2021-12-04 00:00:00,01:03:00,COM VÍTIMA,ARRUDA,RUA DA REGENERACAO,,CIDADE,COLISÃO COM CICLISTA,1,0,0,1,0,0,0,0,0,1,0,Longo da via,Bom,Não existente,Seca,Perfeito estado,Não há placas,,Dupla,Não existe
2021-12-04 00:00:00,04:27:00,COM VÍTIMA,CORDEIRO,AV CAXANGA,,,CHOQUE,1,0,0,0,0,0,0,0,0,2,0,Longo da via,Bom,Perfeito estado,Molhada,Perfeito estado,"Placas ""Dê a preferência""",60 km/h,Dupla,Canteiro central
2021-12-04 00:00:00,08:39:00,COM VÍTIMA,MANGABEIRA,AV NORTE MIGUEL ARRAES DE ALENCAR,,,COLISÃO LATERAL,1,1,0,0,0,0,0,0,0,1,0,,,,,,,,,
2021-12-04 00:00:00,09:05:00,VÍTIMA FATAL,DOIS IRMÃOS,RUA MANUEL DE MEDEIROS,,,COLISÃO LATERAL,0,0,0,0,0,0,0,0,0,1,1,,,,,,,,,
2021-12-04 00:00:00,09:20:00,VÍTIMA FATAL,DOIS IRMÃOS,RUA MANUEL DE MEDEIROS,,SUBURBIO,COLISÃO TRANSVERSAL,0,1,0,0,0,0,1,0,0,0,1,Longo da via,Bom,Perfeito estado,Seca,Mal conservada,R-6a,30 km/h,Dupla,Faixa contínua
2021-12-04 00:00:00,15:14:00,COM VÍTIMA,TAMARINEIRA,RUA CONEGO BARATA,,,COLISÃO FRONTAL,1,1,0,0,0,0,0,0,0,1,0,,,,,,,,,
2021-12-04 00:00:00,15:14:00,COM VÍTIMA,BONGI,AV CONSUL VILARES FRAGOSO,,SUBURBIO,COLISÃO TRASEIRA,0,2,0,0,0,0,0,0,0,2,0,Longo da via,Bom,Ilegível,Seca,Mal conservada,"Placas ""Dê a preferência""",,Dupla,Faixa contínua
2021-12-04 00:00:00,20:41:40,SEM VÍTIMA,ESTÂNCIA,RUA DES CAPISTRANO DE MORAES E SILVA,,,CHOQUE,0,0,0,0,0,0,0,0,0,0,0,,,,,,,,,
2021-12-04 00:00:00,21:22:40,SEM VÍTIMA,BOA VIAGEM,RUA DOS NAVEGANTES,,,COLISÃO TRASEIRA,0,0,0,0,0,0,0,0,0,0,0,,,,,,,,,
2021-12-04 00:00:00,22:28:40,SEM VÍTIMA,CAMPO GRANDE,EST DE BELEM,504,SUBURBIO,COLISÃO TRASEIRA,2,0,0,0,0,0,0,0,0,0,0,Longo da via,Chuvoso,Perfeito estado,Molhada,Perfeito estado,Outras,,Dupla,Faixa contínua
2021-12-04 00:00:00,23:13:40,COM VÍTIMA,BOA VIAGEM,AV ENGENHEIRO DOMINGOS FERREIRA,,SUBURBIO,COLISÃO TRASEIRA,1,1,0,0,0,0,0,0,0,1,0,Longo da via,Chuvoso,Perfeito estado,Molhada,Perfeito estado,"Placas ""Pare""",,Única,Faixa contínua
2021-12-05 00:00:00,07:58:00,COM VÍTIMA,BOA VIAGEM,RUA CORONEL ANIZIO RODRIGUES COELHO,697,CIDADE,COLISÃO TRANSVERSAL,1,1,0,0,0,0,0,0,0,2,0,Cruzamento,Bom,Perfeito estado,Seca,Perfeito estado,R-6a,,Única,
2021-12-05 00:00:00,08:27:00,COM VÍTIMA,DOIS IRMÃOS,RUA MANUEL DE MEDEIROS,,,COLISÃO LATERAL,1,1,0,0,0,0,0,0,0,1,0,Longo da via,Bom,Perfeito estado,Seca,Perfeito estado,Outras,,Dupla,Faixa seccionada
2021-12-05 00:00:00,14:12:00,COM VÍTIMA,SANTO AMARO,RUA PEDRO AFONSO,,CIDADE,COLISÃO TRANSVERSAL,1,1,0,0,0,0,0,0,0,1,0,Cruzamento,Bom,Perfeito estado,Seca,Perfeito estado,"Placas ""Pare""",40 km/h,Dupla,Faixa seccionada
2021-12-05 00:00:00,14:36:00,COM VÍTIMA,JORDÃO,AV MARIA IRENE,,,COLISÃO TRASEIRA,1,1,0,0,0,0,0,0,0,1,0,,,,,,,,,
2021-12-05 00:00:00,15:17:00,COM VÍTIMA,PINA,RUA CAPITAO REBELINHO,,,COLISÃO TRANSVERSAL,1,1,0,0,0,0,0,0,0,1,0,Cruzamento,Bom,Perfeito estado,Seca,Perfeito estado,R-6a,,Única,Não existe
2021-12-05 00:00:00,19:02:00,SEM VÍTIMA,IMBIRIBEIRA,RUA SARGENTO SILVINO DE MACEDO,,SUBURBIO,COLISÃO FRONTAL,1,1,0,0,0,0,0,0,0,0,0,Cruzamento,Bom,Não existente,Seca,Perfeito estado,Não há placas,,Dupla,Não existe
2021-12-05 00:00:00,19:31:00,COM VÍTIMA,SÃO JOSÉ,RUA DA CONCORDIA,,CIDADE,COLISÃO TRANSVERSAL,1,0,0,0,0,0,1,0,0,2,0,Cruzamento,Bom,Perfeito estado,Seca,Perfeito estado,Não há placas,,Única,Não existe
2021-12-06 00:00:00,01:35:00,COM VÍTIMA,IPSEP,RUA JEAN EMILE FAVRE,,,COLISÃO LATERAL,1,1,0,0,0,0,0,0,0,1,0,,,,,,,,,
2021-12-06 00:00:00,09:14:00,COM VÍTIMA,BOA VIAGEM,RUA DES JOAO PAES,,SUBURBIO,COLISÃO LATERAL,2,0,0,0,0,0,0,0,0,1,0,Cruzamento,Bom,Perfeito estado,Seca,Perfeito estado,"Placas ""Pare""",,,
2021-12-06 00:00:00,09:05:00,COM VÍTIMA,PINA,AV ANTONIO DE GOES,,,ATROPELAMENTO DE PESSOA,0,1,0,0,1,0,0,0,0,1,0,Cruzamento,Bom,Perfeito estado,Seca,Perfeito estado,Não há placas,60 km/h,Única,Faixa contínua
2021-12-06 00:00:00,13:55:00,SEM VÍTIMA,BOA VIAGEM,AV BOA VIAGEM,,CIDADE,COLISÃO TRASEIRA,1,1,0,0,0,0,0,0,0,0,0,Longo da via,Bom,Perfeito estado,Seca,Perfeito estado,Não há placas,60 km/h,Única,Faixa contínua
2021-12-06 00:00:00,15:07:00,COM VÍTIMA,SANTO AMARO,AV GOVERNADOR AGAMENON MAGALHAES,684,SUBURBIO,COLISÃO TRASEIRA,0,0,0,0,0,2,0,0,0,6,0,Longo da via,Bom,Perfeito estado,Seca,Perfeito estado,R-32,60 km/h,Dupla,Canteiro central
2021-12-06 00:00:00,20:26:00,COM VÍTIMA,JORDÃO,AV MARIA IRENE,,,COLISÃO LATERAL,0,0,0,0,0,0,0,0,0,1,0,,,,,,,,,
2021-12-07 00:00:00,08:18:00,COM VÍTIMA,IBURA,AV RIO LARGO,,,COLISÃO FRONTAL,1,1,0,0,0,0,0,0,0,1,0,Longo da via,Bom,Perfeito estado,Seca,Perfeito estado,,,,
2021-12-07 00:00:00,09:06:00,COM VÍTIMA,SANTO AMARO,AV CRUZ CABUGA,,CIDADE,COLISÃO LATERAL,0,2,0,0,0,0,0,0,0,1,0,Longo da via,Bom,Perfeito estado,Seca,Perfeito estado,Não há placas,,Dupla,Faixa contínua
2021-12-07 00:00:00,10:02:00,COM VÍTIMA,CIDADE UNIVERSITÁRIA,AV PROFESSOR ARTUR DE SA,,SUBURBIO,COLISÃO TRASEIRA,1,1,0,0,0,0,0,0,0,1,0,Longo da via,Bom,Perfeito estado,Seca,Perfeito estado,Outras,,Dupla,Faixa seccionada
2021-12-07 00:00:00,12:21:00,COM VÍTIMA,CASA AMARELA,EST DO ARRAIAL,,SUBURBIO,COLISÃO COM CICLISTA,1,0,0,1,0,0,0,0,0,1,0,Esquina,Bom,Perfeito estado,Seca,Perfeito estado,Outras,,Única,Faixa seccionada
2021-12-07 00:00:00,16:52:00,COM VÍTIMA,BAIRRO DO RECIFE,TRV DO FORTE,,SUBURBIO,COLISÃO TRASEIRA,1,1,0,0,0,0,0,0,0,1,0,Viaduto,Bom,Perfeito estado,Seca,Perfeito estado,Não há placas,,Dupla,Canteiro central
2021-12-07 00:00:00,18:49:00,OUTROS,SAN MARTIN,AV GENERAL SAN MARTIN,,,OUTROS,0,1,0,0,0,0,0,0,0,1,0,,,,,,,,,
2021-12-08 00:00:00,06:32:00,SEM VÍTIMA,CASA AMARELA,AV NORTE MIGUEL ARRAES DE ALENCAR,,CIDADE,COLISÃO TRASEIRA,2,0,0,0,0,0,0,0,0,0,0,,,,,,,,,
2021-12-08 00:00:00,08:09:00,COM VÍTIMA,MANGUEIRA,RUA SAO MIGUEL,,SUBURBIO,COLISÃO TRANSVERSAL,1,1,0,0,0,0,0,0,0,1,0,Longo da via,Bom,Perfeito estado,Seca,Perfeito estado,Não há placas,,Dupla,Faixa contínua
2021-12-08 00:00:00,15:52:00,COM VÍTIMA,BOA VIAGEM,RUA FELIX DE BRITO E MELO,545,,COLISÃO LATERAL,1,1,0,0,0,0,0,0,0,1,0,Cruzamento,Bom,Perfeito estado,Seca,Perfeito estado,R-6a,40 km/h,Única,
2021-12-08 00:00:00,15:58:00,SEM VÍTIMA,PRADO,AV ENGENHEIRO ABDIAS DE CARVALHO,,CIDADE,COLISÃO TRASEIRA,2,0,0,0,0,0,0,0,0,0,0,Longo da via,Bom,Perfeito estado,Seca,Perfeito estado,Outras,60 km/h,Dupla,Canteiro central
2021-12-08 00:00:00,16:57:00,SEM VÍTIMA,BRASÍLIA TEIMOSA,RUA BEM TE VI,,,COLISÃO LATERAL,2,0,0,0,0,0,0,0,0,0,0,,,,,,,,,
2021-12-08 00:00:00,18:18:00,SEM VÍTIMA,IMBIRIBEIRA,RUA JOSE DA SILVA LUCENA,,,COLISÃO FRONTAL,2,0,0,0,0,0,0,0,0,0,0,,,,,,,,,
2021-12-08 00:00:00,18:36:00,COM VÍTIMA,IBURA,AV DOIS RIOS,,SUBURBIO,COLISÃO FRONTAL,0,1,0,0,0,1,0,0,0,1,0,Longo da via,Bom,Ilegível,Seca,Mal iluminada,"Placas ""Dê a preferência""",,Dupla,Não existe
2021-12-08 00:00:00,19:53:00,COM VÍTIMA,BOA VISTA,RUA JOAO FERNANDES VIEIRA,,CIDADE,COLISÃO LATERAL,1,1,0,0,0,0,0,0,0,1,0,Longo da via,Bom,Perfeito estado,Seca,Perfeito estado,Não há placas,,Única,Faixa seccionada
2021-12-08 00:00:00,22:50:40,COM VÍTIMA,CORDEIRO,RUA GOMES TABORDA,,SUBURBIO,COLISÃO TRASEIRA,1,1,0,0,0,0,0,0,0,1,0,Cruzamento,Bom,Perfeito estado,Seca,Perfeito estado,"Placas ""Dê a preferência""",,Dupla,Faixa contínua
2021-12-09 00:00:00,12:26:00,COM VÍTIMA,TEJIPIÓ,AV DR JOSE RUFINO,208,CIDADE,COLISÃO LATERAL,1,1,0,0,0,0,0,0,0,1,0,Longo da via,Bom,Incompleta,Seca,Perfeito estado,Outras,40 km/h,Dupla,Faixa contínua
2021-12-09 00:00:00,14:55:00,SEM VÍTIMA,TOTÓ,AV LIBERDADE,,SUBURBIO,CHOQUE,1,0,0,0,0,0,1,0,0,0,0,Longo da via,Bom,Ilegível,Seca,Perfeito estado,,50 km/h,Dupla,Não existe
2021-12-09 00:00:00,15:57:00,COM VÍTIMA,PINA,RUA DAS OFICINAS,,CIDADE,CHOQUE,3,0,0,0,0,0,0,0,0,1,0,Longo da via,Bom,Perfeito estado,Seca,Perfeito estado,Outras,,Única,Faixa contínua
2021-12-09 00:00:00,17:43:00,COM VÍTIMA,SAN MARTIN,RUA VINTE E UM DE ABRIL,,,COLISÃO COM CICLISTA,0,0,0,1,0,0,0,0,0,1,0,,,,,,,,,
2021-12-09 00:00:00,19:01:00,COM VÍTIMA,ENCRUZILHADA,AV BEBERIBE,,,COLISÃO FRONTAL,0,2,0,0,0,0,0,0,0,1,0,,,,,,,,,
2021-12-09 00:00:00,19:14:00,SEM VÍTIMA,JORDÃO,AV MARIA IRENE,,SUBURBIO,CHOQUE,1,0,0,0,0,0,0,0,0,0,0,Longo da via,Bom,Perfeito estado,Seca,Perfeito estado,Não há placas,,Dupla,Faixa contínua
2021-12-10 00:00:00,06:23:00,COM VÍTIMA,CASA FORTE,AV DEZESSETE DE AGOSTO,469,CIDADE,COLISÃO LATERAL,2,0,0,0,0,0,0,0,0,1,0,Esquina,Bom,Perfeito estado,Seca,Perfeito estado,Outras,,Dupla,Faixa contínua
2021-12-10 00:00:00,08:24:00,SEM VÍTIMA,IMBIRIBEIRA,AV MARECHAL MASCARENHAS DE MORAES,,SUBURBIO,COLISÃO TRASEIRA,1,0,0,0,0,0,0,1,0,0,0,Longo da via,Bom,Perfeito estado,Seca,Perfeito estado,R-6a,60 km/h,,
2021-12-10 00:00:00,08:37:00,COM VÍTIMA,SANTO ANTÔNIO,RUA FLORIANO PEIXOTO,,SUBURBIO,COLISÃO LATERAL,1,1,0,0,0,0,0,0,0,1,0,Cruzamento,Bom,Perfeito estado,Seca,Perfeito estado,R-6a,,Única,Faixa seccionada
2021-12-10 00:00:00,08:56:00,COM VÍTIMA,PAISSANDU,AV GOVERNADOR AGAMENON MAGALHAES,,BOA VIAGEM,QUEDA,0,1,0,0,0,0,0,0,0,1,0,Longo da via,Bom,Perfeito estado,Molhada,Perfeito estado,Outras,60 km/h,Dupla,Faixa seccionada
2021-12-10 00:00:00,15:02:00,SEM VÍTIMA,TORRE,RUA ALBERTO PAIVA,,SUBURBIO,,1,0,0,0,0,1,0,0,0,0,0,Longo da via,Bom,Perfeito estado,Seca,Perfeito estado,Não há placas,40 km/h,Única,Não existe
2021-12-10 00:00:00,18:18:00,COM VÍTIMA,CAXANGÁ,AV CAXANGA,8,SUBURBIO,COLISÃO LATERAL,1,1,0,0,0,0,0,0,0,1,0,Longo da via,Bom,Perfeito estado,Seca,Perfeito estado,R-6a,60 km/h,Única,Canteiro central
2021-12-10 00:00:00,18:25:00,COM VÍTIMA,BOA VIAGEM,RUA JOAQUIM BANDEIRA,,,COLISÃO LATERAL,1,1,0,0,0,0,0,0,0,1,0,,,,,,,,,
2021-12-10 00:00:00,22:55:40,COM VÍTIMA,AREIAS,AV DR JOSE RUFINO,,,COLISÃO FRONTAL,1,1,0,0,0,0,0,0,0,1,0,,,,,,,,,
2021-12-10 00:00:00,23:01:40,COM VÍTIMA,AREIAS,AV RECIFE,618,CIDADE,COLISÃO TRASEIRA,1,1,0,0,0,0,0,0,0,1,0,Longo da via,Bom,Perfeito estado,Seca,Perfeito estado,Não há placas,,Única,Canteiro central
2021-12-11 00:00:00,00:00:00,COM VÍTIMA,SAN MARTIN,AV GENERAL SAN MARTIN,,,COLISÃO FRONTAL,0,0,0,0,0,0,0,0,0,1,0,,,,,,,,,
2021-12-11 00:00:00,00:08:00,SEM VÍTIMA,PARNAMIRIM,AV PARNAMIRIM,,,CHOQUE,0,0,0,0,0,0,0,0,0,0,0,,,,,,,,,
2021-12-11 00:00:00,02:34:00,COM VÍTIMA,JARDIM SÃO PAULO,RUA IMPERIAL,510,SUBURBIO,COLISÃO TRANSVERSAL,1,0,0,0,0,0,1,0,0,1,0,Cruzamento,Bom,Perfeito estado,Seca,Perfeito estado,R-6a,,Única,Faixa seccionada
2021-12-11 00:00:00,05:06:00,SEM VÍTIMA,IPUTINGA,AV MAURICIO DE NASSAU,239,CIDADE,,2,0,0,0,0,0,0,0,0,0,0,Cruzamento,Bom,Perfeito estado,Seca,Perfeito estado,Não há placas,,Dupla,Faixa contínua
2021-12-11 00:00:00,06:41:00,COM VÍTIMA,ÁGUA FRIA,AV BEBERIBE,,,COLISÃO TRANSVERSAL,0,0,0,0,0,0,0,0,0,1,0,,,,,,,,,
2021-12-11 00:00:00,08:57:00,COM VÍTIMA,TORRÕES,RUA ONZE DE FEVEREIRO,460,SUBURBIO,COLISÃO COM CICLISTA,2,0,0,1,0,0,0,0,0,1,0,Longo da via,Bom,Incompleta,Seca,Perfeito estado,Não há placas,,Dupla,Não existe
2021-12-11 00:00:00,12:36:00,COM VÍTIMA,ESPINHEIRO,RUA DO ESPINHEIRO,86,SUBURBIO,COLISÃO LATERAL,1,1,0,0,0,0,0,0,0,1,0,Longo da via,Bom,Perfeito estado,Seca,Perfeito estado,R-6a,,Única,Faixa contínua
2021-12-11 00:00:00,19:03:00,SEM VÍTIMA,VÁRZEA,RUA RORAIMA,,,COLISÃO TRANSVERSAL,2,0,0,0,0,0,0,0,0,0,0,Longo da via,Bom,Incompleta,Seca,Perfeito estado,Não há placas,,Dupla,Não existe
2021-12-12 00:00:00,01:37:00,SEM VÍTIMA,PRADO,AV ENGENHEIRO ABDIAS DE CARVALHO,,,COLISÃO FRONTAL,0,0,0,0,0,0,0,0,0,0,0,,,,,,,,,
2021-12-12 00:00:00,11:35:00,COM VÍTIMA,GRAÇAS,RUA JOAQUIM NABUCO,,SUBURBIO,COLISÃO TRASEIRA,2,0,0,0,0,0,0,0,0,1,0,Longo da via,Bom,Perfeito estado,Seca,Perfeito estado,,60 km/h,Única,Não existe
2021-12-12 00:00:00,11:43:00,COM VÍTIMA,BEBERIBE,AV BEBERIBE,,,COLISÃO TRANSVERSAL,1,1,0,0,0,0,0,0,0,1,0,Longo da via,Bom,Perfeito estado,Seca,Perfeito estado,R-6a,,Dupla,Faixa contínua
2021-12-12 00:00:00,14:44:00,COM VÍTIMA,CAMPO GRANDE,AV GOVERNADOR AGAMENON MAGALHAES,49,SUBURBIO,COLISÃO COM CICLISTA,1,0,0,1,0,0,0,0,0,1,0,Longo da via,Bom,Perfeito estado,Seca,Perfeito estado,Não há placas,60 km/h,Dupla,Faixa seccionada
2021-12-12 00:00:00,19:47:00,SEM VÍTIMA,CORDEIRO,RUA GOMES TABORDA,,,COLISÃO FRONTAL,0,0,0,0,0,0,0,0,0,0,0,,,,,,,,,
2021-12-12 00:00:00,20:58:40,COM VÍTIMA,FUNDÃO,AV BEBERIBE,,CIDADE,ATROPELAMENTO DE PESSOA,0,0,0,0,1,1,0,0,0,1,0,Cruzamento,Bom,Perfeito estado,Seca,Perfeito estado,Não há placas,,Dupla,Canteiro central
2021-12-13 00:00:00,00:44:00,COM VÍTIMA,AREIAS,AV RECIFE,620,SUBURBIO,COLISÃO TRANSVERSAL,1,1,0,0,0,0,0,0,0,2,0,Esquina,Bom,Perfeito estado,Seca,Perfeito estado,,,,
2021-12-13 00:00:00,05:54:00,SEM VÍTIMA,IPSEP,AV RECIFE,,,CHOQUE,0,0,0,0,0,0,0,0,0,0,0,,,,,,,,,
2021-12-13 00:00:00,06:18:00,COM VÍTIMA,BOA VIAGEM,RUA VISCONDE DE JEQUITINHONHA,304,,COLISÃO TRANSVERSAL,1,1,0,0,0,0,0,0,0,1,0,Cruzamento,Bom,Perfeito estado,Molhada,Perfeito estado,Não há placas,,Única,Faixa contínua
2021-12-13 00:00:00,07:08:00,COM VÍTIMA,SÃO JOSÉ,VDO DAS CINCO PONTAS,,,QUEDA,0,1,0,0,0,0,0,0,0,1,0,,,,,,,,,
2021-12-13 00:00:00,08:49:00,COM VÍTIMA,CASA AMARELA,RUA DA HARMONIA,,SUBURBIO,COLISÃO FRONTAL,1,1,0,0,0,0,0,0,0,1,0,Longo da via,Chuvoso,Perfeito estado,Molhada,Perfeito estado,R-6a,,Dupla,Faixa contínua
2021-12-13 00:00:00,09:53:00,COM VÍTIMA,SANTO AMARO,AV CRUZ CABUGA,202,,COLISÃO COM CICLISTA,0,0,0,1,0,0,1,0,0,1,0,Longo da via,Chuvoso,Perfeito estado,Molhada,Perfeito estado,Outras,,Dupla,Canteiro central
2021-12-13 00:00:00,12:12:00,COM VÍTIMA,BOA VISTA,RUA PRINCESA IZABEL,31,CIDADE,COLISÃO LATERAL,1,1,0,0,0,0,0,0,0,1,0,Cruzamento,Chuvoso,Perfeito estado,Molhada,Perfeito estado,R-25c,,Única,Não existe
2021-12-13 00:00:00,13:01:00,COM VÍTIMA,AFOGADOS,RUA NICOLAU PEREIRA,,CIDADE,COLISÃO LATERAL,1,1,0,0,0,0,0,0,0,1,0,Longo da via,Chuvoso,Perfeito estado,Molhada,Perfeito estado,Não há placas,,Única,Faixa contínua
2021-12-13 00:00:00,14:55:00,COM VÍTIMA,ESTÂNCIA,AV DR JOSE RUFINO,,CIDADE,COLISÃO COM CICLISTA,1,0,0,1,0,0,0,0,0,1,0,Longo da via,Bom,Perfeito estado,Seca,Perfeito estado,Outras,,Dupla,Faixa contínua
2021-12-14 00:00:00,07:03:00,COM VÍTIMA,AFOGADOS,EST DOS REMEDIOS,524,CIDADE,COLISÃO TRASEIRA,1,0,0,0,0,0,0,0,1,1,0,Longo da via,Chuvoso,Perfeito estado,Molhada,Perfeito estado,Não há placas,,Única,Faixa seccionada
2021-12-14 00:00:00,08:34:00,COM VÍTIMA,SANTO AMARO,AV PREFEITO ARTUR LIMA CAVALCANTI,,SUBURBIO,CHOQUE,1,0,0,0,0,0,0,0,0,1,0,Longo da via,Bom,Perfeito estado,Seca,Perfeito estado,Não há placas,,Dupla,Canteiro central
2021-12-14 00:00:00,08:37:00,COM VÍTIMA,BOA VISTA,AV CONDE DA BOA VISTA,,SUBURBIO,COLISÃO COM CICLISTA,0,1,0,1,0,0,0,0,0,1,0,Cruzamento,Bom,Perfeito estado,Seca,Perfeito estado,R-6c,,Dupla,Canteiro central
2021-12-14 00:00:00,09:01:00,COM VÍTIMA,BOA VISTA,AV CONDE DA BOA VISTA,,CIDADE,COLISÃO COM CICLISTA,1,0,0,1,0,0,0,0,0,1,0,Longo da via,Bom,Perfeito estado,Seca,Perfeito estado,,,Dupla,Canteiro central
2021-12-14 00:00:00,09:27:00,COM VÍTIMA,JOANA BEZERRA,VDO PAPA JOAO PAULO II,,OLINDA,COLISÃO TRASEIRA,1,1,0,0,0,0,0,0,0,1,0,Viaduto,Bom,Não existente,Seca,Perfeito estado,Não há placas,60 km/h,Única,Canteiro central
2021-12-14 00:00:00,13:17:00,COM VÍTIMA,IPUTINGA,RUA MINISTRO JOAO ALBERTO,,CIDADE,COLISÃO FRONTAL,2,1,0,0,0,0,0,0,0,1,0,Longo da via,Bom,Perfeito estado,Seca,Perfeito estado,Não há placas,,Dupla,Faixa seccionada
2021-12-14 00:00:00,14:57:00,COM VÍTIMA,AFOGADOS,RUA SAO MIGUEL,,SUBURBIO,COLISÃO TRASEIRA,1,1,0,0,0,0,0,0,0,1,0,Longo da via,Bom,Perfeito estado,Seca,Perfeito estado,Não há placas,,Dupla,Faixa contínua
2021-12-14 00:00:00,16:11:00,COM VÍTIMA,TEJIPIÓ,AV LIBERDADE,,SUBURBIO,COLISÃO LATERAL,1,1,0,0,0,0,0,0,0,1,0,Longo da via,Bom,Ilegível,Seca,Perfeito estado,Não há placas,40 km/h,Dupla,Não existe
2021-12-14 00:00:00,17:17:00,COM VÍTIMA,CASA AMARELA,RUA DA ESTRELA,,EMBAIXADA CHINESA,COLISÃO LATERAL,1,1,0,0,0,0,0,0,0,1,0,Longo da via,Bom,Perfeito estado,Seca,Perfeito estado,"Placas ""Pare""",40 km/h,Dupla,Faixa seccionada
2021-12-14 00:00:00,18:17:00,COM VÍTIMA,TORRE,RUA PIO NONO,,,COLISÃO TRASEIRA,1,0,0,0,0,0,1,0,0,1,0,,,,,,,,,
2021-12-14 00:00:00,18:55:00,SEM VÍTIMA,ENCRUZILHADA,RUA AMARO COUTINHO,,,COLISÃO LATERAL,1,0,0,0,0,0,0,1,0,0,0,,,,,,,,,
2021-12-15 00:00:00,07:51:00,COM VÍTIMA,CAXANGÁ,AV CAXANGA,,CIDADE,ATROPELAMENTO DE PESSOA,0,1,0,0,1,0,0,0,0,1,0,Longo da via,Bom,Perfeito estado,Seca,Perfeito estado,R-32,60 km/h,Dupla,Faixa contínua
2021-12-15 00:00:00,11:13:00,COM VÍTIMA,JOANA BEZERRA,VIADUTO CAPITAO TEMUDO,,BOA VIAGEM,COLISÃO TRASEIRA,1,1,0,0,0,0,0,0,0,1,0,Viaduto,Bom,Perfeito estado,Seca,Perfeito estado,Não há placas,60 km/h,Dupla,Canteiro central
2021-12-15 00:00:00,11:16:00,COM VÍTIMA,ESPINHEIRO,RUA GOMES PACHECO,,SUBURBIO,COLISÃO FRONTAL,1,1,0,0,0,0,0,0,0,1,0,Cruzamento,Bom,Incompleta,Seca,Perfeito estado,"Placas ""Pare""",,Única,Não existe
2021-12-15 00:00:00,11:58:00,COM VÍTIMA,CURADO,EST DO CURADO,,CIDADE,ATROPELAMENTO DE PESSOA,1,0,0,0,1,0,0,0,0,1,0,Longo da via,Bom,Não existente,Seca,Mal conservada,Não há placas,30 km/h,Dupla,Não existe
2021-12-15 00:00:00,12:08:00,SEM VÍTIMA,SANTO AMARO,AV GOVERNADOR AGAMENON MAGALHAES,,SUBURBIO,COLISÃO COM CICLISTA,0,1,0,1,0,0,0,0,0,0,0,,,,,,,,,
2021-12-15 00:00:00,18:15:00,COM VÍTIMA,BOA VIAGEM,RUA CAMBOIM,,,COLISÃO TRANSVERSAL,1,2,0,0,0,0,0,0,0,2,0,Cruzamento,Bom,Perfeito estado,Seca,Perfeito estado,"Placas ""Pare""",,Dupla,Faixa seccionada
2021-12-16 00:00:00,08:41:00,COM VÍTIMA,CAMPO GRANDE,EST DE BELEM,,,COLISÃO COM CICLISTA,1,0,0,1,0,0,0,0,0,1,0,,,,,,,,,
2021-12-16 00:00:00,13:52:00,COM VÍTIMA,IBURA,AV RECIFE,,AEROPORTO,COLISÃO TRASEIRA,3,0,0,0,0,0,0,0,0,1,0,Longo da via,Bom,Perfeito estado,Seca,Perfeito estado,Outras,60 km/h,Dupla,Faixa contínua
2021-12-16 00:00:00,14:44:00,SEM VÍTIMA,ILHA DO LEITE,RUA MARQUES AMORIM,,,,2,1,0,0,0,0,0,0,0,0,0,Cruzamento,Bom,Perfeito estado,Seca,Perfeito estado,,,Dupla,Faixa seccionada
2021-12-16 00:00:00,20:41:00,SEM VÍTIMA,BOMBA DO HEMETÉRIO,RUA BOMBA DO HEMETERIO,,,COLISÃO TRASEIRA,0,0,0,0,0,0,0,0,0,0,0,,,,,,,,,
2021-12-16 00:00:00,21:20:40,COM VÍTIMA,VÁRZEA,AV BARAO DE BONITO,,,COLISÃO LATERAL,0,0,0,0,0,0,0,0,0,1,0,,,,,,,,,
2021-12-16 00:00:00,22:57:40,COM VÍTIMA,AFOGADOS,RUA SAO MIGUEL,,SUBURBIO,COLISÃO LATERAL,1,1,0,0,0,0,0,0,0,1,0,Cruzamento,Bom,Perfeito estado,Seca,Perfeito estado,Não há placas,,Dupla,Faixa contínua