data,hora,natureza,bairro,endereco,num_semaforo,sentido_via,tipo,auto,moto,ciclom,ciclista,pedestre,onibus,caminhao,viatura,outros,vitimas,vitimasfatais,acidente_verificado,tempo_clima,sinalizacao,condicao_via,conservacao_via,situacao_placa,velocidade_max_via,mao_direcao,divisao_via1
2020-01-02 00:00:00,09:14:00,SEM VÍTIMA,IMBIRIBEIRA,AV MARECHAL MASCARENHAS DE MORAES,288,CIDADE,COLISÃO TRASEIRA,COLISÃO S/VITIMAS ENTRE DOIS AUTOS,2,,,,,,,,,0,Longo da via,Bom,Perfeito estado,Seca,Perfeito estado,Não há placas,,Dupla,Canteiro central
2020-01-02 00:00:00,09:50:00,SEM VÍTIMA,AFOGADOS,,53,SUBURBIO,ABALROAMENTO LONGITUDINAL,SEM VITIMAS,1,,,,,,1,,,0,Longo da via,Bom,Perfeito estado,Seca,Perfeito estado,R-6a,,Única,Faixa contínua
2020-01-02 00:00:00,10:27:00,SEM VÍTIMA,COHAB,RUA DEPUTADO JOAQUIM COUTINHO,,,COLISÃO,SEM VITIMAS,1,1,,,,,,,,0,,,,,,,,,
2020-01-02 00:00:00,10:33:00,COM VÍTIMA,BARRO,AV DR JOSE RUFINO,,CIDADE,ABALROAMENTO TRANSVERSAL,COLISÃO C/VITIMA ENTRE UMA MOTO E UM AUTO,1,1,,,,,,,,1,Cruzamento,Bom,,Seca,Mal conservada,Não há placas,,Dupla,Faixa contínua
2020-01-02 00:00:00,12:21:00,COM VÍTIMA,BOA VIAGEM,RUA VISCONDE DE JEQUITINHONHA,,CIDADE,COLISÃO TRASEIRA,ENTRE AUTO PASSEIO X MOTO COM VÍTIMA,1,1,,,,,,,,1,Longo da via,Bom,Perfeito estado,Seca,Perfeito estado,Não há placas,,Única,
2020-01-02 00:00:00,13:09:00,SEM VÍTIMA,ENGENHO DO MEIO,RUA GOVERNADOR LOPO GARRO,,SUBURBIO,ABALROAMENTO LONGITUDINAL,COLISÃO SEM VÍTIMA,2,,,,,,,,,0,Cruzamento,Bom,,Seca,,Placas Pare,,Dupla,Não existe
2020-01-02 00:00:00,13:27:00,SEM VÍTIMA,NOVA DESCOBERTA,RUA ALTO JARDIM PROGRESSO,,,COLISÃO,COLISAO ENTRE DOIS MICROONIBUS DO TRASPORTE COMPLEMENTAR,,,,,,2,,,,0,,,,,,,,,
2020-01-02 00:00:00,14:12:00,SEM VÍTIMA,JORDÃO,RUA DES EVANDRO NETTO,,CIDADE,ABALROAMENTO LONGITUDINAL,COLISÃO SEM VÍTIMA,1,,,,,1,,,,0,Cruzamento,Bom,Perfeito estado,Seca,Perfeito estado,Placas Pare,,Dupla,Não existe
2020-01-02 00:00:00,14:15:00,SEM VÍTIMA,BOA VIAGEM,AV CONSELHEIRO AGUIAR,,CIDADE,ABALROAMENTO LONGITUDINAL,ENTRE DOIS AUTOS S/V,2,,,,,,,,,0,,Bom,Perfeito estado,Seca,Perfeito estado,R-6a,60 km/h,Única,Faixa contínua
2020-01-02 00:00:00,14:27:00,SEM VÍTIMA,PORTO DA MADEIRA,RUA JUDITE,,SUBURBIO,CHOQUE VEÍCULO PARADO,COLISÃO SEM VÍTIMA,1,,,,,,1,,,0,,Bom,Perfeito estado,Seca,Perfeito estado,Placas Pare,,Dupla,Não existe
2020-01-02 00:00:00,14:36:00,COM VÍTIMA,PRADO,RUA JOAO IVO DA SILVA,,SUBURBIO,COLISÃO COM CICLISTA,COLISAO ENTRE MOTO E CICLISTA VT 15 NO LOCAL,,1,,1,,,,,,1,Longo da via,Bom,Perfeito estado,Seca,Perfeito estado,Outras,,Única,Faixa contínua
2020-01-02 00:00:00,15:23:00,SEM VÍTIMA,ILHA DO RETIRO,EST DOS REMEDIOS,52,,ABALROAMENTO LONGITUDINAL,ENTRE DOIS AUTOS S/V,2,,,,,,,,,0,Cruzamento,Bom,Perfeito estado,Seca,Perfeito estado,,,Única,Canteiro central
2020-01-02 00:00:00,16:01:00,COM VÍTIMA,IPUTINGA,AV CAXANGA,,SUBURBIO,COLISÃO TRASEIRA,COLISAO ENTRE TAXI E MOTO COM UMA VITIMA,1,1,,,,,,,,1,Esquina,Bom,Incompleta,Seca,Perfeito estado,R-6a,,Dupla,Canteiro central
2020-01-02 00:00:00,16:07:00,COM VÍTIMA,FUNDÃO,AV BEBERIBE,307,SUBURBIO,ABALROAMENTO TRANSVERSAL,AUTO E MOTO.,1,1,,,,,,,,1,Cruzamento,Bom,Perfeito estado,Seca,Perfeito estado,Outras,,Dupla,Não existe
2020-01-02 00:00:00,16:39:00,SEM VÍTIMA,MACAXEIRA,AV NORTE,,CIDADE,CHOQUE VEÍCULO PARADO,ENTRE ONIBUS X AUTO PASSEIO S/V,1,,,,,1,,,,0,Longo da via,Bom,Perfeito estado,Seca,Perfeito estado,Outras,60 km/h,Dupla,Canteiro central
2020-01-02 00:00:00,16:52:00,SEM VÍTIMA,BOA VIAGEM,RUA BARAO DE SOUZA LEAO,159,SUBURBIO,ABALROAMENTO LONGITUDINAL,ENTRE DOIS AUTOS S/V,2,,,,,,,,,0,Longo da via,Bom,Perfeito estado,Seca,Perfeito estado,Não há placas,60 km/h,Única,
2020-01-02 00:00:00,17:16:00,SEM VÍTIMA,BAIRRO DO RECIFE,AV ALFREDO LISBOA,,CIDADE,ABALROAMENTO LONGITUDINAL,COLISAO ENTRE CAMINHAO E AUTOS S/V,1,,,,,,1,,,0,Longo da via,Bom,Incompleta,Seca,Mal iluminada,Outras,30 km/h,Única,Faixa seccionada
2020-01-02 00:00:00,17:42:00,SEM VÍTIMA,IMBIRIBEIRA,AV MARECHAL MASCARENHAS DE MORAES,,CIDADE,COLISÃO TRASEIRA,COLISÃO SEM VÍTIMA,1,1,,,,,,,,0,Longo da via,Bom,Perfeito estado,Seca,Perfeito estado,R-6c,60 km/h,Dupla,Canteiro central
2020-01-02 00:00:00,17:59:00,SEM VÍTIMA,ENCRUZILHADA,EST DE BELEM,,,COLISÃO,ENTRE AUTO PASSEIO X CAMINHÃO S/V,1,,,,,,1,,,0,,,,,,,,,
2020-01-02 00:00:00,20:13:00,COM VÍTIMA,MADALENA,RUA JOSE OSORIO,,SUBURBIO,CHOQUE VEÍCULO PARADO,CONDUTORA DO GM/ONIX DESMAIOU E CAPOTOU O VEICULO QUE- SE CHOCOU CONTRA DOIS OUTROS AUTOS PASSEIO QUE ESTAVAM ESTACIONADOS NA VIA,3,,,,,,,,,1,Longo da via,Bom,Perfeito estado,Seca,Perfeito estado,,,Dupla,Faixa contínua
2020-01-02 00:00:00,20:32:00,SEM VÍTIMA,ILHA DO RETIRO,RUA SPORT CLUBE DO RECIFE,355,,COLISÃO,ONIBUS X AUTO PASSEIO S/V,1,,,,,1,,,,0,,,,,,,,,
2020-01-02 00:00:00,21:14:00,SEM VÍTIMA,BAIRRO DO RECIFE,AV ALFREDO LISBOA,,,COLISÃO,ENTRE DOIS AUTOS S/V,2,,,,,,,,,0,,,,,,,,,
2020-01-02 00:00:00,23:55:00,COM VÍTIMA,BONGI,AV ENGENHEIRO ABDIAS DE CARVALHO,,SUBURBIO,COLISÃO TRASEIRA,ENTRE AUTO PASSEIO E MOTO COM VÍTIMA,1,1,,,,,,,,2,Longo da via,Bom,Perfeito estado,Seca,Perfeito estado,,,Única,Faixa seccionada
2020-01-03 00:00:00,00:39:00,SEM VÍTIMA,CORDEIRO,RUA ODETE MONTEIRO,589,SUBURBIO,ABALROAMENTO TRANSVERSAL,COLISÃO ENTRE DOIS AUTOS- S/V,2,,,,,,,,,0,Cruzamento,Bom,Perfeito estado,Seca,Perfeito estado,Não há placas,,Dupla,Faixa seccionada
2020-01-03 00:00:00,06:04:00,SEM VÍTIMA,SÃO JOSÉ,AV DANTAS BARRETO,,CIDADE,COLISÃO,COLISÃO SEM VITIMAS,2,,,,,,,,,0,,,,,,,,,
2020-01-03 00:00:00,06:41:00,SEM VÍTIMA,IMBIRIBEIRA,AV MARECHAL MASCARENHAS DE MORAES,218,CIDADE,COLISÃO TRASEIRA,COLISÃO S/VITIMAS ENTRE UM CAMINHÃO E UM AUTO (V.T 14(INS.FERNANDES) NO QTH),1,,,,,,1,,,0,Longo da via,Bom,Perfeito estado,Seca,Perfeito estado,Não há placas,,Dupla,Canteiro central
2020-01-03 00:00:00,06:42:00,SEM VÍTIMA,ENCRUZILHADA,RUA CASTRO ALVES,666,SUBURBIO,ABALROAMENTO LONGITUDINAL,COLISAO S/ VITIMA VEICULO E ONIBUS,1,,,,,1,,,,0,Longo da via,Bom,Perfeito estado,Seca,Perfeito estado,,,Única,Faixa seccionada
2020-01-03 00:00:00,07:44:00,SEM VÍTIMA,CURADO,RUA DR GEORGE WILLIAM BUTLER,,,ABALROAMENTO TRANSVERSAL,COLISÃO SEM VITIMAS,1,1,,,,,,,,0,Longo da via,Bom,Perfeito estado,Seca,Perfeito estado,Outras,60 km/h,Dupla,Faixa contínua
2020-01-03 00:00:00,07:53:00,COM VÍTIMA,BOA VISTA,RUA AURORA,600,SUBURBIO,COLISÃO COM CICLISTA,COLISÃO C/VITIMA ENTRE UMA MOTO E UMA BICICLETA (V.T NO 29),,1,,1,,,,,,1,Longo da via,Bom,Perfeito estado,Seca,Perfeito estado,,,Única,Faixa
2020-01-03 00:00:00,08:04:00,SEM VÍTIMA,SÃO JOSÉ,AV SUL,260,CIDADE,COLISÃO TRASEIRA,COLISÃO S/VITIMAS ENTRE TRÊS AUTOS,3,,,,,,,,,0,Longo da via,Bom,Perfeito estado,Seca,Perfeito estado,Outras,,Dupla,Faixa contínua
2020-01-03 00:00:00,08:08:00,COM VÍTIMA,IBURA,LAD DA COHAB,,CIDADE,COLISÃO TRASEIRA,CAMINHÃO- AUTO E MOTO PONTO FIXO GM TORRES,1,1,,,,,1,,,1,Longo da via,Bom,Perfeito estado,Seca,Perfeito estado,Não há placas,,Dupla,Faixa contínua
2020-01-03 00:00:00,08:10:00,SEM VÍTIMA,IMBIRIBEIRA,AV GENERAL MAC ARTHUR,,,ABALROAMENTO LONGITUDINAL,ENGAVETAMENTO S/ VITIMA ENTRE TRES VEICULOS. GM RAMBALDI E MARCOS MAIA NO LOCAL,3,,,,,,,,,0,Longo da via,Bom,Perfeito estado,Seca,Perfeito estado,Não há placas,40 km/h,Única,Faixa seccionada
2020-01-03 00:00:00,08:29:00,SEM VÍTIMA,SAN MARTIN,RUA MANOEL VIEIRA,,,COLISÃO,MOTO E AUTO,1,1,,,,,,,,0,,,,,,,,,
2020-01-03 00:00:00,08:44:00,COM VÍTIMA,CABANGA,RUA NOVA DA CABANGA,,SUBURBIO,ABALROAMENTO LONGITUDINAL,MOTO E AUTO,1,1,,,,,,,,2,Longo da via,Bom,Perfeito estado,Seca,Perfeito estado,,,,
2020-01-03 00:00:00,09:06:00,COM VÍTIMA,BOA VIAGEM,AV ENGENHEIRO DOMINGOS FERREIRA,,SUBURBIO,COLISÃO TRASEIRA,COLISÃO SEM VITIMAS GM EDSON E DECIO QTH,1,,,,,1,,,,1,Longo da via,Bom,Perfeito estado,Seca,Perfeito estado,R-6a,,Única,Faixa seccionada
2020-01-03 00:00:00,09:16:00,SEM VÍTIMA,PINA,AV HERCULANO BANDEIRA,,SUBURBIO,COLISÃO TRASEIRA,COLISÃO SEM VITIMAS,2,,,,,,,,,0,Longo da via,Bom,Perfeito estado,Seca,Perfeito estado,Outras,,Única,Faixa contínua
2020-01-03 00:00:00,09:34:00,SEM VÍTIMA,,AV MARECHAL MASCARENHAS DE MORAES,,SUBURBIO,COLISÃO TRASEIRA,COLISAO S/ VITIMA ENTRE DOIS VEICULOS,2,,,,,,,,,0,Longo da via,Bom,Perfeito estado,Seca,,Não há placas,60 km/h,Dupla,Canteiro central
2020-01-03 00:00:00,09:42:00,SEM VÍTIMA,IMBIRIBEIRA,AV ANTONIO TORRES GALVAO,,,COLISÃO,COLISÃO SEM VITIMAS,,,,,,,1,1,,0,,,,,,,,,
2020-01-03 00:00:00,09:46:00,SEM VÍTIMA,IMBIRIBEIRA,RUA ALFREDO MARCONDES,,,COLISÃO TRASEIRA,COLISÃO SEM VITIMAS,1,,,,,,1,,,0,Longo da via,Bom,Incompleta,Seca,Perfeito estado,Não há placas,,Única,Faixa seccionada
2020-01-03 00:00:00,10:15:00,SEM VÍTIMA,AREIAS,AV IZABEL DE GOES,,,COLISÃO,CAMINHÃO E AUTO,1,,,,,,1,,,0,,,,,,,,,
2020-01-03 00:00:00,10:42:00,SEM VÍTIMA,TORRÕES,AV ENGENHEIRO ABDIAS DE CARVALHO,,SUBURBIO,COLISÃO TRASEIRA,COLISÃO SEM VITIMAS,4,,,,,,,,,0,Longo da via,Bom,Incompleta,Seca,Perfeito estado,R-6a,60 km/h,Única,Faixa seccionada
2020-01-03 00:00:00,10:48:00,SEM VÍTIMA,BOA VIAGEM,RUA PADRE BERNADINO PESSOA,,,CHOQUE VEÍCULO PARADO,COLISAO S/ VITIMA. ENTRE DOIS VEICULOS,2,,,,,,,,,0,Longo da via,Bom,Perfeito estado,Seca,Perfeito estado,Não há placas,30 km/h,Única,Faixa seccionada
2020-01-03 00:00:00,10:54:00,SEM VÍTIMA,AREIAS,AV RECIFE,497,SUBURBIO,ABALROAMENTO LONGITUDINAL,COLISÃO S/VITIMAS ENTRE UM ONIBUS E TRES AUTOS,3,,,,,1,,,,0,Longo da via,Bom,Perfeito estado,Seca,Perfeito estado,Não há placas,60 km/h,Dupla,Canteiro central
2020-01-03 00:00:00,11:41:00,SEM VÍTIMA,FUNDÃO,AV BEBERIBE,307,CIDADE,COLISÃO TRASEIRA,COLISÃO S/VITIMAS DOIS AUTOS,2,,,,,,,,,0,Longo da via,Bom,Perfeito estado,Seca,Perfeito estado,R-6a,50 km/h,Dupla,Blocos
2020-01-03 00:00:00,13:27:00,SEM VÍTIMA,BOA VIAGEM,RUA RIBEIRO DE BRITO,,SUBURBIO,ABALROAMENTO TRANSVERSAL,COLISÃO SEM VITIMA,2,,,,,,,,,0,Cruzamento,Bom,Perfeito estado,Seca,Perfeito estado,Não há placas,,Única,Faixa seccionada
2020-01-03 00:00:00,13:54:00,SEM VÍTIMA,SANTO AMARO,AV CRUZ CABUGA,343,,COLISÃO TRASEIRA,COLISÃO SEM VITIMA,1,,,,,1,,,,0,Longo da via,Bom,Perfeito estado,Seca,Perfeito estado,Outras,,,Faixa contínua
2020-01-03 00:00:00,14:04:00,COM VÍTIMA,BOA VIAGEM,AVENIDA CELSO FURTADO (VIA MANGUE),,CIDADE,ABALROAMENTO LONGITUDINAL,COLISÃO COM VITIMA/ 2 VITIMAS ...EQUIPE DO BOMBEIRO NO LOCAL,1,1,,,,,,,,2,Cruzamento,Bom,Perfeito estado,Seca,Perfeito estado,Não há placas,60 km/h,Dupla,Canteiro central
2020-01-03 00:00:00,14:19:00,COM VÍTIMA,APIPUCOS,RUA DOIS IRMAOS,535,CIDADE,COLISÃO TRASEIRA,COLISÃO COM VITIMA...AGUARDANDO SAMU,1,1,,,,,,,,1,Longo da via,Bom,Perfeito estado,Seca,Perfeito estado,Não há placas,,Dupla,Faixa contínua
2020-01-03 00:00:00,14:53:00,SEM VÍTIMA,CORDEIRO,AV CAXANGA,236,SUBURBIO,COLISÃO TRASEIRA,COLISÃO SEM VÍTIMA,2,,,,,,,,,0,Cruzamento,Bom,Perfeito estado,Seca,Perfeito estado,Outras,60 km/h,Única,Faixa seccionada
2020-01-03 00:00:00,15:24:00,SEM VÍTIMA,MADALENA,RUA REAL DA TORRE,179,SUBURBIO,COLISÃO TRASEIRA,COLISÃO SEM VITIMA,2,,,,,,,,,0,Cruzamento,Bom,Perfeito estado,Seca,Perfeito estado,,50 km/h,Única,Não existe
2020-01-03 00:00:00,15:46:00,COM VÍTIMA,DERBY,RUA HENRIQUE DIAS,68,CIDADE,ABALROAMENTO LONGITUDINAL,AUTO E MOTO.,1,1,,,,,,,,1,Cruzamento,Bom,Perfeito estado,Seca,Perfeito estado,R-6a,,Única,Faixa
2020-01-03 00:00:00,15:53:00,SEM VÍTIMA,BOA VIAGEM,AV DOM JOAO VI,543,CIDADE,COLISÃO TRASEIRA,COLISAO ENTRE AUTO E MOTO S/V,1,1,,,,,,,,0,Cruzamento,Bom,Perfeito estado,Seca,Perfeito estado,Não há placas,60 km/h,Dupla,Canteiro central
2020-01-03 00:00:00,16:49:00,SEM VÍTIMA,PRADO,RUA PANDIA CALOGERAS,,,ABALROAMENTO TRANSVERSAL,COLISÃO SEM VITIMA,1,,,,,1,,,,0,Longo da via,Bom,Não existente,Seca,Perfeito estado,Não há placas,,Única,Não existe
2020-01-03 00:00:00,17:05:00,SEM VÍTIMA,ÁGUA FRIA,EST VELHA DE AGUA FRIA,405,CIDADE,COLISÃO FRONTAL,COLISÃO SEM VÍTIMA,2,,,,,,,,1,0,Longo da via,Bom,Perfeito estado,Seca,Perfeito estado,,,Única,
2020-01-03 00:00:00,18:37:00,SEM VÍTIMA,CASA FORTE,RUA LEONARDO BEZERRA CAVALCANTE,,,ABALROAMENTO LONGITUDINAL,ENTRE DOIS AUTOS S/V,2,,,,,,,,,0,Longo da via,Bom,Perfeito estado,Seca,Perfeito estado,Não há placas,,Única,Faixa seccionada
2020-01-03 00:00:00,18:42:00,SEM VÍTIMA,ESPINHEIRO,AV JOAO DE BARROS,,SUBURBIO,ABALROAMENTO LONGITUDINAL,COLISAO SEM VITIMAS,2,,,,,,,,,0,Longo da via,Bom,Perfeito estado,Seca,Perfeito estado,R-6a,,Dupla,Canteiro central
2020-01-03 00:00:00,20:44:00,COM VÍTIMA,BARRO,AV DR JOSE RUFINO,,,ATROPELAMENTO,AUTO PASSEIO X PEDESTRE COM VÍTIMA,1,,,,1,,,,,1,,,,,,,,,
2020-01-03 00:00:00,21:23:00,SEM VÍTIMA,IMBIRIBEIRA,AV RECIFE,,SUBURBIO,COLISÃO TRASEIRA,ONIBUS X AUTO PASSEIO S/V,1,,,,,1,,,,0,,Bom,Perfeito estado,Seca,Perfeito estado,Outras,,Única,Faixa seccionada
2020-01-03 00:00:00,21:41:00,SEM VÍTIMA,GRAÇAS,AV CONS ROSA E SILVA,,SUBURBIO,COLISÃO FRONTAL,COLISAO SEM VITIMAS,1,1,,,,,,,,0,Longo da via,Bom,Perfeito estado,Seca,Perfeito estado,Não há placas,40 km/h,Única,Faixa seccionada
2020-01-03 00:00:00,21:54:00,SEM VÍTIMA,BOA VIAGEM,RUA DEZ DE JULHO,,SUBURBIO,COLISÃO TRASEIRA,ONIBUS X AUTO PASSEIO S/V,1,,,,,1,,,,0,Longo da via,Bom,Perfeito estado,Seca,Perfeito estado,Não há placas,,Única,Faixa seccionada
2020-01-03 00:00:00,23:42:00,SEM VÍTIMA,IPSEP,RUA VIRGINIA HERACLIO,,SUBURBIO,ABALROAMENTO LONGITUDINAL,COLISAO SEM VITIMAS,1,1,,,,,,,,0,Cruzamento,Bom,Incompleta,Seca,Mal iluminada,Não há placas,,Única,Não existe
2020-01-03 00:00:00,23:52:00,SEM VÍTIMA,AFOGADOS,RUA QUITERIO INACIO DE MELLO,333,CIDADE,ABALROAMENTO LONGITUDINAL,COLISAO SEM VITIMAS,1,,,,,,1,,,0,Longo da via,Bom,Perfeito estado,Seca,Perfeito estado,Não há placas,,Única,Faixa seccionada
2020-01-04 00:00:00,02:18:00,SEM VÍTIMA,BOA VIAGEM,RUA DEZ DE JULHO,573,CIDADE,ABALROAMENTO TRANSVERSAL,COLISAO SEM VITIMAS,2,,,,,,,,,0,Cruzamento,Bom,Perfeito estado,Seca,Perfeito estado,Não há placas,,Única,Faixa contínua
2020-01-04 00:00:00,08:23:00,SEM VÍTIMA,BOA VIAGEM,RUA ERNESTO DE PAULA SANTOS,,,COLISÃO,COLISÃO SEM VITIMA,2,,,,,,,,,0,,,,,,,,,
2020-01-04 00:00:00,08:34:00,SEM VÍTIMA,SÃO JOSÉ,RUA FLORIANO PEIXOTO,,CIDADE,ABALROAMENTO LONGITUDINAL,COLISÃO S/VITIMAS ENTRE DOIS AUTOS,2,,,,,,,,,0,Longo da via,Bom,Perfeito estado,Seca,Perfeito estado,R-6a,,Única,Faixa seccionada
2020-01-04 00:00:00,09:06:00,COM VÍTIMA,HIPÓDROMO,RUA PRUDENTE DE MORAES,,SUBURBIO,ABALROAMENTO TRANSVERSAL,COLISÃO COM VITIMA,1,1,,,,,,,,1,Cruzamento,Bom,Perfeito estado,Seca,Perfeito estado,Placas Pare,30 km/h,Dupla,Não existe
2020-01-04 00:00:00,10:10:00,SEM VÍTIMA,BOA VIAGEM,AV ENGENHEIRO DOMINGOS FERREIRA,217,SUBURBIO,ABALROAMENTO TRANSVERSAL,DOIS AUTOS,2,,,,,,,,,0,Cruzamento,Bom,Perfeito estado,Seca,Perfeito estado,R-6a,60 km/h,Única,Canteiro central
2020-01-04 00:00:00,11:23:00,SEM VÍTIMA,LINHA DO TIRO,RUA ALTO DOS COQUEIROS,,SUBURBIO,ABALROAMENTO LONGITUDINAL,COLISÃO SEM VITIMAS,,,,,,1,1,,,0,Longo da via,Bom,Incompleta,Seca,Perfeito estado,Não há placas,,Dupla,Não existe
2020-01-04 00:00:00,11:34:00,SEM VÍTIMA,SANTO AMARO,RUA TREZE DE MAIO,428,,ABALROAMENTO TRANSVERSAL,COLISÃO SEM VITIMA,1,,,,,1,,,,0,Cruzamento,Bom,Perfeito estado,Seca,Perfeito estado,Outras,40 km/h,Dupla,
2020-01-04 00:00:00,13:01:00,SEM VÍTIMA,DERBY,RUA DA BAIXA VERDE,,CIDADE,ABALROAMENTO TRANSVERSAL,COLISÃO SEM VÍTIMA,2,,,,,,,,,0,Cruzamento,Bom,Perfeito estado,Seca,Perfeito estado,R-6a,,Única,Não existe
2020-01-04 00:00:00,13:06:00,SEM VÍTIMA,MANGABEIRA,AV NORTE,364,CIDADE,CHOQUE OBJETO FIXO,CHOQUE NO CANTEIRO CENTRAL DERRUBANDO A CAIXA DO SEMÁFORO,1,,,,,,,,,0,Longo da via,Bom,Perfeito estado,Seca,Perfeito estado,R-6a,,Dupla,Faixa contínua
2020-01-04 00:00:00,13:52:00,SEM VÍTIMA,ESPINHEIRO,RUA CONS PORTELA,,SUBURBIO,ABALROAMENTO LONGITUDINAL,COLISÃO SEM VÍTIMA,2,,,,,,,,,0,Longo da via,Bom,Incompleta,Seca,Perfeito estado,,,Única,Faixa contínua
2020-01-04 00:00:00,14:31:00,SEM VÍTIMA,DERBY,RUA JORNALISTA PAULO BITTENCOURT,,CIDADE,ABALROAMENTO LONGITUDINAL,COLISÃO SEM VÍTIMA,2,,,,,,,,,0,Cruzamento,Bom,Perfeito estado,Seca,Perfeito estado,R-6a,,Dupla,Faixa seccionada
2020-01-04 00:00:00,15:11:00,SEM VÍTIMA,SANTO AMARO,AV GOVERNADOR AGAMENON MAGALHAES,49,,COLISÃO TRASEIRA,COLISÃO SEM VÍTIMA,3,,,,,,,,,0,Longo da via,Bom,Perfeito estado,Seca,,Outras,60 km/h,Única,Faixa seccionada
2020-01-04 00:00:00,15:12:00,COM VÍTIMA,IMBIRIBEIRA,RUA ARQUITETO LUIZ NUNES,,,ABALROAMENTO TRANSVERSAL,COLISÃO COM VITIMA ENTRE AUTO E MOTO.,1,1,,,,,,,,1,Longo da via,Bom,Perfeito estado,Seca,Perfeito estado,Não há placas,40 km/h,Dupla,Faixa contínua
2020-01-04 00:00:00,15:23:00,SEM VÍTIMA,BOA VISTA,RUA DA SANTA CRUZ,,,COLISÃO,COLISÃO SEM VÍTIMA,1,,,,,1,,,,0,,,,,,,,,
2020-01-04 00:00:00,15:33:00,SEM VÍTIMA,CAXANGÁ,AV CAXANGA,,CIDADE,COLISÃO TRASEIRA,COLISÃO SEM VÍTIMA,1,1,,,,,,,,0,Longo da via,Bom,Perfeito estado,Seca,Perfeito estado,R-6a,,Dupla,Faixa seccionada
2020-01-04 00:00:00,15:50:00,SEM VÍTIMA,MADALENA,RUA BENFICA,,CIDADE,ABALROAMENTO LONGITUDINAL,COLISÃO SEM VÍTIMA,2,,,,,,,,,0,,Bom,Perfeito estado,Seca,Perfeito estado,R-6a,40 km/h,Dupla,Faixa contínua
2020-01-04 00:00:00,15:51:00,SEM VÍTIMA,,AV JOAO DE BARROS,356,,ABALROAMENTO LONGITUDINAL,COLISAO ENTRE DOIS AUTOS S/V,2,,,,,,,,,0,Longo da via,Bom,Perfeito estado,Seca,Perfeito estado,Outras,,Única,Faixa contínua
2020-01-04 00:00:00,16:01:00,SEM VÍTIMA,CASA AMARELA,RUA CASA AMARELA,,SUBURBIO,ABALROAMENTO LONGITUDINAL,COLISAO ENTRE DOIS AUTOS S/V,2,,,,,,,,,0,Longo da via,Bom,Perfeito estado,Seca,Perfeito estado,Placas Pare,,Dupla,Não existe
2020-01-04 00:00:00,18:08:00,COM VÍTIMA,BOA VIAGEM,AV GENERAL MAC ARTHUR,,SUBURBIO,ABALROAMENTO LONGITUDINAL,ENTRE AUTO E MOTO COM VÍTIMA,1,1,,,,,,,,1,Longo da via,Bom,Perfeito estado,Seca,Perfeito estado,Não há placas,40 km/h,Única,Faixa seccionada
2020-01-04 00:00:00,18:22:00,SEM VÍTIMA,AREIAS,AV RECIFE,,CIDADE,COLISÃO TRASEIRA,COLISAO SEM VITIMAS,1,,,,,,1,,,0,Viaduto,Bom,Incompleta,Seca,,,,Dupla,Canteiro central
2020-01-04 00:00:00,19:29:00,SEM VÍTIMA,JARDIM SÃO PAULO,RUA LORENA,,SUBURBIO,CHOQUE OBJETO FIXO,COLISAO SEM VITIMAS,2,,,,,,,,,0,Cruzamento,Bom,Incompleta,Seca,Mal conservada,Não há placas,,Dupla,Não existe
2020-01-04 00:00:00,21:24:00,SEM VÍTIMA,IBURA,AV DOIS RIOS,,,COLISÃO,ENTRE 2 AUTOS. S/V,2,,,,,,,,,0,,,,,,,,,
2020-01-05 00:00:00,10:26:00,SEM VÍTIMA,BOA VIAGEM,RUA MARQUES DE VALENCA,,SUBURBIO,ABALROAMENTO LONGITUDINAL,COLISÃO SEM VTIMAS,2,,,,,,,,,0,Longo da via,Bom,Perfeito estado,Seca,Perfeito estado,Não há placas,,Dupla,Faixa seccionada
2020-01-05 00:00:00,11:46:00,SEM VÍTIMA,SANTO AMARO,PRC DO CAMPO SANTO,,,CHOQUE OBJETO FIXO,COLISÃO SEM VITIMA,,,,,,,,1,,0,,,,,,,,,
2020-01-05 00:00:00,13:14:00,SEM VÍTIMA,,AV CAXANGA,274,SUBURBIO,ABALROAMENTO TRANSVERSAL,COLISÃO SEM VITIMA,1,,,,,1,,,,0,Longo da via,Bom,Perfeito estado,Seca,Perfeito estado,Outras,60 km/h,Única,Faixa seccionada
2020-01-05 00:00:00,13:28:00,SEM VÍTIMA,GRAÇAS,RUA DO ESPINHEIRO,,CIDADE,ABALROAMENTO TRANSVERSAL,SEM VITIMAS,2,,,,,,,,,0,Longo da via,Bom,Perfeito estado,Seca,Perfeito estado,Outras,,Única,Faixa seccionada