data,hora,natureza,bairro,endereco,num_semaforo,sentido_via,tipo,auto,moto,ciclom,ciclista,pedestre,onibus,caminhao,viatura,outros,vitimas,vitimasfatais,acidente_verificado,tempo_clima,sinalizacao,condicao_via,conservacao_via,situacao_placa,velocidade_max_via,mao_direcao,divisao_via1
2020-01-21 00:00:00,19:19:00,SEM VÍTIMA,ENGENHO DO MEIO,RUA GOVERNADOR LOPO GARRO,,CIDADE,ABALROAMENTO TRANSVERSAL,COLISAO SEM VITMAS,2,,,,,,,,,0,Cruzamento,Bom,Incompleta,Seca,Perfeito estado,Não há placas,,Dupla,Não existe
2020-01-21 00:00:00,20:13:00,COM VÍTIMA,ENCRUZILHADA,AV NORTE,43,SUBURBIO,ABALROAMENTO TRANSVERSAL,VOYAGE X PCX MOTO,1,1,,,,,,,,1,Cruzamento,Bom,Perfeito estado,Seca,Perfeito estado,,40 km/h,Única,Não existe
2020-01-21 00:00:00,20:18:00,SEM VÍTIMA,TAMARINEIRA,RUA CONEGO BARATA,,SUBURBIO,COLISÃO TRASEIRA,PRISMA X ONIX,2,,,,,,,,,0,Longo da via,Chuvoso,Perfeito estado,Molhada,Perfeito estado,Não há placas,,Dupla,Canteiro central
2020-01-21 00:00:00,20:53:00,SEM VÍTIMA,BOA VIAGEM,RUA RIBEIRO DE BRITO,496,CIDADE,ABALROAMENTO LONGITUDINAL,COLISAO SEM VITIMAS,1,1,,,,,,,,0,Longo da via,Bom,Perfeito estado,Seca,Perfeito estado,Não há placas,,Única,Faixa seccionada
2020-01-21 00:00:00,21:52:00,SEM VÍTIMA,SANTO AMARO,AV GOVERNADOR AGAMENON MAGALHAES,37,SUBURBIO,ABALROAMENTO LONGITUDINAL,COLISAO SEM VITIMAS,1,,,,,,1,,,0,Longo da via,Bom,Perfeito estado,Seca,Perfeito estado,Outras,60 km/h,Dupla,Canteiro central
2020-01-21 00:00:00,22:25:00,SEM VÍTIMA,IPSEP,AV RECIFE,16,CIDADE,COLISÃO TRASEIRA,COLISAO SEM VITIMAS,3,,,,,,,,,0,Longo da via,Bom,Perfeito estado,Seca,Perfeito estado,Não há placas,,Dupla,Faixa contínua
2020-01-22 00:00:00,07:39:00,SEM VÍTIMA,SANTO AMARO,AV GOVERNADOR AGAMENON MAGALHAES,,,COLISÃO TRASEIRA,SEM VITIMAS,3,,,,,,,,,0,Longo da via,Bom,Perfeito estado,Molhada,Perfeito estado,Não há placas,60 km/h,Dupla,Faixa seccionada
2020-01-22 00:00:00,07:58:00,SEM VÍTIMA,IMBIRIBEIRA,AV MARECHAL MASCARENHAS DE MORAES,439,CIDADE,COLISÃO TRASEIRA,ENGAVETAMENTO ENTRE QUATRO VEICULOS. SEM VITIMA,4,,,,,,,,,0,Longo da via,Chuvoso,Perfeito estado,Molhada,Perfeito estado,Não há placas,60 km/h,Única,Faixa seccionada
2020-01-22 00:00:00,08:02:00,SEM VÍTIMA,SANTO AMARO,AV NORTE,,CIDADE,COLISÃO TRASEIRA,COLISÃO S/VITIMAS ENTRE DOIS AUTOS,2,,,,,,,,,0,Ponte,Chuvoso,Perfeito estado,Molhada,Perfeito estado,Não há placas,,Dupla,Faixa contínua
2020-01-22 00:00:00,08:20:00,SEM VÍTIMA,SANTO AMARO,RUA DOS PALMARES,,CIDADE,ABALROAMENTO LONGITUDINAL,COLISÃO S/VITIMAS ENTRE VEICULO E CAMINHAO,1,,,,,,1,,,0,Longo da via,Chuvoso,Perfeito estado,Molhada,Perfeito estado,Outras,,Dupla,Faixa seccionada
2020-01-22 00:00:00,08:31:00,SEM VÍTIMA,SAN MARTIN,AV GENERAL SAN MARTIN,,SUBURBIO,COLISÃO TRASEIRA,COLISAO S/ VITIMA. ENTRE DOIS VEICULOS,2,,,,,,,,,0,Longo da via,Bom,Perfeito estado,Seca,Perfeito estado,Outras,,Dupla,Faixa contínua
2020-01-22 00:00:00,08:56:00,SEM VÍTIMA,AFOGADOS,RUA VINTE E UM DE ABRIL,,SUBURBIO,ABALROAMENTO LONGITUDINAL,COLISAO S/ VITIMA. ENTRE DOIS VEICULOS,2,,,,,,,,,0,Longo da via,Bom,Perfeito estado,Seca,Perfeito estado,Outras,,Dupla,Faixa seccionada
2020-01-22 00:00:00,09:19:00,COM VÍTIMA,ILHA DO RETIRO,RUA SPORT CLUBE DO RECIFE,,SUBURBIO,COLISÃO,COM UMA VITIMA AGUARDANDO SAMU,1,1,,,,,,,,1,,,,,,,,,
2020-01-22 00:00:00,09:20:00,SEM VÍTIMA,SANTO ANTÔNIO,RUA DO SOL,14,,ABALROAMENTO LONGITUDINAL,COLISÃO S/VITIMAS ENTRE DOIS AUTOS (IDEMILSON E DIOLAI NO QTH),2,,,,,,,,,0,Cruzamento,Bom,Perfeito estado,Seca,Perfeito estado,Não há placas,,Única,Faixa seccionada
2020-01-22 00:00:00,09:25:00,SEM VÍTIMA,CORDEIRO,RUA ELIZEU CAVALCANTE,,,COLISÃO,SEM VITIMAS,1,,,,,,1,,,0,,,,,,,,,
2020-01-22 00:00:00,09:41:00,SEM VÍTIMA,IMBIRIBEIRA,RUA ANTONIO CARDOSO DA FONTE,,,ABALROAMENTO LONGITUDINAL,SEM VITIMAS,1,,,,,,1,,,0,Longo da via,Bom,Não existente,Molhada,Mal conservada,Não há placas,,Dupla,Não existe
2020-01-22 00:00:00,09:52:00,COM VÍTIMA,AFOGADOS,RUA VINTE E UM DE ABRIL,,SUBURBIO,ABALROAMENTO LONGITUDINAL,COLISÃO C/VITIMAS ENTRE UMA MOT E UM AUTO (V.T 17 NO QTH),1,1,,,,,,,,2,Longo da via,Bom,Não existente,Seca,Perfeito estado,Não há placas,,Dupla,Não existe
2020-01-22 00:00:00,09:59:00,SEM VÍTIMA,MADALENA,RUA BENFICA,,,COLISÃO,COLISAO S/ VITIMA. ENTRE DOIS VEICULOS. GM: BRANDEIRA E VALDILENE. PONTO FIXO NO LOCAL,2,,,,,,,,,0,,,,,,,,,
2020-01-22 00:00:00,10:06:00,SEM VÍTIMA,MACAXEIRA,AV NORTE,424,SUBURBIO,COLISÃO TRASEIRA,SEM VITIMAS,2,,,,,,,,,0,Longo da via,Bom,Perfeito estado,Seca,Perfeito estado,,,Única,Faixa seccionada
2020-01-22 00:00:00,11:33:00,SEM VÍTIMA,IPUTINGA,AV CAXANGA,,CIDADE,COLISÃO,COLISÃO S/VITIMAS ENTRE DOIS AUTOS (ADRIANO ALMEIDA E JOSENILDO BELO NO QTH),2,,,,,,,,,0,,,,,,,,,
2020-01-22 00:00:00,11:33:00,SEM VÍTIMA,BOA VISTA,AV GOVERNADOR AGAMENON MAGALHAES,68,,COLISÃO TRASEIRA,ONIBUS E AUTO PONTO FIXO GM´S JOAO VITOR E MAURICIO SANTOS,1,,,,,1,,,,0,Longo da via,Bom,Perfeito estado,Seca,Perfeito estado,,60 km/h,Dupla,Canal
2020-01-22 00:00:00,11:37:00,SEM VÍTIMA,GRAÇAS,RUA DOM BOSCO,174,SUBURBIO,ABALROAMENTO LONGITUDINAL,COLISÃO S/VITIMAS ENTRE DOIS AUTOS (GOLF MIKE E SUP INS PAULINO NO QTH),2,,,,,,,,,0,Cruzamento,Bom,Perfeito estado,Seca,Perfeito estado,Outras,60 km/h,Única,Não existe
2020-01-22 00:00:00,11:40:00,SEM VÍTIMA,BOA VIAGEM,RUA CORONEL SERGIO HENRIQUE CARDIM,,SUBURBIO,CHOQUE VEÍCULO PARADO,AUTO E CAMINHÃO,1,,,,,,1,,,0,Longo da via,Bom,Não existente,Seca,Perfeito estado,Não há placas,,Única,Não existe
2020-01-22 00:00:00,12:17:00,SEM VÍTIMA,CASA FORTE,AV DEZESSETE DE AGOSTO,,,ABALROAMENTO LONGITUDINAL,COLISÃO SEM VÍTIMA,2,,,,,,,,,0,,Bom,Perfeito estado,Seca,Perfeito estado,,,Dupla,
2020-01-22 00:00:00,12:47:00,SEM VÍTIMA,CORDEIRO,AV CAXANGA,,,COLISÃO,COLISAO SEM VITIMAS,2,,,,,,,,,0,,,,,,,,,
2020-01-22 00:00:00,13:13:00,SEM VÍTIMA,BOMBA DO HEMETÉRIO,RUA BOMBA DO HEMETERIO,,SUBURBIO,ABALROAMENTO LONGITUDINAL,COLISÃO SEM VITIMA,1,,,,,1,,,,0,Longo da via,Bom,Perfeito estado,Seca,Perfeito estado,Outras,,Dupla,Faixa seccionada
2020-01-22 00:00:00,14:04:00,COM VÍTIMA,BOA VIAGEM,AV ENGENHEIRO DOMINGOS FERREIRA,,SUBURBIO,ABALROAMENTO TRANSVERSAL,COM VITIMA,1,,,,,1,,,,2,Longo da via,Bom,Perfeito estado,Seca,Perfeito estado,R-6a,,Única,Faixa seccionada
2020-01-22 00:00:00,14:11:00,SEM VÍTIMA,BOA VISTA,RUA DAS NINFAS,83,SUBURBIO,ABALROAMENTO LONGITUDINAL,COLISÃO SEM VITIMA,2,,,,,,,,,0,Longo da via,Bom,Perfeito estado,Seca,Perfeito estado,Outras,,Dupla,Faixa contínua
2020-01-22 00:00:00,14:24:00,SEM VÍTIMA,BOA VISTA,RUA DO RIACHUELO,92,CIDADE,COLISÃO TRASEIRA,COLISAO SEM VITIMAS,4,,,,,,,,,0,Longo da via,Bom,Perfeito estado,Seca,Perfeito estado,R-6a,,Única,Não existe
2020-01-22 00:00:00,14:26:00,COM VÍTIMA,MADALENA,RUA MONSENHOR JULIO MARIA,,ABDIAS DE CARVALHO,ABALROAMENTO LONGITUDINAL,COLISÃO COM VITIMA,1,1,,,,,,,,1,Longo da via,Bom,Perfeito estado,Seca,Perfeito estado,,,Única,Não existe
2020-01-22 00:00:00,15:41:00,SEM VÍTIMA,ÁGUA FRIA,AV BEBERIBE,307,,COLISÃO,COLISAO SEM VITIMAS,1,,,,,1,,,,0,,,,,,,,,
2020-01-22 00:00:00,16:08:00,COM VÍTIMA,CABANGA,AV SATURNINO DE BRITO,,SUBURBIO,COLISÃO TRASEIRA,AUTO E MOTO COM VÍTIMA,1,1,,,,,,,,1,Longo da via,Bom,Perfeito estado,Seca,Perfeito estado,Não há placas,30 km/h,Única,Faixa contínua
2020-01-22 00:00:00,16:22:00,SEM VÍTIMA,TEJIPIÓ,AV DR JOSE RUFINO,,CIDADE,COLISÃO TRASEIRA,COLISAO SEM VITMAS,2,,,,,,,,,0,Longo da via,Bom,Perfeito estado,Seca,Perfeito estado,Outras,,Dupla,Faixa contínua
2020-01-22 00:00:00,16:36:00,SEM VÍTIMA,VÁRZEA,PRC PINTO DAMASO,,SUBURBIO,ABALROAMENTO TRANSVERSAL,COLISÃO SEM VÍTIMA,2,,,,,,,,,0,Longo da via,Bom,Não existente,Seca,Mal conservada,Não há placas,,Única,Não existe
2020-01-22 00:00:00,16:44:00,COM VÍTIMA,SÃO JOSÉ,PRC DAS CINCO PONTAS,,SUBURBIO,CHOQUE OBJETO FIXO,,,1,,,,,,,,1,Longo da via,Bom,Perfeito estado,Seca,Perfeito estado,R-4b,,Dupla,Canteiro central
2020-01-22 00:00:00,18:02:00,SEM VÍTIMA,BOA VIAGEM,RUA BARAO DE SOUZA LEAO,,SUBURBIO,ABALROAMENTO LONGITUDINAL,GOL X MOTO,1,1,,,,,,,,0,Longo da via,Bom,Perfeito estado,Seca,Perfeito estado,Não há placas,30 km/h,Única,Faixa seccionada
2020-01-22 00:00:00,18:20:00,SEM VÍTIMA,IMBIRIBEIRA,RUA ITAJAI,,,CHOQUE OBJETO FIXO,CAMINHÃO SE CHOCOU CONTRA O POSTE- CAUSANDO A QUEDA DO MESMO. O POSTE ESTA OCUPANDO A VIA INTEIRA E O VEÍCULO SE EVADIU DO LOCAL.,,,,,,,1,,,0,,,,,,,,,
2020-01-22 00:00:00,19:12:00,SEM VÍTIMA,BOA VISTA,RUA GERVASIO PIRES,41,,ABALROAMENTO LONGITUDINAL,HB 20 X COBALT,2,,,,,,,,,0,Longo da via,Bom,Perfeito estado,Seca,Perfeito estado,Não há placas,,Única,Não existe
2020-01-22 00:00:00,19:52:00,SEM VÍTIMA,BOA VISTA,RUA JOSE DE ALENCAR,,,ABALROAMENTO TRANSVERSAL,ENTRE 2 AUTOS. S/V,2,,,,,,,,,0,Cruzamento,Bom,Perfeito estado,Seca,Perfeito estado,Placas Pare,30 km/h,Única,Não existe
2020-01-22 00:00:00,20:22:00,SEM VÍTIMA,CAÇOTE,RUA GUARACI,,SUBURBIO,CHOQUE VEÍCULO PARADO,CAMINHÃO ACABOU SE CHOCANDO CONTRA O VEÍCULO ESTACIONAD. S/V,1,,,,,,1,,,0,Longo da via,Bom,Não existente,Seca,Perfeito estado,Não há placas,,Dupla,Não existe
2020-01-23 00:00:00,00:43:00,SEM VÍTIMA,SÃO JOSÉ,RUA IMPERIAL,,SUBURBIO,CHOQUE OBJETO FIXO,VEÍCULO CHOCOU-SE CONTRA O POSTE- DEIXANDO O MESMO FRÁGIL- COM RISCO DE QUEDA.,1,,,,,,,,,0,Longo da via,Bom,Perfeito estado,Seca,Perfeito estado,Não há placas,,Única,Faixa seccionada
2020-01-23 00:00:00,01:00:00,SEM VÍTIMA,BOA VIAGEM,RUA DEZ DE JULHO,,,ABALROAMENTO TRANSVERSAL,COLISÃO ENTRE AUTO E VAN- S/V,1,,,,,1,,,,0,Cruzamento,Bom,Perfeito estado,Seca,Perfeito estado,Placas Pare,60 km/h,Única,Faixa seccionada
2020-01-23 00:00:00,07:32:00,SEM VÍTIMA,MACAXEIRA,RUA ESTER,,,COLISÃO,DOIS AUTOS,2,,,,,,,,,0,,,,,,,,,
2020-01-23 00:00:00,07:34:00,COM VÍTIMA,BOA VISTA,RUA AURORA,22,CIDADE,TOMBAMENTO,MOTO PCF2822 - ÓLEO NA VIA E O CONDUTOR CAIU DEVIDO AO ÓLEO,,1,,,,,,,,1,Cruzamento,Bom,Perfeito estado,Oleosa,Perfeito estado,Não há placas,40 km/h,Única,Faixa contínua
2020-01-23 00:00:00,09:35:00,SEM VÍTIMA,ILHA JOANA BEZERRA,,38,SUBURBIO,COLISÃO TRASEIRA,DOIS AUTOS,2,,,,,,,,,0,Longo da via,Bom,Perfeito estado,Seca,Perfeito estado,R-6c,,Dupla,Canteiro central
2020-01-23 00:00:00,10:19:00,SEM VÍTIMA,PRADO,EST DOS REMEDIOS,,,COLISÃO TRASEIRA,,2,,,,,,,,,0,Longo da via,Bom,Perfeito estado,Seca,Perfeito estado,R-6a,,Única,Faixa contínua
2020-01-23 00:00:00,10:35:00,SEM VÍTIMA,BAIRRO DO RECIFE,CAIS DO APOLO,340,CIDADE,COLISÃO TRASEIRA,DOIS AUTOS,2,,,,,,,,,0,Longo da via,Bom,Perfeito estado,Seca,Perfeito estado,Outras,,Dupla,Faixa contínua
2020-01-23 00:00:00,11:03:00,SEM VÍTIMA,SANTO AMARO,AV GOVERNADOR AGAMENON MAGALHAES,378,,ABALROAMENTO LONGITUDINAL,SEM VITIMAS,1,,,,,1,,,,0,Cruzamento,Bom,Perfeito estado,Seca,Perfeito estado,,60 km/h,Dupla,Canteiro central
2020-01-23 00:00:00,11:15:00,SEM VÍTIMA,ILHA DO RETIRO,AV ENGENHEIRO ABDIAS DE CARVALHO,,,COLISÃO,DOIS AUTOS,2,,,,,,,,,0,,,,,,,,,
2020-01-23 00:00:00,11:25:00,COM VÍTIMA,CAXANGÁ,AV CAXANGA,,CIDADE,COLISÃO,DUAS MOTOS E AUTO GM JOSENILSON FARIAS PONTO FIXO,1,2,,,,,,,,2,Longo da via,Bom,Perfeito estado,Seca,Perfeito estado,,,,
2020-01-23 00:00:00,11:33:00,SEM VÍTIMA,,RUA GASTAO VIDIGAL,,SUBURBIO,COLISÃO TRASEIRA,DOIS AUTOS,2,,,,,,,,,0,Longo da via,Bom,Perfeito estado,Seca,Perfeito estado,Não há placas,,Dupla,Faixa contínua
2020-01-23 00:00:00,12:31:00,COM VÍTIMA,PINA,AVENIDA CELSO FURTADO (VIA MANGUE),,CIDADE,COLISÃO TRASEIRA,COLISAO COM VITIMAS,,1,,,,,,,,1,Longo da via,Bom,Perfeito estado,Seca,Perfeito estado,R-19,60 km/h,Dupla,Canteiro central
2020-01-23 00:00:00,12:59:00,SEM VÍTIMA,ENCRUZILHADA,AV JOAO DE BARROS,,,COLISÃO,COLISÃO SEM VÍTIMA,2,,,,,,,,,0,,,,,,,,,
2020-01-23 00:00:00,13:21:00,SEM VÍTIMA,TORRE,RUA ANTONIO DE PADUA M FERNANDES,,,CHOQUE VEÍCULO PARADO,COLISAO SEM VITIMAS,1,,,,,,1,,,0,Longo da via,Bom,Não existente,Seca,Perfeito estado,Não há placas,,Dupla,Não existe
2020-01-23 00:00:00,14:11:00,SEM VÍTIMA,MACAXEIRA,AV NORTE,,SUBURBIO,COLISÃO,COLISÃO SEM VÍTIMA,1,,,,,,1,,,0,,,,,,,,,
2020-01-23 00:00:00,14:11:00,COM VÍTIMA,JORDÃO,AV DONA CARENTINA,581,SUBURBIO,COLISÃO TRASEIRA,COLISÃO COM VITIMA,,2,,,,,,,,2,Longo da via,Bom,Perfeito estado,Seca,Perfeito estado,Não há placas,,Dupla,Não existe
2020-01-23 00:00:00,14:49:00,SEM VÍTIMA,ILHA DO RETIRO,RUA SPORT CLUBE DO RECIFE,355,SUBURBIO,ABALROAMENTO LONGITUDINAL,COLISÃO SEM VITIMA,2,,,,,,,,,0,,Bom,Ilegível,Seca,Perfeito estado,Não há placas,40 km/h,Única,Faixa seccionada
2020-01-23 00:00:00,15:54:00,COM VÍTIMA,ENCRUZILHADA,AV BEBERIBE,,CIDADE,COLISÃO,AUTO E MOTOCICLETA,1,1,,,,,,,,1,Longo da via,Bom,Perfeito estado,Seca,Perfeito estado,Não há placas,,Dupla,Faixa contínua
2020-01-23 00:00:00,16:16:00,SEM VÍTIMA,JARDIM SÃO PAULO,AV CENTRAL,,SUBURBIO,ABALROAMENTO LONGITUDINAL,COLISÃO SEM VITIMA,1,,,,,1,,,,0,Longo da via,Bom,Perfeito estado,Seca,Perfeito estado,Não há placas,30 km/h,Única,Não existe
2020-01-23 00:00:00,16:38:00,SEM VÍTIMA,BOA VIAGEM,RUA VISCONDE DE JEQUITINHONHA,,SUBURBIO,ABALROAMENTO TRANSVERSAL,COLISÃO SEM VITIMA,2,,,,,,,,,0,,Bom,Perfeito estado,Seca,Perfeito estado,Placas Pare,30 km/h,Única,Faixa seccionada
2020-01-23 00:00:00,17:02:00,SEM VÍTIMA,PINA,AV HERCULANO BANDEIRA,,SUBURBIO,COLISÃO TRASEIRA,COLISÃO SEM VITIMA,2,,,,,,,,,0,Longo da via,Bom,Perfeito estado,Seca,Perfeito estado,Não há placas,,Única,Faixa seccionada
2020-01-23 00:00:00,17:42:00,SEM VÍTIMA,SANTO ANTÔNIO,RUA IMPERADOR PEDRO SEGUNDO,,CIDADE,ABALROAMENTO LONGITUDINAL,COLISÃO SEM VÍTIMA,1,,,,,,1,,,0,Longo da via,Bom,Perfeito estado,Seca,Perfeito estado,Não há placas,,Única,Faixa seccionada
2020-01-23 00:00:00,18:47:00,SEM VÍTIMA,BOA VIAGEM,RUA FRANCISCO DA CUNHA,,SUBURBIO,ABALROAMENTO LONGITUDINAL,HRV X TAXI,2,,,,,,,,,0,Cruzamento,Bom,Perfeito estado,Seca,Perfeito estado,Placas Pare,,Única,Não existe
2020-01-23 00:00:00,19:21:00,SEM VÍTIMA,IPUTINGA,AV CAXANGA,228,CIDADE,COLISÃO TRASEIRA,COLISAO SEM VITIMAS,2,,,,,,,,,0,Longo da via,Bom,Perfeito estado,Seca,Mal iluminada,Outras,,Dupla,Canteiro central
2020-01-23 00:00:00,19:25:00,SEM VÍTIMA,BOA VIAGEM,RUA DONA BENVINDA DE FARIAS,,,COLISÃO,COLISAO SEM VITIMAS,2,,,,,,,,,0,,,,,,,,,
2020-01-23 00:00:00,21:17:00,SEM VÍTIMA,DERBY,RUA JENER DE SOUZA,418,CIDADE,ABALROAMENTO LONGITUDINAL,COLISAO SEM VITIMAS,1,,,,,,1,,,0,Longo da via,Bom,Perfeito estado,Seca,Perfeito estado,Outras,,Única,Faixa contínua
2020-01-23 00:00:00,22:11:00,SEM VÍTIMA,BOA VIAGEM,AV MARECHAL JUAREZ TAVORA,,SUBURBIO,COLISÃO TRASEIRA,COLISAO SEM VITIMAS,2,,,,,,,,,0,Longo da via,Bom,Perfeito estado,Seca,Perfeito estado,Não há placas,,Única,Faixa seccionada
2020-01-23 00:00:00,22:23:00,COM VÍTIMA,ESPINHEIRO,RUA DO ESPINHEIRO,,CIDADE,ABALROAMENTO TRANSVERSAL,COLISAO COM VITIMAS,1,1,,,,,,,,1,Cruzamento,Bom,Incompleta,Seca,Perfeito estado,R-6a,,Única,Faixa contínua
2020-01-24 00:00:00,07:55:00,SEM VÍTIMA,TAMARINEIRA,AV CONS ROSA E SILVA,61,,COLISÃO TRASEIRA,COLISAO S/ VITIMA. MOTO E VEICULO. GM: ALISON SANTOS PONTO FIXO NO LOCAL,1,1,,,,,,,,0,Cruzamento,Bom,Perfeito estado,Seca,Perfeito estado,Não há placas,60 km/h,Única,Não existe
2020-01-24 00:00:00,08:39:00,COM VÍTIMA,IPUTINGA,AV CAXANGA,,CIDADE,COLISÃO TRASEIRA,COLISÃO C/VITIMAS ENTRE DUAS MOTOS (V.T 15 NO QTH),,2,,,,,,,,1,Longo da via,Bom,Perfeito estado,Seca,Perfeito estado,Outras,,Dupla,Faixa contínua
2020-01-24 00:00:00,09:25:00,SEM VÍTIMA,CORDEIRO,RUA DELMIRO GOUVEIA,422,CEASA,COLISÃO,COLISAO S/ VITIMA. ONIBUS E VEICULO,1,,,,,1,,,,0,,,,,,,,,
2020-01-24 00:00:00,10:02:00,SEM VÍTIMA,DERBY,RUA HENRIQUE DIAS,,,COLISÃO,COLISAO S/ VITIMA. ENTRE MOTO E VEICULO,1,1,,,,,,,,0,,,,,,,,,
2020-01-24 00:00:00,10:45:00,SEM VÍTIMA,TORRÕES,RUA ANTONIO CARLOS,,SUBURBIO,ABALROAMENTO LONGITUDINAL,CAMINHAO DE LIXO E AUTO PASSEIO,1,,,,,,1,,,0,Longo da via,Bom,Incompleta,Seca,Perfeito estado,Não há placas,,Única,Não existe
2020-01-24 00:00:00,11:14:00,SEM VÍTIMA,PINA,AV HERCULANO BANDEIRA,,SUBURBIO,COLISÃO FRONTAL,ONIBUS E AUTO,1,,,,,1,,,,0,Longo da via,Bom,Perfeito estado,Seca,Perfeito estado,Não há placas,60 km/h,Única,Faixa seccionada
2020-01-24 00:00:00,11:18:00,SEM VÍTIMA,CORDEIRO,RUA CAMBUCI,,,COLISÃO,COLISÃO S/VITIMAS ENTRE DOIS AUTOS,2,,,,,,,,,0,,,,,,,,,
2020-01-24 00:00:00,11:19:00,SEM VÍTIMA,DERBY,RUA HENRIQUE DIAS,,CIDADE,ABALROAMENTO LONGITUDINAL,AUTO E MOTO,1,1,,,,,,,,0,Longo da via,Bom,Perfeito estado,Seca,Perfeito estado,Não há placas,,Única,Faixa seccionada
2020-01-24 00:00:00,11:31:00,SEM VÍTIMA,SANTO AMARO,AV GOVERNADOR AGAMENON MAGALHAES,,,ABALROAMENTO LONGITUDINAL,COLISÃO S/VITIMAS ENTRE UM AUTO E CAMINHÃO,1,,,,,,1,,,0,Longo da via,Bom,Perfeito estado,Seca,Perfeito estado,R-6a,,Dupla,Canteiro central
2020-01-24 00:00:00,11:56:00,SEM VÍTIMA,GRAÇAS,AV GOVERNADOR AGAMENON MAGALHAES,173,,COLISÃO TRASEIRA,COLISÃO SEM VITIMA,2,,,,,,,,,0,Cruzamento,Bom,Perfeito estado,Seca,Perfeito estado,Outras,60 km/h,Dupla,Faixa contínua
2020-01-24 00:00:00,12:47:00,SEM VÍTIMA,CASA AMARELA,AV PROFESSOR JOSE DOS ANJOS,364,SUBURBIO,ABALROAMENTO LONGITUDINAL,COLISAO S/ VITIMA. CARRETA E VEICULO. VT: 21 NO LOCAL GM: JULIO SANTOS,1,,,,,,1,,,0,Cruzamento,Bom,Perfeito estado,Seca,Perfeito estado,Outras,,Única,Faixa seccionada
2020-01-24 00:00:00,13:21:00,COM VÍTIMA,AFOGADOS,RUA SAO MIGUEL,,SUBURBIO,COLISÃO TRASEIRA,CAMINHÃO X MOTO COM VITIMA,,1,,,,,1,,,1,Longo da via,Bom,Perfeito estado,Seca,Perfeito estado,R-6a,,Dupla,Faixa contínua
2020-01-24 00:00:00,13:44:00,SEM VÍTIMA,BAIRRO DO RECIFE,RUA MADRE DEUS,477,SUBURBIO,COLISÃO TRASEIRA,TRÊS AUTOS S/V,1,,,,,,,,1,0,Longo da via,Bom,Perfeito estado,Seca,Perfeito estado,,,Única,Blocos
2020-01-24 00:00:00,13:52:00,COM VÍTIMA,ROSARINHO,AV NORTE,456,SUBURBIO,COLISÃO COM CICLISTA,COLISAO COM CICLISTA COM VITIMA,1,,,1,,,,,,1,Longo da via,Bom,Perfeito estado,Seca,Perfeito estado,Outras,,Dupla,Canteiro central
2020-01-24 00:00:00,14:13:00,SEM VÍTIMA,IBURA,AV RECIFE,,CIDADE,COLISÃO TRASEIRA,COLISÃO SEM VITIMA,2,,,,,,,,,0,Longo da via,Bom,Perfeito estado,Seca,Perfeito estado,R-6a,,Dupla,Canteiro central
2020-01-24 00:00:00,14:32:00,SEM VÍTIMA,IPSEP,RUA ADERBAL DE MELO,,CIDADE,ABALROAMENTO LONGITUDINAL,COLISÃO SEM VITIMA,2,,,,,,,,,0,Cruzamento,Bom,Não existente,Seca,Perfeito estado,Não há placas,,Dupla,Não existe
2020-01-24 00:00:00,14:45:00,SEM VÍTIMA,DERBY,RUA DR SEVERINO PINHEIRO,,CIDADE,ABALROAMENTO LONGITUDINAL,COLISAO S/ VITIMA. ENTRE ONIBUS E VEICULO. GM: CELIO LUIZ PONTO FIXO NO LOCAL,1,,,,,1,,,,0,Longo da via,Bom,Perfeito estado,Seca,Perfeito estado,Não há placas,60 km/h,Dupla,Canteiro central
2020-01-24 00:00:00,15:21:00,SEM VÍTIMA,BOA VIAGEM,RUA VISCONDE DE JEQUITINHONHA,,,COLISÃO,COLISAO SEM VITIMAS,2,,,,,,,,,0,,,,,,,,,
2020-01-24 00:00:00,15:31:00,SEM VÍTIMA,PARNAMIRIM,AV PARNAMIRIM,460,CIDADE,ABALROAMENTO LONGITUDINAL,COLISAO SEM VITIMAS,,1,,,,1,,,,0,Longo da via,Chuvoso,Perfeito estado,Molhada,Perfeito estado,Não há placas,,Única,Faixa contínua