data,hora,natureza,bairro,endereco,num_semaforo,sentido_via,tipo,auto,moto,ciclom,ciclista,pedestre,onibus,caminhao,viatura,outros,vitimas,vitimasfatais,acidente_verificado,tempo_clima,sinalizacao,condicao_via,conservacao_via,situacao_placa,velocidade_max_via,mao_direcao,divisao_via1
2020-01-24 00:00:00,15:32:00,COM VÍTIMA,CORDEIRO,AV CAXANGA,,SUBURBIO,TOMBAMENTO,VT-17 (INSP ANTONIO) PRESENCIOU QUEDA DO MOTOCICLISTA,,1,,,,,,,,1,Longo da via,Chuvoso,Perfeito estado,Seca,Perfeito estado,R-6a,,Dupla,Canteiro central
2020-01-24 00:00:00,15:49:00,SEM VÍTIMA,BAIRRO DO RECIFE,CAIS DO APOLO,19,SUBURBIO,COLISÃO TRASEIRA,ENTRE ONIBUS X AUTO PASSEIO S/V,1,,,,,1,,,,0,Longo da via,Bom,Perfeito estado,Seca,Perfeito estado,Outras,,Dupla,Canteiro central
2020-01-24 00:00:00,15:52:00,SEM VÍTIMA,AFLITOS,RUA DAS CREOULAS,102,CIDADE,ABALROAMENTO LONGITUDINAL,ENTRE DOIS AUTOS S/V,2,,,,,,,,,0,Cruzamento,Bom,Perfeito estado,Seca,Perfeito estado,,,Única,
2020-01-24 00:00:00,16:09:00,SEM VÍTIMA,CORDEIRO,RUA ODETE MONTEIRO,,,COLISÃO,COLISÃO SEM VITIMA,2,,,,,,,,,0,,,,,,,,,
2020-01-24 00:00:00,16:10:00,SEM VÍTIMA,TAMARINEIRA,AV NORTE,62,CIDADE,COLISÃO TRASEIRA,ENTRE DOIS AUTOS S/V,2,,,,,,,,,0,,Chuvoso,Perfeito estado,Seca,Perfeito estado,R-6a,,Dupla,Faixa contínua
2020-01-24 00:00:00,16:32:00,COM VÍTIMA,TAMARINEIRA,RUA PADRE ROMA,61,,COLISÃO COM CICLISTA,AUTO PASSEIO X CICLISTA,1,,,1,,,,,,1,Cruzamento,Bom,Perfeito estado,Seca,Perfeito estado,Outras,,Única,Faixa seccionada
2020-01-24 00:00:00,16:48:00,SEM VÍTIMA,MADALENA,RUA BENFICA,,CIDADE,ABALROAMENTO LONGITUDINAL,COLISÃO SEM VITIMA,2,,,,,,,,,0,Longo da via,Bom,Perfeito estado,Seca,Perfeito estado,Outras,,Única,Faixa seccionada
2020-01-24 00:00:00,16:49:00,SEM VÍTIMA,IBURA,AV DOIS RIOS,,CIDADE,ABALROAMENTO LONGITUDINAL,COLISAO S/ VITIMA. ONIBUS E MOTO,,1,,,,1,,,,0,Cruzamento,Bom,Perfeito estado,Seca,Perfeito estado,Placas Pare,,,
2020-01-24 00:00:00,18:09:00,COM VÍTIMA,BOA VIAGEM,RUA BALTAZAR PASSOS,,,ABALROAMENTO LONGITUDINAL,ENTRE AUTO E MOTO. C/V,1,1,,,,,,,,1,Longo da via,Bom,Perfeito estado,Seca,Perfeito estado,Outras,,Única,Faixa seccionada
2020-01-24 00:00:00,18:05:00,SEM VÍTIMA,IBURA,RUA MARECHAL TAUMATURGO,,SUBURBIO,CHOQUE VEÍCULO PARADO,COLISAO COM VITIMAS,2,,,,,,,,,0,Longo da via,Bom,Perfeito estado,Seca,Perfeito estado,Não há placas,,Dupla,Não existe
2020-01-24 00:00:00,19:01:00,SEM VÍTIMA,CORDEIRO,RUA GOMES TABORDA,,,COLISÃO,COLISAO SEM VITIMAS,3,,,,,,,,,0,,,,,,,,,
2020-01-24 00:00:00,19:20:00,SEM VÍTIMA,BOA VISTA,AV CONDE DA BOA VISTA,,,ABALROAMENTO LONGITUDINAL,COLISAO SEM VITIMAS,1,,,,,1,,,,0,Longo da via,Bom,Perfeito estado,Seca,Perfeito estado,Outras,,Dupla,Canteiro central
2020-01-24 00:00:00,19:44:00,SEM VÍTIMA,BOA VIAGEM,RUA VISCONDE DE JEQUITINHONHA,,CIDADE,ABALROAMENTO LONGITUDINAL,ENTRE 2 AUTOS. S/V,2,,,,,,,,,0,Longo da via,Bom,Perfeito estado,Seca,Perfeito estado,Não há placas,40 km/h,Única,Não existe
2020-01-24 00:00:00,19:55:00,COM VÍTIMA,SÃO JOSÉ,CAIS DA DETENCAO,,CIDADE,ATROPELAMENTO,ATROPELAMENTO ENTRE AUTO E PEDESTRE. O CONDUTOR SE EVADIU DO LOCAL. VÍTIMA SE ENCONTRA NA VIA- AGUARDANDO A PRESENÇA DO SAMU,1,,,,1,,,,,1,Longo da via,Bom,Perfeito estado,Seca,Perfeito estado,R-6a,40 km/h,Única,
2020-01-24 00:00:00,21:14:00,COM VÍTIMA,CASA FORTE,AV DEZESSETE DE AGOSTO,251,CIDADE,ABALROAMENTO TRANSVERSAL,ENTRE MOTO E AUTO. C/V,1,1,,,,,,,,1,Outros,Bom,Incompleta,Seca,Perfeito estado,Não há placas,,Dupla,Faixa contínua
2020-01-24 00:00:00,21:15:00,SEM VÍTIMA,AFOGADOS,RUA PADRE TEOFILO TWORZ,503,SUBURBIO,ABALROAMENTO LONGITUDINAL,COLISAO SEM VITIMAS,2,,,,,,,,,0,Cruzamento,Bom,Perfeito estado,Seca,Perfeito estado,Outras,,Única,Faixa seccionada
2020-01-24 00:00:00,22:04:00,SEM VÍTIMA,SÃO JOSÉ,RUA N S DO CARMO,203,CIDADE,ABALROAMENTO LONGITUDINAL,COLISAO SEM VITIMAS,2,,,,,,,,,0,Longo da via,Bom,Perfeito estado,Seca,Perfeito estado,Não há placas,,Dupla,Faixa contínua
2020-01-25 00:00:00,03:47:00,COM VÍTIMA,IMBIRIBEIRA,AV PRESIDENTE DUTRA,,SUBURBIO,COLISÃO COM CICLISTA,COLISÃO ENTRE AUTO E BICICLETA- C/V,1,,,1,,,,,,1,Longo da via,Bom,Perfeito estado,Seca,Perfeito estado,Outras,,Dupla,Faixa seccionada
2020-01-25 00:00:00,07:26:00,COM VÍTIMA,ÁGUA FRIA,AV BEBERIBE,,SUBURBIO,COLISÃO COM CICLISTA,ONIBUS E CICLISTA,,,,1,,1,,,,1,Longo da via,Bom,Perfeito estado,Seca,Perfeito estado,Outras,,Dupla,Faixa contínua
2020-01-25 00:00:00,08:11:00,SEM VÍTIMA,BOA VIAGEM,RUA JOAO CARDOSO AIRES,478,SUBURBIO,COLISÃO TRASEIRA,COLISÃO S/VITIMAS ENTRE DOIS AUTOS (V.T 18 NO QTH),2,,,,,,,,,0,Longo da via,Bom,Perfeito estado,Seca,Perfeito estado,R-6a,,Única,Faixa seccionada
2020-01-25 00:00:00,08:46:00,SEM VÍTIMA,PINA,PTE GOVERNADOR PAULO GUERRA,,SUBURBIO,COLISÃO COM CICLISTA,,1,,,1,,,,,,0,Longo da via,Bom,Perfeito estado,Seca,Perfeito estado,Outras,60 km/h,Única,Faixa seccionada
2020-01-25 00:00:00,09:16:00,COM VÍTIMA,AFOGADOS,RUA SAO MIGUEL,300,CIDADE,ABALROAMENTO LONGITUDINAL,COLISAO COM VITIMA. ENTRE ONIBUS E MOTO. GM: GERLANE VT: 20 ISP: SILVAN GCM: FELIPE BARRETO NO LOCAL,,1,,,,1,,,,1,Longo da via,Bom,Perfeito estado,Seca,Perfeito estado,R-6a,,Única,
2020-01-25 00:00:00,10:42:00,SEM VÍTIMA,BOA VISTA,RUA PRINCESA IZABEL,31,CIDADE,ABALROAMENTO LONGITUDINAL,COLISÃO S/VITIMAS ENTRE UMA MOTO E UM AUTO (V.T 24 NO QTH),1,1,,,,,,,,0,Cruzamento,Nublado,Perfeito estado,Seca,Perfeito estado,R-6a,,Única,Faixa seccionada
2020-01-25 00:00:00,10:46:00,SEM VÍTIMA,ENCRUZILHADA,AV JOAO DE BARROS,,CIDADE,ABALROAMENTO LONGITUDINAL,ONIBUS E AUTO,1,,,,,1,,,,0,Longo da via,Bom,Perfeito estado,Seca,Perfeito estado,R-6a,,Única,Faixa seccionada
2020-01-25 00:00:00,10:54:00,SEM VÍTIMA,PINA,RUA COMENDADOR MORAES,,SUBURBIO,ABALROAMENTO LONGITUDINAL,CAMINHÃO E AUTO PASSEIO,1,,,,,,1,,,0,Longo da via,Bom,Perfeito estado,Seca,Perfeito estado,Não há placas,,Dupla,
2020-01-25 00:00:00,11:51:00,SEM VÍTIMA,BOA VIAGEM,RUA SETUBAL,,,ABALROAMENTO LONGITUDINAL,COLISÃO S/VITIMAS ENTRE UMA MOTO E AUTO,1,1,,,,,,,,0,Longo da via,Bom,Perfeito estado,Seca,Perfeito estado,R-6a,,Única,Faixa seccionada
2020-01-25 00:00:00,12:31:00,SEM VÍTIMA,CAMPO GRANDE,RUA MARECHAL DEODORO,,,CHOQUE VEÍCULO PARADO,TRIO ELETRICO DERRUBOU UM POSTE E CAIU EM CIMA DE UM AUTO PASSEIO,1,,,,,,,,,0,Longo da via,Bom,Perfeito estado,Seca,Perfeito estado,R-6a,30 km/h,Dupla,Faixa seccionada
2020-01-25 00:00:00,13:21:00,SEM VÍTIMA,PARNAMIRIM,RUA JOAO TUDE DE MELO,649,,ABALROAMENTO TRANSVERSAL,COLISÃO SEM VÍTIMA,1,1,,,,,,,,0,Cruzamento,Bom,Perfeito estado,Seca,Perfeito estado,R-6a,40 km/h,Única,Faixa seccionada
2020-01-25 00:00:00,13:27:00,SEM VÍTIMA,CASA AMARELA,EST DO ARRAIAL,,SUBURBIO,ABALROAMENTO LONGITUDINAL,COLISAO SEM VITIMAS,3,,,,,,,,,0,Longo da via,Bom,Perfeito estado,Seca,Perfeito estado,Outras,,Única,Faixa seccionada
2020-01-25 00:00:00,13:31:00,SEM VÍTIMA,PINA,AV REPUBLICA ARABE UNIDA,,SUBURBIO,ABALROAMENTO LONGITUDINAL,COLISÃO SEM VÍTIMA,2,,,,,,,,,0,Longo da via,Bom,Não existente,Seca,Perfeito estado,Não há placas,,Única,Faixa seccionada
2020-01-25 00:00:00,13:59:00,SEM VÍTIMA,MUSTARDINHA,RUA JOSE MOREIRA REIS,,,ABALROAMENTO LONGITUDINAL,COLISÃO SEM VÍTIMA,1,,,,,,1,,,0,Longo da via,Bom,Não existente,Seca,Perfeito estado,Não há placas,30 km/h,Dupla,Não existe
2020-01-25 00:00:00,14:14:00,SEM VÍTIMA,BOA VIAGEM,RUA FELIX DE BRITO E MELO,544,CIDADE,ABALROAMENTO TRANSVERSAL,COLISÃO SEM VÍTIMA,1,1,,,,,,,,0,Cruzamento,Bom,Perfeito estado,Seca,Perfeito estado,R-6a,,Única,Faixa contínua
2020-01-25 00:00:00,14:41:00,COM VÍTIMA,MACAXEIRA,RUA JOSE CARLOS NOVAES DA MATA MACHADO,,SUBURBIO,COLISÃO FRONTAL,COLISAO COM VITIMAS,,1,,,,1,,,,1,Longo da via,Chuvoso,Não existente,Seca,Outros,Não há placas,30 km/h,Dupla,Não existe
2020-01-25 00:00:00,14:47:00,SEM VÍTIMA,AREIAS,AV DR JOSE RUFINO,,,ABALROAMENTO LONGITUDINAL,COLISÃO SEM VÍTIMA,2,,,,,,,,,0,Longo da via,Bom,Perfeito estado,Seca,Perfeito estado,R-6a,,Dupla,Faixa contínua
2020-01-25 00:00:00,15:30:00,SEM VÍTIMA,BOA VIAGEM,RUA ANTONIO FALCAO,227,SUBURBIO,ABALROAMENTO LONGITUDINAL,COLISÃO SEM VÍTIMA,1,1,,,,,,,,0,Cruzamento,Bom,Perfeito estado,Seca,Perfeito estado,,40 km/h,Única,Não existe
2020-01-25 00:00:00,15:35:00,COM VÍTIMA,BOA VIAGEM,AV BOA VIAGEM,,CIDADE,ABALROAMENTO LONGITUDINAL,COLISAO COM VITIMAS,1,1,,,,,,,,1,Longo da via,Bom,Perfeito estado,Seca,Perfeito estado,Não há placas,,Única,Faixa seccionada
2020-01-25 00:00:00,15:40:00,SEM VÍTIMA,SANTO AMARO,AV GOVERNADOR AGAMENON MAGALHAES,,SUBURBIO,COLISÃO TRASEIRA,COLISÃO SEM VÍTIMA,3,,,,,,,,,0,Longo da via,Nublado,Perfeito estado,Seca,Perfeito estado,R-19,60 km/h,Única,Faixa contínua
2020-01-25 00:00:00,16:04:00,SEM VÍTIMA,SÃO JOSÉ,AV SUL,260,SUBURBIO,ABALROAMENTO TRANSVERSAL,COLISAO SEM VITIMAS,1,,,,,1,,,,0,Cruzamento,Bom,Perfeito estado,Seca,Perfeito estado,Outras,,Dupla,Canteiro central
2020-01-25 00:00:00,17:37:00,SEM VÍTIMA,ROSARINHO,AV NORTE,456,SUBURBIO,CHOQUE OBJETO FIXO,COLISAO SEM VITIMAS,1,,,,,,,,,0,Longo da via,Bom,Perfeito estado,Seca,Perfeito estado,Não há placas,60 km/h,Dupla,Canteiro central
2020-01-25 00:00:00,18:02:00,SEM VÍTIMA,ZUMBI,RUA SOUZA BANDEIRA,236,,ABALROAMENTO LONGITUDINAL,MOTO X AUTO. S/V,1,1,,,,,,,,0,Cruzamento,Bom,Perfeito estado,Seca,Perfeito estado,Outras,40 km/h,Única,Faixa seccionada
2020-01-25 00:00:00,18:15:00,SEM VÍTIMA,ESPINHEIRO,AV NORTE,56,CIDADE,ABALROAMENTO TRANSVERSAL,ENTRE AUTO E MOTO. S/V,1,1,,,,,,,,0,Cruzamento,Bom,Perfeito estado,Seca,Perfeito estado,Outras,,Única,Faixa seccionada
2020-01-25 00:00:00,18:28:00,SEM VÍTIMA,GRAÇAS,RUA BRUNO MAIA,,SUBURBIO,CHOQUE OBJETO FIXO,VEICULO CAI EM DESNIVEL DA VIA,1,,,,,,,,,0,Longo da via,Bom,Perfeito estado,Seca,Mal conservada,Placas Pare,,Única,Não existe
2020-01-25 00:00:00,19:37:00,COM VÍTIMA,IBURA,AV RECIFE,55,CIDADE,COLISÃO COM CICLISTA,AUTO PASSEIO X CICLISTA COM VÍTIMA,1,,,1,,,,,,1,Longo da via,Bom,Incompleta,Seca,Perfeito estado,Não há placas,,Única,Não existe
2020-01-26 00:00:00,00:19:00,SEM VÍTIMA,CABANGA,PRC GOVERNADOR PAULO GUERRA,662,,COLISÃO FRONTAL,COLISÃO ENTRE DOIS AUTOS- S/V,2,,,,,,,,,0,Longo da via,Bom,Perfeito estado,Seca,Perfeito estado,,60 km/h,Única,Canteiro central
2020-01-26 00:00:00,01:56:00,SEM VÍTIMA,CABANGA,AV ENGENHEIRO JOSE ESTELITA,,CIDADE,ABALROAMENTO LONGITUDINAL,COLISÃO ENTRE DOIS AUTOS- S/V,2,,,,,,,,,0,Longo da via,Bom,Perfeito estado,Seca,Perfeito estado,Não há placas,,Dupla,
2020-01-26 00:00:00,11:11:00,COM VÍTIMA,AFOGADOS,RUA SAO MIGUEL,,,ABALROAMENTO LONGITUDINAL,COM UMA VITIMA -JA SOCORRIDA PELO SAMU,1,1,,,,,,,,1,Longo da via,Bom,Perfeito estado,Seca,Perfeito estado,,,Dupla,Faixa contínua
2020-01-26 00:00:00,13:50:00,SEM VÍTIMA,BOA VISTA,AV GOVERNADOR AGAMENON MAGALHAES,78,SUBURBIO,COLISÃO TRASEIRA,ENTRE DOIS AUTOS S/V,2,,,,,,,,,0,Longo da via,Bom,Perfeito estado,Seca,Perfeito estado,Outras,,Dupla,Faixa contínua
2020-01-26 00:00:00,14:23:00,SEM VÍTIMA,BOA VIAGEM,AV CONSELHEIRO AGUIAR,,CIDADE,ABALROAMENTO LONGITUDINAL,ENTRE ONIBUS X AUTO PASSEIO S/V,1,,,,,1,,,,0,Longo da via,Bom,Perfeito estado,Seca,Perfeito estado,R-6a,,Única,Faixa seccionada
2020-01-26 00:00:00,15:08:00,SEM VÍTIMA,BOA VIAGEM,RUA ERNESTO DE PAULA SANTOS,,,ABALROAMENTO TRANSVERSAL,COLISÃO SEM VÍTIMA,2,,,,,,,,,0,Cruzamento,Bom,Perfeito estado,Seca,Perfeito estado,Placas Pare,,Única,
2020-01-26 00:00:00,15:15:00,SEM VÍTIMA,IMBIRIBEIRA,RUA ITAMARACA,,CIDADE,CHOQUE VEÍCULO PARADO,ENTRE DOIS AUTOS S/V,2,,,,,,,,,0,Longo da via,Bom,Perfeito estado,Seca,Perfeito estado,Não há placas,,Única,Não existe
2020-01-26 00:00:00,15:21:00,SEM VÍTIMA,BOA VISTA,AV GOVERNADOR AGAMENON MAGALHAES,37,,COLISÃO TRASEIRA,COLISÃO SEM VÍTIMA,4,,,,,,,,,0,Longo da via,Bom,Perfeito estado,Seca,Perfeito estado,R-6a,60 km/h,Dupla,Faixa seccionada
2020-01-26 00:00:00,17:06:00,SEM VÍTIMA,ESPINHEIRO,AV GOVERNADOR AGAMENON MAGALHAES,,,COLISÃO,ENTRE DOIS AUTOS S/V,2,,,,,,,,,0,,,,,,,,,
2020-01-26 00:00:00,17:16:00,SEM VÍTIMA,SANTO AMARO,AV PREFEITO ARTUR LIMA CAVALCANTI,,,ABALROAMENTO LONGITUDINAL,ENTRE DOIS AUTOS S/V,2,,,,,,,,,0,Longo da via,Bom,Perfeito estado,Seca,Perfeito estado,R-6a,40 km/h,Dupla,Canteiro central
2020-01-26 00:00:00,20:45:00,SEM VÍTIMA,BOA VIAGEM,RUA RAUL AZEDO,,,ABALROAMENTO TRANSVERSAL,COLISÃO ENTRE DOIS AUTOS S/V,2,,,,,,,,,0,Cruzamento,Bom,Incompleta,Seca,Perfeito estado,R-6a,30 km/h,Única,
2020-01-26 00:00:00,21:43:00,SEM VÍTIMA,TEJIPIÓ,RUA FALCAO DE LACERDA,,,COLISÃO,COLISÃO ENTRE AUTO E MOTO S/V,2,,,,,,,,,0,,,,,,,,,
2020-01-27 00:00:00,05:43:00,SEM VÍTIMA,IPSEP,RUA JEAN EMILE FAVRE,,SUBURBIO,ABALROAMENTO TRANSVERSAL,ENTRE AUTO PASSEIO X MOTO S/V,1,1,,,,,,,,0,Cruzamento,Bom,Perfeito estado,Seca,Perfeito estado,Placas Pare,40 km/h,Dupla,Faixa contínua
2020-01-26 00:00:00,22:45:00,COM VÍTIMA,SANTO AMARO,AV GOVERNADOR AGAMENON MAGALHAES,,CIDADE,COLISÃO COM CICLISTA,ENTRE AUTO PASSEIO X CICLISTA COM VÍTIMA,1,,,1,,,,,,1,Longo da via,Bom,Ilegível,Seca,Mal iluminada,Não há placas,60 km/h,Dupla,Canal
2020-01-27 00:00:00,05:47:00,SEM VÍTIMA,COELHOS,RUA DR JOSE MARIANO,,CIDADE,CHOQUE VEÍCULO PARADO,COLISÃO ENTRE DOIS AUTOS S/V,2,,,,,,,,,0,Longo da via,Bom,Incompleta,Seca,Perfeito estado,Não há placas,,Única,Não existe
2020-01-27 00:00:00,06:35:00,SEM VÍTIMA,ESPINHEIRO,AV NORTE,665,,ABALROAMENTO LONGITUDINAL,MOTO E AUTO,1,1,,,,,,,,0,Cruzamento,Bom,Perfeito estado,Seca,Perfeito estado,Outras,,Dupla,Faixa seccionada
2020-01-27 00:00:00,06:58:00,SEM VÍTIMA,BOA VIAGEM,AV ENGENHEIRO DOMINGOS FERREIRA,,SUBURBIO,CHOQUE OBJETO FIXO,CHOQUE ENTRE AUTO E ÁRVORE- CONDUTOR SE EVADIU DO LOCAL,1,,,,,,,,,0,Longo da via,Bom,Perfeito estado,Seca,Perfeito estado,Não há placas,60 km/h,Dupla,Canteiro central
2020-01-27 00:00:00,07:11:00,COM VÍTIMA,SANTO ANTÔNIO,AV DANTAS BARRETO,141,SUBURBIO,ATROPELAMENTO,PEDESTRE / ONIBUS BRT,,,,,1,1,,,,1,Cruzamento,Bom,Incompleta,Seca,Perfeito estado,Não há placas,30 km/h,Dupla,Canteiro central
2020-01-27 00:00:00,07:51:00,COM VÍTIMA,CASA FORTE,AV DEZESSETE DE AGOSTO,,,ACID. DE PERCURSO,MOTO / O DONO DA MOTO NAO QUIZ O ATENDIMENTO DA CTTU / SEGUINDO JUNTO COM A AMBULANCIA PARA O HOAPITAL COM A VITIMA,,1,,,,,,,,1,,,,,,,,,
2020-01-27 00:00:00,08:44:00,SEM VÍTIMA,IBURA,AV DOIS RIOS,,,COLISÃO,DOIS AUTOS,2,,,,,,,,,0,,,,,,,,,
2020-01-27 00:00:00,08:45:00,SEM VÍTIMA,TAMARINEIRA,RUA CONEGO BARATA,,SUBURBIO,COLISÃO TRASEIRA,SEM VITIMAS,2,,,,,,,,,0,Longo da via,Bom,Perfeito estado,Seca,Perfeito estado,Não há placas,,Dupla,Canteiro central
2020-01-27 00:00:00,08:49:00,SEM VÍTIMA,ESPINHEIRO,RUA DR FERNANDO ALLAIN,,CIDADE,ABALROAMENTO TRANSVERSAL,COLISÃO S/VITIMAS ENTRE DOIS AUTOS,2,,,,,,,,,0,Cruzamento,Bom,Incompleta,Seca,Perfeito estado,R-6a,,Única,Não existe
2020-01-27 00:00:00,09:19:00,SEM VÍTIMA,MACAXEIRA,AV NORTE,,SUBURBIO,COLISÃO TRASEIRA,SEM VITIMAS,2,,,,,1,,,,0,,Bom,Não existente,Seca,Perfeito estado,Não há placas,,Dupla,
2020-01-27 00:00:00,09:44:00,COM VÍTIMA,IPSEP,RUA PAMPULHA,,CIDADE,ABALROAMENTO TRANSVERSAL,COLISÃO COM DUAS VITIMAS-SAMU NO LOCAL,1,1,,,,,,,,2,Cruzamento,Bom,,Seca,Perfeito estado,Placas Pare,,Dupla,Faixa seccionada
2020-01-27 00:00:00,09:56:00,SEM VÍTIMA,AFOGADOS,RUA COSME VIANA,503,SUBURBIO,ABALROAMENTO TRANSVERSAL,COLISÃO S/VITIMAS ENTRE DOIS AUTOS,2,,,,,,,,,0,Cruzamento,Bom,Incompleta,Seca,Perfeito estado,Não há placas,,Única,Faixa contínua
2020-01-27 00:00:00,10:40:00,SEM VÍTIMA,TORRE,RUA ALBERTO PAIVA,,SUBURBIO,ABALROAMENTO LONGITUDINAL,COLISÃO S/VITIMAS ENTRE DOIS AUTOS,1,,,,,,1,,,0,Longo da via,Bom,Perfeito estado,Seca,Perfeito estado,Outras,,Dupla,Faixa contínua
2020-01-27 00:00:00,10:43:00,SEM VÍTIMA,MACAXEIRA,AV NORTE,,SUBURBIO,COLISÃO,SEM VITIMAS,2,,,,,,,,,0,,,,,,,,,
2020-01-27 00:00:00,10:56:00,SEM VÍTIMA,AFOGADOS,RUA MOTOCOLOMBO,39,,COLISÃO,DOIS AUTOS,2,,,,,,,,,0,,,,,,,,,
2020-01-27 00:00:00,11:12:00,SEM VÍTIMA,IMBIRIBEIRA,AV MARECHAL MASCARENHAS DE MORAES,385,CIDADE,ABALROAMENTO LONGITUDINAL,ONIBUS E AUTO,1,,,,,1,,,,0,Longo da via,Bom,Perfeito estado,Seca,Perfeito estado,Não há placas,60 km/h,Dupla,Faixa contínua
2020-01-27 00:00:00,11:15:00,SEM VÍTIMA,CORDEIRO,EST DO FORTE DO ARRAIAL N. DO B. JESUS,,SUBURBIO,ABALROAMENTO TRANSVERSAL,COLISÃO S/VITIMAS ENTRE UM ONIBUS E UM AUTO,1,,,,,1,,,,0,Cruzamento,Bom,Não existente,Seca,Perfeito estado,Não há placas,,Dupla,Faixa contínua
2020-01-27 00:00:00,11:18:00,SEM VÍTIMA,IMBIRIBEIRA,AV MARECHAL MASCARENHAS DE MORAES,7,CIDADE,ABALROAMENTO LONGITUDINAL,ONIBUS E CAMINHAO,1,,,,,,1,,,0,Longo da via,Bom,Perfeito estado,Seca,Perfeito estado,Outras,,Dupla,Canteiro central
2020-01-27 00:00:00,12:13:00,SEM VÍTIMA,JARDIM SÃO PAULO,AV SAO PAULO,,,COLISÃO,COLISÃO SEM VÍTIMA,1,,,,,,1,,,0,,,,,,,,,
2020-01-27 00:00:00,12:55:00,SEM VÍTIMA,BOA VISTA,RUA DA AURORA,,,ABALROAMENTO LONGITUDINAL,ENTRE CAMINHÃO X AUTO PASSEIO S/V,1,,,,,,1,,,0,Longo da via,Bom,Perfeito estado,Seca,Perfeito estado,,,Única,Faixa contínua
2020-01-27 00:00:00,13:19:00,SEM VÍTIMA,BOA VIAGEM,AV VINTE DE JANEIRO,,SUBURBIO,ABALROAMENTO TRANSVERSAL,COLISÃO SEM VÍTIMA,2,,,,,,,,,0,Cruzamento,Bom,Perfeito estado,Seca,Perfeito estado,Placas Pare,30 km/h,Dupla,Faixa contínua
2020-01-27 00:00:00,13:20:00,SEM VÍTIMA,MADALENA,RUA JOSE OSORIO,387,SUBURBIO,COLISÃO TRASEIRA,ENTRE DOIS AUTOS S/V,2,,,,,,,,,0,Longo da via,Bom,Perfeito estado,Seca,Perfeito estado,Não há placas,60 km/h,Dupla,Faixa contínua
2020-01-27 00:00:00,13:50:00,SEM VÍTIMA,CORDEIRO,EST DO FORTE DO ARRAIAL N. DO B. JESUS,,,COLISÃO,COLISÃO SEM VÍTIMA,2,,,,,,,,,0,,,,,,,,,
2020-01-27 00:00:00,14:45:00,SEM VÍTIMA,BOA VIAGEM,AV ENGENHEIRO DOMINGOS FERREIRA,484,SUBURBIO,COLISÃO TRASEIRA,ENTRE DOIS AUTOS S/V,2,,,,,,,,,0,Longo da via,Bom,Perfeito estado,Seca,Perfeito estado,,,Única,Faixa contínua
2020-01-27 00:00:00,14:47:00,SEM VÍTIMA,BOA VISTA,RUA PADRE INGLES,,,ABALROAMENTO LONGITUDINAL,COLISÃO SEM VÍTIMA,2,,,,,,,,,0,Longo da via,Bom,Perfeito estado,Seca,Mal conservada,Placas Pare,,Única,Não existe
2020-01-27 00:00:00,15:50:00,SEM VÍTIMA,MADALENA,AV CAXANGA,273,SUBURBIO,COLISÃO TRASEIRA,COLISÃO SEM VÍTIMA,3,,,,,,,,,0,Longo da via,Bom,Perfeito estado,Seca,,Outras,,Única,Não existe
2020-01-27 00:00:00,16:45:00,COM VÍTIMA,SANTO AMARO,AV CRUZ CABUGA,,,ABALROAMENTO TRANSVERSAL,DUAS MOTOCICLETAS,,2,,,,,,,,1,Cruzamento,Bom,Perfeito estado,Seca,Perfeito estado,Não há placas,,Dupla,Não existe
2020-01-27 00:00:00,17:17:00,SEM VÍTIMA,ENGENHO DO MEIO,RUA FRANCISCO BEZERRA MONTEIRO,,SUBURBIO,ABALROAMENTO LONGITUDINAL,COLISÃO SEM VÍTIMA,2,,,,,,,,,0,Longo da via,Bom,Não existente,Seca,Perfeito estado,Não há placas,,Dupla,Não existe
2020-01-27 00:00:00,17:58:00,SEM VÍTIMA,IPSEP,RUA HELIO BRANDAO,,SUBURBIO,ABALROAMENTO LONGITUDINAL,ENTRE ONIBUS X TAXI S/V,1,,,,,1,,,,0,Longo da via,Bom,Não existente,Seca,Perfeito estado,Não há placas,30 km/h,Única,Não existe
2020-01-27 00:00:00,18:21:00,SEM VÍTIMA,TAMARINEIRA,EST DO ARRAIAL,,,COLISÃO,ONIBUS X AUTO PASSEIO S/V,1,,,,,1,,,,0,,,,,,,,,
2020-01-27 00:00:00,18:24:00,SEM VÍTIMA,BOA VIAGEM,AV ENGENHEIRO DOMINGOS FERREIRA,,SUBURBIO,COLISÃO TRASEIRA,COLISÃO SEM VÍTIMA,2,,,,,,,,,0,Longo da via,Bom,Perfeito estado,Seca,Perfeito estado,R-6a,60 km/h,Dupla,Canteiro central