data,hora,natureza,bairro,endereco,num_semaforo,sentido_via,tipo,auto,moto,ciclom,ciclista,pedestre,onibus,caminhao,viatura,outros,vitimas,vitimasfatais,acidente_verificado,tempo_clima,sinalizacao,condicao_via,conservacao_via,situacao_placa,velocidade_max_via,mao_direcao,divisao_via1
2020-01-30 00:00:00,10:46:00,SEM VÍTIMA,AFOGADOS,AV SUL,,CIDADE,ABALROAMENTO LONGITUDINAL,COLISÃO S/VITIMAS ENTRE UM AUTO E UM CAMINHÃO,1,,,,,,1,,,0,Longo da via,Bom,,Seca,,,,Única,Faixa seccionada
2020-01-30 00:00:00,11:48:00,SEM VÍTIMA,BOA VIAGEM,RUA ERNESTO DE PAULA SANTOS,329,,ABALROAMENTO LONGITUDINAL,DOIS AUTOS,2,,,,,,,,,0,Longo da via,Bom,Perfeito estado,Seca,Perfeito estado,Não há placas,60 km/h,Única,Faixa contínua
2020-01-30 00:00:00,12:37:00,COM VÍTIMA,ENGENHO DO MEIO,RUA ANTONIO CURADO,,,COLISÃO,PRISMA X MOTO,1,1,,,,,,,,1,,,,,,,,,
2020-01-30 00:00:00,14:08:00,SEM VÍTIMA,,RUA SAO SALVADOR,,,ABALROAMENTO LONGITUDINAL,ENTRE ONIBUS X AUTO PASSEIO S/V,1,,,,,1,,,,0,Cruzamento,Bom,Perfeito estado,Seca,Perfeito estado,,40 km/h,Única,Não existe
2020-01-30 00:00:00,14:10:00,SEM VÍTIMA,SANTO AMARO,AV GOVERNADOR AGAMENON MAGALHAES,,,ABALROAMENTO LONGITUDINAL,VAN-COMPLIMENTAR X FIAT DOBLO,1,,,,,1,,,,0,Longo da via,Bom,Perfeito estado,Seca,Perfeito estado,Outras,60 km/h,Dupla,Faixa seccionada
2020-01-30 00:00:00,14:13:00,SEM VÍTIMA,ENCRUZILHADA,AV NORTE,,CIDADE,ABALROAMENTO LONGITUDINAL,SEM VITIMA,1,1,,,,,,,,0,Longo da via,Bom,Perfeito estado,Seca,Perfeito estado,R-6a,,Dupla,Faixa seccionada
2020-01-30 00:00:00,14:14:00,SEM VÍTIMA,MADALENA,AV BEIRA RIO,387,SUBURBIO,COLISÃO TRASEIRA,SANDERO X ECOSPORT,2,,,,,,,,,0,Cruzamento,Bom,Perfeito estado,Seca,Perfeito estado,R-6c,,Única,Faixa seccionada
2020-01-30 00:00:00,15:45:00,SEM VÍTIMA,BOA VISTA,RUA DR JOSE MARIANO,209,CIDADE,ABALROAMENTO LONGITUDINAL,ENTRE DOIS AUTOS S/V,2,,,,,,,,,0,Longo da via,Bom,Não existente,Seca,Perfeito estado,Não há placas,,Única,Não existe
2020-01-30 00:00:00,15:52:00,SEM VÍTIMA,SANTO ANTÔNIO,RUA FLORIANO PEIXOTO,,SUBURBIO,ABALROAMENTO LONGITUDINAL,ENTRE AUTO PASSEIO X ONIBUS S/V,1,,,,,1,,,,0,Longo da via,Bom,Perfeito estado,Seca,Perfeito estado,Outras,,Única,Faixa seccionada
2020-01-30 00:00:00,17:22:00,SEM VÍTIMA,PARNAMIRIM,AV PARNAMIRIM,,,COLISÃO,COLISÃO SEM VITIMA,2,,,,,,,,,0,,,,,,,,,
2020-01-30 00:00:00,18:13:00,SEM VÍTIMA,PAISSANDU,AV GOVERNADOR AGAMENON MAGALHAES,69,SUBURBIO,ABALROAMENTO LONGITUDINAL,CAMINHAO X COROLLA,1,,,,,,1,,,0,Longo da via,Bom,Perfeito estado,Seca,Perfeito estado,Não há placas,60 km/h,Dupla,Faixa seccionada
2020-01-30 00:00:00,18:20:00,SEM VÍTIMA,BOA VISTA,RUA HENRIQUE DIAS,294,CIDADE,ABALROAMENTO LONGITUDINAL,ONIX X ONIBUS,1,,,,,1,,,,0,Longo da via,Bom,Perfeito estado,Seca,Perfeito estado,,,Única,Faixa contínua
2020-01-30 00:00:00,19:10:00,SEM VÍTIMA,ILHA DO LEITE,AV FREI MATIAS TEVES,,,ABALROAMENTO LONGITUDINAL,ENTRE 2 AUTOS. S/V,2,,,,,,,,,0,Longo da via,Bom,Perfeito estado,Seca,Perfeito estado,Não há placas,,Dupla,Faixa seccionada
2020-01-30 00:00:00,19:23:00,SEM VÍTIMA,GRAÇAS,RUA JOAQUIM NABUCO,,SUBURBIO,ABALROAMENTO LONGITUDINAL,HB 20 X PALIO,2,,,,,,,,1,0,Longo da via,Bom,Perfeito estado,Seca,Perfeito estado,R-6a,,Única,Faixa seccionada
2020-01-30 00:00:00,20:08:00,COM VÍTIMA,GRAÇAS,RUA DO FUTURO,,,COLISÃO,PRISMA X MOTO OBS: MOTORISTA SE EVADIU E DEIXOU O VEICULO OBS: SUSPEITA DE EMBRIAGUEZ,1,1,,,,,,,,1,,,,,,,,,
2020-01-30 00:00:00,20:21:00,SEM VÍTIMA,APIPUCOS,RUA DOIS IRMAOS,,,CHOQUE OBJETO FIXO,CONDUTOR PERDEU O CONTROLE DO SEU VEÍCULO E ACABOU SE CHOCANDO CONTRA O POSTE. S/V,1,,,,,,,,,0,Longo da via,Bom,Perfeito estado,Seca,Perfeito estado,Outras,40 km/h,Dupla,Faixa contínua
2020-01-30 00:00:00,23:17:00,VÍTIMA FATAL,CIDADE UNIVERSITÁRIA,RUA EMILIANO BRAGA,,,ABALROAMENTO TRANSVERSAL,MICRO-ÔNIBUS E MOTOCICLETA.,,1,,,,1,,,,,Cruzamento,Bom,Ilegível,Seca,Mal iluminada,Não há placas,,Única,Não existe
2020-01-30 00:00:00,23:29:00,SEM VÍTIMA,,AV SERRA DA MANTIQUEIRA,,,ENGAVETAMENTO,ENTRE 2 AUTOS E 2 ÕNIBUS. S/V,2,,,,,2,,,,0,,,,,,,,,
2020-01-31 00:00:00,00:43:00,SEM VÍTIMA,PINA,AV BOA VIAGEM,,CIDADE,ABALROAMENTO LONGITUDINAL,COLISÃO ENTRE DOIS AUTOS S/V,2,,,,,,,,,0,Longo da via,Bom,Perfeito estado,Seca,Perfeito estado,,,Única,Faixa seccionada
2020-01-31 00:00:00,07:13:00,SEM VÍTIMA,IMBIRIBEIRA,AV MARECHAL MASCARENHAS DE MORAES,,SUBURBIO,ABALROAMENTO LONGITUDINAL,SEM VITIMAS,1,,,,,1,,,,0,Cruzamento,Bom,Perfeito estado,Seca,Perfeito estado,Não há placas,60 km/h,Dupla,
2020-01-31 00:00:00,08:02:00,SEM VÍTIMA,JORDÃO,AV MARIA IRENE,,AEROPORTO,CHOQUE OBJETO FIXO,VEICULO COLIDIU COM MEIO DEVIDO A OLEO NA VIA,1,,,,,,,,,0,,,,,,,,,
2020-01-31 00:00:00,08:09:00,SEM VÍTIMA,JORDÃO,AV MARIA IRENE,,,COLISÃO,,,1,,,,1,,,,0,,,,,,,,,
2020-01-31 00:00:00,08:14:00,SEM VÍTIMA,BOA VISTA,AV GOVERNADOR AGAMENON MAGALHAES,174,,COLISÃO TRASEIRA,COLISAO S/ VITIMA. DOIS VEICULOS PASSEIO. GM: Douglas CALADO E THIAGO SOUZA NO LOCAL,2,,,,,,,,,0,Longo da via,Chuvoso,Perfeito estado,Molhada,Perfeito estado,Outras,60 km/h,Dupla,Faixa seccionada
2020-01-31 00:00:00,09:04:00,COM VÍTIMA,DERBY,PRC DO DERBY,40,CIDADE,COLISÃO TRASEIRA,AUTO E MOTO,1,1,,,,,,,,1,Longo da via,Bom,Perfeito estado,Seca,Perfeito estado,Outras,,Dupla,Faixa contínua
2020-01-31 00:00:00,09:26:00,SEM VÍTIMA,SANTO AMARO,AV CRUZ CABUGA,470,CIDADE,CHOQUE OBJETO FIXO,MOTO CHOCOU-SE COM PRISMA GM´S RONILDO E HENRIQUE PEREIRA PONTO FIXO,,1,,,,,,,,0,Longo da via,Bom,Perfeito estado,Seca,Perfeito estado,,,Dupla,Faixa seccionada
2020-01-31 00:00:00,10:45:00,SEM VÍTIMA,VASCO DA GAMA,RUA ALTO DO EUCALIPTO,,SUBURBIO,COLISÃO FRONTAL,DOIS AUTOS,2,,,,,,,,,0,Longo da via,Bom,Perfeito estado,Seca,Perfeito estado,Outras,,Dupla,Não existe
2020-01-31 00:00:00,10:56:00,SEM VÍTIMA,BOA VIAGEM,RUA COSMORAMA,,CIDADE,ABALROAMENTO LONGITUDINAL,COLISAO S/ VITIMA. ENTRE DOIS VEICULOS,2,,,,,,,,,0,Cruzamento,Bom,Perfeito estado,Seca,Perfeito estado,Placas Pare,40 km/h,Única,Faixa seccionada
2020-01-31 00:00:00,11:13:00,SEM VÍTIMA,BOA VIAGEM,RUA ERNESTO DE PAULA SANTOS,,,COLISÃO,SEM VITIMAS,2,,,,,,,,,0,,,,,,,,,
2020-01-31 00:00:00,11:30:00,SEM VÍTIMA,BOA VISTA,RUA JOAO FERNANDES VIEIRA,37,CIDADE,ABALROAMENTO LONGITUDINAL,SEM VITIMAS/ CTTU NO LOCAL /GM VILA NOVA/ARNOSO/JOÃO VITOR,1,1,,,,,,,,0,Longo da via,Bom,Perfeito estado,Seca,Perfeito estado,,60 km/h,Dupla,Canteiro central
2020-01-31 00:00:00,11:47:00,SEM VÍTIMA,BOA VISTA,RUA DOM BOSCO,294,,ABALROAMENTO LONGITUDINAL,DOIS AUTOS / GM JOSY CARLA / JEFERSON JOSE NO QTH P.O,2,,,,,,,,,0,Longo da via,Bom,Perfeito estado,Seca,Perfeito estado,Outras,,Dupla,Canteiro central
2020-01-31 00:00:00,11:48:00,SEM VÍTIMA,BOA VISTA,AV MANOEL BORBA,294,,COLISÃO,DOIS AUTOS  GM´S JOSE JOSI KARLA E JEFERSON,2,,,,,,,,,0,,,,,,,,,
2020-01-31 00:00:00,12:21:00,SEM VÍTIMA,BOA VIAGEM,AV DES JOSE NEVES,,SUBURBIO,COLISÃO TRASEIRA,ENTRE DOIS AUTOS S/V,2,,,,,,,,,0,Longo da via,Bom,Perfeito estado,Seca,Perfeito estado,R-6a,,Dupla,Faixa seccionada
2020-01-31 00:00:00,13:39:00,SEM VÍTIMA,BREJO DA GUABIRABA,AV VEREADOR OTACILIO AZEVEDO,,CIDADE,ABALROAMENTO LONGITUDINAL,COLISÃO S/VITIMAS ENTRE UMA MOTO E UM AUTO,1,1,,,,,,,,0,,Bom,Incompleta,Seca,Perfeito estado,Placas Pare,,Dupla,Faixa seccionada
2020-01-31 00:00:00,14:12:00,SEM VÍTIMA,SANTO AMARO,AV NORTE,,SUBURBIO,COLISÃO TRASEIRA,COLISÃO S/VITIMAS ENTRE UM ONIBUS E UM AUTO,1,,,,,1,,,,0,Longo da via,Bom,Perfeito estado,Seca,Perfeito estado,R-6a,40 km/h,Dupla,Canteiro central
2020-01-31 00:00:00,15:24:00,SEM VÍTIMA,ILHA DO LEITE,VIADUTO CAPITAO TEMUDO,,,COLISÃO,COLISÃO SEM VÍTIMA,1,1,,,,,,,,0,,,,,,,,,
2020-01-31 00:00:00,15:50:00,SEM VÍTIMA,TORRÕES,AV ENGENHEIRO ABDIAS DE CARVALHO,,CIDADE,COLISÃO TRASEIRA,COLISÃO S/ VITIMAS ENTRE DOIS AUTOS,2,,,,,,,,,0,Longo da via,Bom,Perfeito estado,Seca,Perfeito estado,,,Dupla,Canteiro central
2020-01-31 00:00:00,16:37:00,SEM VÍTIMA,MUSTARDINHA,AV MUSTARDINHA,,SUBURBIO,ABALROAMENTO TRANSVERSAL,COLISÃO SEM VÍTIMA,1,1,,,,,,,,0,Cruzamento,Bom,Incompleta,Seca,Mal conservada,Não há placas,,Dupla,Não existe
2020-01-31 00:00:00,16:46:00,SEM VÍTIMA,TAMARINEIRA,RUA SEBASTIAO ALVES,,CIDADE,ABALROAMENTO LONGITUDINAL,COLISÃO SEM VITIMAS,2,,,,,,,,,0,Longo da via,Bom,Incompleta,Seca,Perfeito estado,Não há placas,20 km/h,Única,Não existe
2020-01-31 00:00:00,16:53:00,SEM VÍTIMA,BOA VIAGEM,RUA SETUBAL,419,,COLISÃO,COLISÃO SEM VÍTIMA,1,,,,,1,,,,0,,,,,,,,,
2020-01-31 00:00:00,17:32:00,SEM VÍTIMA,IMBIRIBEIRA,AV MARECHAL MASCARENHAS DE MORAES,,CIDADE,COLISÃO TRASEIRA,ENTRE DOIS AUTOS S/V,2,,,,,,,,,0,Longo da via,Bom,Perfeito estado,Seca,Perfeito estado,Não há placas,60 km/h,Única,Faixa seccionada
2020-01-31 00:00:00,18:00:00,SEM VÍTIMA,VASCO DA GAMA,AV VEREADOR OTACILIO AZEVEDO,,SUBURBIO,ABALROAMENTO LONGITUDINAL,ENTRE CAMINHÃO E AUTO PASSEIO. S.V,1,,,,,,1,,,0,Longo da via,Bom,Incompleta,Seca,Mal conservada,R-6c,,Dupla,Faixa seccionada
2020-01-31 00:00:00,18:14:00,COM VÍTIMA,MADALENA,AV VISCONDE DE ALBUQUERQUE,,CIDADE,ABALROAMENTO TRANSVERSAL,COLISAO COM VITIMAS,1,,,,,1,,,,1,Cruzamento,Bom,Perfeito estado,Seca,Perfeito estado,Placas Pare,,Única,Faixa seccionada
2020-01-31 00:00:00,18:22:00,COM VÍTIMA,BOA VIAGEM,RUA PADRE LEANDRO CAMELO,,SUBURBIO,CAPOTAMENTO,CONDUTOR PERDEU O CONTROLE DO VEÍCULO E ACABOU CAPOTANDO O CARRO ATÉ O CANAL. O AUTO PERMANECE NO CANAL. O MESMO SOLICITA A PRESENÇA DA CTTU NO LOCAL. S/V,1,,,,,,,,,1,Longo da via,Bom,Não existente,Seca,Perfeito estado,Não há placas,,Única,Faixa seccionada
2020-01-31 00:00:00,19:02:00,SEM VÍTIMA,PINA,PTE AGAMENON MAGALHAES,,CIDADE,COLISÃO TRASEIRA,ENTRE 2 AUTOS. S/V,2,,,,,,,,,0,,,,,,,,,
2020-01-31 00:00:00,19:36:00,SEM VÍTIMA,CASA AMARELA,AV NORTE,,,COLISÃO,COLISAO SEM VITIMAS,2,,,,,,,,,0,,,,,,,,,
2020-01-31 00:00:00,19:54:00,SEM VÍTIMA,GRAÇAS,AV GOVERNADOR AGAMENON MAGALHAES,174,,COLISÃO TRASEIRA,COLISAO SEM VITIMAS,1,,,,,,1,,,0,Cruzamento,Bom,Perfeito estado,Seca,Perfeito estado,Não há placas,60 km/h,Dupla,Faixa contínua
2020-01-31 00:00:00,20:20:00,SEM VÍTIMA,GRAÇAS,AV RUI BARBOSA,,,COLISÃO,,1,1,,,,,,,,0,,,,,,,,,
2020-01-31 00:00:00,22:33:00,SEM VÍTIMA,MADALENA,RUA ENGENHEIRO LEONARDO ARCOVERDE,,SUBURBIO,CHOQUE VEÍCULO PARADO,VT DA GUARDA SE CHOCOU CONTRA DOIS AUTOS ESTACIONADOS. S/V,3,,,,,,,,,0,Longo da via,Bom,Incompleta,Seca,Perfeito estado,Não há placas,,Dupla,Não existe
2020-01-31 00:00:00,23:53:00,SEM VÍTIMA,BOA VIAGEM,RUA RIBEIRO DE BRITO,,SUBURBIO,ABALROAMENTO TRANSVERSAL,COLISAO SEM VITIMAS,2,,,,,,,,,0,Longo da via,Bom,Perfeito estado,Seca,Perfeito estado,Placas Pare,,Única,Faixa seccionada
2020-02-01 00:00:00,02:30:00,SEM VÍTIMA,BAIRRO DO RECIFE,AV MARQUES DE OLINDA,165,SUBURBIO,ABALROAMENTO LONGITUDINAL,COLISÃO ENTRE AUTO E CAMINHÃO- SEM VÍTIMAS,1,,,,,,1,,,0,Cruzamento,Bom,Perfeito estado,Seca,Perfeito estado,Não há placas,,,Faixa contínua
2020-02-01 00:00:00,08:10:00,SEM VÍTIMA,SANTO AMARO,AV NORTE,243,SUBURBIO,ABALROAMENTO TRANSVERSAL,SEM VITIMAS,2,,,,,,,,,0,Cruzamento,Chuvoso,Perfeito estado,Molhada,Perfeito estado,R-25d,,Dupla,Faixa contínua
2020-02-01 00:00:00,08:10:00,SEM VÍTIMA,IPSEP,AV RECIFE,,,COLISÃO,COLISÃO S/VITIMAS ENTRE UM ONIBUS E UM AUTO,1,,,,,1,,,,0,,,,,,,,,
2020-02-01 00:00:00,08:45:00,SEM VÍTIMA,IMBIRIBEIRA,RUA ITACARI,,CIDADE,ABALROAMENTO TRANSVERSAL,COLISÃO S/VITIMAS ENTRE DOIS AUTOS,2,,,,,,,,,0,Cruzamento,Chuvoso,Perfeito estado,Molhada,Perfeito estado,Placas Pare,,Única,Faixa contínua
2020-02-01 00:00:00,09:20:00,SEM VÍTIMA,SÃO JOSÉ,C SANTA RITA,,SUBURBIO,CHOQUE OBJETO FIXO,AUTO CHOCOU-SE COM MURETA,1,,,,,,,,,0,Longo da via,Chuvoso,Perfeito estado,Molhada,Perfeito estado,Não há placas,,Dupla,Canteiro central
2020-02-01 00:00:00,09:21:00,SEM VÍTIMA,DERBY,PRC DO DERBY,418,CIDADE,ABALROAMENTO LONGITUDINAL,DOIS AUTOS,2,,,,,,,,,0,Longo da via,Chuvoso,Perfeito estado,Molhada,Perfeito estado,Outras,40 km/h,Única,Não existe
2020-02-01 00:00:00,09:38:00,SEM VÍTIMA,SAN MARTIN,RUA VINTE E UM DE ABRIL,,SUBURBIO,CHOQUE VEÍCULO PARADO,CHOQUE EM VEICULO ESTACIONADO,2,,,,,,,,,0,Longo da via,Bom,Incompleta,Seca,Mal conservada,Não há placas,,Dupla,Não existe
2020-02-01 00:00:00,10:15:00,SEM VÍTIMA,ENGENHO DO MEIO,RUA SALVADOR VITAL,,,CHOQUE VEÍCULO PARADO,CHOQUE COM MURO,2,,,,,,,,,0,Longo da via,Bom,,Seca,Perfeito estado,Não há placas,,Dupla,
2020-02-01 00:00:00,10:30:00,COM VÍTIMA,ÁGUA FRIA,EST VELHA DE AGUA FRIA,,CIDADE,COLISÃO TRASEIRA,COLICÃO C/VITIMA ENTRE UMA MOTO E UM AUTO (EVADIU-SE DO LOCAL)//(V.T 06 NO QTH),1,1,,,,,,,,1,Longo da via,Bom,Perfeito estado,Seca,Perfeito estado,Não há placas,40 km/h,Única,Faixa seccionada
2020-02-01 00:00:00,10:57:00,SEM VÍTIMA,MADALENA,RUA JOSE OSORIO,,,COLISÃO,DUAS MOTOS,,2,,,,,,,,0,,,,,,,,,
2020-02-01 00:00:00,12:35:00,COM VÍTIMA,SÃO JOSÉ,RUA IMPERIAL,,SUBURBIO,COLISÃO TRASEIRA,COLISAO COM VITIMAS,1,1,,,,,,,,2,Longo da via,Bom,Perfeito estado,Seca,Perfeito estado,Outras,60 km/h,Única,Faixa seccionada
2020-02-01 00:00:00,12:56:00,SEM VÍTIMA,CASA AMARELA,RUA PADRE LEMOS,,SUBURBIO,ABALROAMENTO LONGITUDINAL,COLISÃO SEM VÍTIMA,2,,,,,,,,,0,Longo da via,Bom,Perfeito estado,Seca,Mal conservada,R-6a,,Dupla,Não existe
2020-02-01 00:00:00,13:49:00,SEM VÍTIMA,IMBIRIBEIRA,AV MARECHAL MASCARENHAS DE MORAES,218,SUBURBIO,COLISÃO TRASEIRA,COLISAO SEM VITIMAS,1,1,,,,,,,,0,Longo da via,Bom,Perfeito estado,Seca,Perfeito estado,Outras,60 km/h,Dupla,Canteiro central
2020-02-01 00:00:00,16:50:00,SEM VÍTIMA,CURADO,AV PREFEITO ANTONIO PEREIRA,,,ABALROAMENTO TRANSVERSAL,COLISÃO SEM VÍTIMA,1,1,,,,,,,,0,,Bom,Não existente,Seca,Perfeito estado,Não há placas,,Única,Não existe
2020-02-01 00:00:00,17:51:00,COM VÍTIMA,BOA VIAGEM,RUA COSMORAMA,441,SUBURBIO,COLISÃO COM CICLISTA,AUTO E BICICLETA.,1,,,1,,,,,,1,Cruzamento,Bom,Perfeito estado,Seca,Perfeito estado,,,,
2020-02-01 00:00:00,18:53:00,SEM VÍTIMA,BAIRRO DO RECIFE,AV ALFREDO LISBOA,,SUBURBIO,ABALROAMENTO LONGITUDINAL,CAMINHÃO X AUTO PASSEIO S/V,1,,,,,,1,,,0,Longo da via,Bom,Perfeito estado,Seca,Perfeito estado,Não há placas,30 km/h,Única,Faixa contínua
2020-02-01 00:00:00,22:15:00,COM VÍTIMA,BOA VIAGEM,AV ENGENHEIRO DOMINGOS FERREIRA,,SUBURBIO,ATROPELAMENTO,MOTO X PEDESTRE,,1,,,1,,,,,2,Longo da via,Bom,Perfeito estado,Seca,Perfeito estado,Não há placas,,Única,Canteiro central
2020-02-01 00:00:00,22:27:00,SEM VÍTIMA,BREJO DA GUABIRABA,RUA Z,,SUBURBIO,ABALROAMENTO LONGITUDINAL,ENTRE AUTO PASSEIO X CAMINHÃO,1,,,,,,1,,,0,Longo da via,Bom,Não existente,Seca,Mal conservada,Não há placas,,Dupla,Não existe
2020-02-01 00:00:00,22:48:00,COM VÍTIMA,CAJUEIRO,AV BEBERIBE,388,SUBURBIO,ABALROAMENTO TRANSVERSAL,DUAS MOTOS,,2,,,,,,,,1,Cruzamento,Bom,Perfeito estado,Seca,Perfeito estado,Não há placas,,Dupla,Canteiro central
2020-02-01 00:00:00,23:47:00,COM VÍTIMA,MADALENA,RUA REAL DA TORRE,237,,COLISÃO,MOTO X FOX BRANCO,1,1,,,,,,,,1,,,,,,,,,
2020-02-02 00:00:00,00:20:00,SEM VÍTIMA,BOA VIAGEM,RUA DOS NAVEGANTES,,SUBURBIO,ABALROAMENTO TRANSVERSAL,COLISÃO ENTRE DOIS AUTOS- S/V,2,,,,,,,,,0,Cruzamento,Bom,Perfeito estado,Seca,Perfeito estado,Placas Pare,,Única,Faixa seccionada
2020-02-02 00:00:00,07:53:00,COM VÍTIMA,CAXANGÁ,AV JOAQUIM RIBEIRO,,SUBURBIO,COLISÃO COM CICLISTA,COLISAO COM VITIMA. VEICULO E CICLISTA,1,,,1,,,,,,1,Longo da via,Chuvoso,Perfeito estado,Seca,Perfeito estado,Não há placas,,Dupla,Canteiro central
2020-02-02 00:00:00,08:32:00,SEM VÍTIMA,MACAXEIRA,AV NORTE,,CIDADE,COLISÃO TRASEIRA,SEM VITIMAS,2,,,,,,,,,0,Longo da via,Bom,Perfeito estado,Seca,Perfeito estado,Outras,60 km/h,Única,Faixa seccionada
2020-02-02 00:00:00,09:07:00,COM VÍTIMA,PINA,VIADUTO CAPITAO TEMUDO,,SUBURBIO,ABALROAMENTO LONGITUDINAL,COLISÃO COM VÍTIMA,1,1,,,,,,,,2,Longo da via,Bom,Não existente,Seca,Perfeito estado,Não há placas,60 km/h,Dupla,Canteiro central
2020-02-02 00:00:00,10:06:00,COM VÍTIMA,ESTÂNCIA,AV DR JOSE RUFINO,,SUBURBIO,ATROPELAMENTO,ATROPELAMENTO ENTRE ONIBUS E PEDESTRE,,,,,1,1,,,,1,Longo da via,Bom,Perfeito estado,Seca,Perfeito estado,R-6a,60 km/h,Dupla,Faixa contínua
2020-02-02 00:00:00,13:04:00,SEM VÍTIMA,ALTO SANTA TERESINHA,AV ANIBAL BENEVOLO,,SUBURBIO,ABALROAMENTO LONGITUDINAL,COLISÃO SEM VITIMA,1,,,,,1,,,,0,Longo da via,Bom,Incompleta,Seca,Mal conservada,R-6c,,Dupla,Faixa contínua
2020-02-02 00:00:00,13:06:00,SEM VÍTIMA,AFOGADOS,RUA SAO MIGUEL,,CIDADE,ABALROAMENTO TRANSVERSAL,COLISÃO SEM VITIMA,1,,,,,1,,,,0,Longo da via,Bom,Perfeito estado,Seca,Perfeito estado,R-3,40 km/h,Dupla,Faixa seccionada
2020-02-02 00:00:00,13:38:00,COM VÍTIMA,TAMARINEIRA,RUA CONEGO BARATA,,AV NORTE,COLISÃO COM CICLISTA,AUTO PASSEIO E CICLISTA,1,,,1,,,,,,1,Longo da via,Bom,Perfeito estado,Seca,Perfeito estado,Não há placas,40 km/h,Dupla,Faixa contínua
2020-02-02 00:00:00,14:03:00,SEM VÍTIMA,IBURA,AV SANTA FE,,SUBURBIO,CHOQUE OBJETO FIXO,VIATURA DA PM CHOCOU-SE COM PORTÃO DE RESIDENCIA/ SEM VÍTIMA,1,,,,,,,,,0,Longo da via,Bom,Perfeito estado,Seca,Perfeito estado,Não há placas,,Dupla,Faixa seccionada
2020-02-02 00:00:00,14:43:00,SEM VÍTIMA,SAN MARTIN,RUA COMENDADOR FRANCO FERREIRA,,CIDADE,CHOQUE OBJETO FIXO,COLISÃO SEM VITIMA,2,,,,,,,,,0,Cruzamento,Bom,Incompleta,Seca,Perfeito estado,Placas Pare,30 km/h,Dupla,Não existe
2020-02-02 00:00:00,15:03:00,SEM VÍTIMA,PRADO,RUA JOAO IVO DA SILVA,503,SUBURBIO,ABALROAMENTO TRANSVERSAL,SEM VITIMAS,2,,,,,,,,,0,Longo da via,Bom,Perfeito estado,Seca,Perfeito estado,Outras,,Única,Faixa seccionada
2020-02-02 00:00:00,16:00:00,SEM VÍTIMA,BARRO,AV DR JOSE RUFINO,213,SUBURBIO,COLISÃO TRASEIRA,COLISÃO SEM VÍTIMA,2,,,,,,,,,0,Longo da via,Bom,Perfeito estado,Seca,Perfeito estado,Outras,40 km/h,Dupla,Faixa seccionada
2020-02-02 00:00:00,19:46:00,SEM VÍTIMA,ESPINHEIRO,RUA DO ESPINHEIRO,,SUBURBIO,COLISÃO TRASEIRA,,2,,,,,,,,,0,Longo da via,Bom,Perfeito estado,Seca,Perfeito estado,Não há placas,,Única,Faixa seccionada
2020-02-03 00:00:00,06:54:00,SEM VÍTIMA,,RUA JOAO FERNANDES VIEIRA,,CIDADE,COLISÃO TRASEIRA,COLISÃO ENTRE DOIS AUTOS SEM VÍTIMAS,2,,,,,,,,,0,Longo da via,Bom,Não existente,Seca,Perfeito estado,Não há placas,,Única,Não existe
2020-02-03 00:00:00,07:51:00,SEM VÍTIMA,GRAÇAS,AV GOVERNADOR AGAMENON MAGALHAES,,OLINDA,COLISÃO,COLISÃO SEM VITIMA,0,,,,,,,,,0,,,,,,,,,
2020-02-03 00:00:00,08:41:00,SEM VÍTIMA,MADALENA,AV JOSE GONCALVES DE MEDEIROS,,CIDADE,ABALROAMENTO LONGITUDINAL,COLISÃO SEM VÍTIMAS ENTRE 2 AUTOS,2,,,,,,,,,0,Longo da via,Bom,Perfeito estado,Seca,Perfeito estado,Não há placas,,Dupla,Faixa contínua
2020-02-03 00:00:00,08:46:00,SEM VÍTIMA,TORRE,RUA CONDE DE IRAJA,,,COLISÃO,COLISÃO SEM VÍTIMAS ENTRE 2 AUTOS,2,,,,,,,,,0,,,,,,,,,
2020-02-03 00:00:00,09:04:00,SEM VÍTIMA,BOA VISTA,RUA JOAO FERNANDES VIEIRA,,,COLISÃO,COLISÃO SEM VÍTIMAS ENTRE 2 AUTOS,2,,,,,,,,,0,,,,,,,,,
2020-02-03 00:00:00,10:43:00,SEM VÍTIMA,ENCRUZILHADA,RUA QUARENTA E OITO,,CIDADE,ABALROAMENTO LONGITUDINAL,COLISÃO SEM VITIMA,2,,,,,,,,,0,Longo da via,Bom,Perfeito estado,Seca,Perfeito estado,R-6a,,Única,Faixa seccionada