data,hora,natureza,bairro,endereco,num_semaforo,sentido_via,tipo,auto,moto,ciclom,ciclista,pedestre,onibus,caminhao,viatura,outros,vitimas,vitimasfatais,acidente_verificado,tempo_clima,sinalizacao,condicao_via,conservacao_via,situacao_placa,velocidade_max_via,mao_direcao,divisao_via1
2020-02-03 00:00:00,12:57:00,SEM VÍTIMA,ILHA DO RETIRO,AV ENGENHEIRO ABDIAS DE CARVALHO,52,,COLISÃO TRASEIRA,DOIS AUTOS SEM VÍTIMAS,2,,,,,,,,,0,Longo da via,Bom,Perfeito estado,Seca,Perfeito estado,,60 km/h,Dupla,Canteiro central
2020-02-03 00:00:00,13:19:00,SEM VÍTIMA,AFOGADOS,RUA VISCONDE DE PELOTAS,,,COLISÃO,COLISÃO SEM VITIMA,2,,,,,,,,,0,,,,,,,,,
2020-02-03 00:00:00,13:21:00,SEM VÍTIMA,CORDEIRO,AV CAXANGA,,SUB/CID,COLISÃO TRASEIRA,ENGAVETAMENTO,4,,,,,,,,,0,Longo da via,Bom,Perfeito estado,Seca,Perfeito estado,Não há placas,,Dupla,Canteiro central
2020-02-03 00:00:00,15:12:00,SEM VÍTIMA,ILHA DO RETIRO,RUA SPORT CLUBE DO RECIFE,481,,ABALROAMENTO LONGITUDINAL,COLISÃI SEM VITIMA,2,,,,,,,,,0,Cruzamento,Bom,Perfeito estado,Seca,Perfeito estado,R-6a,,Dupla,Canteiro central
2020-02-03 00:00:00,16:52:00,COM VÍTIMA,SANTO ANTÔNIO,RUA FLORIANO PEIXOTO,668,SUBURBIO,COLISÃO TRASEIRA,AUTO E ÔNIBUS,1,,,,,1,,,,1,Longo da via,Bom,Perfeito estado,Seca,Perfeito estado,R-6a,,Única,Faixa contínua
2020-02-03 00:00:00,17:24:00,COM VÍTIMA,JOANA BEZERRA,AV DES GUERRA BARRETO,,CIDADE,ABALROAMENTO LONGITUDINAL,COM VÍTIMA,1,1,,,,,,,,1,Longo da via,Bom,Perfeito estado,Seca,Perfeito estado,Outras,,Dupla,Faixa contínua
2020-02-03 00:00:00,17:28:00,SEM VÍTIMA,BOA VISTA,RUA DO HOSPICIO,23,CIDADE,ABALROAMENTO LONGITUDINAL,COLISÃO SEM VITIMA,1,,,,,,1,,,0,Longo da via,Bom,Perfeito estado,Seca,Perfeito estado,Outras,,Única,Não existe
2020-02-03 00:00:00,17:49:00,SEM VÍTIMA,BOA VISTA,RUA PRINCESA IZABEL,31,CIDADE,ABALROAMENTO LONGITUDINAL,COLISÃO SEM VITIMA,,,,,,2,,,,0,Cruzamento,Bom,Perfeito estado,Seca,Perfeito estado,Outras,,Única,Faixa seccionada
2020-02-03 00:00:00,18:50:00,SEM VÍTIMA,BOA VISTA,AV MONTEVIDEU,,,COLISÃO TRASEIRA,QUATRO AUTOS S/VITIMA,4,,,,,,,,,0,Longo da via,Bom,Perfeito estado,Seca,Perfeito estado,Não há placas,,Única,Faixa contínua
2020-02-03 00:00:00,19:36:00,SEM VÍTIMA,COHAB,AV SAO PAULO,,SUBURBIO,ABALROAMENTO LONGITUDINAL,CITROEN X ONIBUS,1,,,,,1,,,,0,Longo da via,Bom,Perfeito estado,Seca,Perfeito estado,Outras,20 km/h,Dupla,Não existe
2020-02-03 00:00:00,19:33:00,COM VÍTIMA,SANTO AMARO,RUA DOS PALMARES,30,CIDADE,ABALROAMENTO TRANSVERSAL,AUTO X MOTO,1,1,,,,,,,,1,Cruzamento,Bom,Perfeito estado,Seca,Perfeito estado,R-4a,,Dupla,Faixa seccionada
2020-02-03 00:00:00,20:09:00,COM VÍTIMA,MADALENA,RUA RICARDO SALAZAR,623,SUBURBIO,ABALROAMENTO TRANSVERSAL,JIPE X PEUJEOT,2,,,,,,,,,1,Cruzamento,Bom,Ilegível,Seca,Mal iluminada,Não há placas,,Dupla,Canteiro central
2020-02-03 00:00:00,20:37:00,SEM VÍTIMA,PINA,AVENIDA CELSO FURTADO (VIA MANGUE),,CIDADE,ABALROAMENTO LONGITUDINAL,AUTO X MOTO (ENVOLVE VIATURA DA CASA MILITAR),1,1,,,,,,,,0,Longo da via,Bom,Perfeito estado,Seca,Perfeito estado,Não há placas,60 km/h,Dupla,Blocos
2020-02-03 00:00:00,21:14:00,SEM VÍTIMA,VÁRZEA,AV GENERAL JOSE MARIA LATINO,,,COLISÃO,MICRO-ONIBUS X TOYOTA,1,,,,,1,,,,0,,,,,,,,,
2020-02-04 00:00:00,07:11:00,COM VÍTIMA,SANTO AMARO,AV CRUZ CABUGA,,CIDADE,COLISÃO TRASEIRA,COM VÍTIMA,1,1,,,,,,,,2,Longo da via,Bom,Perfeito estado,Seca,Perfeito estado,Outras,,Dupla,Faixa contínua
2020-02-04 00:00:00,07:23:00,SEM VÍTIMA,ILHA JOANA BEZERRA,VIADUTO CAPITAO TEMUDO,,CIDADE,COLISÃO FRONTAL,VEÍCULO CHOCOU-SE COM O GUARD RAIL (DEMANDA REPASSADA PELO OR-2 LEANDRO),1,,,,,,,,,0,Viaduto,Chuvoso,Perfeito estado,Molhada,Perfeito estado,Não há placas,60 km/h,Única,Faixa seccionada
2020-02-04 00:00:00,08:07:00,COM VÍTIMA,BOA VIAGEM,RUA ERNESTO DE PAULA SANTOS,217,SUBURBIO,ABALROAMENTO LONGITUDINAL,DUAS MOTOS,,2,,,,,,,,1,Longo da via,Bom,Perfeito estado,Seca,Perfeito estado,R-6a,60 km/h,Única,Faixa contínua
2020-02-04 00:00:00,08:25:00,SEM VÍTIMA,ZUMBI,AV CAXANGA,274,CIDADE,COLISÃO TRASEIRA,DOIS AUTOMÓVEIS - NÃO TEM VÍTIMA,2,,,,,,,,,0,Longo da via,Bom,Perfeito estado,Seca,Perfeito estado,Não há placas,,Dupla,Faixa seccionada
2020-02-04 00:00:00,08:42:00,SEM VÍTIMA,AFOGADOS,RUA SAO MIGUEL,,SUBURBIO,ABALROAMENTO TRANSVERSAL,MOTO E AUTO,1,1,,,,,,,,0,Cruzamento,Bom,Incompleta,Seca,Perfeito estado,Não há placas,,,Faixa contínua
2020-02-04 00:00:00,08:43:00,SEM VÍTIMA,VÁRZEA,RUA EMILIANO BRAGA,,SUBURBIO,ABALROAMENTO TRANSVERSAL,SEM VITIMAS/GESTANTE DE OITO MESES- ENVOLVIDA NA COLISÃO,2,,,,,,,,,0,Cruzamento,Bom,Perfeito estado,Seca,Perfeito estado,Placas Pare,30 km/h,Única,Faixa seccionada
2020-02-04 00:00:00,08:50:00,COM VÍTIMA,ALTO JOSÉ BONIFÁCIO,RUA ALTO JOSE BONIFACIO,,CIDADE,COLISÃO FRONTAL,COLISAO COM VITIMA. ENTRE VEICULO E MOTO,1,1,,,,,,,,1,Longo da via,Bom,Perfeito estado,Seca,Perfeito estado,Não há placas,,Dupla,Faixa seccionada
2020-02-04 00:00:00,09:30:00,SEM VÍTIMA,MADALENA,RUA REAL DA TORRE,,,ABALROAMENTO LONGITUDINAL,,1,1,,,,,,,,0,Cruzamento,Bom,Perfeito estado,Seca,Perfeito estado,R-6a,,Única,Faixa seccionada
2020-02-04 00:00:00,09:35:00,SEM VÍTIMA,SANTO AMARO,RUA FREI CASSIMIRO,,SUBURBIO,ABALROAMENTO TRANSVERSAL,COLISAO SEM VITIMA. ENTRE TAXI E CAMINHAO,1,,,,,,1,,,0,Longo da via,Bom,Perfeito estado,Seca,Perfeito estado,Placas Pare,,Única,Canteiro central
2020-02-04 00:00:00,09:35:00,SEM VÍTIMA,SAN MARTIN,AV GENERAL SAN MARTIN,58,SUBURBIO,ABALROAMENTO LONGITUDINAL,CARRETA E AUTO PASSEIO,1,,,,,,,,1,0,Cruzamento,Bom,Perfeito estado,Seca,Perfeito estado,Outras,40 km/h,Dupla,Faixa contínua
2020-02-04 00:00:00,09:40:00,SEM VÍTIMA,GRAÇAS,RUA JOAQUIM NABUCO,,SUBURBIO,ABALROAMENTO LONGITUDINAL,DOIS AUTOS /  GM SUB PAULINO / GUSTAVO / P.O,2,,,,,,,,,0,Cruzamento,Bom,Perfeito estado,Seca,Perfeito estado,Não há placas,,Única,Não existe
2020-02-04 00:00:00,09:51:00,SEM VÍTIMA,ESPINHEIRO,RUA BARAO DE ITAMARACA,,SUBURBIO,ABALROAMENTO LONGITUDINAL,DOIS AUTOS,2,,,,,,,,,0,Cruzamento,Bom,Perfeito estado,Seca,Perfeito estado,R-6a,,Dupla,Faixa seccionada
2020-02-04 00:00:00,10:02:00,SEM VÍTIMA,AFOGADOS,AV SUL,,,ABALROAMENTO LONGITUDINAL,CAMINHAO E AUTO PASSEIO,1,,,,,,1,,,0,Longo da via,Bom,Perfeito estado,Seca,Perfeito estado,Não há placas,,Única,Não existe
2020-02-04 00:00:00,10:03:00,SEM VÍTIMA,ENCRUZILHADA,AV JOAO DE BARROS,,,COLISÃO COM CICLISTA,SEM VITIMAS,,,,1,,,1,,,0,,,,,,,,,
2020-02-04 00:00:00,10:17:00,SEM VÍTIMA,SÃO JOSÉ,RUA IMPERIAL,,SUBURBIO,ABALROAMENTO LONGITUDINAL,SEM VITIMAS,1,,,,,1,,,,0,,Bom,Perfeito estado,Seca,Perfeito estado,Não há placas,,Única,Faixa seccionada
2020-02-04 00:00:00,10:43:00,SEM VÍTIMA,SÃO JOSÉ,RUA IMPERIAL,,,COLISÃO,ONIBUS E AUTO,1,,,,,1,,,,0,,,,,,,,,
2020-02-04 00:00:00,11:33:00,SEM VÍTIMA,GRAÇAS,AV RUI BARBOSA,37,CIDADE,COLISÃO TRASEIRA,TRES AUTOS / GM SILVIO E ERLY P.O NO QTH,3,,,,,,,,,0,Longo da via,Bom,Perfeito estado,Seca,Perfeito estado,R-6a,,Única,Faixa seccionada
2020-02-04 00:00:00,12:12:00,SEM VÍTIMA,BOA VIAGEM,AV BOA VIAGEM,,CIDADE,ABALROAMENTO LONGITUDINAL,COLISÃO SEM VÍTIMA,2,,,,,,,,,0,,Bom,Perfeito estado,Seca,Perfeito estado,Outras,40 km/h,Única,Faixa seccionada
2020-02-04 00:00:00,12:53:00,SEM VÍTIMA,IPUTINGA,RUA PADRE DEHON,,SUBURBIO,ABALROAMENTO TRANSVERSAL,COLISÃO SEM VÍTIMA,2,,,,,,,,,0,Cruzamento,Bom,Perfeito estado,Seca,Perfeito estado,Outras,,Dupla,Não existe
2020-02-04 00:00:00,12:59:00,SEM VÍTIMA,BOA VIAGEM,AV CONSELHEIRO AGUIAR,,CIDADE,COLISÃO TRASEIRA,COLISÃO SEM VÍTIMA,2,,,,,,,,,0,Longo da via,Bom,Perfeito estado,Seca,Perfeito estado,Não há placas,,Única,Faixa seccionada
2020-02-04 00:00:00,13:52:00,SEM VÍTIMA,PINA,AV REPUBLICA DO LIBANO,,SUBURBIO,ABALROAMENTO LONGITUDINAL,COLISÃO SEM VÍTIMA,1,,,,,1,,,,0,Longo da via,Bom,Perfeito estado,Seca,Perfeito estado,Não há placas,,Única,Não existe
2020-02-04 00:00:00,13:58:00,SEM VÍTIMA,TAMARINEIRA,AV NORTE,,CIDADE,COLISÃO TRASEIRA,COLISÃO SEM VÍTIMA,4,,,,,,,,,0,Longo da via,Bom,Perfeito estado,Seca,Perfeito estado,Não há placas,60 km/h,Dupla,Canteiro central
2020-02-04 00:00:00,14:21:00,SEM VÍTIMA,BOA VISTA,RUA DO HOSPICIO,31,SUBURBIO,ABALROAMENTO TRANSVERSAL,SEM VITIMA,2,,,,,,,,,0,Cruzamento,Bom,Perfeito estado,Seca,Perfeito estado,Não há placas,,Única,Faixa seccionada
2020-02-04 00:00:00,14:25:00,SEM VÍTIMA,BOA VIAGEM,AV CONSELHEIRO AGUIAR,546,CIDADE,COLISÃO TRASEIRA,COLISAO SEM VITIMAS,2,,,,,,,,,0,Cruzamento,Bom,Perfeito estado,Seca,Perfeito estado,Não há placas,60 km/h,Única,Faixa seccionada
2020-02-04 00:00:00,14:26:00,SEM VÍTIMA,VÁRZEA,RUA CAMINHO DA AREINHA,,,COLISÃO,COLISÃO SEM VITIMA,2,,,,,,,,,0,,,,,,,,,
2020-02-04 00:00:00,14:30:00,SEM VÍTIMA,BOA VIAGEM,AV DES JOSE NEVES,,CIDADE,COLISÃO TRASEIRA,COLISÃO SEM VITIMA,2,,,,,,,,,0,Longo da via,Bom,Perfeito estado,Seca,Perfeito estado,Não há placas,,Dupla,Faixa seccionada
2020-02-04 00:00:00,15:03:00,SEM VÍTIMA,BOA VISTA,AV MANOEL BORBA,,CIDADE,ABALROAMENTO LONGITUDINAL,COLISÃO SEM VÍTIMA,2,,,,,,,,,0,,Bom,Incompleta,Seca,Mal conservada,Placas Pare,,,Não existe
2020-02-04 00:00:00,15:34:00,SEM VÍTIMA,CASA AMARELA,AV NORTE,,CIDADE,COLISÃO TRASEIRA,ART 181,3,,,,,,,,,0,Cruzamento,Bom,Perfeito estado,Seca,Perfeito estado,Não há placas,60 km/h,Única,Faixa seccionada
2020-02-04 00:00:00,15:36:00,SEM VÍTIMA,BOA VIAGEM,RUA BARAO DE SOUZA LEAO,,SUBURBIO,COLISÃO TRASEIRA,COLISÃO SEM VÍTIMA,1,,,,,1,,,,0,Longo da via,Bom,Perfeito estado,Seca,Perfeito estado,Não há placas,40 km/h,Única,Faixa seccionada
2020-02-04 00:00:00,15:59:00,SEM VÍTIMA,MANGABEIRA,AV NORTE,,,COLISÃO,COLISAO SEM VITIMAS,3,,,,,,,,,0,,,,,,,,,
2020-02-04 00:00:00,16:13:00,SEM VÍTIMA,IPSEP,RUA JEAN EMILE FAVRE,,,ABALROAMENTO LONGITUDINAL,COLISÃO SEM VÍTIMA,1,,,,,,,,1,0,Cruzamento,Bom,Perfeito estado,Seca,Perfeito estado,Outras,,,Faixa seccionada
2020-02-04 00:00:00,16:19:00,SEM VÍTIMA,CASA FORTE,AV DEZESSETE DE AGOSTO,,SUBURBIO,ABALROAMENTO LONGITUDINAL,SEM VITIMA,1,,,,,1,,,,0,Longo da via,Bom,Perfeito estado,Seca,Perfeito estado,Outras,,Dupla,Faixa contínua
2020-02-04 00:00:00,17:03:00,SEM VÍTIMA,AFOGADOS,RUA SAO MIGUEL,,CIDADE,COLISÃO TRASEIRA,COLISAO SEM VITIMAS,1,,,,,,1,,,0,Longo da via,Bom,Perfeito estado,Seca,Perfeito estado,Não há placas,,Dupla,Faixa seccionada
2020-02-04 00:00:00,17:04:00,SEM VÍTIMA,BOA VIAGEM,AV ENGENHEIRO DOMINGOS FERREIRA,380,SUBURBIO,COLISÃO TRASEIRA,COLISÃO SEM VÍTIMA,3,,,,,,,,,0,Longo da via,Bom,Perfeito estado,Seca,Perfeito estado,R-32,60 km/h,Única,Faixa seccionada
2020-02-04 00:00:00,17:13:00,SEM VÍTIMA,JARDIM SÃO PAULO,RUA LEANDRO BARRETO,,SUBURBIO,COLISÃO FRONTAL,COLISÃO SEM VÍTIMA,1,,,,,,1,,,0,Viaduto,Bom,Perfeito estado,Seca,Perfeito estado,Outras,,Dupla,Faixa contínua
2020-02-04 00:00:00,17:46:00,SEM VÍTIMA,TEJIPIÓ,AV DR JOSE RUFINO,,SUBURBIO,COLISÃO TRASEIRA,COLISÃO SEM VÍTIMA,2,,,,,,,,,0,Longo da via,Bom,Perfeito estado,Seca,Perfeito estado,Não há placas,60 km/h,Dupla,Faixa contínua
2020-02-04 00:00:00,18:24:00,COM VÍTIMA,AFOGADOS,AV SUL,,CIDADE,ABALROAMENTO TRANSVERSAL,ENTRE AUTO E MOTO. C/V,1,1,,,,,,,,1,Não informado,Bom,Perfeito estado,Seca,Perfeito estado,Não há placas,,Única,Faixa seccionada
2020-02-04 00:00:00,18:30:00,SEM VÍTIMA,CORDEIRO,AV CAXANGA,,,COLISÃO,ONIBUS 1002 X PRISMA,1,,,,,1,,,,0,,,,,,,,,
2020-02-04 00:00:00,18:58:00,SEM VÍTIMA,TAMARINEIRA,EST VELHA DE AGUA FRIA,,CIDADE,ABALROAMENTO LONGITUDINAL,ENTRE AUTO E MOTO.S/V,1,1,,,,,,,,0,Longo da via,Bom,Perfeito estado,Seca,Perfeito estado,R-6a,,Dupla,Blocos
2020-02-04 00:00:00,19:03:00,SEM VÍTIMA,ARRUDA,RUA EXP JAMIL DAGLI,,,COLISÃO,MOTO X FIAT DOBLO,,,,,,,,,,0,,,,,,,,,
2020-02-04 00:00:00,19:20:00,SEM VÍTIMA,BOA VIAGEM,AV CONSELHEIRO AGUIAR,2,CIDADE,COLISÃO TRASEIRA,ENTRE 2 AUTOS. S/V,2,,,,,,,,,0,Longo da via,Bom,Perfeito estado,Seca,Perfeito estado,Não há placas,40 km/h,Única,Faixa contínua
2020-02-04 00:00:00,19:36:00,SEM VÍTIMA,BOA VISTA,AV CONDE DA BOA VISTA,,SUBURBIO,ABALROAMENTO TRANSVERSAL,ENTRE MOTO E ÔNIBUS. S.V,,1,,,,1,,,,0,Longo da via,Bom,Perfeito estado,Seca,Perfeito estado,Outras,,Dupla,Faixa contínua
2020-02-04 00:00:00,19:52:00,COM VÍTIMA,BOA VIAGEM,RUA GENERAL SALGADO,,SUBURBIO,ABALROAMENTO TRANSVERSAL,ENTRE AUTO E MTO. C/V,1,1,,,,,,,,1,Cruzamento,Bom,Perfeito estado,Seca,Perfeito estado,Placas Pare,,Dupla,Faixa seccionada
2020-02-04 00:00:00,20:13:00,SEM VÍTIMA,IPSEP,RUA CACHOEIRA,,SUBURBIO,COLISÃO TRASEIRA,C3 X FIESTA,2,,,,,,,,,0,Cruzamento,Bom,Incompleta,Seca,Mal iluminada,Não há placas,,Única,Faixa seccionada
2020-02-04 00:00:00,20:15:00,SEM VÍTIMA,SÃO JOSÉ,RUA IMPERIAL,,CIDADE,ABALROAMENTO TRANSVERSAL,ENTRE 2 AUTOS. S/V,2,,,,,,,,,0,Cruzamento,Bom,,Seca,Perfeito estado,Não há placas,,Única,Faixa seccionada
2020-02-04 00:00:00,21:08:00,SEM VÍTIMA,CORDEIRO,RUA EURICO DE SOUZA LEAO,,SUBURBIO,CHOQUE OBJETO FIXO,VT DO 13 BATALHÃO ACABOU CAINDO NO BURACO. S/V,1,,,,,,,,,0,Longo da via,Bom,Incompleta,Seca,Mal conservada,Não há placas,,Dupla,Não existe
2020-02-04 00:00:00,22:07:00,COM VÍTIMA,PARNAMIRIM,AV PARNAMIRIM,,CIDADE,ABALROAMENTO LONGITUDINAL,MOTO X AUTO. C/V,1,1,,,,,,,,1,Cruzamento,Bom,Incompleta,Seca,Perfeito estado,R-6a,,Única,Faixa seccionada
2020-02-04 00:00:00,22:39:00,SEM VÍTIMA,ILHA DO RETIRO,RUA SPORT CLUBE DO RECIFE,355,SUBURBIO,COLISÃO TRASEIRA,ENTRE 2 AUTOS. UM DOS CONDUTOTES APRESENTA SINAIS DE EMBRIAGUEZ,2,,,,,,,,,0,Longo da via,Bom,Perfeito estado,Seca,Perfeito estado,Não há placas,,Dupla,Faixa contínua
2020-02-05 00:00:00,06:05:00,SEM VÍTIMA,PAISSANDU,AV GOVERNADOR AGAMENON MAGALHAES,672,SUBURBIO,ABALROAMENTO LONGITUDINAL,SEM VITIMAS,1,,,,,1,,,,0,Longo da via,Bom,Perfeito estado,Seca,Perfeito estado,,,Dupla,Canteiro central
2020-02-05 00:00:00,06:55:00,SEM VÍTIMA,MACAXEIRA,AV NORTE,,SUBURBIO,COLISÃO TRASEIRA,DOIS AUTOS,2,,,,,,,,,0,Longo da via,Bom,Incompleta,Seca,Perfeito estado,,,Dupla,Canteiro central
2020-02-05 00:00:00,07:49:00,SEM VÍTIMA,BOA VISTA,RUA DO HOSPICIO,31,CIDADE,ABALROAMENTO LONGITUDINAL,,1,,,,,,,,1,0,Cruzamento,Bom,Perfeito estado,Seca,Perfeito estado,Outras,,Única,Não existe
2020-02-05 00:00:00,08:03:00,SEM VÍTIMA,PINA,PTE AGAMENON MAGALHAES,,CIDADE,COLISÃO TRASEIRA,DOIS AUTOS,2,,,,,,,,,0,Ponte,Bom,Perfeito estado,Seca,Perfeito estado,Placas Pare,60 km/h,,Faixa seccionada
2020-02-05 00:00:00,08:27:00,SEM VÍTIMA,DERBY,PRC DO DERBY,418,CIDADE,ABALROAMENTO TRANSVERSAL,SEM VITIMAS/LOCAL DESCARACTERIZADO,2,,,,,,,,,0,Cruzamento,Bom,Perfeito estado,Seca,Perfeito estado,Outras,,Dupla,Blocos
2020-02-05 00:00:00,08:54:00,SEM VÍTIMA,ESPINHEIRO,RUA CONS PORTELA,,CIDADE,ABALROAMENTO TRANSVERSAL,COLISÃO S/VITIMAS ENTRE DOIS AUTOS,2,,,,,,,,,0,Cruzamento,Bom,Perfeito estado,Seca,Perfeito estado,Não há placas,,Única,Faixa seccionada
2020-02-05 00:00:00,10:05:00,COM VÍTIMA,CASA AMARELA,RUA PAULA BATISTA,,SUBURBIO,ABALROAMENTO TRANSVERSAL,COM DUAS VITIMAS SENDO ATENDIDAS PELO SAMU,1,1,,,,,,,,2,Cruzamento,Bom,Ilegível,Seca,Perfeito estado,Não há placas,30 km/h,Dupla,Não existe
2020-02-05 00:00:00,10:07:00,COM VÍTIMA,MUSTARDINHA,RUA VINTE E UM DE ABRIL,,SUBURBIO,COLISÃO,COLISÃO C/VITIMAS ENTRE UMA MOTO E UM AUTO,1,1,,,,,,,,1,Esquina,Bom,Perfeito estado,Seca,Perfeito estado,Outras,,Dupla,Não existe
2020-02-05 00:00:00,11:28:00,SEM VÍTIMA,MADALENA,RUA REAL DA TORRE,,,COLISÃO TRASEIRA,SEM VITIMAS,2,,,,,,,,,0,Longo da via,Bom,Perfeito estado,Seca,Perfeito estado,Não há placas,,Única,Faixa seccionada
2020-02-05 00:00:00,12:07:00,SEM VÍTIMA,BOA VIAGEM,RUA RIBEIRO DE BRITO,597,,COLISÃO,COLISÃO SEM VITIMA,1,1,,,,,,,,0,,,,,,,,,
2020-02-05 00:00:00,12:15:00,SEM VÍTIMA,NOVA DESCOBERTA,AV NORTE,,SUBURBIO,COLISÃO TRASEIRA,COLISÃO ENTRE A VT CTTU 09 DE PLACA,2,,,,,,,,,0,Longo da via,Bom,Perfeito estado,Seca,Perfeito estado,Não há placas,60 km/h,Dupla,Canteiro central
2020-02-05 00:00:00,12:35:00,SEM VÍTIMA,PRADO,AV ENGENHEIRO ABDIAS DE CARVALHO,132,CIDADE,ABALROAMENTO LONGITUDINAL,SEM VITIMA,2,,,,,,,,,0,Cruzamento,Bom,Perfeito estado,Seca,Perfeito estado,,,Única,Canteiro central
2020-02-05 00:00:00,13:08:00,COM VÍTIMA,SÃO JOSÉ,RUA IMPERIAL,,SUBURBIO,ABALROAMENTO LONGITUDINAL,COLISAO COM VITIMAS,1,1,,,,,,,,2,Longo da via,Bom,Perfeito estado,Seca,Perfeito estado,Não há placas,,Única,Faixa seccionada
2020-02-05 00:00:00,13:26:00,COM VÍTIMA,POÇO DA PANELA,AV DEZESSETE DE AGOSTO,646,CIDADE,ABALROAMENTO LONGITUDINAL,COLISAO COM VITIMAS,1,1,,,,,,,,1,Cruzamento,Bom,Perfeito estado,Seca,Perfeito estado,,,Dupla,
2020-02-05 00:00:00,13:31:00,SEM VÍTIMA,GRAÇAS,RUA ANTONIO NOVAIS,,,ABALROAMENTO TRANSVERSAL,ENTRE AUTO PASSEIO X MOTO S/V,1,1,,,,,,,,0,Cruzamento,Bom,Não existente,Seca,Perfeito estado,Não há placas,30 km/h,Única,Não existe
2020-02-05 00:00:00,13:38:00,COM VÍTIMA,SÃO JOSÉ,RUA IMPERIAL,,SUBURBIO,TOMBAMENTO,MOTOCICLISTA CAIU EM UM BURACO,,1,,,,,,,,2,Longo da via,Bom,Incompleta,,Mal conservada,Outras,,Única,Não existe
2020-02-05 00:00:00,13:42:00,SEM VÍTIMA,BOA VIAGEM,RUA AVIADOR SEVERIANO LINS,,SUBURBIO,ABALROAMENTO TRANSVERSAL,ENTRE DOIS AUTOS S/V,2,,,,,,,,,0,Cruzamento,Bom,Perfeito estado,Seca,Perfeito estado,Placas Pare,20 km/h,Dupla,Não existe
2020-02-05 00:00:00,14:17:00,SEM VÍTIMA,PAISSANDU,RUA PAISSANDU,,,COLISÃO,COLISÃO SEM VITIMA,2,,,,,,,,,0,,,,,,,,,
2020-02-05 00:00:00,14:18:00,COM VÍTIMA,CORDEIRO,RUA PAES CABRAL,,SUBURBIO,ABALROAMENTO TRANSVERSAL,ENTRE MOTO X AUTO PASSEIO COM VÍTIMA,1,1,,,,,,,,1,Longo da via,Bom,Não existente,Seca,Perfeito estado,Outras,,Dupla,Não existe
2020-02-05 00:00:00,15:24:00,COM VÍTIMA,MUSTARDINHA,AV MANOEL GONCALVES DA LUZ,,CIDADE,COLISÃO FRONTAL,ENTRE AUTO X PEDESTRE X MOTO,1,1,,,1,,,,,3,Longo da via,Bom,Perfeito estado,Seca,Perfeito estado,Não há placas,,,Não existe
2020-02-05 00:00:00,15:28:00,SEM VÍTIMA,SÃO JOSÉ,RUA IMPERIAL,,,COLISÃO,COLISÃO SEM VITIMA,2,,,,,,,,,0,,,,,,,,,
2020-02-05 00:00:00,15:51:00,SEM VÍTIMA,IMBIRIBEIRA,AV MARECHAL MASCARENHAS DE MORAES,,CIDADE,ABALROAMENTO LONGITUDINAL,COLISAO SEM VITIMAS,1,1,,,,,,,,0,Longo da via,Bom,Perfeito estado,Seca,Perfeito estado,Não há placas,,Dupla,Canteiro central
2020-02-05 00:00:00,16:14:00,SEM VÍTIMA,PINA,RUA CONSUL JOSEPH NOUJAIM,,,ABALROAMENTO LONGITUDINAL,ENTRE DOIS AUTOS S/V,2,,,,,,,,,0,Longo da via,Bom,Perfeito estado,Seca,Perfeito estado,Outras,,Única,Faixa seccionada
2020-02-05 00:00:00,16:34:00,SEM VÍTIMA,IMBIRIBEIRA,RUA ITACARI,,,ABALROAMENTO TRANSVERSAL,COLISAO SEM VITIMAS,2,,,,,,,,,0,Cruzamento,Bom,Incompleta,Seca,Perfeito estado,Placas Pare,,Única,Não existe
2020-02-05 00:00:00,16:38:00,SEM VÍTIMA,SANTO AMARO,AV GOVERNADOR AGAMENON MAGALHAES,,,ABALROAMENTO LONGITUDINAL,COLISAO SEM VITIMAS,2,,,,,,,,,0,,Bom,Perfeito estado,Seca,Perfeito estado,Placas Pare,,Dupla,Não existe
2020-02-05 00:00:00,18:51:00,SEM VÍTIMA,BOA VIAGEM,AV FERNANDO SIMOES BARBOSA,,SUBURBIO,ABALROAMENTO LONGITUDINAL,CAMINHAO X PEUGEOT X CARRTA,2,,,,,,1,,,0,Longo da via,Bom,Perfeito estado,Seca,Perfeito estado,R-6a,,Única,Faixa seccionada