data,hora,natureza,bairro,endereco,num_semaforo,sentido_via,tipo,auto,moto,ciclom,ciclista,pedestre,onibus,caminhao,viatura,outros,vitimas,vitimasfatais,acidente_verificado,tempo_clima,sinalizacao,condicao_via,conservacao_via,situacao_placa,velocidade_max_via,mao_direcao,divisao_via1
2020-02-07 00:00:00,17:39:00,COM VÍTIMA,ILHA JOANA BEZERRA,VIADUTO CAPITAO TEMUDO,,SUBURBIO,ATROPELAMENTO,COLISÃO COM VÍTIMA,,1,,,1,,,,,2,Longo da via,Bom,Perfeito estado,Seca,Perfeito estado,Não há placas,,Dupla,Faixa seccionada
2020-02-07 00:00:00,17:46:00,COM VÍTIMA,CORDEIRO,EST DO FORTE DO ARRAIAL N. DO B. JESUS,,SUBURBIO,ABALROAMENTO TRANSVERSAL,ENTRE AUTO PASSEIO X MOTO COM VÍTIMA,1,1,,,,,,,,1,Cruzamento,Bom,Incompleta,Seca,Perfeito estado,Não há placas,,Dupla,Faixa contínua
2020-02-07 00:00:00,18:20:00,SEM VÍTIMA,IMBIRIBEIRA,AV MARECHAL MASCARENHAS DE MORAES,255,SUBURBIO,ABALROAMENTO LONGITUDINAL,DOIS AUTOS,2,,,,,,,,,0,Longo da via,Bom,Perfeito estado,Seca,Perfeito estado,Outras,60 km/h,Dupla,Faixa seccionada
2020-02-07 00:00:00,18:25:00,SEM VÍTIMA,AFOGADOS,AV SUL,,,ABALROAMENTO LONGITUDINAL,AUTO PASSEIO X CAMINHÃO S/V,1,,,,,,1,,,0,Longo da via,Bom,Perfeito estado,Seca,Mal conservada,Não há placas,,Única,Faixa seccionada
2020-02-07 00:00:00,19:01:00,COM VÍTIMA,IPSEP,RUA JEAN EMILE FAVRE,,,COLISÃO,ENTRE AUTO PASSEIO X MOTO COM VÍTIMA,1,1,,,,,,,,1,,,,,,,,,
2020-02-07 00:00:00,19:02:00,SEM VÍTIMA,VÁRZEA,AV AFONSO OLINDENSE,,SUBURBIO,ABALROAMENTO LONGITUDINAL,ONIBUS METROPOLITANA X HYUNDAI SANTAFE,1,,,,,1,,,,0,Cruzamento,Bom,Perfeito estado,Seca,Perfeito estado,Outras,30 km/h,Dupla,Faixa contínua
2020-02-07 00:00:00,20:39:00,SEM VÍTIMA,TORRE,RUA MARQUES DE MARICA,,SUBURBIO,ABALROAMENTO LONGITUDINAL,FIAT TORO X PRISMA,2,,,,,,,,,0,Longo da via,Bom,Perfeito estado,Seca,Perfeito estado,,,Dupla,Faixa seccionada
2020-02-07 00:00:00,20:44:00,SEM VÍTIMA,TEJIPIÓ,AV DR JOSE RUFINO,434,SUBURBIO,ABALROAMENTO LONGITUDINAL,ENTRE ONIBUS X AUTO PASSEIO S/V,1,,,,,1,,,,0,Longo da via,Bom,Perfeito estado,Seca,Perfeito estado,Outras,,Dupla,Faixa contínua
2020-02-07 00:00:00,21:28:00,SEM VÍTIMA,DERBY,AV GOVERNADOR AGAMENON MAGALHAES,,,COLISÃO TRASEIRA,ENTRE AUTO PASSEIO X ONIBUS S/V,1,,,,,1,,,,0,Longo da via,Bom,Perfeito estado,Seca,Perfeito estado,Não há placas,60 km/h,Dupla,Canal
2020-02-07 00:00:00,22:22:00,SEM VÍTIMA,CASA FORTE,AV FLOR DE SANTANA,614,,ABALROAMENTO LONGITUDINAL,ENTRE DOIS AUTOS S/V,2,,,,,,,,,0,Longo da via,Bom,Perfeito estado,Seca,Perfeito estado,Outras,,Dupla,Faixa seccionada
2020-02-07 00:00:00,23:42:00,SEM VÍTIMA,ÁGUA FRIA,RUA GUARUJA,,CIDADE,CHOQUE VEÍCULO PARADO,VOYAGE X ONIX,2,,,,,,,,,0,Longo da via,Bom,Não existente,Seca,Perfeito estado,Não há placas,,Dupla,Não existe
2020-02-08 00:00:00,06:34:00,COM VÍTIMA,BOA VIAGEM,RUA CAPITAO ZUZINHA,,CIDADE,ABALROAMENTO LONGITUDINAL,COLISAO COM VITIMA. ENTRE VEICULO E MOTO,1,1,,,,,,,,1,Cruzamento,Bom,Perfeito estado,Seca,Perfeito estado,,,Única,Não existe
2020-02-08 00:00:00,08:22:00,COM VÍTIMA,IPSEP,AV RECIFE,,AEROPORTO,COLISÃO TRASEIRA,MOTO E AUTO,1,1,,,,,,,,1,Longo da via,Bom,Perfeito estado,Seca,Perfeito estado,Outras,60 km/h,Dupla,Canteiro central
2020-02-08 00:00:00,09:08:00,SEM VÍTIMA,BOA VIAGEM,RUA DOS NAVEGANTES,,SUBURBIO,ABALROAMENTO LONGITUDINAL,COLISÃO S/VITIMAS ENTRE UM CAMINHÃO E UM AUTO (V.T 18 QTH),1,,,,,,1,,,0,Longo da via,Bom,Perfeito estado,Seca,Perfeito estado,Não há placas,,Única,Não existe
2020-02-08 00:00:00,09:09:00,SEM VÍTIMA,BOA VIAGEM,AV FERNANDO SIMOES BARBOSA,321,SUBURBIO,ABALROAMENTO LONGITUDINAL,CAMINHÃO E AUTO,1,,,,,,1,,,0,Longo da via,Bom,Perfeito estado,Seca,Perfeito estado,R-6a,,Dupla,Faixa seccionada
2020-02-08 00:00:00,09:49:00,SEM VÍTIMA,AFOGADOS,EST DOS REMEDIOS,,CIDADE,ABALROAMENTO TRANSVERSAL,DOIS AUTOS / EXISTE CRIANÇA DE COLO NO LOCAL,2,,,,,,,,,0,Cruzamento,Bom,Perfeito estado,Seca,Perfeito estado,Placas Pare,60 km/h,Única,Faixa contínua
2020-02-08 00:00:00,10:36:00,SEM VÍTIMA,SANTO AMARO,AV PREFEITO ARTUR LIMA CAVALCANTI,,SUBURBIO,ABALROAMENTO LONGITUDINAL,COLISAO S/ VITIMA. ENTRE DOIS VEICULOS,2,,,,,,,,,0,Longo da via,Bom,Perfeito estado,Seca,Perfeito estado,Não há placas,,Única,Faixa seccionada
2020-02-08 00:00:00,10:57:00,COM VÍTIMA,ALTO JOSÉ BONIFÁCIO,RUA ALTO JOSE BONIFACIO,,SUBURBIO,ABALROAMENTO LONGITUDINAL,COLISÃO C/VITIMA ENTRE UMA MOTO E UM CAMINHÃO (EVADIU-SE DO LOCAL) // GM LINDENBERG NO QTH,,1,,,,,1,,,1,Longo da via,Bom,Incompleta,Seca,,Não há placas,,Dupla,Não existe
2020-02-08 00:00:00,11:25:00,COM VÍTIMA,PARNAMIRIM,RUA TITO ROSAS,10,,ATROPELAMENTO,ÔNIBUS E PEDESTRE,,,,,2,1,,,,2,Cruzamento,Bom,Perfeito estado,Seca,Perfeito estado,Não há placas,40 km/h,Única,Faixa seccionada
2020-02-08 00:00:00,11:27:00,SEM VÍTIMA,CASA FORTE,PRC RADIO JORNAL DO COMERCIO,345,SUBURBIO,COLISÃO TRASEIRA,DOIS AUTOS,1,,,,,1,,,,0,Longo da via,Bom,Perfeito estado,Seca,Perfeito estado,Outras,,Única,Faixa contínua
2020-02-08 00:00:00,11:33:00,SEM VÍTIMA,AREIAS,AV RECIFE,620,SUBURBIO,COLISÃO TRASEIRA,TRES AUTOS,3,,,,,,,,,0,Longo da via,Bom,Perfeito estado,Seca,Perfeito estado,Não há placas,,Dupla,Canteiro central
2020-02-08 00:00:00,11:37:00,SEM VÍTIMA,CIDADE UNIVERSITÁRIA,AV CAXANGA,230,CIDADE,ABALROAMENTO TRANSVERSAL,DOIS AUTOS,2,,,,,,,,,0,Longo da via,Bom,Perfeito estado,Seca,Perfeito estado,R-26,,Dupla,Canteiro central
2020-02-08 00:00:00,11:47:00,SEM VÍTIMA,COHAB,AV SANTA FE,,,COLISÃO,ONIBUS E AUTO,1,,,,,1,,,,0,,,,,,,,,
2020-02-08 00:00:00,12:10:00,SEM VÍTIMA,IBURA,AV DOIS RIOS,,,COLISÃO,MOTO E AUTO,1,1,,,,,,,,0,,,,,,,,,
2020-02-08 00:00:00,12:30:00,SEM VÍTIMA,BOA VIAGEM,AV BOA VIAGEM,663,CIDADE,COLISÃO TRASEIRA,TRES AUTOS,3,,,,,,,,,0,,Bom,Perfeito estado,Seca,Perfeito estado,Não há placas,,Única,Faixa contínua
2020-02-08 00:00:00,12:38:00,SEM VÍTIMA,PINA,RUA FRANCISCO DA CUNHA,,,COLISÃO,COLISAO SEM VITIMAS,1,1,,,,,,,,0,,,,,,,,,
2020-02-08 00:00:00,13:38:00,SEM VÍTIMA,ESPINHEIRO,RUA QUARENTA E OITO,11,CIDADE,ABALROAMENTO LONGITUDINAL,AUTO E ONIBUS,1,,,,,1,,,,0,Cruzamento,Bom,Perfeito estado,Seca,Perfeito estado,Não há placas,,Única,Faixa seccionada
2020-02-08 00:00:00,13:43:00,SEM VÍTIMA,CASA AMARELA,AV NORTE,,,ABALROAMENTO LONGITUDINAL,DOIS AUTOS,2,,,,,,,,,0,Longo da via,Bom,Perfeito estado,Seca,Perfeito estado,Não há placas,60 km/h,Dupla,
2020-02-08 00:00:00,14:54:00,SEM VÍTIMA,ESTÂNCIA,AV RECIFE,261,SUBURBIO,COLISÃO TRASEIRA,COLISAO SEM VITIMAS,2,,,,,,,,,0,Longo da via,Bom,Perfeito estado,Seca,Perfeito estado,Não há placas,,Dupla,Canteiro central
2020-02-08 00:00:00,14:56:00,SEM VÍTIMA,IBURA,AV DOIS RIOS,351,CIDADE,COLISÃO TRASEIRA,COLISAO SEM VITIMAS,2,,,,,,,,,0,Cruzamento,Bom,Perfeito estado,Seca,Perfeito estado,Não há placas,,Dupla,Faixa contínua
2020-02-08 00:00:00,16:12:00,SEM VÍTIMA,DOIS IRMÃOS,RUA DOIS IRMAOS,,SUBURBIO,COLISÃO,DOIS AUTOS,2,,,,,,,,,0,Longo da via,Bom,Perfeito estado,Seca,Perfeito estado,Outras,,Dupla,Faixa contínua
2020-02-08 00:00:00,16:28:00,SEM VÍTIMA,SANTANA,RUA SANTANA,,SUBURBIO,COLISÃO TRASEIRA,COLISAO SEM VITIMAS,2,,,,,,,,,0,Cruzamento,Bom,Incompleta,Seca,Perfeito estado,Não há placas,30 km/h,Dupla,
2020-02-08 00:00:00,21:37:00,SEM VÍTIMA,ROSARINHO,AV NORTE,,,COLISÃO,ONIBUS PEDROSA X,1,,,,,1,,,,0,,,,,,,,,
2020-02-08 00:00:00,22:54:00,SEM VÍTIMA,SANTO ANTÔNIO,AV MARTINS DE BARROS,,CIDADE,ABALROAMENTO LONGITUDINAL,CAMINHAO X PALIO OBS: VT 20 DA CTTU ESTA NO LOCAL,1,,,,,,1,,,0,Longo da via,Bom,Perfeito estado,Seca,Perfeito estado,Não há placas,,Dupla,Faixa seccionada
2020-02-09 00:00:00,00:55:00,SEM VÍTIMA,SANTO ANTÔNIO,AV GUARARAPES,,SUBURBIO,CHOQUE VEÍCULO PARADO,COLISÃO ENTRE DUAS VIATUAS DA GM S/V,2,,,,,,,,,0,Longo da via,Bom,Perfeito estado,Seca,Perfeito estado,Não há placas,,Dupla,Faixa seccionada
2020-02-09 00:00:00,02:51:00,SEM VÍTIMA,DERBY,PRC DO DERBY,,CIDADE,ABALROAMENTO LONGITUDINAL,COLISÃO ENTRE DOIS AUTOS S/V,2,,,,,,,,,0,Longo da via,Bom,Perfeito estado,Seca,Perfeito estado,Outras,,Única,Faixa seccionada
2020-02-09 00:00:00,06:54:00,COM VÍTIMA,DERBY,RUA DR SEVERINO PINHEIRO,,,COLISÃO,COLISAO CO VITIMAS,1,1,,,,,,,,1,,,,,,,,,
2020-02-09 00:00:00,12:30:00,SEM VÍTIMA,VÁRZEA,AV AFONSO OLINDENSE,,SUBURBIO,ABALROAMENTO TRANSVERSAL,COLISÃO SEM VÍTMA,2,,,,,,,,,0,Longo da via,Bom,Perfeito estado,Seca,Perfeito estado,Outras,40 km/h,Dupla,Faixa contínua
2020-02-09 00:00:00,15:14:00,SEM VÍTIMA,IPSEP,AV RECIFE,,,COLISÃO TRASEIRA,COLISÃO SEM VÍTIMA,2,,,,,,,,,0,Longo da via,Bom,Perfeito estado,Seca,Perfeito estado,Outras,,Dupla,Canteiro central
2020-02-09 00:00:00,15:24:00,SEM VÍTIMA,BOA VIAGEM,AV CONSELHEIRO AGUIAR,,,COLISÃO,COLISÃO SEM VÍTIMA,2,,,,,,,,,0,,,,,,,,,
2020-02-09 00:00:00,16:27:00,SEM VÍTIMA,SANTO ANTÔNIO,AV MARTINS DE BARROS,164,,ABALROAMENTO LONGITUDINAL,COLISÃO SEM VÍTIMA,1,,,,,1,,,,0,,Bom,Perfeito estado,Seca,Perfeito estado,Outras,,Única,Faixa seccionada
2020-02-09 00:00:00,16:44:00,SEM VÍTIMA,NOVA DESCOBERTA,RUA CORREGO DO JOAQUIM,,CIDADE,CHOQUE VEÍCULO PARADO,COLISAO SEM VITIMAS,1,,,,,1,,,,0,Longo da via,Bom,Não existente,Seca,Perfeito estado,Não há placas,,,Não existe
2020-02-09 00:00:00,17:26:00,SEM VÍTIMA,ÁGUA FRIA,RUA MANOEL SILVA,,,COLISÃO,COLISÃO SEM VÍTIMA,2,,,,,,,,,0,,,,,,,,,
2020-02-09 00:00:00,17:34:00,COM VÍTIMA,IPSEP,AV RECIFE,,CIDADE,COLISÃO TRASEIRA,COLISAO COM VITIMA,1,1,,,,,,,,1,Longo da via,Bom,Perfeito estado,Seca,Perfeito estado,R-6a,,Dupla,Faixa seccionada
2020-02-09 00:00:00,18:16:00,SEM VÍTIMA,TORRE,RUA MARQUES DE MARICA,317,SUBURBIO,COLISÃO TRASEIRA,TOYOTA X FIAT MOBI,2,,,,,,,,,0,Cruzamento,Bom,Ilegível,Seca,Mal iluminada,Não há placas,,Dupla,Não existe
2020-02-09 00:00:00,19:40:00,COM VÍTIMA,SAN MARTIN,AV CONSUL VILARES FRAGOSO,,CIDADE,COLISÃO FRONTAL,MOTO X CLIO,1,1,,,,,,,,1,Cruzamento,Bom,Não existente,Seca,Mal iluminada,R-6a,,Dupla,Não existe
2020-02-09 00:00:00,20:37:00,SEM VÍTIMA,BOA VIAGEM,AV MARECHAL MASCARENHAS DE MORAES,625,SUBURBIO,CHOQUE OBJETO FIXO,VEÍCULO CHOCOU-SE COM POSTE SEMAFÓRICO (SEM 625),1,,,,,,,,,0,Longo da via,Bom,Perfeito estado,Seca,Perfeito estado,Outras,,Única,Faixa contínua
2020-02-09 00:00:00,21:08:00,COM VÍTIMA,CASA FORTE,AV DEZESSETE DE AGOSTO,,SUBURBIO,ABALROAMENTO LONGITUDINAL,MOTO X HB 20,1,1,,,,,,,,1,Esquina,Bom,Ilegível,Seca,Mal iluminada,Não há placas,,Dupla,Faixa seccionada
2020-02-09 00:00:00,22:12:00,SEM VÍTIMA,VÁRZEA,RUA AMARO GOMES POROCA,,SUBURBIO,ABALROAMENTO LONGITUDINAL,MOTO X GOL,1,,1,,,,,,,0,Longo da via,Bom,Perfeito estado,Seca,Perfeito estado,Não há placas,,Dupla,Faixa seccionada
2020-02-10 00:00:00,00:58:00,SEM VÍTIMA,BOA VIAGEM,RUA ERNESTO DE PAULA SANTOS,304,,COLISÃO,COLISÃO ENTRE DOIS AUTOS- SEM VÍTIMAS,2,,,,,,,,,0,,,,,,,,,
2020-02-10 00:00:00,05:56:00,COM VÍTIMA,ILHA DO LEITE,AV GOVERNADOR AGAMENON MAGALHAES,69,SUBURBIO,COLISÃO TRASEIRA,COM DUAS VITIMAS AGUARDANDO SAMU,1,1,,,,,,,,1,Longo da via,Chuvoso,Perfeito estado,Molhada,Perfeito estado,Não há placas,60 km/h,Dupla,Canteiro central
2020-02-10 00:00:00,06:14:00,SEM VÍTIMA,ÁGUA FRIA,RUA SAO BENTO,,SUBURBIO,ABALROAMENTO LONGITUDINAL,MOTO E AUTO,1,1,,,,,,,,0,Cruzamento,Bom,Perfeito estado,Seca,Perfeito estado,,,Dupla,Faixa contínua
2020-02-10 00:00:00,07:52:00,COM VÍTIMA,JAQUEIRA,RUA SIMAO MENDES,,CIDADE,ABALROAMENTO TRANSVERSAL,COM UMA VITIMA AGUARDANDO SAMU,1,1,,,,,,,,1,Esquina,Bom,Incompleta,Seca,Perfeito estado,Não há placas,,Dupla,Não existe
2020-02-10 00:00:00,08:09:00,COM VÍTIMA,MADALENA,RUA BENFICA,,CIDADE,COLISÃO COM CICLISTA,COM UMA VÍTIMA,1,,,1,,,,,,1,Longo da via,Bom,Perfeito estado,Seca,Perfeito estado,Não há placas,,Dupla,Faixa contínua
2020-02-10 00:00:00,08:33:00,SEM VÍTIMA,ENCRUZILHADA,AV BEBERIBE,238,CIDADE,COLISÃO TRASEIRA,COLISAO COM VITIMA. ENTRE VEICULO E MOTO,1,1,,,,,,,,0,Longo da via,Bom,Perfeito estado,Seca,Perfeito estado,R-4a,,Dupla,Faixa seccionada
2020-02-10 00:00:00,08:47:00,SEM VÍTIMA,MACAXEIRA,AV NORTE,,CIDADE,COLISÃO TRASEIRA,COLISÃO S/VITIMAS ENTRE DOIS AUTOS,2,,,,,,,,,0,Longo da via,Bom,Perfeito estado,Seca,Perfeito estado,Não há placas,,Única,Faixa seccionada
2020-02-10 00:00:00,08:50:00,SEM VÍTIMA,BOA VIAGEM,AV ENGENHEIRO DOMINGOS FERREIRA,,SUBURBIO,ABALROAMENTO LONGITUDINAL,DOIS AUTOS,2,,,,,,,,,0,Longo da via,Bom,Perfeito estado,Seca,Perfeito estado,Outras,,Única,Faixa seccionada
2020-02-10 00:00:00,09:26:00,COM VÍTIMA,PINA,AV ANTONIO DE GOES,103,CIDADE,ATROPELAMENTO,MOTO E PEDESTRE. O PEDESTRE EVADIU-SE DO LOCAL.,,1,,,1,,,,,1,Longo da via,Bom,Perfeito estado,Seca,Perfeito estado,Não há placas,60 km/h,Única,Faixa seccionada
2020-02-10 00:00:00,09:33:00,SEM VÍTIMA,BOA VISTA,RUA DA AURORA,579,,ABALROAMENTO LONGITUDINAL,COLISÃO S/VITIMAS ENTRE DOIS AUTOS (GM MEDEIROS E MARCELO APOLINÁRIO NO QTH),2,,,,,,,,,0,Longo da via,Bom,Perfeito estado,Seca,Perfeito estado,Outras,,Única,Faixa seccionada
2020-02-10 00:00:00,09:49:00,SEM VÍTIMA,MADALENA,AV CAXANGA,263,CIDADE,ABALROAMENTO LONGITUDINAL,SEM VITIMAS,1,,,,,,1,,,0,Longo da via,Bom,Perfeito estado,Seca,Perfeito estado,Outras,,Única,Faixa seccionada
2020-02-10 00:00:00,10:01:00,SEM VÍTIMA,BOA VISTA,RUA JOAO FERNANDES VIEIRA,,CIDADE,ABALROAMENTO LONGITUDINAL,SEM VITIMAS,1,,,,,,1,,,0,Longo da via,Bom,Perfeito estado,Seca,Perfeito estado,R-6a,,Única,Não existe
2020-02-10 00:00:00,10:15:00,COM VÍTIMA,CASA FORTE,AV DEZESSETE DE AGOSTO,,CIDADE,ABALROAMENTO LONGITUDINAL,COM UMA VITIMA -SAMU NO LOCAL,1,1,,,,,,,,1,Longo da via,Bom,Perfeito estado,Seca,Perfeito estado,Não há placas,,Dupla,Faixa contínua
2020-02-10 00:00:00,11:26:00,SEM VÍTIMA,IMBIRIBEIRA,RUA JOAQUIM BANDEIRA,,,ABALROAMENTO TRANSVERSAL,COLISÃO S/VIITMAS ENTRE TRES AUTOS,3,,,,,,,,,0,Cruzamento,Bom,Incompleta,Seca,Perfeito estado,Placas Pare,40 km/h,Única,Faixa seccionada
2020-02-10 00:00:00,12:26:00,COM VÍTIMA,SÃO JOSÉ,RUA IMPERIAL,,,COLISÃO TRASEIRA,COLISÃO COM VÍTIMA,1,,1,,,,,,,1,Longo da via,Bom,Perfeito estado,Seca,Perfeito estado,Não há placas,40 km/h,Única,Faixa
2020-02-10 00:00:00,12:28:00,SEM VÍTIMA,IMBIRIBEIRA,AV MARECHAL MASCARENHAS DE MORAES,,SUBURBIO,COLISÃO TRASEIRA,COLISAO SEM VITIMAS,2,,,,,,,,,0,Longo da via,Bom,Perfeito estado,Seca,Perfeito estado,Não há placas,60 km/h,,Faixa contínua
2020-02-10 00:00:00,12:41:00,SEM VÍTIMA,IMBIRIBEIRA,RUA CONDE PEREIRA CARNEIRO,,,COLISÃO,COLISAO SEM VITIMAS,1,1,,,,,,,,0,,,,,,,,,
2020-02-10 00:00:00,13:04:00,COM VÍTIMA,DERBY,AV GOVERNADOR AGAMENON MAGALHAES,75,OLINDA,COLISÃO TRASEIRA,COM VÍTMA,1,2,,,,,,,,2,Longo da via,Bom,Perfeito estado,Seca,Perfeito estado,Não há placas,60 km/h,Dupla,Faixa seccionada
2020-02-10 00:00:00,13:08:00,SEM VÍTIMA,DERBY,RUA JENER DE SOUZA,,SUBURBIO,ABALROAMENTO LONGITUDINAL,COLISAO SEM VITIMAS,2,,,,,,,,,0,Longo da via,Bom,Perfeito estado,Seca,Perfeito estado,,40 km/h,Dupla,Canteiro central
2020-02-10 00:00:00,14:04:00,SEM VÍTIMA,IMBIRIBEIRA,AV MARECHAL MASCARENHAS DE MORAES,,PRAZERES,COLISÃO,COLISAO SEM VITIMAS,2,,,,,,,,,0,,,,,,,,,
2020-02-10 00:00:00,14:14:00,SEM VÍTIMA,BOA VIAGEM,AV CONSELHEIRO AGUIAR,,CIDADE,CHOQUE OBJETO FIXO,COLISAO SEM VITIMAS,1,,,,,,,,,0,Cruzamento,Bom,Perfeito estado,Seca,Perfeito estado,Não há placas,60 km/h,Única,Faixa seccionada
2020-02-10 00:00:00,14:32:00,SEM VÍTIMA,SAN MARTIN,AV JOAO CABRAL DE MELO NETO,,SUBURBIO,COLISÃO TRASEIRA,COLISÃO SEM VÍTIMA,2,,,,,,,,,0,Longo da via,Bom,Perfeito estado,Seca,Perfeito estado,Não há placas,,Dupla,
2020-02-10 00:00:00,14:37:00,COM VÍTIMA,SANTO AMARO,AV DR JAYME DA FONTE,,,ATROPELAMENTO,COM VÍTIMA/ VÍTIMA SOCORRIDA PELO BOMBEIRO,1,,,,1,,,,,1,Longo da via,Bom,Não existente,Seca,Perfeito estado,Outras,40 km/h,,Canteiro central
2020-02-10 00:00:00,14:46:00,SEM VÍTIMA,DERBY,RUA JENER DE SOUZA,,,COLISÃO,COLISAO SEM VITIMAS,1,1,,,,,,,,0,,,,,,,,,
2020-02-10 00:00:00,15:29:00,SEM VÍTIMA,PINA,AV HERCULANO BANDEIRA,,SUBURBIO,ABALROAMENTO LONGITUDINAL,COLISAO SEM VITIMAS,1,,,,,1,,,,0,Longo da via,Bom,Perfeito estado,Seca,Perfeito estado,R-6a,,Única,Faixa contínua
2020-02-10 00:00:00,15:33:00,SEM VÍTIMA,MACAXEIRA,AV NORTE,,SUBURBIO,COLISÃO TRASEIRA,COLISÃO SEM VÍTIMA,1,,,,,1,,,,0,Longo da via,Bom,,Seca,Perfeito estado,Não há placas,,Única,Não existe
2020-02-10 00:00:00,16:08:00,SEM VÍTIMA,ESPINHEIRO,AV GOVERNADOR AGAMENON MAGALHAES,,,COLISÃO TRASEIRA,COLISÃO SEM VÍTIMA,2,,,,,,,,,0,Longo da via,Bom,Perfeito estado,Seca,Perfeito estado,,,Dupla,Faixa seccionada
2020-02-10 00:00:00,16:52:00,SEM VÍTIMA,CORDEIRO,AV GENERAL SAN MARTIN,,,COLISÃO,COLISÃO SEM VÍTIMA,1,,,,,1,,,,0,,,,,,,,,
2020-02-10 00:00:00,17:19:00,COM VÍTIMA,JORDÃO,AV MARIA IRENE,,SUBURBIO,ABALROAMENTO LONGITUDINAL,COISAO COM VITIMAS,1,1,,,,,,,,1,Esquina,Bom,Não existente,Seca,Perfeito estado,Não há placas,,Dupla,Faixa contínua
2020-02-10 00:00:00,17:24:00,SEM VÍTIMA,AFOGADOS,EST DOS REMEDIOS,,SUBURBIO,ABALROAMENTO TRANSVERSAL,COLISAO SEM VITIMAS,1,1,,,,,,,,0,Longo da via,Bom,Perfeito estado,Seca,Perfeito estado,Outras,60 km/h,Única,Faixa seccionada
2020-02-10 00:00:00,17:50:00,SEM VÍTIMA,CORDEIRO,AV CAXANGA,,SUBURBIO,ABALROAMENTO LONGITUDINAL,COLISÃO SEM VÍTIMA,2,,,,,,,,,0,Cruzamento,Bom,Perfeito estado,Seca,Perfeito estado,Outras,60 km/h,Dupla,Canteiro central
2020-02-10 00:00:00,18:12:00,SEM VÍTIMA,AFOGADOS,RUA DA PAZ,73,SUBURBIO,COLISÃO TRASEIRA,ENTRE AUTO E MOTO. S/V,1,1,,,,,,,,0,Longo da via,Bom,Perfeito estado,Seca,Perfeito estado,Outras,40 km/h,Única,Faixa seccionada
2020-02-10 00:00:00,18:22:00,SEM VÍTIMA,MADALENA,RUA JOAO IVO DA SILVA,132,,ABALROAMENTO LONGITUDINAL,SANDERO X CAMINHAO,1,,,,,,1,,,0,Cruzamento,Bom,Perfeito estado,Seca,Perfeito estado,Outras,,Única,Não existe
2020-02-10 00:00:00,19:48:00,SEM VÍTIMA,IBURA,RUA QUARENTA E UM,,,COLISÃO,ONIBUS X ETIOS,1,,,,,1,,,,0,,,,,,,,,
2020-02-10 00:00:00,19:53:00,SEM VÍTIMA,JAQUEIRA,RUA HOEL SETTE,,SUBURBIO,CHOQUE VEÍCULO PARADO,ENTRE 2 AUTOS. S/V,2,,,,,,,,,0,Longo da via,Bom,Incompleta,Seca,Mal iluminada,Não há placas,,Dupla,
2020-02-10 00:00:00,20:07:00,SEM VÍTIMA,BOA VISTA,RUA DOS COELHOS,,SUBURBIO,COLISÃO,ÕNIBUS E AUTO PASSEIO. S/V,1,,,,,1,,,,0,Esquina,Bom,Perfeito estado,Seca,Perfeito estado,R-6a,,Única,Faixa contínua
2020-02-11 00:00:00,01:45:00,SEM VÍTIMA,BOA VISTA,AV MANOEL BORBA,29,s,COLISÃO,COLISÃO ENTRE DOIS AUTOS S/V,2,,,,,,,,,0,Cruzamento,Bom,Perfeito estado,Seca,Perfeito estado,Outras,,Única,Faixa contínua
2020-02-11 00:00:00,07:11:00,SEM VÍTIMA,TAMARINEIRA,RUA SAO VICENTE,,CIDADE,COLISÃO,COLISÃO S/VITMAS ENTRE DOIS AUTOS,2,,,,,,,,,0,Longo da via,Bom,Perfeito estado,Seca,Perfeito estado,Placas Pare,,Dupla,Não existe
2020-02-11 00:00:00,07:13:00,SEM VÍTIMA,MACAXEIRA,AV NORTE,,CAXANGA,COLISÃO,SEM VITIMAS,1,,,,,,1,,,0,,,,,,,,,
2020-02-11 00:00:00,07:30:00,SEM VÍTIMA,DOIS IRMÃOS,RUA DOIS IRMAOS,416,,COLISÃO,COLISÃO S/VITIMAS ENTRE DOIS AUTOS,2,,,,,,,,,0,,,,,,,,,
2020-02-11 00:00:00,07:46:00,SEM VÍTIMA,CABANGA,AV ENGENHEIRO JOSE ESTELITA,,CIDADE,COLISÃO,DOIS AUTOS,2,,,,,,,,,0,Longo da via,Bom,Perfeito estado,Seca,Perfeito estado,Outras,60 km/h,Única,Faixa seccionada