data,hora,natureza,bairro,endereco,num_semaforo,sentido_via,tipo,auto,moto,ciclom,ciclista,pedestre,onibus,caminhao,viatura,outros,vitimas,vitimasfatais,acidente_verificado,tempo_clima,sinalizacao,condicao_via,conservacao_via,situacao_placa,velocidade_max_via,mao_direcao,divisao_via1
2020-02-11 00:00:00,08:06:00,SEM VÍTIMA,BOA VIAGEM,RUA FREI LEANDRO,,,COLISÃO,SEM VITIMAS,3,,,,,,,,,0,,,,,,,,,
2020-02-11 00:00:00,08:09:00,SEM VÍTIMA,TORRE,RUA PIO NONO,,SUBURBIO,COLISÃO,COLISÃO S/VITIMAS ENTRE DOIS AUTOS (V.T 16 NO QTH),2,,,,,,,,,0,Longo da via,Bom,Perfeito estado,Seca,Mal conservada,R-6a,,Dupla,Não existe
2020-02-11 00:00:00,08:44:00,SEM VÍTIMA,MADALENA,AV CAXANGA,,CIDADE,COLISÃO,DOIS AUTOS,2,,,,,,,,,0,Longo da via,Bom,Perfeito estado,Seca,Perfeito estado,Não há placas,,Dupla,Canteiro central
2020-02-11 00:00:00,08:46:00,COM VÍTIMA,AFOGADOS,EST DOS REMEDIOS,,MADALENA,ABALROAMENTO LONGITUDINAL,COLISÃO C/VITIMA ENTRE UM AUTO E UMA MOTO,1,1,,,,,,,,2,Longo da via,Bom,Perfeito estado,Seca,Perfeito estado,R-6a,,Única,Faixa seccionada
2020-02-11 00:00:00,08:52:00,SEM VÍTIMA,SANTO AMARO,RUA GENERAL ABREU E LIMA,,,COLISÃO,CAMINHÃO E AUTO PONTO FIXO GM´VICENTE E PASSO,1,,,,,1,,,,0,,,,,,,,,
2020-02-11 00:00:00,08:59:00,SEM VÍTIMA,CAÇOTE,AV RECIFE,,,COLISÃO,COLISÃO S/VITIMAS ENTRE UMA MOTO E UM AUTO,1,1,,,,,,,,0,,,,,,,,,
2020-02-11 00:00:00,09:20:00,SEM VÍTIMA,BOA VIAGEM,RUA ANTONIO FALCAO,,SUBURBIO,COLISÃO,COLISÃO S/VITIMAS ENTRE QUATRO AUTOS (BATEDORES URLEY E ANDRE FABIANO NO QTH),4,,,,,,,,,0,Longo da via,Bom,Perfeito estado,Seca,Perfeito estado,,,Única,Faixa seccionada
2020-02-11 00:00:00,09:45:00,SEM VÍTIMA,SANTO AMARO,RUA DO POMBAL,,,COLISÃO,COLISÃO S/VITIMAS ENTRE DOIS AUTOS,2,,,,,,,,,0,Longo da via,Bom,Não existente,Seca,Perfeito estado,Não há placas,,Única,Não existe
2020-02-11 00:00:00,10:04:00,SEM VÍTIMA,BOA VISTA,RUA PRINCESA IZABEL,,CIDADE,COLISÃO,SEM VITIMAS/CTTU NO LOCAL/GM MAYARA LIMA/GM GUIMARÃES,,,,,,1,1,,,0,,,,,,,,,
2020-02-11 00:00:00,10:05:00,SEM VÍTIMA,BOA VISTA,RUA PRINCESA IZABEL,31,CIDADE,COLISÃO,CAMINHÃO E ONIBUS    PONTO FIXO GM´S GUIMARAES E MAIARA,,,,,,1,1,,,0,Cruzamento,Bom,Perfeito estado,Seca,Perfeito estado,Não há placas,60 km/h,Única,Faixa contínua
2020-02-11 00:00:00,10:14:00,SEM VÍTIMA,IPUTINGA,AV CAXANGA,8,,COLISÃO,SEM VITIMAS,2,,,,,,,,,0,,,,,,,,,
2020-02-11 00:00:00,10:16:00,SEM VÍTIMA,ÁGUA FRIA,AV BEBERIBE,,,COLISÃO,AUTO E MOTO,1,1,,,,,,,,0,,,,,,,,,
2020-02-11 00:00:00,10:33:00,SEM VÍTIMA,JARDIM SÃO PAULO,AV LIBERDADE,,,COLISÃO,COLISÃO S/VITIMAS ENTRE DOIS AUTOS,1,,,,,,,1,,0,Longo da via,Bom,Perfeito estado,Seca,Perfeito estado,Não há placas,,Dupla,Faixa contínua
2020-02-11 00:00:00,10:52:00,SEM VÍTIMA,IMBIRIBEIRA,RUA JOAQUIM BANDEIRA,534,,COLISÃO,SEM VITIMAS,1,,,,,,1,,,0,Esquina,Bom,Perfeito estado,Seca,Perfeito estado,,60 km/h,Dupla,Faixa seccionada
2020-02-11 00:00:00,10:53:00,SEM VÍTIMA,SÃO JOSÉ,RUA IMPERIAL,,CIDADE,COLISÃO,,1,,,,,,1,,,0,,,,,,,,,
2020-02-11 00:00:00,11:04:00,COM VÍTIMA,IPSEP,AV RECIFE,,SUBURBIO,COLISÃO TRASEIRA,COLISÃO C/VITIMA ENTRE UMA MOTO E UM AUTO,1,1,,,,,,,,1,Longo da via,Bom,Perfeito estado,Seca,Perfeito estado,Não há placas,,Única,Faixa seccionada
2020-02-11 00:00:00,11:07:00,SEM VÍTIMA,IMBIRIBEIRA,AV MARECHAL MASCARENHAS DE MORAES,,AFOGADOS,COLISÃO,SEM VITIMAS,2,,,,,,,,,0,,,,,,,,,
2020-02-11 00:00:00,11:27:00,SEM VÍTIMA,GRAÇAS,AV RUI BARBOSA,,CIDADE,COLISÃO,COLISÃO S/VITIMAS ENTRE DOIS AUTOS (PONTO FIXO POLIANA ÁTICO NO QTH),2,,,,,,,,,0,Longo da via,Bom,Perfeito estado,Seca,Perfeito estado,Outras,60 km/h,Única,Faixa seccionada
2020-02-11 00:00:00,11:30:00,SEM VÍTIMA,CABANGA,AV SUL,,,COLISÃO,SEM VITIMAS,1,1,,,,,,,,0,,,,,,,,,
2020-02-11 00:00:00,12:22:00,SEM VÍTIMA,CORDEIRO,AV ENGENHEIRO ABDIAS DE CARVALHO,58,CIDADE,COLISÃO,COLISÃO S/VITIMAS ENTRE DOIS AUTOS (PONTO FIXO ALMEIDA VELOSO NO QTH),2,,,,,,,,,0,Longo da via,Bom,Perfeito estado,Seca,Perfeito estado,,,Dupla,Faixa contínua
2020-02-11 00:00:00,13:34:00,SEM VÍTIMA,IPSEP,RUA ITAJAI,,SUBURBIO,COLISÃO,COLISAO SEM VITIMAS,2,,,,,,,,,0,Cruzamento,Bom,Perfeito estado,Seca,Perfeito estado,Placas Pare,60 km/h,Dupla,Faixa contínua
2020-02-11 00:00:00,13:40:00,SEM VÍTIMA,CASA FORTE,PRC DE CASA FORTE,,,COLISÃO,COLISAO SEM VITIMAS,2,,,,,,,,,0,,,,,,,,,
2020-02-11 00:00:00,13:53:00,SEM VÍTIMA,IPUTINGA,AV CAXANGA,533,CAMARAGIBE,COLISÃO,COLISAO SEM VITIMAS,1,,,,,1,,,,0,Longo da via,Bom,Perfeito estado,Seca,Perfeito estado,,,Dupla,Faixa seccionada
2020-02-11 00:00:00,14:12:00,SEM VÍTIMA,MADALENA,AV BEIRA RIO,,CIDADE,COLISÃO,COLISÃO S/VITIMAS ENTRE DOIS AUTOS (PONTO FIXO LUIS BARBOSA NO QTH),2,,,,,,,,,0,Cruzamento,Bom,Perfeito estado,Seca,Perfeito estado,Placas Pare,,Dupla,Faixa seccionada
2020-02-11 00:00:00,14:13:00,SEM VÍTIMA,BOA VIAGEM,AV MARECHAL JUAREZ TAVORA,,,COLISÃO,COLISAO COM VITIMAS,1,1,,,,,,,,0,Longo da via,Bom,Perfeito estado,Seca,Perfeito estado,,,Única,Faixa seccionada
2020-02-11 00:00:00,14:50:00,COM VÍTIMA,BOA VIAGEM,AV DES JOSE NEVES,,CIDADE,COLISÃO FRONTAL,COLISÃO C/EVASÃO SEGUIDA DE ATROPELAMENTO,1,,,,1,,,,,1,Longo da via,Bom,Perfeito estado,Seca,Perfeito estado,R-6a,,Dupla,Canal
2020-02-11 00:00:00,15:20:00,SEM VÍTIMA,AFOGADOS,RUA NICOLAU PEREIRA,,CIDADE,COLISÃO,COLISAO SEM VITIMAS,1,,,,,,1,,,0,Longo da via,Bom,Incompleta,Seca,Mal conservada,R-6a,,Única,Faixa seccionada
2020-02-11 00:00:00,15:26:00,COM VÍTIMA,DERBY,RUA DA BAIXA VERDE,,,ABALROAMENTO TRANSVERSAL,COLISÃO C/VITIMA ENTRE UMA MOTO E UM AUTO,1,1,,,,,,,,2,Cruzamento,Bom,Perfeito estado,Seca,Perfeito estado,R-6a,,Dupla,Canteiro central
2020-02-11 00:00:00,15:35:00,COM VÍTIMA,TORRÕES,EST DO FORTE DO ARRAIAL N. DO B. JESUS,375,SUBURBIO,COLISÃO TRASEIRA,COLISÃO S/VITIMAS ENTRE UM CAMINHÃO E UMA MOTO (PONTO FIXO RICARDO HONORATO NO QTH),,1,,,,,1,,,1,Longo da via,Bom,Perfeito estado,Seca,Perfeito estado,R-6a,,Única,Não existe
2020-02-11 00:00:00,16:17:00,SEM VÍTIMA,BOA VIAGEM,AV CONSELHEIRO AGUIAR,,,COLISÃO,COLISÃO SEM VITIMAS,2,,,,,,,,,0,,,,,,,,,
2020-02-11 00:00:00,16:25:00,SEM VÍTIMA,JOANA BEZERRA,VDO PAPA JOAO PAULO II,,CIDADE,COLISÃO,COLISAO SEM VITIMAS,1,,,,,1,,,,0,Longo da via,Bom,Perfeito estado,Seca,Perfeito estado,,40 km/h,Única,Canteiro central
2020-02-11 00:00:00,16:44:00,SEM VÍTIMA,BOA VIAGEM,RUA ERNESTO DE PAULA SANTOS,,,COLISÃO,COLISAO SEM VITIMAS,2,,,,,,,,,0,Cruzamento,Bom,Não existente,Seca,Perfeito estado,Não há placas,,Única,Não existe
2020-02-11 00:00:00,16:48:00,SEM VÍTIMA,SAN MARTIN,RUA COMENDADOR FRANCO FERREIRA,,,COLISÃO,COLISAO SEM VITIMAS,2,,,,,,,,,0,Longo da via,Bom,Perfeito estado,Seca,Perfeito estado,Não há placas,30 km/h,Dupla,Não existe
2020-02-11 00:00:00,16:53:00,SEM VÍTIMA,BOA VIAGEM,RUA VISCONDE DE JEQUITINHONHA,,SUBURBIO,COLISÃO,COLISAO COM VITIMAS,2,,,,,,,,,0,Longo da via,Bom,Perfeito estado,Seca,Perfeito estado,,,Única,Faixa seccionada
2020-02-11 00:00:00,17:06:00,SEM VÍTIMA,ROSARINHO,RUA AMARO COUTINHO,,SUBURBIO,COLISÃO,COLISÃO S/VITIMAS ENTRE DOIS AUTOS,2,,,,,,,,,0,Longo da via,Chuvoso,Perfeito estado,Molhada,Perfeito estado,Placas Pare,,Dupla,Faixa contínua
2020-02-11 00:00:00,18:22:00,SEM VÍTIMA,BAIRRO DO RECIFE,CAIS DO APOLO,,SUBURBIO,COLISÃO,ONIBUS BRT X PEUGEOT,1,,,,,1,,,,0,Longo da via,Bom,Perfeito estado,Seca,Perfeito estado,Não há placas,40 km/h,Dupla,Canteiro central
2020-02-11 00:00:00,18:53:00,SEM VÍTIMA,BOA VIAGEM,AV ENGENHEIRO DOMINGOS FERREIRA,,SUBURBIO,COLISÃO,ONIBUS BORBOREMA X HONDA CIVIC,1,,,,,1,,,,0,Longo da via,Bom,Perfeito estado,Seca,Perfeito estado,Não há placas,60 km/h,Única,Canteiro central
2020-02-11 00:00:00,19:30:00,SEM VÍTIMA,BOA VIAGEM,RUA FRANCISCO DA CUNHA,227,SUBURBIO,COLISÃO,IX35 X CAMINHAO BAU,1,,,,,,1,,,0,Longo da via,Bom,Perfeito estado,Seca,Perfeito estado,Outras,,Única,Não existe
2020-02-11 00:00:00,19:43:00,SEM VÍTIMA,TORRE,RUA CONDE DE IRAJA,,SUBURBIO,COLISÃO,ENTRE 2 AUTOS. S/V,2,,,,,,,,,0,Longo da via,Bom,Perfeito estado,Seca,Perfeito estado,Não há placas,,Única,Faixa seccionada
2020-02-11 00:00:00,19:46:00,COM VÍTIMA,CAMPINA DO BARRETO,RUA DA REGENERACAO,,CIDADE,COLISÃO COM CICLISTA,MOTO X CICLISTA,,1,,1,,,,,,2,Longo da via,Bom,Não existente,Seca,Perfeito estado,Não há placas,,Dupla,Não existe
2020-02-11 00:00:00,19:53:00,SEM VÍTIMA,GRAÇAS,AV GOVERNADOR AGAMENON MAGALHAES,173,CIDADE,COLISÃO,GOL X TOYOTA HILUX,2,,,,,,,,,0,Longo da via,Bom,Perfeito estado,Seca,Perfeito estado,Outras,60 km/h,Única,Faixa seccionada
2020-02-11 00:00:00,20:19:00,SEM VÍTIMA,BOA VIAGEM,AV BOA VIAGEM,,,COLISÃO,JEEP X SIENA  OBS.. BATEDORES DA CTTU NO LOCAL 36X 07,2,,,,,,,,,0,,,,,,,,,
2020-02-11 00:00:00,20:34:00,SEM VÍTIMA,BOA VIAGEM,AV DOM JOAO VI,,SUBURBIO,COLISÃO,AUTO X CAMINHÃO,1,,,,,,1,,,0,Cruzamento,Bom,Perfeito estado,Seca,Perfeito estado,Placas Pare,,Única,Canteiro central
2020-02-11 00:00:00,23:52:00,SEM VÍTIMA,GRAÇAS,AV RUI BARBOSA,102,CIDADE,COLISÃO,ENTRE 2 AUTOS. S/V,2,,,,,,,,,0,Cruzamento,Bom,Ilegível,Seca,Mal iluminada,Não há placas,,Única,Faixa seccionada
2020-02-12 00:00:00,07:05:00,SEM VÍTIMA,DOIS IRMÃOS,EST DOS PINTOS,,SUBURBIO,COLISÃO,SEM VITMAS,1,,,,,1,,,,0,Longo da via,Bom,Perfeito estado,Seca,Perfeito estado,Não há placas,,Dupla,Não existe
2020-02-12 00:00:00,07:08:00,SEM VÍTIMA,JORDÃO,AV BEIRA RIO,,CIDADE,COLISÃO,COLISAO S/ VITIMA. ENTRE SAVEIRO E MOTO,1,1,,,,,,,,0,,,,,,,,,
2020-02-12 00:00:00,07:18:00,SEM VÍTIMA,MADALENA,AV BEIRA RIO,,SUBURBIO,COLISÃO,COLISAO S/ VITIMA ENTRE DOIS VEICULOS. GM: GLEITON SILVA E CESAR NO LOCAL,2,,,,,,,,,0,Longo da via,Bom,Perfeito estado,Seca,Perfeito estado,,,Dupla,Faixa seccionada
2020-02-12 00:00:00,07:40:00,SEM VÍTIMA,AFOGADOS,EST DOS REMEDIOS,,,COLISÃO,CAMINHÃO E AUTO,1,,,,,,1,,,0,Cruzamento,Bom,Perfeito estado,Seca,Perfeito estado,Outras,30 km/h,Única,Faixa seccionada
2020-02-12 00:00:00,08:07:00,SEM VÍTIMA,PRADO,AV ENGENHEIRO ABDIAS DE CARVALHO,132,CIDADE,COLISÃO,SEM VITIMAS,2,,,,,,,,,0,,,,,,,,,
2020-02-12 00:00:00,08:12:00,COM VÍTIMA,SANTO ANTÔNIO,AV MARTINS DE BARROS,,,ATROPELAMENTO,GM MONICA / EDMUNDO FILHO NO QTH / BRT E PEDESTRE,,,,,1,1,,,,1,Longo da via,Bom,Perfeito estado,Seca,Perfeito estado,Outras,30 km/h,Única,Canteiro central
2020-02-12 00:00:00,08:55:00,SEM VÍTIMA,BOA VIAGEM,RUA MINISTRO NELSON HUNGRIA,,SUBURBIO,COLISÃO,DOIS AUTOS,2,,,,,,,,,0,Cruzamento,Bom,Perfeito estado,Seca,Perfeito estado,Placas Pare,,Única,Não existe
2020-02-12 00:00:00,09:03:00,SEM VÍTIMA,DERBY,RUA GUILHERME PINTO,,CIDADE,COLISÃO,COLISAO S/ VITIMA. ENTRE DOIS VEICULOS,2,,,,,,,,,0,Cruzamento,Bom,Perfeito estado,Seca,Perfeito estado,R-6a,20 km/h,Única,Não existe
2020-02-12 00:00:00,09:03:00,SEM VÍTIMA,BOA VISTA,RUA BARAO DE SAO BORJA,,SUBURBIO,COLISÃO,CAMINHÃO E AUTO VT- 29 NO LOCAL GM´S PAULO WANDERLEY E LEONARDO MERCES,1,,,,,,1,,,0,Cruzamento,Chuvoso,Incompleta,Molhada,Perfeito estado,R-4b,,Única,Não existe
2020-02-12 00:00:00,09:16:00,SEM VÍTIMA,MACAXEIRA,AV NORTE,,SUBURBIO,COLISÃO,SEM VITIMASCTTU NO LOCAL GM JOTA NETO/GM LAISA VT 07,2,,,,,,,,,0,Longo da via,Bom,Perfeito estado,Seca,Perfeito estado,R-6a,,Única,Não existe
2020-02-12 00:00:00,09:21:00,SEM VÍTIMA,IMBIRIBEIRA,AV MARECHAL MASCARENHAS DE MORAES,,SUBURBIO,ABALROAMENTO LONGITUDINAL,DOIS AUTOS,2,,,,,,,,,0,Longo da via,Bom,Perfeito estado,Seca,Perfeito estado,Não há placas,,Dupla,Canteiro central
2020-02-12 00:00:00,09:36:00,SEM VÍTIMA,CASA FORTE,EST REAL DO POCO,,CIDADE,COLISÃO,COLISAO S/ VITIMA ENTRE DOIS VEICULOS,2,,,,,,,,,0,Esquina,Bom,Perfeito estado,Seca,Perfeito estado,Não há placas,40 km/h,Dupla,Faixa seccionada
2020-02-12 00:00:00,09:37:00,SEM VÍTIMA,CAXANGÁ,AV JOAQUIM RIBEIRO,,SUBURBIO,ENGAVETAMENTO,TRES AUTOS,3,,,,,,,,,0,Longo da via,Bom,Perfeito estado,Seca,Perfeito estado,Não há placas,,Dupla,Faixa seccionada
2020-02-12 00:00:00,09:47:00,SEM VÍTIMA,CASA FORTE,EST DO ENCANAMENTO,,SUBURBIO,COLISÃO,COLISAO S/ VITIMA ENTRE MOTO E VEICULO,1,1,,,,,,,,0,Cruzamento,Bom,Perfeito estado,Seca,Perfeito estado,Placas Pare,,Única,Não existe
2020-02-12 00:00:00,10:01:00,SEM VÍTIMA,JARDIM SÃO PAULO,AV RECIFE,,,ENGAVETAMENTO,CINCO AUTOS,5,,,,,,,,,0,,,,,,,,,
2020-02-12 00:00:00,11:16:00,SEM VÍTIMA,GRAÇAS,AV RUI BARBOSA,,,COLISÃO,DOIS AUTOS,2,,,,,,,,,0,,,,,,,,,
2020-02-12 00:00:00,11:33:00,SEM VÍTIMA,BOA VISTA,RUA JOSE DE ALENCAR,,CIDADE,COLISÃO,DOIS AUTOS,2,,,,,,,,,0,Cruzamento,Bom,Incompleta,Seca,Perfeito estado,R-4b,,Única,Não existe
2020-02-12 00:00:00,11:33:00,SEM VÍTIMA,GRAÇAS,AV GOVERNADOR AGAMENON MAGALHAES,37,,COLISÃO,AUTO E CAMINHÃO,1,,,,,,1,,,0,Esquina,Bom,Perfeito estado,Seca,Perfeito estado,Outras,60 km/h,Dupla,Faixa seccionada
2020-02-12 00:00:00,11:44:00,SEM VÍTIMA,PINA,AV HERCULANO BANDEIRA,,SUBURBIO,COLISÃO,SEM VITIMAS,1,,,,,1,,,,0,Cruzamento,Bom,Incompleta,Seca,Perfeito estado,Outras,30 km/h,Única,Faixa seccionada
2020-02-12 00:00:00,12:37:00,SEM VÍTIMA,CORDEIRO,AV ENGENHEIRO ABDIAS DE CARVALHO,58,SUBURBIO,COLISÃO,,1,1,,,,,,,,0,Longo da via,Bom,Perfeito estado,Seca,Perfeito estado,Outras,60 km/h,Única,Canteiro central
2020-02-12 00:00:00,12:59:00,SEM VÍTIMA,SANTO AMARO,AV NORTE,,SUBURBIO,COLISÃO,COLISÃO S/VITIMAS ENTRE DUAS MOTOS E UM ONIBUS,,2,,,,1,,,,0,Longo da via,Bom,Perfeito estado,Seca,Perfeito estado,Não há placas,,Dupla,Canteiro central
2020-02-12 00:00:00,13:14:00,COM VÍTIMA,ENGENHO DO MEIO,RUA FRANCISCO BEZERRA MONTEIRO,,ANTONIO CURADO,COLISÃO FRONTAL,COLISAO COM VITIMAS,1,1,,,,,,,,1,Cruzamento,Bom,Não existente,Seca,Mal conservada,Não há placas,,Dupla,Não existe
2020-02-12 00:00:00,13:37:00,SEM VÍTIMA,JORDÃO,AV MARIA IRENE,,CIDADE,COLISÃO,COLISÃO SEM VÍTIMA,1,,,,,,1,,,0,Longo da via,Bom,Perfeito estado,Seca,Perfeito estado,Não há placas,,Dupla,Faixa contínua
2020-02-12 00:00:00,14:02:00,SEM VÍTIMA,BOA VISTA,AV GUARARAPES,14,SUBURBIO,COLISÃO,COLISAO SEM VITIMAS,2,,,,,,,,,0,Cruzamento,Bom,Perfeito estado,Seca,Perfeito estado,Não há placas,,Única,Faixa seccionada
2020-02-12 00:00:00,14:18:00,SEM VÍTIMA,GRAÇAS,PRC DO ENTRONCAMENTO,,,COLISÃO,COLISÃO SEM VÍTIMA,2,,,,,,,,,0,,,,,,,,,
2020-02-12 00:00:00,14:25:00,SEM VÍTIMA,MADALENA,AV BEIRA RIO,387,SUBURBIO,COLISÃO,COLISÃO SEM VÍTIMA,2,,,,,,,,,0,Ponte,Bom,Perfeito estado,Seca,,Não há placas,,Dupla,Faixa contínua
2020-02-12 00:00:00,14:30:00,SEM VÍTIMA,BOA VIAGEM,AV ENGENHEIRO DOMINGOS FERREIRA,142,SUBURBIO,COLISÃO,COLISAO SEM VITIMAS,2,,,,,,,,,0,Longo da via,Bom,Perfeito estado,Seca,Perfeito estado,Não há placas,60 km/h,Única,Canteiro central
2020-02-12 00:00:00,14:53:00,SEM VÍTIMA,DERBY,PTE DELMIRO GOUVEIA,75,CIDADE,COLISÃO,COLISÃO S/VITIMAS ENTRE DOIS AUTOS (GM WILLAMS E HERNANDES NO QTH),2,,,,,,,,,0,Longo da via,Bom,Perfeito estado,Seca,Perfeito estado,Outras,60 km/h,Dupla,Não existe
2020-02-12 00:00:00,15:01:00,SEM VÍTIMA,SANTO AMARO,AV CRUZ CABUGA,344,SUBURBIO,COLISÃO,COLISAO SEM VITIMAS,1,,,,,1,,,,0,Longo da via,Bom,Perfeito estado,Seca,Perfeito estado,Não há placas,,Dupla,Não existe
2020-02-12 00:00:00,15:07:00,SEM VÍTIMA,SANTO AMARO,AV NORTE,97,SUBURBIO,COLISÃO,COLISAO SEM VITIMAS,1,,,,,1,,,,0,Longo da via,Bom,Perfeito estado,Seca,Perfeito estado,,,Dupla,Canteiro central
2020-02-12 00:00:00,15:08:00,SEM VÍTIMA,BOA VISTA,RUA TABIRA,,CIDADE,COLISÃO,COLISAO SEM VITIMAS,2,,,,,,,,,0,Esquina,Bom,Perfeito estado,Seca,Perfeito estado,Não há placas,,Única,Faixa seccionada
2020-02-12 00:00:00,15:33:00,SEM VÍTIMA,BAIRRO DO RECIFE,AV ALFREDO LISBOA,,SUBURBIO,COLISÃO,COLISÃO SEM VÍTIMA,2,,,,,,,,,0,Longo da via,Bom,Perfeito estado,Seca,Perfeito estado,,60 km/h,Única,Faixa contínua
2020-02-12 00:00:00,15:37:00,SEM VÍTIMA,DERBY,RUA JENER DE SOUZA,,CIDADE,COLISÃO,COLISÃO S/VITIMAS ENTRE UM ONIBUS E UM AUTO,1,,,,,1,,,,0,Cruzamento,Bom,Perfeito estado,Seca,Perfeito estado,Outras,,Única,Canteiro central
2020-02-12 00:00:00,15:39:00,SEM VÍTIMA,ESPINHEIRO,RUA BARAO DE ITAMARACA,464,SUBURBIO,COLISÃO,COLISAO SEM VITIMAS,2,,,,,,,,,0,Longo da via,Bom,Perfeito estado,Seca,Perfeito estado,R-6a,,Única,Não existe
2020-02-12 00:00:00,16:01:00,COM VÍTIMA,BOA VIAGEM,AV CONSELHEIRO AGUIAR,,CIDADE,COLISÃO COM CICLISTA,COLISÃO C/CICLISTA,1,,,1,,,,,,1,Longo da via,Bom,Perfeito estado,Seca,Perfeito estado,Outras,,Única,Faixa contínua
2020-02-12 00:00:00,16:07:00,COM VÍTIMA,ILHA DO LEITE,RUA PREFEITO JORGE MARTINS,,,COLISÃO TRASEIRA,COLISÃO COM VÍTIMA,1,1,,,,,,,,1,Longo da via,Bom,Perfeito estado,Seca,Perfeito estado,,,Única,Faixa seccionada
2020-02-12 00:00:00,16:33:00,SEM VÍTIMA,ESPINHEIRO,RUA CONS PORTELA,,,COLISÃO,COLISÃO S/VITIMAS ENTRE UM ONIBUS E UM AUTO,1,,,,,,1,,,0,,,,,,,,,
2020-02-12 00:00:00,16:35:00,SEM VÍTIMA,SANTO AMARO,RUA DO HOSPICIO,,CIDADE,COLISÃO,COLISAO SEM VITIMAS,2,,,,,,,,,0,Longo da via,Bom,Incompleta,Seca,Perfeito estado,Não há placas,,Dupla,Faixa seccionada
2020-02-12 00:00:00,16:40:00,SEM VÍTIMA,SANTO AMARO,AV CRUZ CABUGA,344,OLINDA,COLISÃO,COLISAO SEM VITIMAS,2,,,,,,,,,0,Longo da via,Bom,Perfeito estado,Seca,Perfeito estado,R-6a,,Dupla,Faixa contínua
2020-02-12 00:00:00,16:47:00,COM VÍTIMA,IPUTINGA,RUA GASPAR PEREZ,,SUBURBIO,ABALROAMENTO TRANSVERSAL,COLISAO COM VITIMAS,1,1,,,,,,,,2,Cruzamento,Bom,Perfeito estado,Seca,Perfeito estado,Outras,30 km/h,Dupla,Não existe
2020-02-12 00:00:00,17:17:00,SEM VÍTIMA,TORRE,RUA JOSE DE HOLANDA,,,COLISÃO,COLISAO SEM VITIMAS,1,1,,,,,,,,0,Longo da via,Bom,Não existente,Seca,Perfeito estado,Não há placas,30 km/h,Única,Não existe
2020-02-12 00:00:00,17:46:00,SEM VÍTIMA,MADALENA,RUA LOPES DE CARVALHO,,,COLISÃO,COLISAO SEM VITIMAS,1,,,,,,1,,,0,Esquina,Bom,Perfeito estado,Seca,Perfeito estado,Não há placas,,Única,Não existe
2020-02-12 00:00:00,17:53:00,SEM VÍTIMA,BOA VIAGEM,RUA SA E SOUZA,159,CIDADE,COLISÃO,COLISÃO SEM VÍTIMA,1,,,,,1,,,,0,Esquina,Bom,Perfeito estado,Seca,Perfeito estado,Não há placas,60 km/h,Única,Faixa seccionada
2020-02-12 00:00:00,18:05:00,SEM VÍTIMA,IBURA,AV DOIS RIOS,,,COLISÃO,COLISAO SEM VITIMAS,2,,,,,,,,,0,,,,,,,,,
2020-02-12 00:00:00,19:00:00,SEM VÍTIMA,IPSEP,AV SENADOR ROBERT KENNEDY,,CIDADE,COLISÃO,COLISÃO ENTRE AUTO E CAMINHÃO S/V,1,,,,,,1,,,0,Longo da via,Bom,Não existente,Seca,Perfeito estado,Não há placas,,Dupla,Canal
2020-02-12 00:00:00,19:56:00,SEM VÍTIMA,BOA VIAGEM,RUA BRUNO VELOSO,,CIDADE,COLISÃO,COLISAO SEM VITIMAS,2,,,,,,,,,0,Longo da via,Bom,Incompleta,Seca,Mal conservada,R-6a,,Única,Faixa seccionada
2020-02-12 00:00:00,20:41:00,COM VÍTIMA,PINA,AV ENGENHEIRO DOMINGOS FERREIRA,200,SUBURBIO,COLISÃO COM CICLISTA,COLISÃO ENTRE AUTO E CICLISTA C/V,1,,,1,,,,,,1,Cruzamento,Bom,Perfeito estado,Seca,Perfeito estado,Não há placas,,Única,Faixa contínua
2020-02-12 00:00:00,21:25:00,SEM VÍTIMA,MACAXEIRA,AV NORTE,,CIDADE,COLISÃO,COLISÃO ENTRE AUTO E ÕNIBUS S/V,1,,,,,1,,,,0,Longo da via,Bom,Perfeito estado,Seca,Perfeito estado,Outras,60 km/h,Dupla,Canteiro central
2020-02-12 00:00:00,22:38:00,COM VÍTIMA,PINA,AV CONSELHEIRO AGUIAR,,,COLISÃO,COLISAO COM VITIMA,,1,,,,,,,,1,,,,,,,,,