data,hora,natureza,bairro,endereco,num_semaforo,sentido_via,tipo,auto,moto,ciclom,ciclista,pedestre,onibus,caminhao,viatura,outros,vitimas,vitimasfatais,acidente_verificado,tempo_clima,sinalizacao,condicao_via,conservacao_via,situacao_placa,velocidade_max_via,mao_direcao,divisao_via1
2020-02-12 00:00:00,23:06:00,SEM VÍTIMA,BOA VIAGEM,RUA VISCONDE DE JEQUITINHONHA,,SUBURBIO,CHOQUE VEÍCULO PARADO,AUTO CHOCOU-SE EM AUTO QUE ESTAVA ESTACIONADO S/V,2,,,,,,,,,0,Longo da via,Bom,Perfeito estado,Seca,Perfeito estado,Não há placas,,Única,Faixa seccionada
2020-02-12 00:00:00,23:29:00,COM VÍTIMA,BOA VIAGEM,RUA JACK AYRES,183,SUBURBIO,COLISÃO FRONTAL,COLISÃO ENTRE AUTO E MOTO C/V,1,1,,,,,,,,1,Cruzamento,Bom,Perfeito estado,Seca,Perfeito estado,Não há placas,,Dupla,Faixa seccionada
2020-02-13 00:00:00,00:07:00,SEM VÍTIMA,COHAB,AV MATO GROSSO,,SUBURBIO,COLISÃO,COLISÃO ENTRE AUTO E VIATURA S/V,1,,,,,,,1,,0,Longo da via,Bom,Perfeito estado,Seca,Perfeito estado,Não há placas,,Dupla,Faixa seccionada
2020-02-13 00:00:00,03:23:00,SEM VÍTIMA,AFOGADOS,RUA IMPERIAL,,SUBURBIO,CHOQUE,VEÍCULO CHOCOU-SE CONTRA MURETA DE PROTEÇÃO,1,,,,,,,,,0,Viaduto,Chuvoso,Não existente,Molhada,Mal iluminada,Não há placas,,Única,Não existe
2020-02-13 00:00:00,03:36:00,SEM VÍTIMA,BOA VIAGEM,RUA HENRIQUE CAPITULINO,,,COLISÃO,COLISÃO ENTRE DOIS AUTOS S/V,2,,,,,,,,,0,,,,,,,,,
2020-02-13 00:00:00,05:46:00,SEM VÍTIMA,DERBY,RUA JENER DE SOUZA,,SUBURBIO,COLISÃO,COLISÃO ENTRE DOIS AUTOS S/V,2,,,,,,,,,0,Cruzamento,Chuvoso,Perfeito estado,Molhada,Perfeito estado,Outras,,Dupla,Faixa seccionada
2020-02-13 00:00:00,07:40:00,COM VÍTIMA,ESPINHEIRO,RUA DR VICENTE MEIRA,,CIDADE,ABALROAMENTO TRANSVERSAL,COLISAO COM VITIMA. ENTRE MOTO E VEICULO,1,1,,,,,,,,1,Esquina,Chuvoso,Incompleta,Seca,Perfeito estado,Não há placas,20 km/h,Dupla,Faixa seccionada
2020-02-13 00:00:00,08:01:00,SEM VÍTIMA,SAN MARTIN,RUA JOSE VELOSO,,,COLISÃO,DOIS AUTOS,2,,,,,,,,,0,Cruzamento,Bom,Incompleta,Seca,Mal conservada,Placas Pare,,Dupla,Não existe
2020-02-13 00:00:00,08:31:00,SEM VÍTIMA,JARDIM SÃO PAULO,RUA LORENA,,SUBURBIO,COLISÃO,SEM VITIMAS,1,,,,,,1,,,0,Cruzamento,Bom,Incompleta,Seca,Perfeito estado,Não há placas,30 km/h,Dupla,Faixa seccionada
2020-02-13 00:00:00,10:06:00,SEM VÍTIMA,TORRÕES,AV ENGENHEIRO ABDIAS DE CARVALHO,375,CIDADE,COLISÃO,SEM VITIMAS,1,,,,,1,,,,0,Longo da via,Bom,Perfeito estado,Seca,Perfeito estado,Outras,,Dupla,Canteiro central
2020-02-13 00:00:00,10:07:00,SEM VÍTIMA,ESPINHEIRO,RUA DA HORA,,SUBURBIO,COLISÃO,COLISÃO S/VITIMAS ENTRE DOIS AUTOS,2,,,,,,,,,0,Longo da via,Bom,Perfeito estado,Seca,Perfeito estado,Outras,,Única,Não existe
2020-02-13 00:00:00,10:51:00,SEM VÍTIMA,BOA VIAGEM,RUA DOS NAVEGANTES,,,COLISÃO,COLISÃO S/VITIMAS ENTRE DOIS AUTOS,2,,,,,,,,,0,Cruzamento,Bom,Incompleta,Seca,Perfeito estado,Não há placas,30 km/h,Única,Não existe
2020-02-13 00:00:00,11:11:00,SEM VÍTIMA,AFOGADOS,RUA NICOLAU PEREIRA,,,COLISÃO,DOIS CAMINHOES,,,,,,,2,,,0,Longo da via,Bom,Perfeito estado,Seca,Perfeito estado,,,Única,Não existe
2020-02-13 00:00:00,11:21:00,SEM VÍTIMA,APIPUCOS,AV NORTE,,SUBURBIO,ENGAVETAMENTO,SEM VITIMAS,4,,,,,,,,,0,Longo da via,Bom,Perfeito estado,Seca,Perfeito estado,Placas Pare,,Única,Não existe
2020-02-13 00:00:00,11:46:00,COM VÍTIMA,PAISSANDU,RUA EPAMINONDAS DE MELO,,SUBURBIO,ABALROAMENTO LONGITUDINAL,COLISÃO COM VÍTIMA,1,1,,,,,,,,1,Longo da via,Bom,Perfeito estado,Seca,Perfeito estado,R-24a,30 km/h,Única,Não existe
2020-02-13 00:00:00,11:48:00,SEM VÍTIMA,AFOGADOS,RUA MOTOCOLOMBO,,CIDADE,COLISÃO,COLISÃO S/VITIMAS ENTRE DOIS AUTO E UMA CARRETA,2,,,,,,1,,,0,Ponte,Bom,Perfeito estado,Seca,Perfeito estado,Não há placas,60 km/h,Dupla,Faixa seccionada
2020-02-13 00:00:00,12:04:00,SEM VÍTIMA,ILHA DO LEITE,AV GOVERNADOR AGAMENON MAGALHAES,,,COLISÃO,COLISÃO SEM VÍTIMA,2,,,,,,,,,0,Longo da via,Bom,Perfeito estado,Seca,Perfeito estado,Não há placas,,Dupla,Canal
2020-02-13 00:00:00,12:26:00,SEM VÍTIMA,BARRO,AV DR JOSE RUFINO,,SUBURBIO,COLISÃO,SEM VITIMAS,2,,,,,,,,,0,Viaduto,Bom,Perfeito estado,Seca,Perfeito estado,Outras,,Dupla,Faixa contínua
2020-02-13 00:00:00,12:30:00,SEM VÍTIMA,BARRO,AV DR JOSE RUFINO,557,SUBURBIO,ENGAVETAMENTO,SEM VITIMAS,3,,,,,,,,,0,Longo da via,Bom,Perfeito estado,Seca,Perfeito estado,Outras,,Dupla,Faixa contínua
2020-02-13 00:00:00,13:05:00,SEM VÍTIMA,BOA VISTA,RUA AURORA,429,OLINDA,COLISÃO,COLISÃO SEM VÍTIMA,2,,,,,,,,,0,Esquina,Chuvoso,Perfeito estado,Seca,Perfeito estado,R-6a,40 km/h,Única,Faixa seccionada
2020-02-13 00:00:00,13:22:00,SEM VÍTIMA,CIDADE UNIVERSITÁRIA,AV PROFESSOR ARTUR DE SA,,,COLISÃO,SEM VITMAS,2,,,,,,,,,0,,,,,,,,,
2020-02-13 00:00:00,13:38:00,COM VÍTIMA,COHAB,AV CHAPADA DO ARARIPE,,,COLISÃO,COLISÃO COM VÍTIMA,,1,,,,1,,,,1,,,,,,,,,
2020-02-13 00:00:00,15:14:00,SEM VÍTIMA,BOA VIAGEM,RUA PROFESSOR AUGUSTO LINS E SILVA,,,COLISÃO,SEM VITIMAS,2,,,,,,,,,0,Cruzamento,Bom,Ilegível,Seca,Mal conservada,Placas Pare,,Dupla,Não existe
2020-02-13 00:00:00,16:31:00,SEM VÍTIMA,AFOGADOS,RUA SAO MIGUEL,53,CIDADE,COLISÃO,SEM VITIMAS,1,,,,,,1,,,0,Esquina,Bom,Perfeito estado,Seca,Perfeito estado,Outras,,Dupla,Faixa contínua
2020-02-13 00:00:00,17:22:00,SEM VÍTIMA,BARRO,AV DR JOSE RUFINO,156,CIDADE,COLISÃO,SEM VITIMAS,1,,,,,1,,,,0,Longo da via,Bom,Perfeito estado,Seca,Perfeito estado,Outras,,Dupla,Faixa contínua
2020-02-13 00:00:00,17:25:00,SEM VÍTIMA,ARRUDA,AV BEBERIBE,492,CIDADE,COLISÃO,COLISAO SEM VITIMAS,2,,,,,,,,,0,Cruzamento,Bom,Perfeito estado,Seca,Perfeito estado,Outras,40 km/h,Dupla,Faixa contínua
2020-02-13 00:00:00,18:32:00,SEM VÍTIMA,GRAÇAS,AV DR MALAQUIAS,,SUBURBIO,COLISÃO,TOYOTA ETIOS X HONDA HRV,2,,,,,,,,,0,Longo da via,Bom,Perfeito estado,Seca,Perfeito estado,R-6a,30 km/h,Única,Faixa contínua
2020-02-13 00:00:00,18:34:00,COM VÍTIMA,JORDÃO,RUA DR ANDRADE LYRA,,JORDÃO / IBURA,ATROPELAMENTO,ENTRE AUTO E PEDESTRE.C/V,1,,,,1,,,,,1,Esquina,Bom,Perfeito estado,Seca,Perfeito estado,Outras,30 km/h,Única,Faixa seccionada
2020-02-13 00:00:00,18:57:00,COM VÍTIMA,SÃO JOSÉ,C SANTA RITA,,CIDADE,TOMBAMENTO,MOTOCICLISTA DESEQUILIBOU-SE E CAIU NA VIA- SOFRENDO ESCORIAÇÕES,,1,,,,,,,,1,Longo da via,Bom,Perfeito estado,Seca,Perfeito estado,Outras,60 km/h,Dupla,Canteiro central
2020-02-13 00:00:00,19:31:00,SEM VÍTIMA,AFOGADOS,RUA DA PAZ,528,,COLISÃO,ONIX X CAMINHAO CAÇAMBA,1,,,,,,1,,,0,Cruzamento,Bom,Perfeito estado,Seca,Perfeito estado,R-6a,,Única,Faixa seccionada
2020-02-13 00:00:00,23:40:00,SEM VÍTIMA,BONGI,RUA SANTA EDWIRGES,,CIDADE,COLISÃO,FOX X HRV,2,,,,,,,,,0,Cruzamento,Bom,Perfeito estado,Seca,Perfeito estado,Placas Pare,,Única,Canteiro central
2020-02-14 00:00:00,06:53:00,SEM VÍTIMA,MADALENA,RUA REAL DA TORRE,,SUBURBIO,COLISÃO,COLISÃO S/VITIMAS ENTRE TRÊS AUTOS,3,,,,,,,,,0,Longo da via,Chuvoso,Perfeito estado,Molhada,Perfeito estado,Não há placas,,Única,Faixa seccionada
2020-02-14 00:00:00,07:44:00,SEM VÍTIMA,CAXANGÁ,AV CAXANGA,,SUBURBIO CIDADE,COLISÃO,COLISÃO SEM VITIMAS,3,,,,,,,,,0,Longo da via,Bom,Incompleta,Seca,Perfeito estado,R-6a,,Dupla,Canteiro central
2020-02-14 00:00:00,07:47:00,SEM VÍTIMA,APIPUCOS,RUA DOIS IRMAOS,,,CHOQUE OBJETO FIXO,VT POLICIA / CHOCOU-SE COM O POSTE,,,,,,,,1,,0,,,,,,,,,
2020-02-14 00:00:00,08:14:00,COM VÍTIMA,MACAXEIRA,AV NORTE,296,CIDADE,COLISÃO TRASEIRA,COLISÃO C/VITIMA ENTRE UMA MOTO E U AUTO,1,1,,,,,,,,1,Longo da via,Bom,Perfeito estado,Seca,Perfeito estado,R-6a,,Única,Faixa contínua
2020-02-14 00:00:00,08:22:00,SEM VÍTIMA,DOIS IRMÃOS,RUA DOIS IRMAOS,416,CIDADE,COLISÃO,COLISÃO SEM VITIMAS  GM  LINDEMBEG  QTH,1,1,,,,,,,,0,Longo da via,Chuvoso,Perfeito estado,Seca,Perfeito estado,Não há placas,,Dupla,Faixa seccionada
2020-02-14 00:00:00,08:29:00,COM VÍTIMA,CORDEIRO,AV ENGENHEIRO ABDIAS DE CARVALHO,,CIDADE,ABALROAMENTO LONGITUDINAL,COLISÃO C/VITIMA ENTRE UMA MOTO E UM ONIBUS (GM ALMEIDA VELOSO NO QTH),,1,,,,1,,,,1,Longo da via,,Perfeito estado,Molhada,Perfeito estado,R-6a,,Única,Faixa seccionada
2020-02-14 00:00:00,08:32:00,SEM VÍTIMA,CAJUEIRO,RUA DR ALBERTO WANDERLEY,,CIDADE,COLISÃO,TRES AUTOS,2,,,,,,,,1,0,Longo da via,Bom,Não existente,Seca,Perfeito estado,Não há placas,,Dupla,Não existe
2020-02-14 00:00:00,09:20:00,COM VÍTIMA,IPUTINGA,AV CAXANGA,,,COLISÃO,AUTO E MOTO SUB. ANTEOGENES E BELO NO LOCAL,1,1,,,,,,,,1,,,,,,,,,
2020-02-14 00:00:00,09:25:00,SEM VÍTIMA,TAMARINEIRA,EST VELHA DE AGUA FRIA,,SUBURBIO,COLISÃO,COLISÃO SEM VITIMAS,1,1,,,,,,,,0,Cruzamento,Bom,Perfeito estado,Seca,Perfeito estado,Outras,,Dupla,Faixa contínua
2020-02-14 00:00:00,09:47:00,SEM VÍTIMA,BOA VISTA,RUA SAO GERALDO,,,COLISÃO,COLISÃO SEM VITIMAS,2,,,,,,,,,0,Cruzamento,Bom,Perfeito estado,Seca,Perfeito estado,Outras,,Dupla,Faixa seccionada
2020-02-14 00:00:00,10:27:00,SEM VÍTIMA,CAMPO GRANDE,RUA JERONIMO VILELA,,,COLISÃO,COLISÃO S/VITIMAS ENTRE UMA MOTO E UM AUTO,1,1,,,,,,,,0,,,,,,,,,
2020-02-14 00:00:00,10:40:00,SEM VÍTIMA,IBURA,AV RECIFE,16,SUBURBIO,COLISÃO,CAMINHAO E TAXI,1,,,,,,1,,,0,Longo da via,Bom,Perfeito estado,Seca,Perfeito estado,Não há placas,,Dupla,Canteiro central
2020-02-14 00:00:00,11:10:00,SEM VÍTIMA,IMBIRIBEIRA,AV MARECHAL MASCARENHAS DE MORAES,,,COLISÃO,COLISÃO S/VITIMAS ENTRE DOIS AUTOS (GM DINIZ E DIOGENES NO QTH),2,,,,,,,,,0,Longo da via,Bom,Perfeito estado,Seca,Perfeito estado,R-6a,,Única,Faixa
2020-02-14 00:00:00,11:39:00,SEM VÍTIMA,GRAÇAS,AV RUI BARBOSA,,,COLISÃO,COLISÃO S/VITIMAS ENTRE DOIS AUTOS,2,,,,,,,,,0,Cruzamento,Bom,Perfeito estado,Seca,Perfeito estado,Outras,60 km/h,Única,Faixa seccionada
2020-02-14 00:00:00,11:58:00,SEM VÍTIMA,ESPINHEIRO,AV CONS ROSA E SILVA,,,COLISÃO,COLISÃO SEM VÍTIMA,1,,,,,1,,,,0,,,,,,,,,
2020-02-14 00:00:00,13:13:00,SEM VÍTIMA,FUNDÃO,AV BEBERIBE,,,COLISÃO,COLISAO ENTRE AUTO E MOTO S/V,1,1,,,,,,,,0,,,,,,,,,
2020-02-14 00:00:00,13:51:00,SEM VÍTIMA,AFOGADOS,AV SUL,,CIDADE,COLISÃO,COLISAO S/ VITIMA. ENTRE VEICULO E CAMINHAO COMPESA.,1,,,,,,1,,,0,Cruzamento,Bom,Incompleta,Seca,Perfeito estado,Não há placas,60 km/h,Única,Faixa contínua
2020-02-14 00:00:00,14:09:00,SEM VÍTIMA,SANTO AMARO,AV NORTE,,,COLISÃO,COLISAO ENTRE AUTO E MOTO S/V,1,1,,,,,,,,0,,,,,,,,,
2020-02-14 00:00:00,14:16:00,SEM VÍTIMA,BOA VIAGEM,RUA SARGENTO SILVINO DE MACEDO,,CIDADE,COLISÃO,COLISAO ENTRE DOIS AUTOS S/V,2,,,,,,,,,0,Cruzamento,Bom,Não existente,Seca,Perfeito estado,Não há placas,60 km/h,Dupla,Não existe
2020-02-14 00:00:00,14:30:00,SEM VÍTIMA,BOA VIAGEM,AV BOA VIAGEM,124,CIDADE,COLISÃO,COLISAO S/ VITIMA. ENTRE DOIS VEICULOS,2,,,,,,,,,0,Longo da via,Bom,Perfeito estado,Seca,Perfeito estado,Não há placas,60 km/h,Única,Faixa seccionada
2020-02-14 00:00:00,14:53:00,SEM VÍTIMA,SANTO AMARO,AV GOVERNADOR AGAMENON MAGALHAES,49,SUBURBIO,COLISÃO,COLISAO ENTRE DOIS AUTOS S/V,2,,,,,,,,,0,Cruzamento,Bom,Perfeito estado,Seca,Perfeito estado,Outras,60 km/h,Dupla,Canteiro central
2020-02-14 00:00:00,14:56:00,SEM VÍTIMA,GRAÇAS,RUA DAS PERNAMBUCANAS,600,,COLISÃO,COLISÃO SEM VÍTIMA,1,,,,,,,1,,0,Longo da via,Bom,Perfeito estado,Seca,Perfeito estado,Não há placas,,Dupla,Não existe
2020-02-14 00:00:00,15:03:00,SEM VÍTIMA,IPSEP,RUA DR RAPOSO PINTO,,,COLISÃO,COLISÃO SEM VÍTIMA,2,,,,,,,,,0,,,,,,,,,
2020-02-14 00:00:00,15:40:00,SEM VÍTIMA,IPSEP,AV RECIFE,,AEROPORTO,COLISÃO,COLISAO ENTRE DOIS AUTOS S/V,2,,,,,,,,,0,Longo da via,Bom,Perfeito estado,Seca,Perfeito estado,Não há placas,,Dupla,Canteiro central
2020-02-14 00:00:00,15:43:00,SEM VÍTIMA,MADALENA,AV BEIRA RIO,,CIDADE,COLISÃO,COLISÃO SEM VÍTIMA,1,1,,,,,,,,0,Esquina,Bom,Perfeito estado,Seca,Perfeito estado,R-4a,,Dupla,Faixa seccionada
2020-02-14 00:00:00,15:44:00,SEM VÍTIMA,ILHA DO RETIRO,RUA SPORT CLUBE DO RECIFE,,SUBURBIO,ENGAVETAMENTO,ENGAVETAMENTO S/ VITIMA. ENTRE TRES VEICULOS.,3,,,,,,,,,0,,,,,,,,,
2020-02-14 00:00:00,16:21:00,SEM VÍTIMA,AFOGADOS,RUA SAO MIGUEL,300,SUBURBIO,COLISÃO,COLISAO ENTRE DOIS AUTO S/V,2,,,,,,,,,0,Longo da via,Bom,Perfeito estado,Seca,Perfeito estado,Outras,,Dupla,Faixa contínua
2020-02-14 00:00:00,16:36:00,SEM VÍTIMA,BOA VIAGEM,RUA SETUBAL,,,COLISÃO,COLISAO ENTRE DOIS AUTO S/V,2,,,,,,,,,0,Cruzamento,Bom,Ilegível,Seca,Perfeito estado,Não há placas,40 km/h,Única,Não existe
2020-02-14 00:00:00,16:37:00,SEM VÍTIMA,IPSEP,AV RECIFE,55,CIDADE,COLISÃO,COLISAO ENTRE ONIBUS E VEICULO,1,,,,,1,,,,0,Cruzamento,Bom,Perfeito estado,Seca,Perfeito estado,Não há placas,,Dupla,Canteiro central
2020-02-14 00:00:00,17:09:00,SEM VÍTIMA,CASA AMARELA,RUA PADRE LEMOS,,,COLISÃO,COLISAO ENTRE TAXI E MICRO ONIBUS S/V,1,,,,,1,,,,0,,,,,,,,,
2020-02-14 00:00:00,17:19:00,SEM VÍTIMA,MADALENA,AV BEIRA RIO,,CAXANGA,COLISÃO,ENGAVETAMENTO S/ VITIMA ENTRE TRES VEICULOS.,3,,,,,,,,,0,,,,,,,,,
2020-02-14 00:00:00,18:08:00,SEM VÍTIMA,ILHA DO RETIRO,EST DOS REMEDIOS,,CIDADE,COLISÃO,HILUX X FORD KA    OBS:: SUSPEITA DE EMBRIAGUEZ,2,,,,,,,,,0,Esquina,Bom,Incompleta,Seca,Perfeito estado,R-6a,,Única,Faixa seccionada
2020-02-14 00:00:00,18:34:00,SEM VÍTIMA,IMBIRIBEIRA,RUA PAMPULHA,,,COLISÃO,COLISAO SEM VITIMAS,1,,,,,1,,,,0,,,,,,,,,
2020-02-14 00:00:00,18:40:00,SEM VÍTIMA,SÃO JOSÉ,RUA IMPERIAL,,SUBURBIO,COLISÃO,MOTO X X HYUNDAI CRETA,1,1,,,,,,,,0,Longo da via,Bom,Perfeito estado,Seca,Perfeito estado,Não há placas,,Única,Faixa seccionada
2020-02-14 00:00:00,19:11:00,SEM VÍTIMA,ALTO SANTA TERESINHA,RUA TAMBOARA,,,COLISÃO,FIESTA X SIENA,2,,,,,,,,,0,,,,,,,,,
2020-02-14 00:00:00,19:24:00,SEM VÍTIMA,CORDEIRO,AV PROFESSOR ESTEVAO FRANCISCO DA COSTA,280,SUBURBIO,COLISÃO,COLISAO SEM VITIMAS,2,,,,,,,,,0,Cruzamento,Bom,Perfeito estado,Seca,Perfeito estado,,,Dupla,Não existe
2020-02-14 00:00:00,19:32:00,SEM VÍTIMA,IMBIRIBEIRA,RUA PAMPULHA,,,COLISÃO,COLISAO SEM VITIMAS,1,,,,,1,,,,0,,,,,,,,,
2020-02-14 00:00:00,19:43:00,SEM VÍTIMA,IBURA,AV DOIS RIOS,,,COLISÃO,COLISAO SEM VITIMAS,1,,,,,,1,,,0,Longo da via,Bom,Perfeito estado,Seca,Perfeito estado,Outras,,Dupla,Outros
2020-02-14 00:00:00,19:44:00,COM VÍTIMA,BOA VIAGEM,AV FERNANDO SIMOES BARBOSA,,SUBURBIO,COLISÃO COM CICLISTA,CICLISTA X ONIBUS VERA VCRUZ,,,,1,,1,,,,1,Longo da via,Bom,Perfeito estado,Seca,Perfeito estado,Outras,,Única,Faixa seccionada
2020-02-14 00:00:00,19:55:00,SEM VÍTIMA,SANTO AMARO,PTE DO LIMOEIRO,243,SUBURBIO,COLISÃO,COLISAO SEM VITIMAS,3,,,,,,,,,0,Ponte,Bom,Perfeito estado,Seca,Perfeito estado,Placas Dê a preferência,,Dupla,Faixa seccionada
2020-02-14 00:00:00,19:56:00,COM VÍTIMA,CASA AMARELA,RUA XAVANTES,,CIDADE,ABALROAMENTO TRANSVERSAL,DUAS MOTOS,,2,,,,,,,,1,Cruzamento,Bom,Perfeito estado,Seca,Perfeito estado,,,Dupla,
2020-02-14 00:00:00,20:03:00,SEM VÍTIMA,DERBY,PRC DO DERBY,40,CIDADE,COLISÃO,POLO X HILUX,2,,,,,,,,,0,Longo da via,Bom,Incompleta,Seca,Perfeito estado,Não há placas,,Única,Faixa seccionada
2020-02-14 00:00:00,20:18:00,SEM VÍTIMA,IMBIRIBEIRA,AV MARECHAL MASCARENHAS DE MORAES,,,COLISÃO,ONIBUS SAO JUDAS TADEU X HB 20,1,,,,,1,,,,0,,,,,,,,,
2020-02-14 00:00:00,20:31:00,SEM VÍTIMA,COHAB,RUA DR BENIGNO JORDAO DE VASCONCELOS,,,COLISÃO,ONIX X VERSA,2,,,,,,,,,0,,,,,,,,,
2020-02-14 00:00:00,20:39:00,SEM VÍTIMA,BONGI,EST DO BONGI,,CIDADE,COLISÃO,PEUGEOLT X 3MOTOS,1,3,,,,,,,,0,Longo da via,Bom,Perfeito estado,Seca,Perfeito estado,Não há placas,,Dupla,Faixa contínua
2020-02-14 00:00:00,23:01:00,SEM VÍTIMA,SANTO ANTÔNIO,TRV DO ARSENAL DE GUERRA,,,COLISÃO,COLISAO SEM VITIMAS,,,,,,2,,,,0,,,,,,,,,
2020-02-14 00:00:00,23:43:00,COM VÍTIMA,ROSARINHO,AV NORTE,456,SUBURBIO,CHOQUE VEÍCULO PARADO,COLISAO COM VITIMAS,,2,,,,,,,,2,Longo da via,Bom,Perfeito estado,Seca,Perfeito estado,Outras,,Única,Faixa contínua
2020-02-15 00:00:00,00:49:00,SEM VÍTIMA,CASA AMARELA,AV NORTE,79,SUBURBIO,COLISÃO,COLISÃO ENTRE ÕNIBUS E AUTO S/V,1,,,,,1,,,,0,Longo da via,Bom,Perfeito estado,Seca,Perfeito estado,Outras,,Única,Não existe
2020-02-15 00:00:00,03:22:00,SEM VÍTIMA,TORRE,RUA PADRE ANCHIETA,193,,COLISÃO,COLISÃO ENTRE DOIS AUTOS- S/V,2,,,,,,,,,0,Cruzamento,Bom,Perfeito estado,Seca,Perfeito estado,Outras,,Única,Faixa seccionada
2020-02-15 00:00:00,03:55:00,SEM VÍTIMA,BONGI,EST DO BONGI,100,,COLISÃO,COLISÃO ENTRE DOIS AUTOS- S/V,2,,,,,,,,,0,Cruzamento,Bom,Perfeito estado,Seca,Perfeito estado,Outras,,,Faixa contínua
2020-02-15 00:00:00,04:08:00,SEM VÍTIMA,BOA VIAGEM,RUA VISCONDE DE JEQUITINHONHA,129,SUBURBIO,COLISÃO,COLISÃO ENTRE DOIS AUTOS- C/V,2,,,,,,,,,0,Cruzamento,Bom,Perfeito estado,Seca,Perfeito estado,Outras,,Única,Canal
2020-02-15 00:00:00,07:01:00,SEM VÍTIMA,BOA VIAGEM,AV ENGENHEIRO DOMINGOS FERREIRA,484,,COLISÃO,SEM VITIMAS,2,,,,,,,,,0,,,,,,,,,
2020-02-15 00:00:00,08:18:00,SEM VÍTIMA,TORRE,RUA JOAO TUDE DE MELO,,MADALENA,COLISÃO,COLISÃO SEM VITIMAS,2,,,,,,,,,0,Longo da via,Bom,Perfeito estado,Seca,Perfeito estado,Outras,40 km/h,Dupla,Canal
2020-02-15 00:00:00,08:23:00,SEM VÍTIMA,CURADO,RUA RAPHAEL DE OLIVEIRA ALVES,,SUBURBIO,COLISÃO,SEM VITIMAS,2,,,,,,,,,0,Longo da via,Bom,Não existente,Molhada,Mal conservada,Não há placas,,Dupla,Não existe
2020-02-15 00:00:00,09:30:00,COM VÍTIMA,BOA VIAGEM,RUA AMAZONAS,,,ABALROAMENTO LONGITUDINAL,AUTO E MOTO,1,1,,,,,,,,1,Cruzamento,Bom,Perfeito estado,Seca,Perfeito estado,Placas Pare,,Única,Não existe
2020-02-15 00:00:00,10:32:00,SEM VÍTIMA,APIPUCOS,RUA MANDACARU,,,COLISÃO,MOTO E AUTO S/V USUARIO INF. QUE HOUVE UMA PANCADA NA PERNA- POREM NÃO DESEJA ACIONAR O SAMU OU BOMBEIRO // VT-13 NO LOCAL SUB. PAULO OLIVEIRA E FATIMA,1,1,,,,,,,,0,Longo da via,Bom,Perfeito estado,Seca,Perfeito estado,Não há placas,,Dupla,Faixa seccionada
2020-02-15 00:00:00,10:47:00,SEM VÍTIMA,DERBY,RUA HENRIQUE DIAS,,,COLISÃO,COLISÃO SEM VITIMAS,1,1,,,,,,,,0,,,,,,,,,
2020-02-15 00:00:00,11:18:00,COM VÍTIMA,SÃO JOSÉ,AV SUL,,SUBURBIO,COLISÃO COM CICLISTA,ONIBUS E CICLISTA C/V,,,,1,,1,,,,1,Longo da via,Bom,Não existente,Seca,Perfeito estado,Não há placas,,Dupla,Canteiro central
2020-02-15 00:00:00,11:24:00,SEM VÍTIMA,COQUEIRAL,RUA GUANABARA,,,COLISÃO,COLISÃO SEM VITIMAS,1,,,,,1,,,,0,Longo da via,Bom,,Seca,Perfeito estado,Não há placas,,Dupla,
2020-02-15 00:00:00,11:30:00,COM VÍTIMA,MADALENA,RUA BENFICA,51,,ABALROAMENTO TRANSVERSAL,COM UMA VITIMA -SAMU NO LOCAL -CTTU VT 07 NO LOCAL,1,,,,,1,,,,1,Cruzamento,Bom,Perfeito estado,Seca,Perfeito estado,Outras,40 km/h,Única,Faixa contínua
2020-02-15 00:00:00,11:35:00,SEM VÍTIMA,GRAÇAS,AV GOVERNADOR AGAMENON MAGALHAES,173,BOA VIAGEM,COLISÃO,SEM VITIMAS,2,,,,,,,,1,0,Longo da via,Bom,Perfeito estado,Seca,Perfeito estado,Não há placas,60 km/h,Única,Canteiro central
2020-02-15 00:00:00,12:14:00,SEM VÍTIMA,BOA VISTA,RUA DO RIACHUELO,,,COLISÃO,SEM VITIMAS,1,,,,,,1,,,0,,,,,,,,,
2020-02-15 00:00:00,13:38:00,SEM VÍTIMA,BOA VIAGEM,AV CONSELHEIRO AGUIAR,,,COLISÃO,SEM VITIMAS,2,,,,,,,,,0,Longo da via,Bom,Perfeito estado,Seca,Perfeito estado,Outras,40 km/h,Única,Faixa contínua
2020-02-15 00:00:00,13:57:00,SEM VÍTIMA,PINA,RUA SAO LUIZ,,,ENGAVETAMENTO,SEM VITIMAS,3,,,,,,,,,0,Longo da via,Bom,Perfeito estado,Seca,Perfeito estado,Placas Pare,,Única,Não existe
2020-02-15 00:00:00,14:51:00,SEM VÍTIMA,TEJIPIÓ,AV DR JOSE RUFINO,,,COLISÃO,COLISÃO SEM VÍTIMA,3,,,,,,,,,0,Longo da via,Bom,Perfeito estado,Seca,Perfeito estado,,,Dupla,Faixa contínua