data,hora,natureza,bairro,endereco,num_semaforo,sentido_via,tipo,auto,moto,ciclom,ciclista,pedestre,onibus,caminhao,viatura,outros,vitimas,vitimasfatais,acidente_verificado,tempo_clima,sinalizacao,condicao_via,conservacao_via,situacao_placa,velocidade_max_via,mao_direcao,divisao_via1
2020-02-23 00:00:00,14:20:00,COM VÍTIMA,IMBIRIBEIRA,RUA JOAQUIM BANDEIRA,,BOA VIAGEM,ABALROAMENTO LONGITUDINAL,COLISAO COM VITIMA ENTRE MOTO E ONIBUS,,1,,,,1,,,,1,Longo da via,Bom,Não existente,Seca,,Não há placas,,Única,Faixa seccionada
2020-02-23 00:00:00,14:20:00,SEM VÍTIMA,BOA VIAGEM,RUA ELADIO RAMOS,,,COLISÃO,COLISAO DE DOIS AUTOS S/ VITIMAS,2,,,,,,,,,0,,,,,,,,,
2020-02-23 00:00:00,15:03:00,SEM VÍTIMA,CASA FORTE,EST DAS UBAIAS-,,,ABALROAMENTO TRANSVERSAL,COLISAO S/ VITIMA ENTRE DOIS VEICULOS,2,,,,,,,,,0,Longo da via,Bom,Perfeito estado,Seca,Perfeito estado,Não há placas,,Dupla,Não existe
2020-02-23 00:00:00,16:05:00,SEM VÍTIMA,AFLITOS,RUA QUARENTA E OITO,,CIDADE,ABALROAMENTO TRANSVERSAL,COLISAO S/ VITIMA. ENTRE DOIS VEICULOS,2,,,,,,,,,0,Cruzamento,Bom,Perfeito estado,Seca,Perfeito estado,R-6a,,Única,Faixa contínua
2020-02-23 00:00:00,18:15:00,SEM VÍTIMA,PINA,VIADUTO CAPITAO TEMUDO,,,COLISÃO,ENTRE 2 AUTOS. S/V,2,,,,,,,,,0,,,,,,,,,
2020-02-23 00:00:00,19:07:00,SEM VÍTIMA,SANTO ANTÔNIO,RUA SIQUEIRA CAMPOS,,,COLISÃO,ENTRE 2 AUTOS. S/V,2,,,,,,,,,0,,,,,,,,,
2020-02-23 00:00:00,19:22:00,COM VÍTIMA,SANTO ANTÔNIO,RUA NOVA,,CIDADE,ATROPELAMENTO,VAN X PEDESTRE (IDOSO),,,,,1,1,,,,1,Longo da via,Bom,Ilegível,Seca,Mal iluminada,Não há placas,,Única,Não existe
2020-02-23 00:00:00,20:08:00,SEM VÍTIMA,JOANA BEZERRA,VIADUTO CAPITAO TEMUDO,,SUBURBIO,ABALROAMENTO LONGITUDINAL,CELTA X GOL,2,,,,,,,,,0,Viaduto,Bom,Perfeito estado,Seca,Perfeito estado,Não há placas,60 km/h,Dupla,Canteiro central
2020-02-23 00:00:00,22:08:00,SEM VÍTIMA,SANTO ANTÔNIO,RUA IMPERADOR PEDRO SEGUNDO,,,COLISÃO,ENTRE AUTO E ÔNIBUS. S/V,1,,,,,1,,,,0,,,,,,,,,
2020-02-23 00:00:00,22:51:00,SEM VÍTIMA,PINA,AV ANTONIO DE GOES,,,COLISÃO,ONIX BRANCO X PALIO PRATA,2,,,,,,,,,0,,,,,,,,,
2020-02-24 00:00:00,01:30:00,SEM VÍTIMA,PINA,AV HERCULANO BANDEIRA,660,SUBURBIO,ABALROAMENTO LONGITUDINAL,DOIS AUTOS,2,,,,,,,,,0,Cruzamento,Bom,Não existente,Seca,Mal iluminada,Não há placas,60 km/h,Única,Faixa seccionada
2020-02-24 00:00:00,03:40:00,SEM VÍTIMA,BOA VIAGEM,RUA DEZ DE JULHO,,CIDADE,CHOQUE OBJETO FIXO,VEICULO CHOCOU-SE COM PORTÃO DA ESTAÇÃO,1,,,,,,,,,0,,Bom,Perfeito estado,Seca,Perfeito estado,,,Única,
2020-02-24 00:00:00,04:06:00,COM VÍTIMA,BOA VIAGEM,AVENIDA CELSO FURTADO (VIA MANGUE),,SUBURBIO,CHOQUE OBJETO FIXO,VEICULO CHOCOU-SE COM MEIO FIO,1,,,,,,,,,1,Longo da via,Bom,Perfeito estado,Seca,Perfeito estado,Não há placas,,Dupla,Faixa
2020-02-24 00:00:00,04:32:00,COM VÍTIMA,IBURA,AV ENGENHO SERRA VERDE,,SUBURBIO,COLISÃO FRONTAL,ONIBUS E MOTO,,1,,,,1,,,,1,Esquina,Bom,Ilegível,Seca,Mal iluminada,R-24a,,Dupla,Não existe
2020-02-24 00:00:00,05:49:00,SEM VÍTIMA,IPSEP,AV RECIFE,,,COLISÃO,DOIS ONIBUS,,,,,,2,,,,0,,,,,,,,,
2020-02-24 00:00:00,06:53:00,SEM VÍTIMA,BOA VISTA,RUA DA AURORA,22,SUBURBIO,ABALROAMENTO LONGITUDINAL,COLISAO S/ VITIMA ENTRE VEICULO E MOTO,1,1,,,,,,,,0,Cruzamento,Bom,Perfeito estado,Seca,Perfeito estado,R-6a,40 km/h,Única,Faixa contínua
2020-02-24 00:00:00,08:13:00,SEM VÍTIMA,SAN MARTIN,RUA COMENDADOR JOSE VITA,,,CHOQUE VEÍCULO PARADO,COLISÃO SEM VITIMAS,1,,,,,,1,,,0,Longo da via,Nublado,Não existente,Seca,,Não há placas,,Dupla,Não existe
2020-02-24 00:00:00,08:55:00,SEM VÍTIMA,IMBIRIBEIRA,AV PINHEIROS,,SUBURBIO,CHOQUE VEÍCULO PARADO,COLISÃO 'SEM VITIMAS,1,,,,,,1,,,0,Longo da via,Bom,Incompleta,Seca,Perfeito estado,Não há placas,,Dupla,Não existe
2020-02-24 00:00:00,09:19:00,SEM VÍTIMA,SANTO AMARO,AV CRUZ CABUGA,344,CIDADE,ABALROAMENTO LONGITUDINAL,CAMINHAO E ONIBUS,,,,,,1,1,,,0,Longo da via,Bom,Perfeito estado,Seca,Perfeito estado,R-6a,60 km/h,Dupla,Faixa contínua
2020-02-24 00:00:00,10:27:00,SEM VÍTIMA,BOA VISTA,RUA DO HOSPICIO,33,,COLISÃO TRASEIRA,COLISAO S/ VITIMA ENTRE DOIS VEICULOS,2,,,,,,,,,0,Longo da via,Bom,Perfeito estado,Seca,Perfeito estado,R-6b,30 km/h,Única,Não existe
2020-02-24 00:00:00,11:16:00,SEM VÍTIMA,PINA,RUA MANOEL DE BRITO,,CIDADE,ABALROAMENTO TRANSVERSAL,,2,,,,,,,,,0,,Bom,Perfeito estado,Seca,Perfeito estado,Outras,60 km/h,Única,Faixa contínua
2020-02-24 00:00:00,12:28:00,SEM VÍTIMA,SANTO AMARO,AV GOVERNADOR AGAMENON MAGALHAES,465,,COLISÃO TRASEIRA,ENGAVETAMENTO S/ VITIMA. TRES VEICULOS,3,,,,,,,,,0,Longo da via,Bom,Perfeito estado,Seca,Perfeito estado,,60 km/h,Dupla,Canal
2020-02-24 00:00:00,13:38:00,COM VÍTIMA,IPUTINGA,RUA BOM PASTOR,652,SUBURBIO,ABALROAMENTO LONGITUDINAL,COLISÃO C/VITIMA ENTRE UMA MOTO E UM ONIBUS,,1,,,,1,,,,1,Cruzamento,Bom,Perfeito estado,Seca,Perfeito estado,Outras,,Dupla,Faixa contínua
2020-02-24 00:00:00,15:49:00,SEM VÍTIMA,IMBIRIBEIRA,AV PRESIDENTE DUTRA,,SUBURBIO,ABALROAMENTO LONGITUDINAL,COLISAO S/ VITIMA. ENTRE DOIS VEICULOS,2,,,,,,,,,0,Longo da via,Bom,Perfeito estado,Seca,Perfeito estado,Não há placas,60 km/h,Única,Faixa seccionada
2020-02-24 00:00:00,16:53:00,SEM VÍTIMA,CORDEIRO,AV CAXANGA,234,SUBURBIO,ABALROAMENTO LONGITUDINAL,COLISÃO SEM VÍTIMA,1,1,,,,,,,,0,Longo da via,Bom,Perfeito estado,Seca,Perfeito estado,Outras,60 km/h,Única,Canteiro central
2020-02-24 00:00:00,19:14:00,SEM VÍTIMA,,AV CORREIA DE BRITO,,CIDADE,COLISÃO TRASEIRA,ENGAVETAMENTO S/VITIMAS,3,,,,,,,,,0,Longo da via,Bom,Perfeito estado,Seca,Perfeito estado,Não há placas,,Dupla,Faixa contínua
2020-02-24 00:00:00,19:31:00,SEM VÍTIMA,SÃO JOSÉ,C SANTA RITA,,,COLISÃO,COLISAO S/ VITIMA. ENTRE DOIS VEICULOS,2,,,,,,,,,0,,,,,,,,,
2020-02-24 00:00:00,20:27:00,SEM VÍTIMA,SÃO JOSÉ,AV SUL,,CIDADE,ABALROAMENTO LONGITUDINAL,ENTRE AUTO PASSEIO E ÔNIBUS. S/V,1,,,,,1,,,,0,Longo da via,Bom,Perfeito estado,Seca,Perfeito estado,Outras,,Única,Faixa seccionada
2020-02-24 00:00:00,20:53:00,SEM VÍTIMA,SANTO AMARO,PTE DO LIMOEIRO,,CIDADE,ABALROAMENTO LONGITUDINAL,ENTRE TÁXI E AUTO PASSEIO. S/V,2,,,,,,,,,0,Ponte,Bom,Perfeito estado,Seca,Perfeito estado,Não há placas,,Dupla,Faixa contínua
2020-02-24 00:00:00,21:20:00,SEM VÍTIMA,BOA VISTA,RUA DO HOSPICIO,31,CIDADE,ABALROAMENTO LONGITUDINAL,COLISAO SEM VITIMAS,1,,,,,1,,,,0,Longo da via,Bom,Perfeito estado,Seca,Perfeito estado,Outras,,Única,Faixa seccionada
2020-02-24 00:00:00,21:59:00,SEM VÍTIMA,SÃO JOSÉ,RUA IMPERIAL,207,SUBURBIO,ABALROAMENTO LONGITUDINAL,ENTRE VAN E AUTO PASSEIO. S/V,1,,,,,1,,,,0,Cruzamento,Bom,Ilegível,Seca,Perfeito estado,Não há placas,,Única,Não existe
2020-02-24 00:00:00,22:19:00,SEM VÍTIMA,VASCO DA GAMA,AV NORTE,,,COLISÃO,ENTRE 2 AUTOS. S/V,2,,,,,,,,,0,,,,,,,,,
2020-02-24 00:00:00,23:23:00,SEM VÍTIMA,SANTO AMARO,AV NORTE,,,ABALROAMENTO LONGITUDINAL,ENTRE 2V AUTOS. S/V,2,,,,,,,,,0,Longo da via,Bom,Perfeito estado,Seca,Perfeito estado,Não há placas,60 km/h,Dupla,Canteiro central
2020-02-25 00:00:00,04:46:00,SEM VÍTIMA,SÃO JOSÉ,AV SUL,,,COLISÃO,CAMINHÃO X AUTO. S/V,1,,,,,,1,,,0,,,,,,,,,
2020-02-25 00:00:00,05:21:00,COM VÍTIMA,SANTO AMARO,AV GOVERNADOR AGAMENON MAGALHAES,49,CIDADE,ABALROAMENTO TRANSVERSAL,ENTRE 2 TÁXIS. C/V,2,,,,,,,,,1,Cruzamento,Bom,Perfeito estado,Seca,Perfeito estado,,60 km/h,Dupla,Canal
2020-02-25 00:00:00,07:32:00,SEM VÍTIMA,ILHA DO LEITE,RUA ANTONIO GOMES DE FREITAS,,CIDADE,ABALROAMENTO LONGITUDINAL,COLISÃO S/VITIMAS ENTRE UM CAMINHÃO E UM AUTO,1,,,,,,1,,,0,Longo da via,Bom,Perfeito estado,Seca,Perfeito estado,,,Única,Faixa seccionada
2020-02-25 00:00:00,07:33:00,SEM VÍTIMA,SÃO JOSÉ,AV SUL,,CIDADE,ABALROAMENTO LONGITUDINAL,CAMINHÃO X AUTO. S/V,1,,,,,,1,,,0,Longo da via,Bom,Perfeito estado,Seca,Perfeito estado,Outras,,Dupla,Canteiro central
2020-02-25 00:00:00,10:46:00,SEM VÍTIMA,TORRE,RUA JOAO TUDE DE MELO,649,,ABALROAMENTO TRANSVERSAL,COLISÃO SEM VITIMAS,3,,,,,,,,,0,,Bom,Perfeito estado,Seca,Perfeito estado,R-6a,,Única,Faixa contínua
2020-02-25 00:00:00,12:40:00,SEM VÍTIMA,BOA VIAGEM,AV ENGENHEIRO DOMINGOS FERREIRA,380,,COLISÃO,COLISÃO SEM VÍTIMA,2,,,,,,,,,0,,,,,,,,,
2020-02-25 00:00:00,13:37:00,SEM VÍTIMA,PARNAMIRIM,EST DO ENCANAMENTO,,,COLISÃO,COLISAO S/ VITIMAS,2,,,,,,,,,0,,,,,,,,,
2020-02-25 00:00:00,14:10:00,SEM VÍTIMA,MADALENA,RUA BENFICA,,CIDADE,ABALROAMENTO LONGITUDINAL,COLISAO S/ VITIMAS DE DOIS AUTOS,2,,,,,,,,,0,Longo da via,Bom,Perfeito estado,Seca,Perfeito estado,,40 km/h,Única,Não existe
2020-02-25 00:00:00,15:14:00,SEM VÍTIMA,NOVA DESCOBERTA,AV VEREADOR OTACILIO AZEVEDO,,CIDADE,ABALROAMENTO LONGITUDINAL,COLISAO SEM VITIMAS,1,,,,,1,,,,0,Longo da via,Bom,Perfeito estado,Seca,Perfeito estado,Outras,,Dupla,Faixa seccionada
2020-02-25 00:00:00,15:23:00,SEM VÍTIMA,BOA VIAGEM,AV CONSELHEIRO AGUIAR,147,CIDADE,ABALROAMENTO LONGITUDINAL,COLISAO SEM VITIMAS,1,,,,,1,,,,0,Cruzamento,Bom,Perfeito estado,Seca,Perfeito estado,R-6a,,Única,Faixa contínua
2020-02-25 00:00:00,16:49:00,SEM VÍTIMA,ÁGUA FRIA,AV BEBERIBE,,,COLISÃO,COLISAO ENTRE DOIS AUTOS S/V,2,,,,,,,,,0,,,,,,,,,
2020-02-25 00:00:00,17:18:00,SEM VÍTIMA,TORRE,AV BEIRA RIO,,CIDADE,COLISÃO TRASEIRA,COLISAO SEM VITIMAS,2,,,,,,,,,0,,Chuvoso,Perfeito estado,Molhada,Perfeito estado,Placas Pare,,Única,Faixa contínua
2020-02-25 00:00:00,19:50:00,COM VÍTIMA,IMBIRIBEIRA,AV MARECHAL MASCARENHAS DE MORAES,,,CHOQUE OBJETO FIXO,VEICULO COLIDIU COM A MURETA,1,,,,,,,,,1,Viaduto,Bom,Perfeito estado,Seca,Perfeito estado,Não há placas,,,Não existe
2020-02-25 00:00:00,20:58:00,SEM VÍTIMA,IPUTINGA,RUA SAO MATEUS,,SUBURBIO,CHOQUE VEÍCULO PARADO,CAMINHAO ( CAVALO) X FIESTA OBS: MOTORISTA EVADIU-SE DEIXANDO O VEICULO,,,,,,,1,,1,0,Longo da via,Bom,Ilegível,Seca,Perfeito estado,Não há placas,,Dupla,Não existe
2020-02-25 00:00:00,21:38:00,SEM VÍTIMA,BOMBA DO HEMETÉRIO,RUA ANTONIO MEIRA,,,COLISÃO,FORD KA X ECOSPORT OBS: MOTORISTA EVADIU-SE DO LOCAL DEIXANDO O VEICULO,2,,,,,,,,,0,,,,,,,,,
2020-02-25 00:00:00,22:15:00,SEM VÍTIMA,BOA VISTA,RUA IMPERATRIZ TEREZA CRISTINA,,,COLISÃO,COLISAO SEM VITIMAS,1,1,,,,,,,,0,,,,,,,,,
2020-02-25 00:00:00,23:29:00,SEM VÍTIMA,SÃO JOSÉ,C SANTA RITA,,CIDADE,COLISÃO TRASEIRA,PRISMA X LOGAN,2,,,,,,,,,0,Longo da via,Bom,Perfeito estado,Seca,Perfeito estado,Não há placas,40 km/h,Dupla,Faixa contínua
2020-02-26 00:00:00,03:39:00,SEM VÍTIMA,BOA VISTA,PTE PRINCESA IZABEL,,SUBURBIO,COLISÃO TRASEIRA,SIENA X FIAT CRONOS X PALIO  (2 TAXIS E UM UBER ),3,,,,,,,,,0,,Bom,Perfeito estado,Seca,Perfeito estado,,,Dupla,Faixa contínua
2020-02-26 00:00:00,04:03:00,COM VÍTIMA,BEBERIBE,AV BEBERIBE,186,CIDADE,ABALROAMENTO LONGITUDINAL,SANDERO BRANCO X MOTO,1,1,,,,,,,,1,Longo da via,Bom,Incompleta,Molhada,Mal conservada,Não há placas,,Dupla,Faixa contínua
2020-02-26 00:00:00,04:39:00,SEM VÍTIMA,BOA VIAGEM,AV ENGENHEIRO DOMINGOS FERREIRA,,SUBURBIO,ABALROAMENTO LONGITUDINAL,COLISÃO ENTRE DOIS AUTOS- S/V,2,,,,,,,,,0,Longo da via,Bom,Perfeito estado,Seca,Perfeito estado,Outras,,Única,Canteiro central
2020-02-26 00:00:00,05:20:00,SEM VÍTIMA,SANTO AMARO,AV CRUZ CABUGA,171,CIDADE,ABALROAMENTO TRANSVERSAL,SIENA X FIESTA,2,,,,,,,,,0,Cruzamento,Bom,Perfeito estado,Seca,Perfeito estado,Outras,,Dupla,Faixa contínua
2020-02-26 00:00:00,06:31:00,COM VÍTIMA,MADALENA,RUA REAL DA TORRE,,CIDADE,CHOQUE OBJETO FIXO,AUTO E POSTE,1,,,,,,,,,1,Longo da via,Bom,Perfeito estado,Seca,Perfeito estado,,,Dupla,Faixa seccionada
2020-02-26 00:00:00,07:04:00,SEM VÍTIMA,BOA VIAGEM,AV BOA VIAGEM,149,CIDADE,ABALROAMENTO LONGITUDINAL,COLISÃO SEM VITIMAS,1,,,,,1,,,,0,Cruzamento,Bom,Perfeito estado,Seca,Perfeito estado,R-6a,,Única,Faixa contínua
2020-02-26 00:00:00,10:19:00,SEM VÍTIMA,ROSARINHO,AV NORTE,,,COLISÃO,COLISÃO S/VITIMAS ENTRE UM ONIBUS E UM AUTO,1,,,,,1,,,,0,,,,,,,,,
2020-02-26 00:00:00,13:51:00,SEM VÍTIMA,TAMARINEIRA,AV NORTE,62,SUBURBIO,COLISÃO TRASEIRA,COLISAO ENTRE DOIS AUTOS S/V,2,,,,,,,,,0,Longo da via,Bom,Perfeito estado,Seca,Perfeito estado,R-6a,,Única,Faixa seccionada
2020-02-26 00:00:00,15:12:00,SEM VÍTIMA,BOA VISTA,RUA DOS PALMARES,171,CIDADE,ABALROAMENTO LONGITUDINAL,COLISÃO SEM VÍTIMA,1,,,,,,1,,,0,Cruzamento,Bom,Perfeito estado,Seca,Perfeito estado,R-6a,40 km/h,Dupla,Canteiro central
2020-02-26 00:00:00,15:39:00,SEM VÍTIMA,TAMARINEIRA,EST VELHA DE AGUA FRIA,,,COLISÃO TRASEIRA,COLISAO ENTRE DOIS AUTOS S/V,2,,,,,,,,,0,Longo da via,Bom,Perfeito estado,Seca,Perfeito estado,Não há placas,,Dupla,Faixa contínua
2020-02-26 00:00:00,17:24:00,SEM VÍTIMA,IPSEP,AV RAIMUNDO DINIZ,,SUBURBIO,ABALROAMENTO LONGITUDINAL,COLISÃO SEM VÍTIMA,2,,,,,,,,,0,Cruzamento,Bom,Não existente,Seca,Mal iluminada,Não há placas,,Dupla,Não existe
2020-02-26 00:00:00,18:21:00,SEM VÍTIMA,TORRE,AV BEIRA RIO,,SUBURBIO,COLISÃO TRASEIRA,FOX X MOTO X GOL,1,1,,,,,,,,0,Longo da via,Bom,Perfeito estado,Seca,Perfeito estado,Outras,,Dupla,Faixa seccionada
2020-02-26 00:00:00,18:31:00,COM VÍTIMA,CURADO,RUA DR GEORGE WILLIAM BUTLER,,TIP,ABALROAMENTO TRANSVERSAL,COLISAO ENTRE MOTO CINQUENTINHA E AUTO COM UMA VITIMA,1,,1,,,,,,,1,Longo da via,Bom,Não existente,Seca,Mal conservada,Não há placas,,Dupla,Faixa contínua
2020-02-27 00:00:00,00:05:00,SEM VÍTIMA,BOA VIAGEM,RUA RIBEIRO DE BRITO,,SUBURBIO,ABALROAMENTO TRANSVERSAL,COLISÃO ENTRE DOIS AUTOS S/V,2,,,,,,,,,0,Cruzamento,Bom,Perfeito estado,Seca,Perfeito estado,Não há placas,,Única,Faixa seccionada
2020-02-27 00:00:00,05:32:00,SEM VÍTIMA,GRAÇAS,AV RUI BARBOSA,,SUBURBIO,CHOQUE OBJETO FIXO,,1,,,,,,,,,0,Longo da via,Chuvoso,Perfeito estado,Molhada,Perfeito estado,R-6a,,Única,Faixa seccionada
2020-02-27 00:00:00,07:04:00,SEM VÍTIMA,PAISSANDU,AV GOVERNADOR AGAMENON MAGALHAES,,CIDADE,ABALROAMENTO LONGITUDINAL,COLISAO SEM VITIMAS,1,,,,,1,,,,0,Longo da via,Bom,Perfeito estado,Seca,Perfeito estado,Não há placas,60 km/h,Dupla,Faixa seccionada
2020-02-27 00:00:00,07:39:00,SEM VÍTIMA,BOA VIAGEM,RUA VISCONDE DE JEQUITINHONHA,,,ABALROAMENTO TRANSVERSAL,COLISÃO SEM VITIMAS,2,,,,,,,,,0,Cruzamento,Bom,Perfeito estado,Seca,Perfeito estado,Placas Pare,,Única,Não existe
2020-02-27 00:00:00,08:22:00,COM VÍTIMA,MADALENA,RUA BENFICA,257,SUBURBIO,ABALROAMENTO LONGITUDINAL,COLISÃO COM VÍTIMAS,1,,,,,1,,,,1,Longo da via,Bom,Perfeito estado,Seca,Perfeito estado,R-6a,60 km/h,Dupla,Faixa contínua
2020-02-27 00:00:00,08:50:00,SEM VÍTIMA,CASA AMARELA,AV NORTE,,CIDADE,ABALROAMENTO LONGITUDINAL,COLISÃO S/VITIMAS ENTRE UM AUTO E UM CAMINHÃO,1,,,,,,1,,,0,Longo da via,Bom,Perfeito estado,Seca,Perfeito estado,Não há placas,40 km/h,Dupla,Canteiro central
2020-02-27 00:00:00,08:48:00,SEM VÍTIMA,GRAÇAS,AV RUI BARBOSA,102,CIDADE,COLISÃO TRASEIRA,DOIS AUTOS   PONTO FIXO GM POLIANA,2,,,,,,,,,0,Longo da via,Bom,Perfeito estado,Seca,Perfeito estado,Outras,60 km/h,Única,Faixa contínua
2020-02-27 00:00:00,09:21:00,SEM VÍTIMA,IPSEP,AV RECIFE,16,,ABALROAMENTO LONGITUDINAL,COLISÃO SEM VITIMA,1,,,,,,,,1,0,Longo da via,Bom,Perfeito estado,Seca,Perfeito estado,R-6a,,Dupla,Faixa seccionada
2020-02-27 00:00:00,09:26:00,SEM VÍTIMA,CURADO,RUA MINISTRO MARIO ANDREAZZA,,,COLISÃO FRONTAL,COLISÃO SEM VITIMAS,1,,,,,,1,,,0,Longo da via,Bom,Não existente,Seca,Perfeito estado,Não há placas,,Dupla,Não existe
2020-02-27 00:00:00,11:23:00,SEM VÍTIMA,SANTO AMARO,AV CRUZ CABUGA,,CIDADE,ABALROAMENTO LONGITUDINAL,COLISÃO SEM VITIMAS,,,,,,,2,,,0,Longo da via,Bom,Perfeito estado,Seca,Perfeito estado,Outras,,Dupla,Faixa contínua
2020-02-27 00:00:00,11:24:00,SEM VÍTIMA,DERBY,RUA AMAURI DE MEDEIROS,,SUBURBIO,ABALROAMENTO TRANSVERSAL,DOIS AUTOS  BATEDORES NO LOCAL GM´S ANDERSON E LUIZ ALBERTO,2,,,,,,,,,0,Cruzamento,Bom,Perfeito estado,Seca,Perfeito estado,Placas Pare,,Única,Não existe
2020-02-27 00:00:00,11:30:00,COM VÍTIMA,ENCRUZILHADA,AV NORTE,,SUBURBIO,COLISÃO TRASEIRA,TRES AUTOS E UM ÔNIBUS - VT-21 SUB. FATIMA NO LOCAL,3,,,,,1,,,,2,Longo da via,Bom,Perfeito estado,Seca,Perfeito estado,R-6a,,Única,Faixa seccionada
2020-02-27 00:00:00,11:48:00,SEM VÍTIMA,PARNAMIRIM,RUA TITO ROSAS,,CIDADE,ABALROAMENTO LONGITUDINAL,USUARIO SE MACHUCOU MAS FALOU QUE NAO QUERIA CHAMAR O SAMU,1,1,,,,,,,,0,Longo da via,Bom,Perfeito estado,Seca,Perfeito estado,Outras,,Única,
2020-02-27 00:00:00,12:01:00,SEM VÍTIMA,DERBY,AV GOVERNADOR AGAMENON MAGALHAES,,,COLISÃO TRASEIRA,COLISÃO SEM VITIMAS,3,,,,,,,,,0,Longo da via,Bom,Perfeito estado,Seca,Perfeito estado,Outras,60 km/h,Dupla,Faixa seccionada
2020-02-27 00:00:00,12:30:00,SEM VÍTIMA,BOA VISTA,RUA CORREDOR DO BISPO,,,CHOQUE VEÍCULO PARADO,COLISÃO SEM VITIMAS. ENTRE DOIS VEICULOS,2,,,,,,,,,0,Longo da via,Bom,Perfeito estado,Seca,Perfeito estado,,,Única,Não existe
2020-02-27 00:00:00,12:49:00,COM VÍTIMA,ILHA JOANA BEZERRA,AV BEIRA RIO,,CIDADE,ABALROAMENTO TRANSVERSAL,COLISAO ENTRE AUTO E MOTO COM UMA VITIMA,1,1,,,,,,,,1,Cruzamento,Bom,Perfeito estado,Seca,Perfeito estado,Placas Pare,40 km/h,Dupla,Faixa contínua
2020-02-27 00:00:00,12:56:00,SEM VÍTIMA,ARRUDA,RUA RAMIZ GALVAO,,CIDADE,COLISÃO FRONTAL,COLISÃO SEM VÍTIMA,1,,,,,,1,,,0,Cruzamento,Bom,Perfeito estado,Seca,Perfeito estado,Placas Pare,,Dupla,Não existe
2020-02-27 00:00:00,13:12:00,COM VÍTIMA,TORRE,RUA REAL DA TORRE,,CIDADE,ABALROAMENTO TRANSVERSAL,COLISAO COM VITIMA. ENTRE MOTO E VEICULO,1,1,,,,,,,,1,Longo da via,Bom,Perfeito estado,Seca,Perfeito estado,Outras,,,
2020-02-27 00:00:00,13:14:00,SEM VÍTIMA,IPSEP,RUA JEAN EMILE FAVRE,,SUBURBIO,ABALROAMENTO LONGITUDINAL,COLISAO ENTRE DOIS AUTOS S/V,2,,,,,,,,,0,Longo da via,Bom,Perfeito estado,Seca,Perfeito estado,Placas Pare,,Dupla,Faixa contínua
2020-02-27 00:00:00,13:26:00,SEM VÍTIMA,,PRC DO DERBY,40,CIDADE,ABALROAMENTO TRANSVERSAL,COLISAO ENTRE CARRO DO SAMU E BRT S/V,,,,,,1,1,,,0,Longo da via,Bom,Perfeito estado,Seca,Perfeito estado,,50 km/h,Dupla,Faixa contínua
2020-02-27 00:00:00,14:19:00,SEM VÍTIMA,IMBIRIBEIRA,AV MARECHAL MASCARENHAS DE MORAES,631,CIDADE,COLISÃO TRASEIRA,COLISAO ENTRE DOIS AUTOS S/V,2,,,,,,,,,0,Longo da via,Bom,Perfeito estado,Seca,Perfeito estado,R-6a,,Dupla,Canteiro central
2020-02-27 00:00:00,14:24:00,SEM VÍTIMA,AFOGADOS,RUA JACIRA,,SUBURBIO,ABALROAMENTO TRANSVERSAL,COLISÃO SEM VÍTIMA,1,1,,,,,,,,0,Cruzamento,Bom,Incompleta,Seca,Mal conservada,Não há placas,,Única,Não existe
2020-02-27 00:00:00,14:24:00,SEM VÍTIMA,CABANGA,PTE GOVERNADOR PAULO GUERRA,,CIDADE,COLISÃO TRASEIRA,COLISÃO SEM VÍTIMA,2,,,,,,,,,0,Ponte,Bom,Perfeito estado,Seca,Perfeito estado,Não há placas,60 km/h,Dupla,
2020-02-27 00:00:00,14:50:00,SEM VÍTIMA,AFOGADOS,RUA SAO MIGUEL,,CIDADE,COLISÃO TRASEIRA,COLISÃO SEM VÍTIMA,2,,,,,,,,,0,Longo da via,Bom,Perfeito estado,Seca,Perfeito estado,Outras,,Dupla,Faixa contínua
2020-02-27 00:00:00,15:02:00,SEM VÍTIMA,IPUTINGA,RUA EMILIANO BRAGA,,,COLISÃO,COLISAO ENTRE AUTO E MOTO S/V,1,1,,,,,,,,0,,,,,,,,,
2020-02-27 00:00:00,15:11:00,SEM VÍTIMA,SANTO AMARO,AV CRUZ CABUGA,171,CIDADE,COLISÃO TRASEIRA,COLISAO ENTRE DOIS AUTOS S/V,2,,,,,,,,,0,Longo da via,Bom,Perfeito estado,Seca,Perfeito estado,R-6a,,Dupla,Faixa contínua