data,hora,natureza,bairro,endereco,num_semaforo,sentido_via,tipo,auto,moto,ciclom,ciclista,pedestre,onibus,caminhao,viatura,outros,vitimas,vitimasfatais,acidente_verificado,tempo_clima,sinalizacao,condicao_via,conservacao_via,situacao_placa,velocidade_max_via,mao_direcao,divisao_via1
2020-03-02 00:00:00,08:39:00,SEM VÍTIMA,ENCRUZILHADA,AV JOAO DE BARROS,43,SUBURBIO,COLISÃO TRASEIRA,COLISÃO SEM VITIMAS GM  CARLOS EDUARDO QTH,2,,,,,,,,,0,Cruzamento,Bom,Perfeito estado,Seca,Perfeito estado,,,Única,
2020-03-02 00:00:00,09:36:00,SEM VÍTIMA,BOA VISTA,AV CONDE DA BOA VISTA,,CIDADE,ABALROAMENTO LONGITUDINAL,COLISÃO SEM VITIMAS,1,,,,,1,,,,0,Longo da via,Bom,Incompleta,Seca,,Não há placas,,Dupla,
2020-03-02 00:00:00,09:51:00,SEM VÍTIMA,AFOGADOS,EST DOS REMEDIOS,,,COLISÃO,COLISAO SEM VITIMAS,1,1,,,,,,,,0,,,,,,,,,
2020-03-02 00:00:00,09:54:00,SEM VÍTIMA,GRAÇAS,AV RUI BARBOSA,48,CIDADE,ABALROAMENTO LONGITUDINAL,,,,,,,1,,,,0,Cruzamento,Bom,Perfeito estado,Seca,Perfeito estado,,,Única,Faixa contínua
2020-03-02 00:00:00,10:23:00,SEM VÍTIMA,JOANA BEZERRA,RUA IMPERIAL,,SUBURBIO,ABALROAMENTO TRANSVERSAL,COLISAO SEM VITIMAS,1,,,,,,1,,,0,Longo da via,Bom,Perfeito estado,Seca,Perfeito estado,Outras,,Única,Faixa seccionada
2020-03-02 00:00:00,10:39:00,SEM VÍTIMA,IPUTINGA,RUA CELESTINO NEVES,,SUBURBIO,ABALROAMENTO LONGITUDINAL,COLISÃO S/VITIMAS ENTRE DOIS AUTOS,2,,,,,,,,,0,Cruzamento,Bom,Incompleta,Seca,Mal conservada,Não há placas,,Dupla,Não existe
2020-03-02 00:00:00,10:44:00,SEM VÍTIMA,MADALENA,RUA COSTA GOMES,,SUBURBIO,ABALROAMENTO LONGITUDINAL,COLISÃO SEM VITIMAS,2,,,,,,,,,0,Cruzamento,Bom,Perfeito estado,Seca,Perfeito estado,Placas Pare,,Única,Não existe
2020-03-02 00:00:00,11:13:00,COM VÍTIMA,DOIS IRMÃOS,RUA DOIS IRMAOS,,SUBURBIO,ABALROAMENTO TRANSVERSAL,COLISAO COM VITIMAS,1,1,,,,,,,,1,Longo da via,Bom,Incompleta,Seca,Perfeito estado,Não há placas,,Dupla,Não existe
2020-03-02 00:00:00,11:42:00,COM VÍTIMA,CORDEIRO,AV CAXANGA,,SUBURBIO,ABALROAMENTO TRANSVERSAL,COLISÃO C/VITIMA ENTRE DOIS AUTOS,2,,,,,,,,,2,Cruzamento,Bom,Perfeito estado,Seca,Perfeito estado,Outras,,,Faixa contínua
2020-03-02 00:00:00,11:43:00,SEM VÍTIMA,BOA VIAGEM,RUA BALTAZAR PASSOS,,,ABALROAMENTO LONGITUDINAL,COLISAO SEM VITIMAS,2,,,,,,,,,0,Cruzamento,Bom,,Seca,,Placas Pare,40 km/h,Única,Não existe
2020-03-02 00:00:00,12:30:00,SEM VÍTIMA,TAMARINEIRA,AV ENGENHEIRO AGAMENON DE MAGALHAES MELO,,SUBURBIO,CHOQUE VEÍCULO PARADO,COLISAO ENTRE DOIS AUTOS S/V,2,,,,,,,,,0,Longo da via,Bom,Perfeito estado,Seca,Perfeito estado,Outras,,Dupla,Não existe
2020-03-02 00:00:00,12:40:00,SEM VÍTIMA,DERBY,AV GOVERNADOR AGAMENON MAGALHAES,,,COLISÃO TRASEIRA,COLISÃO SEM VÍTIMA,2,,,,,,,,,0,Longo da via,Bom,Perfeito estado,Seca,Perfeito estado,Outras,60 km/h,Dupla,Faixa seccionada
2020-03-02 00:00:00,13:10:00,SEM VÍTIMA,BOA VIAGEM,RUA SA E SOUZA,,,COLISÃO,COLISAO ENTRE DOIS AUTOS S/V,2,,,,,,,,,0,,,,,,,,,
2020-03-02 00:00:00,13:29:00,COM VÍTIMA,SANTO AMARO,RUA MAJOR CODECEIRA,,,ABALROAMENTO TRANSVERSAL,COLISAO ENTRE AUTO E MOTO COM UMA VITIMA,1,1,,,,,,,,1,Cruzamento,Bom,Perfeito estado,Seca,Perfeito estado,R-6a,,Única,Faixa seccionada
2020-03-02 00:00:00,13:50:00,SEM VÍTIMA,BOA VIAGEM,AV DES JOSE NEVES,,CIDADE,COLISÃO TRASEIRA,,2,,,,,,,,,0,Longo da via,Bom,Perfeito estado,Seca,Perfeito estado,R-6a,,Dupla,Canal
2020-03-02 00:00:00,13:58:00,SEM VÍTIMA,BOA VIAGEM,RUA VISCONDE DE JEQUITINHONHA,433,SUBURBIO,COLISÃO TRASEIRA,COLISAO ENTRE ONIBUS E AUTOS S/V GM MARCIA SANTOS NO LOCAL,1,,,,,1,,,,0,Longo da via,Bom,Perfeito estado,Seca,Perfeito estado,Outras,60 km/h,Única,Faixa seccionada
2020-03-02 00:00:00,14:08:00,SEM VÍTIMA,TORRE,RUA CONDE DE IRAJA,191,SUBURBIO,ABALROAMENTO LONGITUDINAL,COLISÃO SEM VÍTIMA,1,,,,,,,,1,0,Cruzamento,Bom,Perfeito estado,Seca,Perfeito estado,R-6a,,Única,Faixa seccionada
2020-03-02 00:00:00,14:09:00,SEM VÍTIMA,ESPINHEIRO,AV GOVERNADOR AGAMENON MAGALHAES,,CIDADE,ABALROAMENTO LONGITUDINAL,,2,,,,,,,,,0,Longo da via,Bom,Perfeito estado,Seca,Perfeito estado,Outras,40 km/h,Dupla,Canteiro central
2020-03-02 00:00:00,14:26:00,SEM VÍTIMA,SAN MARTIN,RUA COMENDADOR FRANCO FERREIRA,,SUBURBIO,ABALROAMENTO TRANSVERSAL,,2,,,,,,,,,0,Cruzamento,Bom,,Seca,,Placas Pare,,Dupla,Não existe
2020-03-02 00:00:00,14:28:00,SEM VÍTIMA,JARDIM SÃO PAULO,AV SAO PAULO,,,COLISÃO,COLISÃO SEM VÍTIMA ENTRE AUTO E CARROÇA DE TRAÇÃO ANIMAL,1,,,,,,,,1,0,,,,,,,,,
2020-03-02 00:00:00,14:54:00,SEM VÍTIMA,ARRUDA,AV PROFESSOR JOSE DOS ANJOS,306,,COLISÃO TRASEIRA,COLISAO ENTRE AUTO E CAMINHAO S/V,1,,,,,,1,,,0,Longo da via,Bom,Perfeito estado,Seca,Perfeito estado,Outras,,Dupla,Canal
2020-03-02 00:00:00,14:57:00,SEM VÍTIMA,MADALENA,RUA JOAO IVO DA SILVA,132,,COLISÃO FRONTAL,,1,1,,,,,,,,0,Cruzamento,Bom,Perfeito estado,Seca,Perfeito estado,,,Dupla,Faixa seccionada
2020-03-02 00:00:00,15:08:00,SEM VÍTIMA,IMBIRIBEIRA,AV MARECHAL MASCARENHAS DE MORAES,,CIDADE,COLISÃO TRASEIRA,ENGAVETAMENTO DE TRES VEICULOS SEM VITIMAS,3,,,,,,,,,0,Longo da via,Bom,Perfeito estado,Seca,Perfeito estado,Não há placas,,Dupla,Faixa seccionada
2020-03-02 00:00:00,15:20:00,SEM VÍTIMA,MADALENA,AV BEIRA RIO,,SUBURBIO,ABALROAMENTO LONGITUDINAL,COLISAO ENTRE DOIS AUTOS S/V,2,,,,,,,,,0,Longo da via,Bom,Perfeito estado,Seca,Perfeito estado,Não há placas,50 km/h,Única,Faixa seccionada
2020-03-02 00:00:00,15:54:00,SEM VÍTIMA,BOA VIAGEM,RUA DO SA LEITAO,,,CHOQUE VEÍCULO PARADO,COLISAP ENTRE DOIS AUTOS E UMA MOTO S/V,1,1,,,,,,,,0,Longo da via,Bom,Perfeito estado,Seca,Perfeito estado,Outras,,Dupla,Faixa seccionada
2020-03-02 00:00:00,17:51:00,SEM VÍTIMA,BOA VIAGEM,AV FERNANDO SIMOES BARBOSA,183,SUBURBIO,ABALROAMENTO LONGITUDINAL,COLISAO ENTRE ONIBUS E AUTOS S/V,1,,,,,1,,,,0,,Bom,Perfeito estado,Seca,Perfeito estado,Outras,,Única,Faixa seccionada
2020-03-02 00:00:00,18:10:00,SEM VÍTIMA,IPSEP,RUA ITACAMBIRA,,SUBURBIO,COLISÃO TRASEIRA,COLISAO DE DOIS AUTOS S/V,2,,,,,,,,,0,Longo da via,Bom,Perfeito estado,Seca,Perfeito estado,Outras,20 km/h,Dupla,Não existe
2020-03-02 00:00:00,18:25:00,SEM VÍTIMA,ESTÂNCIA,RUA JOAO TEIXEIRA,,,COLISÃO,COLISAO SEM VITIMAS,1,,,,,,1,,,0,,,,,,,,,
2020-03-02 00:00:00,18:46:00,SEM VÍTIMA,ESTÂNCIA,AV RECIFE,,,COLISÃO TRASEIRA,JAC X CLASSIC X ECOSPORT,3,,,,,,,,,0,Longo da via,Bom,Perfeito estado,Seca,Perfeito estado,Não há placas,60 km/h,Dupla,Faixa seccionada
2020-03-02 00:00:00,20:04:00,SEM VÍTIMA,VÁRZEA,RUA GENERAL POLIDORO,577,,ABALROAMENTO TRANSVERSAL,COLISAO SEM VITIMAS,2,,,,,,,,,0,Cruzamento,Bom,Perfeito estado,Seca,Perfeito estado,Outras,,Dupla,Faixa contínua
2020-03-02 00:00:00,20:05:00,SEM VÍTIMA,COQUEIRAL,RUA APRIGIO GUIMARAES,157,SUBURBIO,ABALROAMENTO TRANSVERSAL,BROS MOTO X CLASSIC,1,1,,,,,,,,0,Cruzamento,Bom,Incompleta,Seca,Perfeito estado,Não há placas,,Dupla,Não existe
2020-03-02 00:00:00,20:20:00,COM VÍTIMA,SANTO AMARO,AV NORTE,463,SUBURBIO,ABALROAMENTO TRANSVERSAL,OCOLISÃO ONIBUS X MOTO C/VITIMA,,1,,,,1,,,,1,Cruzamento,Bom,Perfeito estado,Seca,Perfeito estado,Outras,,Dupla,Faixa seccionada
2020-03-02 00:00:00,21:11:00,COM VÍTIMA,IBURA,AV DOM HELDER CAMARA,,,ACID. DE PERCURSO,MOTO (PERCA DE CONTROLE ),,1,,,,,,,,1,,,,,,,,,
2020-03-02 00:00:00,21:34:00,SEM VÍTIMA,SANTO AMARO,AV CRUZ CABUGA,344,SUBURBIO,ABALROAMENTO LONGITUDINAL,CLASSIC X CAMINHAO POLIGUINDASTE,1,,,,,,1,,,0,Cruzamento,Chuvoso,Perfeito estado,Molhada,Perfeito estado,Outras,,Dupla,Faixa seccionada
2020-03-02 00:00:00,22:00:00,SEM VÍTIMA,TORRE,RUA PROFESSOR TRAJANO DE MENDONCA,,SUBURBIO,COLISÃO TRASEIRA,SANDERO VERMELHO X PALIO PRATA,2,,,,,,,,,0,Longo da via,Bom,Perfeito estado,Seca,Perfeito estado,Outras,,Única,Faixa seccionada
2020-03-02 00:00:00,23:34:00,COM VÍTIMA,IBURA,AV DOIS RIOS,351,SUBURBIO,ABALROAMENTO TRANSVERSAL,COLISÃO ENTRE DOIS AUTOS COM VÍTIMA- UM DOS AUTOS VEIO A CAPOTAR- UM DOS ENVOLVIDOS APRESENTA SINTOMAS DE EMBRIAGUEZ,2,,,,,,,,,2,Cruzamento,Bom,Perfeito estado,Seca,Perfeito estado,Não há placas,,Dupla,Faixa contínua
2020-03-03 00:00:00,00:00:00,SEM VÍTIMA,BOA VIAGEM,AV MARECHAL JUAREZ TAVORA,478,SUBURBIO,ABALROAMENTO LONGITUDINAL,COLISÃO ENTRE DOIS AUTOS S/V,2,,,,,,,,,0,Cruzamento,Bom,Ilegível,Seca,Mal iluminada,Não há placas,,Única,Faixa seccionada
2020-03-03 00:00:00,07:39:00,COM VÍTIMA,AFOGADOS,EST DOS REMEDIOS,,CIDADE,ABALROAMENTO LONGITUDINAL,ACIDENTE LONGITUDINAL ENTRE DUAS MOTOS- FLAGRADO PELA CÂMARA DA CTTU.,,2,,,,,,,,1,Longo da via,Bom,Perfeito estado,Seca,Perfeito estado,Outras,60 km/h,Única,Faixa seccionada
2020-03-03 00:00:00,07:57:00,SEM VÍTIMA,IPSEP,RUA ADERBAL DE MELO,,SUBURBIO,ABALROAMENTO TRANSVERSAL,COLISÃO S/VITIMAS ENTRE UMA MOTO E UM AUTO  OBS USUARIO INFORMA QUE SOFREU ESCORIAÇOES  NA PERNA NO ENTANTO NÃO DESEJA A PRESENÇA DO SAMU NO LOCAL,1,1,,,,,,,,0,Cruzamento,Bom,Perfeito estado,Seca,Perfeito estado,Não há placas,,Dupla,Não existe
2020-03-03 00:00:00,07:59:00,SEM VÍTIMA,IBURA,AV ENGENHO SERRA VERDE,,CIDADE,ABALROAMENTO LONGITUDINAL,COLISÃO SEM VITIMAS,1,,,,,1,,,,0,Longo da via,Bom,Perfeito estado,Seca,Perfeito estado,Não há placas,30 km/h,Única,Não existe
2020-03-03 00:00:00,08:05:00,SEM VÍTIMA,CASA AMARELA,AV NORTE,95,SUBURBIO,COLISÃO TRASEIRA,MOTO E AUTO,1,1,,,,,,,,0,Cruzamento,Bom,Perfeito estado,Seca,Perfeito estado,R-6a,,Dupla,Canteiro central
2020-03-03 00:00:00,08:34:00,COM VÍTIMA,AFOGADOS,RUA VISCONDE DE PELOTAS,,,ACID. DE PERCURSO,QUEDA DE MOTOQUEIRO NA VIA DEVIDO A ÓLEO NA PISTA (GM KELVIN E DIEGO CARVALHO NO QTH),,1,,,,,,,,1,Longo da via,Bom,Perfeito estado,Oleosa,Perfeito estado,Não há placas,,Única,Faixa seccionada
2020-03-03 00:00:00,08:49:00,SEM VÍTIMA,ESTÂNCIA,AV DR JOSE RUFINO,,CIDADE,ABALROAMENTO LONGITUDINAL,ONIBUS E AUTO,1,,,,,1,,,,0,Longo da via,Bom,Perfeito estado,Seca,Perfeito estado,Não há placas,,Dupla,Faixa contínua
2020-03-03 00:00:00,09:53:00,SEM VÍTIMA,SANTO AMARO,AV NORTE,97,SUBURBIO,COLISÃO TRASEIRA,COLISÃO SEM VITIMAS  GM MARIO QTH,1,1,,,,,,,,0,Longo da via,Bom,Perfeito estado,Seca,Perfeito estado,Não há placas,60 km/h,Única,Faixa seccionada
2020-03-03 00:00:00,10:10:00,SEM VÍTIMA,IPSEP,RUA JEAN EMILE FAVRE,564,,COLISÃO,COLISÃO S/VITIMAS NETRE UM ONIBUS E UM AUTO,1,,,,,1,,,,0,,,,,,,,,
2020-03-03 00:00:00,11:04:00,SEM VÍTIMA,IMBIRIBEIRA,AV MARECHAL MASCARENHAS DE MORAES,,AEROPORTO,COLISÃO,COLISÃO SEM VITIMAS,1,1,,,,,,,,0,,,,,,,,,
2020-03-03 00:00:00,11:07:00,SEM VÍTIMA,JORDÃO,AV MARIA IRENE,,SUBURBIO,ABALROAMENTO LONGITUDINAL,COLISÃO S/VITIMAS ENTRE DOIS AUTOS,2,,,,,,,,,0,Longo da via,Bom,Perfeito estado,Seca,Perfeito estado,Não há placas,,Dupla,Faixa contínua
2020-03-03 00:00:00,11:56:00,SEM VÍTIMA,TORRÕES,RUA ZUMBI DOS PALMARES,,,COLISÃO,ONIBUS E AUTO,1,,,,,1,,,,0,,,,,,,,,
2020-03-03 00:00:00,12:19:00,SEM VÍTIMA,IPUTINGA,AV CAXANGA,229,CIDADE,COLISÃO TRASEIRA,ENTRE SEIS VEICULOS// S VITIMA,5,,,,,,1,,,0,Cruzamento,Bom,Perfeito estado,Seca,Perfeito estado,R-6a,,Única,Faixa seccionada
2020-03-03 00:00:00,12:34:00,SEM VÍTIMA,IMBIRIBEIRA,AV GENERAL MAC ARTHUR,,MASCARENHA DE MORAIS,COLISÃO,ENTRE DOIS VEICULOS// S VITIMA,2,,,,,,,,,0,,,,,,,,,
2020-03-03 00:00:00,12:49:00,SEM VÍTIMA,BOA VIAGEM,RUA AMALIA BERNARDINO DE SOUZA,,,COLISÃO,COLISÃO SEM VÍTIMA,2,,,,,,,,,0,,,,,,,,,
2020-03-03 00:00:00,12:49:00,COM VÍTIMA,CASA AMARELA,AV NORTE,66,CIDADE,COLISÃO COM CICLISTA,CAMINHAO COLIDIU COM DOIS AUTOS E UM CICLISTA COM UMA VITIMA,2,,,1,,,1,,,1,Longo da via,Bom,Perfeito estado,Seca,Perfeito estado,Outras,60 km/h,Única,Canteiro central
2020-03-03 00:00:00,13:03:00,SEM VÍTIMA,PARNAMIRIM,RUA DES GOIS CAVALCANTE,358,SUBURBIO,COLISÃO TRASEIRA,COLISÃO SEM VÍTIMA/ PO NO LOCAL,2,,,,,,,,,0,Cruzamento,Bom,Perfeito estado,Seca,Perfeito estado,Outras,40 km/h,Única,Faixa contínua
2020-03-03 00:00:00,13:04:00,SEM VÍTIMA,BOA VIAGEM,RUA ANTONIO FALCAO,,IMBIRIBEIRA,COLISÃO,COLISAO ENTRE VEICULOS/ S VITIMA,2,,,,,,,,,0,,,,,,,,,
2020-03-03 00:00:00,13:08:00,SEM VÍTIMA,BOA VIAGEM,AV ENGENHEIRO DOMINGOS FERREIRA,144,SUBURBIO,COLISÃO TRASEIRA,COLISÃO SEM VÍTIMA,2,,,,,,,,,0,Cruzamento,Bom,Perfeito estado,Seca,Perfeito estado,Não há placas,60 km/h,Única,Faixa contínua
2020-03-03 00:00:00,13:15:00,SEM VÍTIMA,BOA VISTA,RUA JOAQUIM DE BRITO,,CIDADE,ABALROAMENTO LONGITUDINAL,COLISÃO SEM VÍTIMA,2,,,,,,,,,0,Longo da via,Bom,Não existente,Seca,Mal conservada,Não há placas,,Única,Não existe
2020-03-03 00:00:00,13:44:00,SEM VÍTIMA,BOA VISTA,RUA MONTE CASTELO,,SUBURBIO,COLISÃO TRASEIRA,COLISÃO SEM VÍTIMA,2,,,,,,,,,0,Longo da via,Bom,Perfeito estado,Seca,Perfeito estado,Não há placas,,Única,Não existe
2020-03-03 00:00:00,14:05:00,SEM VÍTIMA,BOA VIAGEM,RUA BALTAZAR PASSOS,,,ABALROAMENTO TRANSVERSAL,COLISAO ENTRE ONIBUS E AUTOS S/V,1,,,,,1,,,,0,Cruzamento,Bom,Incompleta,Seca,Perfeito estado,Não há placas,,Única,Não existe
2020-03-03 00:00:00,14:28:00,SEM VÍTIMA,BOA VISTA,RUA DO HOSPICIO,31,SUBURBIO,ABALROAMENTO LONGITUDINAL,COLISAO S/VITIMA ENTRE DOIS VEICULOS. GM: NO APOIO NO LOCAL,1,,,,,1,,,,0,Cruzamento,Bom,Perfeito estado,Seca,Perfeito estado,Outras,,Dupla,Faixa contínua
2020-03-03 00:00:00,14:30:00,SEM VÍTIMA,PRADO,RUA CARLOS DE OLIVEIRA FILHO,,,ABALROAMENTO TRANSVERSAL,COLISÃO SEM VÍTIMA,2,,,,,,,,,0,Longo da via,Bom,Incompleta,Seca,Perfeito estado,Não há placas,30 km/h,Dupla,Não existe
2020-03-03 00:00:00,14:36:00,SEM VÍTIMA,ILHA DO RETIRO,EST DOS REMEDIOS,,,COLISÃO TRASEIRA,COLISÃO SEM VÍTIMA,3,,,,,,,,,0,Longo da via,Bom,Perfeito estado,Seca,Perfeito estado,,,Única,Faixa seccionada
2020-03-03 00:00:00,15:47:00,SEM VÍTIMA,IBURA,RUA DR SEABRA,,,COLISÃO,COLISÃO SEM VÍTIMA,2,,,,,,,,,0,,,,,,,,,
2020-03-03 00:00:00,15:50:00,COM VÍTIMA,APIPUCOS,RUA DE APIPUCOS,500,CIDADE,COLISÃO COM CICLISTA,COLISAO ENTRE AUTO -MOTO E CICLISTA,1,1,,1,,,,,,1,Cruzamento,Bom,Perfeito estado,Seca,Perfeito estado,R-6a,,Dupla,Faixa contínua
2020-03-03 00:00:00,15:51:00,COM VÍTIMA,ILHA DO LEITE,AV JOSE GONCALVES DE MEDEIROS,,ILHA DO RETIRO,ABALROAMENTO TRANSVERSAL,COLISAO COM VITIMA ENTRE UM VEICULO E UMA MOTO. GCM: PONTO FIXO,1,1,,,,,,,,1,Longo da via,Bom,Perfeito estado,Seca,Perfeito estado,Não há placas,,Dupla,Faixa
2020-03-03 00:00:00,15:53:00,SEM VÍTIMA,COELHOS,RUA DOS COELHOS,359,SUBURBIO,ABALROAMENTO TRANSVERSAL,COLISÃO SEM VÍTIMA,2,,,,,,,,,0,Longo da via,Bom,Perfeito estado,Seca,Perfeito estado,R-6a,30 km/h,Dupla,Faixa contínua
2020-03-03 00:00:00,17:19:00,COM VÍTIMA,BOA VIAGEM,RUA HENRIQUE DIAS,,CIDADE,ATROPELAMENTO,,,,,,1,1,,,,1,Longo da via,Bom,Perfeito estado,Seca,Perfeito estado,Outras,,Única,Não existe
2020-03-03 00:00:00,17:28:00,SEM VÍTIMA,CASA AMARELA,RUA BELA VISTA,,SUBURBIO,ABALROAMENTO LONGITUDINAL,COISÃO SEM VÍTIMA,2,,,,,,,,,0,Longo da via,Bom,Não existente,Seca,Perfeito estado,Não há placas,,Dupla,Não existe
2020-03-03 00:00:00,17:25:00,SEM VÍTIMA,AREIAS,RUA AURORA CACOTE,,AREIAS,COLISÃO,COLISAO S/ VITIMA NETRE DOIS VEICULOS,2,,,,,,,,,0,,,,,,,,,
2020-03-03 00:00:00,17:43:00,SEM VÍTIMA,MADALENA,RUA PROFESSOR BENEDITO MONTEIRO,,,COLISÃO,COLISÃO SEM VÍTIMA,2,,,,,,,,,0,,,,,,,,,
2020-03-03 00:00:00,17:45:00,COM VÍTIMA,VÁRZEA,AV JOAQUIM RIBEIRO,,SUBURBIO,ABALROAMENTO LONGITUDINAL,COLISAO ENTRE DOIS AUTOS S/V,1,1,,,,,,,,1,Longo da via,Bom,Ilegível,Seca,Perfeito estado,Não há placas,,Dupla,
2020-03-03 00:00:00,18:46:00,SEM VÍTIMA,VÁRZEA,AV AFONSO OLINDENSE,,CIDADE,ABALROAMENTO LONGITUDINAL,COLISAO DE DOIS AUTOS S/V,1,,,,,1,,,,0,Longo da via,Bom,Perfeito estado,Seca,Perfeito estado,Não há placas,,Dupla,Faixa contínua
2020-03-03 00:00:00,18:55:00,SEM VÍTIMA,CAXANGÁ,AV CAXANGA,,,COLISÃO,ONIBUS X FIAT UNO,1,,,,,1,,,,0,,,,,,,,,
2020-03-03 00:00:00,19:09:00,SEM VÍTIMA,JARDIM SÃO PAULO,AV SAO PAULO,,SUBURBIO,ABALROAMENTO LONGITUDINAL,COLISAO SEM VITIMAS,1,1,,,,,,,,0,,Bom,Não existente,Seca,Perfeito estado,Outras,,Dupla,Não existe
2020-03-03 00:00:00,19:46:00,SEM VÍTIMA,JARDIM SÃO PAULO,RUA PROFESSOR PEDRO AUGUSTO,,,COLISÃO,PICASSO X ARGO    OBS:: SUSPEITA DE EMBRIAGUEZ,2,,,,,,,,,0,,,,,,,,,
2020-03-03 00:00:00,20:16:00,SEM VÍTIMA,CAJUEIRO,RUA SENADOR NILO COELHO,,SUBURBIO,ABALROAMENTO TRANSVERSAL,COLISAO SEM VITIMAS,2,,,,,,,,,0,Longo da via,Bom,Perfeito estado,Seca,Perfeito estado,Não há placas,40 km/h,Dupla,Não existe
2020-03-04 00:00:00,06:44:00,SEM VÍTIMA,AFOGADOS,RUA SAO MIGUEL,392,CIDADE,COLISÃO TRASEIRA,COLISÃO SEM VITIMAS,2,,,,,,,,,0,Longo da via,Bom,Incompleta,Seca,Perfeito estado,Outras,,Dupla,Faixa contínua
2020-03-04 00:00:00,07:18:00,COM VÍTIMA,ENCRUZILHADA,EST DE BELEM,,SUBURBIO,ABALROAMENTO TRANSVERSAL,COLISÃO COM VITIMA A ESPERA DO BOMBEIROS,1,1,,,,,,,,2,Longo da via,Bom,Perfeito estado,Seca,Perfeito estado,Placas Pare,40 km/h,Dupla,Faixa seccionada
2020-03-04 00:00:00,07:35:00,COM VÍTIMA,ARRUDA,RUA ZEFERINO AGRA,,SUBURBIO,COLISÃO FRONTAL,COLISAO COM VITIMAS,1,1,,,,,,,,1,Longo da via,Bom,Perfeito estado,Seca,Perfeito estado,Outras,,Dupla,Faixa contínua
2020-03-04 00:00:00,07:42:00,SEM VÍTIMA,ESPINHEIRO,AV GOVERNADOR AGAMENON MAGALHAES,,CIDADE,ABALROAMENTO LONGITUDINAL,VEICULO OFICIAL FUNASE E AUTO,2,,,,,,,,,0,Longo da via,Bom,Não existente,Seca,Perfeito estado,Não há placas,,Única,Faixa seccionada
2020-03-04 00:00:00,07:43:00,COM VÍTIMA,CORDEIRO,RUA TIJUCAS,,,ABALROAMENTO TRANSVERSAL,COLISÃO COM VITIMA  GM JOÃO RICARDO QTH,1,1,,,,,,,,1,Cruzamento,Bom,Ilegível,Seca,Perfeito estado,Placas Pare,,Dupla,Não existe
2020-03-04 00:00:00,07:53:00,COM VÍTIMA,BOA VIAGEM,RUA RIBEIRO DE BRITO,,SUBURBIO,ABALROAMENTO LONGITUDINAL,COLISÃO COM VITIMA GM  ADELSON QTH,1,1,,,,,,,,1,Longo da via,Bom,Perfeito estado,Seca,Perfeito estado,Outras,,Única,Faixa seccionada
2020-03-04 00:00:00,08:02:00,SEM VÍTIMA,ESPINHEIRO,AV GOVERNADOR AGAMENON MAGALHAES,,CIDADE,ABALROAMENTO LONGITUDINAL,COLIsAO SEM VITIMAS (GM ANDERSON E ALBERTO NO QTH),2,,,,,,,,,0,Longo da via,Bom,Não existente,Seca,Perfeito estado,Outras,,Única,Faixa seccionada
2020-03-04 00:00:00,08:10:00,COM VÍTIMA,CAXANGÁ,AV CAXANGA,,,COLISÃO,COLISAO COM VITIMAS,1,1,,,,,,,,1,,,,,,,,,
2020-03-04 00:00:00,08:28:00,SEM VÍTIMA,ENCRUZILHADA,AV BEBERIBE,,CIDADE,COLISÃO TRASEIRA,COLISÃO S/VITIMAS ENTRE DOIS AUTOS,2,,,,,,,,,0,Longo da via,Bom,Perfeito estado,Seca,Perfeito estado,Outras,40 km/h,Dupla,Faixa contínua
2020-03-04 00:00:00,08:44:00,SEM VÍTIMA,IPUTINGA,RUA MAURICIO DE NASSAU,,SUBURBIO,COLISÃO TRASEIRA,COLIsAO SEM VITIMAS (GM ANDERSON E ALBERTO NO QTH),2,,,,,,,,,0,Longo da via,Bom,Perfeito estado,Seca,Perfeito estado,,40 km/h,Dupla,
2020-03-04 00:00:00,08:38:00,SEM VÍTIMA,CAMPO GRANDE,RUA ODORICO MENDES,,SUBURBIO,ABALROAMENTO TRANSVERSAL,COLISÃO S/VITIMAS ENTRE DOIS AUTOS,2,,,,,,,,,0,Cruzamento,Bom,Perfeito estado,Seca,Perfeito estado,Placas Pare,,Dupla,Faixa seccionada
2020-03-04 00:00:00,09:00:00,COM VÍTIMA,TORRE,RUA MARQUES DE MARICA,,SUBURBIO,ABALROAMENTO LONGITUDINAL,COLISÃO COM VITIMA A ESPERA DO SAMU,1,1,,,,,,,,1,Longo da via,Bom,Perfeito estado,Seca,Perfeito estado,Não há placas,,Dupla,Faixa seccionada
2020-03-04 00:00:00,09:10:00,COM VÍTIMA,CORDEIRO,EST DO FORTE DO ARRAIAL N. DO B. JESUS,,CIDADE,COLISÃO COM CICLISTA,MOTO E CICLISTA C/V,,1,,1,,,,,,2,Cruzamento,Bom,Perfeito estado,Seca,Perfeito estado,Placas Pare,,Dupla,Faixa contínua