data,hora,natureza,bairro,endereco,num_semaforo,sentido_via,tipo,auto,moto,ciclom,ciclista,pedestre,onibus,caminhao,viatura,outros,vitimas,vitimasfatais,acidente_verificado,tempo_clima,sinalizacao,condicao_via,conservacao_via,situacao_placa,velocidade_max_via,mao_direcao,divisao_via1
2020-03-04 00:00:00,09:18:00,SEM VÍTIMA,MADALENA,RUA BENFICA,257,CIDADE,ABALROAMENTO LONGITUDINAL,COLISÃO S/VITIMA ENTRE UMA AMBULÂNCIA (VEÍCULO OFICIAL) E UM AUTO (GM MARCILIO NO QTH),2,,,,,,,,,0,Longo da via,Bom,Perfeito estado,Seca,Perfeito estado,R-6a,60 km/h,Dupla,Faixa contínua
2020-03-04 00:00:00,09:33:00,SEM VÍTIMA,BOA VIAGEM,AV BOA VIAGEM,149,CIDADE,COLISÃO TRASEIRA,DOIS AUTOS,2,,,,,,,,,0,Longo da via,Bom,Perfeito estado,Seca,Perfeito estado,,60 km/h,Única,Faixa contínua
2020-03-04 00:00:00,09:35:00,SEM VÍTIMA,BOA VIAGEM,AV CONSELHEIRO AGUIAR,114,CIDADE,COLISÃO TRASEIRA,COLISAO SEM VITIMAS,2,,,,,,,,,0,Cruzamento,Bom,Perfeito estado,Seca,Perfeito estado,Não há placas,60 km/h,Única,
2020-03-04 00:00:00,09:40:00,SEM VÍTIMA,COHAB,AV ENGENHO SERRA VERDE,,CIDADE,ABALROAMENTO LONGITUDINAL,ONIBUS E AUTO,1,,,,,1,,,,0,Longo da via,Bom,Perfeito estado,Seca,Perfeito estado,R-6c,,Única,Faixa seccionada
2020-03-04 00:00:00,10:09:00,SEM VÍTIMA,,AV MARTINS DE BARROS,,SUBURBIO,ABALROAMENTO LONGITUDINAL,COLISÃO SEM VITIMAS GM PERONIMO  QTH,1,1,,,,,,,,0,Longo da via,Bom,Perfeito estado,Seca,Perfeito estado,Não há placas,40 km/h,Dupla,Faixa seccionada
2020-03-04 00:00:00,10:26:00,SEM VÍTIMA,IMBIRIBEIRA,AV MARECHAL MASCARENHAS DE MORAES,279,SUBURBIO,ABALROAMENTO LONGITUDINAL,COLISAO SEM VITIMAS,1,1,,,,,,,,0,Longo da via,Bom,Perfeito estado,Seca,Perfeito estado,Outras,,Dupla,Faixa contínua
2020-03-04 00:00:00,10:32:00,SEM VÍTIMA,SANTO AMARO,AV GOVERNADOR AGAMENON MAGALHAES,,,COLISÃO TRASEIRA,COLISÃO S/VITIMAS ENTRE DOIS AUTOS,2,,,,,,,,,0,Longo da via,Bom,Perfeito estado,Seca,Perfeito estado,Outras,60 km/h,Dupla,Canteiro central
2020-03-04 00:00:00,11:18:00,SEM VÍTIMA,SÃO JOSÉ,RUA DO PEIXOTO,,,COLISÃO,DOIS CAMINHÕES,,,,,,,2,,,0,,,,,,,,,
2020-03-04 00:00:00,11:19:00,SEM VÍTIMA,IBURA,RUA RIO BRIGIDA,,SUBURBIO,ABALROAMENTO LONGITUDINAL,COLISAO SEM VITIMAS,1,,,,,,1,,,0,Cruzamento,Bom,Perfeito estado,Seca,Perfeito estado,Placas Pare,30 km/h,Dupla,Faixa seccionada
2020-03-04 00:00:00,11:39:00,SEM VÍTIMA,BOA VISTA,RUA DO RIACHUELO,,,ABALROAMENTO LONGITUDINAL,COLISÃO SEM VITIMAS GM  DENILSON  QTH,1,,,,,1,,,,0,Longo da via,Bom,Perfeito estado,Seca,Perfeito estado,,30 km/h,Dupla,Canteiro central
2020-03-04 00:00:00,12:01:00,SEM VÍTIMA,SÃO JOSÉ,AV SUL,,CIDADE,CHOQUE VEÍCULO PARADO,COLISAO SEM VITIMAS,1,,,,,,,,1,0,Longo da via,Bom,Incompleta,Seca,Perfeito estado,Não há placas,,Dupla,Canteiro central
2020-03-04 00:00:00,12:38:00,SEM VÍTIMA,BOA VIAGEM,AV ENGENHEIRO DOMINGOS FERREIRA,129,SUBURBIO,COLISÃO TRASEIRA,COLISAO ENTRE UM AUTO E UM ONIBUS,1,,,,,1,,,,0,Longo da via,Bom,Perfeito estado,Seca,Perfeito estado,Outras,,Única,Faixa contínua
2020-03-04 00:00:00,13:36:00,SEM VÍTIMA,MADALENA,RUA REAL DA TORRE,237,,COLISÃO TRASEIRA,COLISAO S/ VITIMA ENTRE VAN ESCOLA E UM ONIBUS,,,,,,2,,,,0,Longo da via,Bom,Perfeito estado,Seca,Perfeito estado,R-6a,,Única,Faixa seccionada
2020-03-04 00:00:00,13:51:00,SEM VÍTIMA,ALTO JOSÉ BONIFÁCIO,RUA ALTO JOSE BONIFACIO,,SUBURBIO,ABALROAMENTO LONGITUDINAL,COLISAO ENTRE AUTO E MOTO S/V,1,1,,,,,,,,0,Longo da via,Bom,Perfeito estado,Seca,Perfeito estado,R-6a,,Dupla,Faixa seccionada
2020-03-04 00:00:00,13:53:00,SEM VÍTIMA,IBURA,RUA RIO DOURO,,SUBURBIO,ABALROAMENTO LONGITUDINAL,COLISAO ENTRE DOIS AUTOS S/V,2,,,,,,,,,0,Longo da via,Bom,Perfeito estado,Seca,Perfeito estado,Não há placas,,Dupla,Não existe
2020-03-04 00:00:00,15:42:00,SEM VÍTIMA,DERBY,RUA JENER DE SOUZA,,SUBURBIO,COLISÃO TRASEIRA,COLISÃO SEM VÍTIMA,2,,,,,,,,,0,Longo da via,Bom,Perfeito estado,Seca,Perfeito estado,Outras,,Dupla,Canteiro central
2020-03-04 00:00:00,15:59:00,SEM VÍTIMA,MADALENA,AV VISCONDE DE ALBUQUERQUE,,SUBURBIO,ABALROAMENTO LONGITUDINAL,COLISÃO SEM VÍTIMA,2,,,,,,,,,0,Longo da via,Bom,Perfeito estado,Seca,Perfeito estado,Outras,,Única,Faixa seccionada
2020-03-04 00:00:00,16:04:00,COM VÍTIMA,BOA VIAGEM,RUA CARLOS PEREIRA FALCAO,,,COLISÃO,COLISÃO COM VÍTIMA/ VÍTIMA ATENDIDA NO LOCAL PELO SAMU E NÃO FOI NECESSARIO LEVAR A VITIMA PARA O HOSPITAL,1,1,,,,,,,,1,,,,,,,,,
2020-03-04 00:00:00,16:08:00,SEM VÍTIMA,SANTO ANTÔNIO,AV N S DO CARMO,204,SUBURBIO,ABALROAMENTO LONGITUDINAL,COLISAO S/ VITIMA EM ONIBUS DA VERA CRUZ E VEICULO. RESERVA 02. GCM,1,,,,,1,,,,0,Longo da via,Bom,Perfeito estado,Seca,Perfeito estado,Não há placas,,Dupla,Faixa contínua
2020-03-04 00:00:00,16:54:00,SEM VÍTIMA,AFOGADOS,RUA DA PAZ,53,SUBURBIO,ABALROAMENTO LONGITUDINAL,COLISAO ENTRE DOIS AUTOS S/V,2,,,,,,,,,0,Longo da via,Bom,Perfeito estado,Seca,Perfeito estado,,,Única,Faixa contínua
2020-03-04 00:00:00,17:20:00,SEM VÍTIMA,MADALENA,AV JOSE GONCALVES DE MEDEIROS,,CIDADE,COLISÃO TRASEIRA,COLISAO S/ VITIMA ENTRE DOIS VEICULOS,2,,,,,,,,,0,Longo da via,Bom,Perfeito estado,Seca,Perfeito estado,Não há placas,60 km/h,Dupla,Faixa contínua
2020-03-04 00:00:00,17:29:00,SEM VÍTIMA,BOA VIAGEM,RUA ERNESTO DE PAULA SANTOS,330,CIDADE,COLISÃO TRASEIRA,COLISÃO SEM VÍTIMA,5,,,,,,,,,0,Longo da via,Bom,Perfeito estado,Seca,Perfeito estado,Não há placas,,Única,Faixa seccionada
2020-03-04 00:00:00,17:24:00,SEM VÍTIMA,IBURA,AV DOM HELDER CAMARA,,CIDADE,ABALROAMENTO LONGITUDINAL,COLISÃO SEM VÍTIMA,1,,,,,,1,,,0,,Bom,Perfeito estado,Seca,Perfeito estado,Não há placas,,Dupla,Canteiro central
2020-03-04 00:00:00,18:05:00,SEM VÍTIMA,DOIS IRMÃOS,RUA DOIS IRMAOS,,CIDADE,ABALROAMENTO LONGITUDINAL,FIAT DOBLO X PRISMA,2,,,,,,,,,0,Longo da via,Bom,Perfeito estado,Seca,Perfeito estado,Outras,,Dupla,Faixa contínua
2020-03-04 00:00:00,20:56:00,SEM VÍTIMA,IPUTINGA,AV CAXANGA,,SUBURBIO,COLISÃO TRASEIRA,COBALT X DOIS SIENA,3,,,,,,,,,0,Longo da via,Bom,Ilegível,Seca,Mal iluminada,Não há placas,,Dupla,Canteiro central
2020-03-04 00:00:00,21:27:00,COM VÍTIMA,BOA VIAGEM,AV ARMINDO MOURA,,SUBURBIO,ABALROAMENTO LONGITUDINAL,ENTRE AUTO E MOTO. C/V,1,1,,,,,,,,1,Longo da via,Bom,Perfeito estado,Seca,Perfeito estado,Placas Pare,,Dupla,Faixa contínua
2020-03-04 00:00:00,22:08:00,SEM VÍTIMA,,AV ENGENHEIRO ABDIAS DE CARVALHO,,SUBURBIO,COLISÃO TRASEIRA,DUSTER X POLO,2,,,,,,,,,0,Longo da via,Bom,Perfeito estado,Seca,Perfeito estado,Não há placas,,Dupla,Faixa seccionada
2020-03-04 00:00:00,22:20:00,SEM VÍTIMA,CASA AMARELA,RUA ARNOLDO MAGALHAES,,SUBURBIO,CHOQUE VEÍCULO PARADO,,1,,,,,,,,1,0,Longo da via,Bom,Ilegível,Seca,Mal conservada,Não há placas,20 km/h,Dupla,Não existe
2020-03-04 00:00:00,22:27:00,COM VÍTIMA,AFOGADOS,RUA SAO MIGUEL,,SUBURBIO,ABALROAMENTO LONGITUDINAL,AUTO X MOTO. C/V,1,1,,,,,,,,1,Cruzamento,Bom,Perfeito estado,Seca,Perfeito estado,,,Dupla,Faixa seccionada
2020-03-05 00:00:00,04:51:00,SEM VÍTIMA,BOA VIAGEM,RUA BRUNO VELOSO,,SUBURBIO,COLISÃO TRASEIRA,DUAS VT DO GTO,2,,,,,,,,,0,Longo da via,Bom,Perfeito estado,Seca,Perfeito estado,Outras,,Única,Faixa seccionada
2020-03-05 00:00:00,05:51:00,SEM VÍTIMA,IMBIRIBEIRA,RUA ARQUITETO LUIZ NUNES,,SUBURBIO,COLISÃO TRASEIRA,COLISÃO ENTRE DOIS AUTOS- S/V,2,,,,,,,,,0,,Bom,Incompleta,Seca,Perfeito estado,Outras,40 km/h,Única,Faixa seccionada
2020-03-05 00:00:00,06:09:00,SEM VÍTIMA,BOA VIAGEM,AV ENGENHEIRO DOMINGOS FERREIRA,,,COLISÃO,MOTO E CAMINHAO,,1,,,,,1,,,0,,,,,,,,,
2020-03-05 00:00:00,07:22:00,SEM VÍTIMA,IPUTINGA,RUA SAO MATEUS,,SUBURBIO,ABALROAMENTO LONGITUDINAL,COLISÃO SEM VITIMAS,1,1,,,,,,,,0,,Bom,Perfeito estado,Seca,Perfeito estado,Outras,,Dupla,Não existe
2020-03-05 00:00:00,07:44:00,SEM VÍTIMA,PINA,RUA MANOEL DE BRITO,659,CIDADE,COLISÃO TRASEIRA,DOIS AUTOS,2,,,,,,,,,0,Longo da via,Bom,Perfeito estado,Seca,Perfeito estado,Não há placas,60 km/h,Única,Faixa seccionada
2020-03-05 00:00:00,08:13:00,SEM VÍTIMA,IPSEP,,,CIDADE,COLISÃO TRASEIRA,COLISÃO SEM VITIMAS GM CONCEIÇÃO QTH,1,,,,,1,,,,0,Longo da via,Bom,Perfeito estado,Seca,Perfeito estado,,40 km/h,Única,Não existe
2020-03-05 00:00:00,08:22:00,SEM VÍTIMA,CORDEIRO,RUA SOUZA BANDEIRA,,SUBURBIO,ABALROAMENTO LONGITUDINAL,COLISÃO SEM VITIMAS,2,,,,,,,,,0,Longo da via,Bom,Perfeito estado,Seca,Perfeito estado,Outras,,Única,Faixa seccionada
2020-03-05 00:00:00,08:46:00,SEM VÍTIMA,AFOGADOS,RUA FRANCISCO SILVEIRA,,SUBURBIO,COLISÃO TRASEIRA,COLISAO S/ VITIMAS,1,,,,,,1,,,0,,Bom,Perfeito estado,Seca,Perfeito estado,Não há placas,,Dupla,Não existe
2020-03-05 00:00:00,09:14:00,COM VÍTIMA,BOA VISTA,RUA DR LEOPOLDO LINS,78,SUBURBIO,ATROPELAMENTO,MOTOCICLETA E PEDESTRE,,1,,,1,,,,,2,Cruzamento,Bom,Perfeito estado,Seca,Perfeito estado,Não há placas,60 km/h,Dupla,Faixa seccionada
2020-03-05 00:00:00,09:26:00,SEM VÍTIMA,ILHA DO RETIRO,PRC DA BANDEIRA,,,COLISÃO,COLISÃO SEM VITIMAS,2,,,,,,,,,0,,,,,,,,,
2020-03-05 00:00:00,09:56:00,SEM VÍTIMA,DERBY,RUA HENRIQUE DIAS,,CIDADE,ABALROAMENTO LONGITUDINAL,COLISÃO SEM VITIMAS,2,,,,,,,,,0,Longo da via,Bom,Perfeito estado,Seca,Perfeito estado,Não há placas,,Única,Não existe
2020-03-05 00:00:00,10:11:00,SEM VÍTIMA,MADALENA,RUA REAL DA TORRE,237,,ABALROAMENTO LONGITUDINAL,AUTO E CAMINHAO VT 03 SUB LUCIO NO QTH,1,,,,,,1,,,0,Longo da via,Bom,Perfeito estado,Seca,Perfeito estado,Placas Pare,50 km/h,Única,Faixa seccionada
2020-03-05 00:00:00,10:30:00,SEM VÍTIMA,IMBIRIBEIRA,RUA ITALIA,,,ABALROAMENTO LONGITUDINAL,DOIS AUTOS,2,,,,,,,,,0,Longo da via,Bom,Incompleta,Seca,Perfeito estado,Não há placas,30 km/h,Dupla,Não existe
2020-03-05 00:00:00,10:44:00,COM VÍTIMA,DERBY,AV GOVERNADOR AGAMENON MAGALHAES,,SUBURBIO,ABALROAMENTO LONGITUDINAL,MOTO E AUTO C/V,1,1,,,,,,,,1,Longo da via,Bom,Perfeito estado,Seca,Perfeito estado,Outras,,Dupla,Canteiro central
2020-03-05 00:00:00,11:35:00,COM VÍTIMA,ILHA JOANA BEZERRA,AV DES GUERRA BARRETO,,CIDADE,ATROPELAMENTO,DOIS AUTOS E PEDESTRE,2,,,,1,,,,,1,Longo da via,Bom,Perfeito estado,Seca,Perfeito estado,Não há placas,,Dupla,Faixa contínua
2020-03-05 00:00:00,11:52:00,COM VÍTIMA,IPUTINGA,AV CAXANGA,230,SUBURBIO,COLISÃO TRASEIRA,DUAS MOTOS E UM AUTO PASSEIO / GM ALMEIDA VELOSO P.O CAXANGA,1,2,,,,,,,,3,Longo da via,Bom,Perfeito estado,Seca,Perfeito estado,Não há placas,,Dupla,Canteiro central
2020-03-05 00:00:00,12:17:00,SEM VÍTIMA,BOA VIAGEM,AV BOA VIAGEM,,,COLISÃO,COLISAO ENTRE E AUTOS S MOTO S/V,1,1,,,,,,,,0,,,,,,,,,
2020-03-05 00:00:00,12:36:00,SEM VÍTIMA,BARRO,RUA ARACAGI,,SUBURBIO,CHOQUE OBJETO FIXO,VEÍCULO CHOCOU-SE COM MURO DE RESIDENCIA/ SEM VÍTIMA,1,,,,,,,,,0,Longo da via,Bom,Não existente,Seca,Perfeito estado,Não há placas,,Dupla,Não existe
2020-03-05 00:00:00,13:20:00,COM VÍTIMA,AREIAS,AV CAPITAO GREGORIO DE CALDAS,,SUBURBIO,ABALROAMENTO TRANSVERSAL,COLISAO ENTRE AUTO E MOTO S/V,1,1,,,,,,,,1,Longo da via,Bom,Perfeito estado,Seca,Perfeito estado,Não há placas,,Dupla,Canteiro central
2020-03-05 00:00:00,13:46:00,SEM VÍTIMA,MADALENA,AV JOSE GONCALVES DE MEDEIROS,,,COLISÃO,COLISAO S/ VITIMA ENTRE MOTO E VEICULO,1,1,,,,,,,,0,,,,,,,,,
2020-03-05 00:00:00,14:12:00,SEM VÍTIMA,CASA FORTE,RUA LEONARDO BEZERRA CAVALCANTE,,,COLISÃO TRASEIRA,COLISÃO SEM VÍTIMA,2,,,,,,,,,0,Longo da via,Bom,Perfeito estado,Seca,Perfeito estado,Não há placas,,Dupla,Faixa contínua
2020-03-05 00:00:00,14:27:00,COM VÍTIMA,ENCRUZILHADA,RUA AMARO COUTINHO,,SUBURBIO,ABALROAMENTO TRANSVERSAL,COLISÃO COM VÍTIMA,1,1,,,,,,,,1,Cruzamento,Bom,Incompleta,Seca,Perfeito estado,Não há placas,30 km/h,Dupla,Não existe
2020-03-05 00:00:00,14:51:00,SEM VÍTIMA,BOA VISTA,AV CONDE DA BOA VISTA,,CIDADE,ABALROAMENTO LONGITUDINAL,COLISAO ENTRE ONIBUS E AUTOS S/V,1,,,,,1,,,,0,Longo da via,Bom,Perfeito estado,Seca,,R-6a,40 km/h,Dupla,Faixa contínua
2020-03-05 00:00:00,15:09:00,SEM VÍTIMA,PAISSANDU,RUA VIS DO LIVRAMENTO,,CIDADE,ABALROAMENTO LONGITUDINAL,,2,,,,,,,,,0,Longo da via,Bom,Perfeito estado,Seca,Perfeito estado,Outras,,Dupla,Não existe
2020-03-05 00:00:00,15:20:00,COM VÍTIMA,BOA VISTA,RUA DO HOSPICIO,,,COLISÃO,COLISÃO COM VÍTIMA,1,1,,,,,,,,1,,,,,,,,,
2020-03-05 00:00:00,15:28:00,SEM VÍTIMA,BOA VISTA,RUA DO HOSPICIO,31,CIDADE,ABALROAMENTO LONGITUDINAL,COLISÃO COM VÍTIMA,1,1,,,,,,,,0,Longo da via,Bom,Perfeito estado,Seca,Perfeito estado,Outras,,Dupla,Faixa contínua
2020-03-05 00:00:00,15:45:00,SEM VÍTIMA,IMBIRIBEIRA,AV MARECHAL MASCARENHAS DE MORAES,161,SUBURBIO,ABALROAMENTO LONGITUDINAL,,2,,,,,,,,,0,Longo da via,Bom,Perfeito estado,Seca,Perfeito estado,Outras,60 km/h,Dupla,Faixa contínua
2020-03-05 00:00:00,15:57:00,SEM VÍTIMA,ENCRUZILHADA,RUA CASTRO ALVES,,SUBURBIO,COLISÃO TRASEIRA,COLISAO ENTRE ONIBUS E AUTOS S/V,1,,,,,1,,,,0,Longo da via,Bom,Perfeito estado,Seca,Perfeito estado,R-6a,,Única,Faixa seccionada
2020-03-05 00:00:00,16:46:00,SEM VÍTIMA,BAIRRO DO RECIFE,CAIS DA ALFANDEGA,165,SUBURBIO,COLISÃO TRASEIRA,COLISAO ENTRE ONIBUS E AUTOS S/V,1,,,,,1,,,,0,Cruzamento,Bom,Perfeito estado,Seca,Perfeito estado,Outras,,Única,Faixa seccionada
2020-03-05 00:00:00,17:08:00,SEM VÍTIMA,JOANA BEZERRA,PTE JOSE DE BARROS LIMA,,SUBURBIO,COLISÃO TRASEIRA,COLISAO ENTRE DOIS AUTOS SEM VITIMA,2,,,,,,,,,0,Ponte,Bom,Perfeito estado,Seca,Perfeito estado,Não há placas,,Dupla,Faixa contínua
2020-03-05 00:00:00,17:29:00,SEM VÍTIMA,JARDIM SÃO PAULO,AV RECIFE,,SUBURBIO,ABALROAMENTO LONGITUDINAL,COLISAO S/ VITIMA ENTRE UM ONIBUS E UM VEICULO,1,,,,,1,,,,0,Longo da via,Bom,Perfeito estado,Seca,,Não há placas,,Dupla,Faixa seccionada
2020-03-05 00:00:00,18:21:00,SEM VÍTIMA,CASA FORTE,AV DEZESSETE DE AGOSTO,,,COLISÃO,MOB X ONIX,2,,,,,,,,,0,,,,,,,,,
2020-03-05 00:00:00,19:26:00,COM VÍTIMA,DOIS IRMÃOS,RUA DOIS IRMAOS,,SUBURBIO,ABALROAMENTO LONGITUDINAL,ENTRE AUTO E MOTO. C/V,1,1,,,,,,,,1,Cruzamento,Bom,Perfeito estado,Seca,Perfeito estado,Não há placas,,Dupla,Faixa contínua
2020-03-05 00:00:00,20:18:00,SEM VÍTIMA,PASSARINHO,EST DE PASSARINHO,,SUBURBIO,COLISÃO TRASEIRA,ENTRE 3 AUTOS. S/V,3,,,,,,,,,0,Longo da via,Bom,Perfeito estado,Seca,Perfeito estado,,,Dupla,Faixa contínua
2020-03-05 00:00:00,20:42:00,SEM VÍTIMA,CAMPO GRANDE,RUA VOLUNTARIOS DA PATRIA,,CIDADE,ABALROAMENTO TRANSVERSAL,HONDA CIT X HB 20,2,,,,,,,,,0,Cruzamento,Bom,Perfeito estado,Seca,Perfeito estado,Placas Pare,,Única,Não existe
2020-03-05 00:00:00,22:44:00,COM VÍTIMA,CASA AMARELA,EST DO ARRAIAL,,SUBURBIO,ABALROAMENTO LONGITUDINAL,HB 20 X MOTO,1,1,,,,,,,,2,Cruzamento,Bom,Perfeito estado,Seca,Perfeito estado,Não há placas,,Única,Faixa contínua
2020-03-06 00:00:00,02:02:00,SEM VÍTIMA,BOA VIAGEM,RUA RIBEIRO DE BRITO,,SUBURBIO,ABALROAMENTO LONGITUDINAL,COLISÃO ENTRE DOIS AUTOS S/V- APÓS O IMPACTO DA COLISÃO UM DOS AUTOS CHOCOU-SE EM UM POSTE,2,,,,,,,,,0,Cruzamento,Bom,Perfeito estado,Seca,Perfeito estado,Outras,,Única,Faixa seccionada
2020-03-06 00:00:00,05:18:00,SEM VÍTIMA,BOA VIAGEM,RUA FELICIANO JOSE DE FARIAS,,,COLISÃO,COLISÃO ENTRE DOIS AUTOS- S/V,2,,,,,,,,,0,,,,,,,,,
2020-03-06 00:00:00,08:47:00,SEM VÍTIMA,BOA VISTA,RUA DOM BOSCO,28,SUBURBIO,ABALROAMENTO LONGITUDINAL,DOIS AUTOS,2,,,,,,,,,0,Longo da via,Bom,Perfeito estado,Seca,Perfeito estado,Outras,,Dupla,Faixa contínua
2020-03-06 00:00:00,08:53:00,COM VÍTIMA,ARRUDA,AV BEBERIBE,,CIDADE,ABALROAMENTO TRANSVERSAL,COLISAO COM VITIMAS,1,1,,,,,,,,1,Longo da via,Bom,Perfeito estado,Seca,Perfeito estado,Outras,,Dupla,Faixa seccionada
2020-03-06 00:00:00,10:46:00,SEM VÍTIMA,,RUA ANTONIO CURADO,,,ABALROAMENTO TRANSVERSAL,COLISAO SEM VITIMAS,2,,,,,,,,,0,Cruzamento,Bom,Perfeito estado,Seca,Perfeito estado,Outras,,Dupla,
2020-03-06 00:00:00,10:47:00,SEM VÍTIMA,IBURA,RUA EXP FRANCISCO VITORIANO,,,COLISÃO,COLISÃO S/VITIMAS ENTRE DOIS AUTOS,2,,,,,,,,,0,,,,,,,,,
2020-03-06 00:00:00,11:48:00,SEM VÍTIMA,GUABIRABA,RUA SENHOR DO BONFIM,,,COLISÃO,COLISAO S/ VITIMA ENTRE VEICULO CAMINHAO,1,,,,,,1,,,0,,,,,,,,,
2020-03-06 00:00:00,13:41:00,SEM VÍTIMA,JARDIM SÃO PAULO,RUA DR GUSTAVO PINTO,,,COLISÃO,COLISAO S/ VITIMA ENTRE CARRO E MOTO,1,1,,,,,,,,0,,,,,,,,,
2020-03-06 00:00:00,14:46:00,SEM VÍTIMA,BOA VIAGEM,AV MARECHAL JUAREZ TAVORA,437,,ABALROAMENTO LONGITUDINAL,COLISAO ENTRE AUTO E MOTO S/V,1,1,,,,,,,,0,Cruzamento,Bom,Perfeito estado,Seca,Perfeito estado,R-4b,,Única,Faixa seccionada
2020-03-06 00:00:00,15:17:00,SEM VÍTIMA,IBURA,AV RIO LARGO,512,SUBURBIO,ABALROAMENTO LONGITUDINAL,COLISÃO SEM VÍTIMA,1,,,,,1,,,,0,,Bom,Perfeito estado,Seca,Perfeito estado,,,Dupla,Não existe
2020-03-06 00:00:00,16:11:00,SEM VÍTIMA,CAXANGÁ,RUA RIBEIRO PESSOA,,,COLISÃO,COLISÃO SEM VÍTIMA,2,,,,,,,,,0,,,,,,,,,
2020-03-06 00:00:00,17:37:00,SEM VÍTIMA,CORDEIRO,AV ENGENHEIRO ABDIAS DE CARVALHO,58,SUBURBIO,COLISÃO TRASEIRA,COLISÃO SEM VÍTIMA,2,,,,,,,,,0,Longo da via,Bom,Perfeito estado,Seca,Perfeito estado,,,Dupla,Canteiro central
2020-03-06 00:00:00,18:09:00,SEM VÍTIMA,POÇO DA PANELA,RUA LUIZ GUIMARAES,,CIDADE,ABALROAMENTO LONGITUDINAL,ENTRE 2 AUTOS. S/V,2,,,,,,,,,0,Longo da via,Bom,Incompleta,Seca,Mal iluminada,Não há placas,,Dupla,Não existe
2020-03-06 00:00:00,19:08:00,SEM VÍTIMA,TAMARINEIRA,RUA GUIMARAES PEIXOTO,,SUBURBIO,CHOQUE VEÍCULO PARADO,VEICULO TRANSITANDO EM CONTRA-MAO COLIDIU COM 4 VEICULOS  OBS:: SUSPEITA DE EMBRIAGUEZ,4,,,,,,,,,0,Longo da via,Bom,Incompleta,Seca,Perfeito estado,Outras,20 km/h,Única,
2020-03-06 00:00:00,19:23:00,COM VÍTIMA,PARNAMIRIM,RUA DES GOIS CAVALCANTE,,SUBURBIO,ABALROAMENTO LONGITUDINAL,ENTRE AUTO E MOTO. C/V,1,1,,,,,,,,2,Esquina,Bom,Ilegível,Seca,Mal iluminada,Não há placas,,Única,Faixa seccionada
2020-03-06 00:00:00,20:22:00,SEM VÍTIMA,IPUTINGA,EST DO BARBALHO,,SUBURBIO,ABALROAMENTO LONGITUDINAL,ENTRE AUTO E MOTO. S/V,1,1,,,,,,,,0,,Bom,Ilegível,Seca,Mal iluminada,Não há placas,,Dupla,Não existe
2020-03-06 00:00:00,23:27:00,SEM VÍTIMA,DOIS UNIDOS,AV HILDEBRANDO DE VASCONCELOS,,SUBURBIO,COLISÃO TRASEIRA,ENTRE 2 AUTOS. S/V,2,,,,,,,,,0,Longo da via,Bom,,Seca,Perfeito estado,Não há placas,,Dupla,Não existe
2020-03-07 00:00:00,03:41:00,COM VÍTIMA,ÁGUA FRIA,RUA DA REGENERACAO,,,ABALROAMENTO LONGITUDINAL,COLISÃO ENTRE AUTO E MOTO C/V,1,1,,,,,,,,1,Cruzamento,Bom,Não existente,Seca,Perfeito estado,Não há placas,30 km/h,Dupla,Não existe
2020-03-07 00:00:00,06:58:00,SEM VÍTIMA,MACAXEIRA,AV NORTE,,SUBURBIO,CHOQUE OBJETO FIXO,VEICULO CHOCOU-SE COM O CANTEIRO CENTRAL,1,,,,,,,,,0,Longo da via,Bom,Perfeito estado,Seca,Perfeito estado,R-6a,,Única,Canteiro central
2020-03-07 00:00:00,07:16:00,SEM VÍTIMA,PINA,AV ENGENHEIRO DOMINGOS FERREIRA,,SUBURBIO,COLISÃO TRASEIRA,COLISAO SEM VITIMAS,1,1,,,,,,,,0,Longo da via,Bom,Perfeito estado,Seca,Perfeito estado,R-6a,60 km/h,Única,Faixa contínua
2020-03-07 00:00:00,07:41:00,SEM VÍTIMA,IPUTINGA,AV CAXANGA,,SUBURBIO,COLISÃO TRASEIRA,DOIS AUTOS,2,,,,,,,,,0,Longo da via,Bom,Perfeito estado,Seca,Perfeito estado,Não há placas,40 km/h,Única,Faixa seccionada
2020-03-07 00:00:00,07:44:00,SEM VÍTIMA,MACAXEIRA,AV NORTE,,,CHOQUE OBJETO FIXO,SEM VITIMAS GM FATIMA NO QTH,1,,,,,,,,,0,,,,,,,,,