data,hora,natureza,bairro,endereco,num_semaforo,sentido_via,tipo,auto,moto,ciclom,ciclista,pedestre,onibus,caminhao,viatura,outros,vitimas,vitimasfatais,acidente_verificado,tempo_clima,sinalizacao,condicao_via,conservacao_via,situacao_placa,velocidade_max_via,mao_direcao,divisao_via1
2020-03-07 00:00:00,09:09:00,SEM VÍTIMA,BOA VIAGEM,AV CONSELHEIRO AGUIAR,,CIDADE,ABALROAMENTO LONGITUDINAL,DOIS AUTOS,2,,,,,,,,,0,Longo da via,Bom,Perfeito estado,Seca,Perfeito estado,Não há placas,,Única,Faixa seccionada
2020-03-07 00:00:00,10:38:00,COM VÍTIMA,VÁRZEA,RUA VALE DO SIRIJI,,SUBURBIO,COLISÃO FRONTAL,MOTO E AUTO,1,,1,,,,,,,1,Longo da via,Bom,Não existente,Seca,Perfeito estado,Não há placas,,Dupla,Não existe
2020-03-07 00:00:00,10:43:00,SEM VÍTIMA,SÍTIO DOS PINTOS,EST DOS PINTOS,,CIDADE,ABALROAMENTO LONGITUDINAL,,1,,,,,1,,,,0,Longo da via,Bom,Não existente,Seca,Perfeito estado,Não há placas,,Dupla,Não existe
2020-03-07 00:00:00,11:11:00,SEM VÍTIMA,IMBIRIBEIRA,AV MARECHAL MASCARENHAS DE MORAES,,CIDADE,COLISÃO TRASEIRA,VEÍCULO PEGA FOGO E BOMBEIROS NO LOCAL,1,,,,,1,,,,0,Longo da via,Bom,Perfeito estado,Seca,Perfeito estado,Não há placas,60 km/h,Única,Faixa seccionada
2020-03-07 00:00:00,11:32:00,SEM VÍTIMA,ARRUDA,AV BEBERIBE,,SUBURBIO,COLISÃO TRASEIRA,ONIBUS E AUTO,1,,,,,1,,,,0,Longo da via,Bom,Perfeito estado,Seca,Perfeito estado,Não há placas,,Dupla,Faixa contínua
2020-03-07 00:00:00,11:34:00,SEM VÍTIMA,IBURA,RUA PINTOR AGENOR DE ALBUQUERQUE CESAR,,,COLISÃO FRONTAL,COLISÃO SEM VITIMAS,2,,,,,,,,,0,Longo da via,Bom,Perfeito estado,Seca,Perfeito estado,R-6a,30 km/h,Dupla,Faixa seccionada
2020-03-07 00:00:00,11:52:00,COM VÍTIMA,BOA VIAGEM,AV ENGENHEIRO DOMINGOS FERREIRA,,SUBURBIO,COLISÃO TRASEIRA,MOTO E AUTO,1,1,,,,,,,,1,Longo da via,Bom,Perfeito estado,Seca,Perfeito estado,Não há placas,60 km/h,Única,Faixa seccionada
2020-03-07 00:00:00,12:08:00,SEM VÍTIMA,ENCRUZILHADA,AV JOAO DE BARROS,42,CIDADE,COLISÃO TRASEIRA,,2,,,,,,,,,0,Longo da via,Bom,Perfeito estado,Seca,Perfeito estado,R-6a,,Única,Faixa contínua
2020-03-07 00:00:00,13:58:00,SEM VÍTIMA,BOA VIAGEM,AV ENGENHEIRO DOMINGOS FERREIRA,380,SUBURBIO,COLISÃO TRASEIRA,COLISÃO S/VITIMAS ENTRE DOIS AUTOS (V.T 26 NO QTH),2,,,,,,,,,0,Cruzamento,Bom,Perfeito estado,Seca,Perfeito estado,Não há placas,60 km/h,Única,Faixa seccionada
2020-03-07 00:00:00,14:36:00,SEM VÍTIMA,SANTO ANTÔNIO,AV DANTAS BARRETO,284,,ABALROAMENTO LONGITUDINAL,COLISAO ENTRE ONIBUS E AUTOS S/V,1,,,,,1,,,,0,Cruzamento,Bom,Perfeito estado,Seca,Perfeito estado,R-6a,,Única,
2020-03-07 00:00:00,15:23:00,SEM VÍTIMA,ILHA DO RETIRO,EST DOS REMEDIOS,,SUBURBIO,ABALROAMENTO LONGITUDINAL,COLISÃO S/VITIMAS ENTRE DOIS AUTOS,2,,,,,,,,,0,Longo da via,Bom,Perfeito estado,Seca,Perfeito estado,,40 km/h,Dupla,Faixa contínua
2020-03-07 00:00:00,16:04:00,SEM VÍTIMA,CORDEIRO,AV CAXANGA,,SUBURBIO,COLISÃO TRASEIRA,COLISAO ENTRE DOIS AUTOS S/V,2,,,,,,,,,0,Longo da via,Bom,Incompleta,Seca,Mal conservada,R-6a,,Dupla,Faixa contínua
2020-03-07 00:00:00,16:05:00,COM VÍTIMA,CASA AMARELA,EST DAS UBAIAS-,,,ATROPELAMENTO,MOTORISTA EVADIU-SE DO LOCAL PARA A RUA ESTRADA DO ENCANAENTO Nº1638 / EDF. SIRIGI / CASA AMARELA,,,,,1,,,,,1,,,,,,,,,
2020-03-07 00:00:00,16:15:00,SEM VÍTIMA,ILHA JOANA BEZERRA,AV ADVOGADO JOSE PAULO CAVALCANTI,38,,COLISÃO TRASEIRA,COLISAO ENTRE DOIS AUTOS S/V,2,,,,,,,,,0,Cruzamento,Bom,Incompleta,Seca,Perfeito estado,R-6a,,Dupla,Faixa contínua
2020-03-07 00:00:00,16:49:00,COM VÍTIMA,CASA FORTE,AV DEZESSETE DE AGOSTO,,CIDADE,ABALROAMENTO LONGITUDINAL,COLISAO COM VITIMA ENTRE VEICULO E MOTO. VT 29 GCM: PAULO VANDERLEI E LEONARDO MESEIS,1,1,,,,,,,,1,Longo da via,Bom,Perfeito estado,Seca,Perfeito estado,R-6a,,Dupla,Faixa
2020-03-07 00:00:00,16:50:00,SEM VÍTIMA,ÁGUA FRIA,RUA DA REGENERACAO,,,ABALROAMENTO LONGITUDINAL,COLISÃO S/VITIMAS ENTRE UM AUTO E CAMINHÃO,1,,,,,,,,2,0,Longo da via,Bom,,Seca,Perfeito estado,Não há placas,,Dupla,Não existe
2020-03-07 00:00:00,16:57:00,SEM VÍTIMA,BOA VIAGEM,AV BOA VIAGEM,483,,COLISÃO TRASEIRA,COLISAO S/ VITIMA ENTRE DOIS VEICULOS. VT 07 BARRETO- ALDILON E GERLANE. NO LOCAL,2,,,,,,,,,0,Longo da via,Bom,Perfeito estado,Seca,Perfeito estado,Não há placas,,Única,Faixa seccionada
2020-03-07 00:00:00,17:12:00,SEM VÍTIMA,AFOGADOS,RUA SAO MIGUEL,,SUBURBIO,COLISÃO,VEÍCULO VW/ GOL COM AVARIAS SEM CONDIÇÕES DE REMOÇÃO- CONDUTOR AUSENTE,1,,,,,,,,,0,,,,,,,,,
2020-03-07 00:00:00,18:31:00,SEM VÍTIMA,MADALENA,EST DOS REMEDIOS,51,,ABALROAMENTO TRANSVERSAL,COLISAO SEM VITIMAS,1,,,,,1,,,,0,Cruzamento,Bom,Perfeito estado,Seca,Perfeito estado,R-25d,,Única,Faixa contínua
2020-03-07 00:00:00,19:16:00,SEM VÍTIMA,ESTÂNCIA,AV RECIFE,,,COLISÃO,ENTRE 2 AUTOS. S/V,2,,,,,,,,,0,,,,,,,,,
2020-03-07 00:00:00,20:14:00,SEM VÍTIMA,BOA VIAGEM,AV CONSELHEIRO AGUIAR,240,CIDADE,ABALROAMENTO LONGITUDINAL,COLISAO SEM VITIMAS,1,1,,,,,,,,0,Longo da via,Bom,Perfeito estado,Seca,Perfeito estado,R-6a,60 km/h,Única,Faixa contínua
2020-03-07 00:00:00,22:14:00,SEM VÍTIMA,AFOGADOS,LARGO DA PAZ,,,COLISÃO,ENTRE 2 AUTOS. S/V,2,,,,,,,,,0,,,,,,,,,
2020-03-08 00:00:00,00:17:00,SEM VÍTIMA,IPSEP,AV RECIFE,,CIDADE,CHOQUE OBJETO FIXO,VEÍCULO CHOCOU-SE CONTRA UM POSTE.,1,,,,,,,,,0,Longo da via,Bom,Perfeito estado,Seca,Perfeito estado,Não há placas,60 km/h,Dupla,Faixa seccionada
2020-03-08 00:00:00,00:28:00,SEM VÍTIMA,JARDIM SÃO PAULO,RUA NOSSA SENHORA DE FATIMA,,CIDADE,COLISÃO TRASEIRA,COLISÃO ENTRE DOIS AUTOS- S/V,2,,,,,,,,,0,Longo da via,Bom,Não existente,Seca,Perfeito estado,Não há placas,,Única,Não existe
2020-03-08 00:00:00,00:53:00,SEM VÍTIMA,GRAÇAS,AV RUI BARBOSA,,CIDADE,CHOQUE OBJETO FIXO,VEÍCULO CHOCOU-SE CONTRA UM POSTE.,1,,,,,,,,,0,Longo da via,Bom,Perfeito estado,Seca,Perfeito estado,Não há placas,,Única,Não existe
2020-03-08 00:00:00,05:27:00,COM VÍTIMA,BOA VIAGEM,AV CONSELHEIRO AGUIAR,125,CIDADE,ABALROAMENTO TRANSVERSAL,COLISÃO ENTRE DOIS AUTOS C/V,2,,,,,,,,,1,Cruzamento,Bom,Perfeito estado,Seca,Perfeito estado,Não há placas,60 km/h,Única,Faixa seccionada
2020-03-08 00:00:00,08:50:00,SEM VÍTIMA,IMBIRIBEIRA,AV PRESIDENTE DUTRA,,SUBURBIO,ABALROAMENTO LONGITUDINAL,COLISÃO S/VITIMAS ENTRE UM ONIBUS E UM AUTO,1,,,,,1,,,,0,,Bom,Perfeito estado,Seca,Perfeito estado,,,Dupla,Faixa contínua
2020-03-08 00:00:00,09:01:00,COM VÍTIMA,CAXANGÁ,AV CAXANGA,262,CIDADE,COLISÃO TRASEIRA,COLISÃO COM VITIMA A ESPERA DO SAMU  CRISTIANO QTH,1,1,,,,,,,,1,Longo da via,Bom,Perfeito estado,Seca,Perfeito estado,,,Dupla,Faixa contínua
2020-03-08 00:00:00,10:53:00,SEM VÍTIMA,CAMPO GRANDE,RUA JERONIMO VILELA,565,SUBURBIO,ABALROAMENTO TRANSVERSAL,COLISÃO SEM VITIMAS,2,,,,,,,,,0,Cruzamento,Bom,Perfeito estado,Seca,,,,Dupla,Faixa contínua
2020-03-08 00:00:00,10:58:00,SEM VÍTIMA,BOA VIAGEM,RUA DOS NAVEGANTES,,,ABALROAMENTO TRANSVERSAL,COLISÃO S/VITIMAS ENTRE DOIS AUTOS,2,,,,,,,,,0,Cruzamento,Bom,Perfeito estado,Seca,Perfeito estado,R-4a,,Única,Não existe
2020-03-08 00:00:00,12:11:00,SEM VÍTIMA,CASA AMARELA,RUA PADRE LEMOS,,SUBURBIO,ABALROAMENTO TRANSVERSAL,COLISÃO SEM VÍTIMA,1,,,,,1,,,,0,Longo da via,Bom,Perfeito estado,Seca,Perfeito estado,Outras,40 km/h,Dupla,Faixa seccionada
2020-03-08 00:00:00,12:42:00,SEM VÍTIMA,BOA VIAGEM,RUA GENERAL EDSON AMANCIO RAMALHO,544,CIDADE,COLISÃO TRASEIRA,COLISÃO SEM VÍTIMA,3,,,,,,,,,0,Longo da via,Bom,Perfeito estado,Seca,Perfeito estado,R-6a,,Única,Faixa contínua
2020-03-08 00:00:00,13:04:00,COM VÍTIMA,MADALENA,RUA BENFICA,257,SUBURBIO,COLISÃO COM CICLISTA,COLISAO COM VITIMA ENTRE ONIBUS E BICICLETA,,,,1,,1,,,,1,Longo da via,Bom,Perfeito estado,Seca,Perfeito estado,R-26,40 km/h,Dupla,Faixa contínua
2020-03-08 00:00:00,13:18:00,SEM VÍTIMA,IPSEP,RUA JEAN EMILE FAVRE,,CIDADE,ABALROAMENTO TRANSVERSAL,COLISÃO SEM VÍTIMA,2,,,,,,,,,0,Cruzamento,Bom,Perfeito estado,,,Placas Pare,,Dupla,Faixa seccionada
2020-03-08 00:00:00,13:26:00,SEM VÍTIMA,ESTÂNCIA,AV RECIFE,,SUBURBIO,ABALROAMENTO LONGITUDINAL,COLISAO S/ VITIMA ENTRE DOIS VEICULOS,2,,,,,,,,,0,Longo da via,Bom,,Seca,,R-6a,,Dupla,Canteiro central
2020-03-08 00:00:00,13:35:00,SEM VÍTIMA,PINA,RUA ARQUITETO AUGUSTO REINALDO,,,COLISÃO,COLISÃO SEM VÍTIMA,2,,,,,,,,,0,,,,,,,,,
2020-03-08 00:00:00,15:39:00,SEM VÍTIMA,BOA VISTA,AV LINS PETIT,,CIDADE,COLISÃO TRASEIRA,COLISAO S/ VITIMA ENTRE DOIS VEICULOS,2,,,,,,,,,0,Longo da via,Bom,Perfeito estado,Seca,Perfeito estado,Outras,,Única,Não existe
2020-03-08 00:00:00,16:39:00,SEM VÍTIMA,ENCRUZILHADA,AV JOAO DE BARROS,43,CIDADE,ABALROAMENTO TRANSVERSAL,COLISÃO SEM VÍTIMA,2,,,,,,,,,0,Cruzamento,Bom,Perfeito estado,Seca,Perfeito estado,Outras,,Dupla,Canteiro central
2020-03-08 00:00:00,17:00:00,SEM VÍTIMA,ÁGUA FRIA,RUA TAMBOARA,,,COLISÃO,COLISAO S/ VITIMA. ENTRE MOTO E VEICULO,1,1,,,,,,,,0,,,,,,,,,
2020-03-08 00:00:00,17:11:00,COM VÍTIMA,AFOGADOS,RUA SAO MIGUEL,,SUBURBIO,COLISÃO TRASEIRA,COLISAO COM VITIMA ENTRE MOTO E VEICULO,1,1,,,,,,,,1,Longo da via,Bom,,,,,50 km/h,Dupla,Faixa contínua
2020-03-08 00:00:00,18:19:00,SEM VÍTIMA,BOA VISTA,RUA JOAO FERNANDES VIEIRA,,,COLISÃO,COLISAO SEM VITIMAS,2,,,,,,,,,0,,,,,,,,,
2020-03-08 00:00:00,19:39:00,COM VÍTIMA,AREIAS,AV RECIFE,,BR 101,COLISÃO,COLISAO COM VITIMAS,,1,,,,1,,,,1,Longo da via,Bom,Perfeito estado,Seca,Perfeito estado,Não há placas,,Dupla,Canteiro central
2020-03-08 00:00:00,20:36:00,SEM VÍTIMA,VÁRZEA,RUA BARAO DE CERRO LARGO,,,COLISÃO,COLISAO SEM VITIMAS,1,,,,,1,,,,0,,,,,,,,,
2020-03-08 00:00:00,20:51:00,COM VÍTIMA,ÁGUA FRIA,EST VELHA DE AGUA FRIA,306,SUBURBIO,COLISÃO TRASEIRA,COLISAO COM VITIMAS,,2,,,,,,,,2,Cruzamento,Bom,Perfeito estado,Seca,Perfeito estado,,,Dupla,Canteiro central
2020-03-08 00:00:00,20:56:00,COM VÍTIMA,AREIAS,AV DR JOSE RUFINO,44,,ABALROAMENTO TRANSVERSAL,ONIX X UNO MILLE    OBS: VT DA CTTU N:10 ESTA NO LOCAL,2,,,,,,,,,2,Cruzamento,Bom,Perfeito estado,Seca,Perfeito estado,R-6a,40 km/h,Dupla,Faixa contínua
2020-03-08 00:00:00,21:24:00,COM VÍTIMA,IBURA,AV DOIS RIOS,323,SUBURBIO,CAPOTAMENTO,COLISÃO SEGUIDO DE CAPOTAMENTO,6,,,,,,,,,1,Longo da via,Bom,Perfeito estado,Seca,Perfeito estado,Outras,,Dupla,Faixa contínua
2020-03-08 00:00:00,22:45:00,SEM VÍTIMA,BOA VIAGEM,RUA BARAO DE SOUZA LEAO,129,,ABALROAMENTO TRANSVERSAL,COLISAO SEM VITIMAS,2,,,,,,,,,0,Cruzamento,Bom,Perfeito estado,Seca,Perfeito estado,,,Única,
2020-03-09 00:00:00,00:11:00,COM VÍTIMA,TORRÕES,AV ENGENHEIRO ABDIAS DE CARVALHO,,SUBURBIO,COLISÃO,COLISÃO ENTRE AUTO E MOTO C/V,,1,,,,,,,,2,,,,,,,,,
2020-03-09 00:00:00,02:11:00,SEM VÍTIMA,VASCO DA GAMA,RUA DOIS DE FEVEREIRO,,SUBURBIO,CHOQUE VEÍCULO PARADO,COLISÃO ENTRE AUTO E CAMINHONETE S/V,1,,,,,,1,,,0,Longo da via,Bom,Não existente,Seca,Perfeito estado,Não há placas,,Dupla,Não existe
2020-03-09 00:00:00,06:46:00,SEM VÍTIMA,ESPINHEIRO,RUA DO ESPINHEIRO,,SUBURBIO,ABALROAMENTO TRANSVERSAL,COLISÃO SEM VITIMAS,1,,,,,,,,,0,Longo da via,,Perfeito estado,Seca,Perfeito estado,R-6a,,Única,Faixa seccionada
2020-03-09 00:00:00,07:18:00,SEM VÍTIMA,CABANGA,RUA BITURI,,CIDADE,ABALROAMENTO TRANSVERSAL,COLISÃO SEM VITIMAS,1,1,,,,,,,,0,Cruzamento,Bom,Incompleta,Seca,Perfeito estado,,,Única,
2020-03-09 00:00:00,07:38:00,SEM VÍTIMA,IMBIRIBEIRA,AV MARECHAL MASCARENHAS DE MORAES,,CIDADE,COLISÃO,COLISÃO SEM VITIMAS,2,,,,,,,,,0,,,,,,,,,
2020-03-09 00:00:00,07:51:00,SEM VÍTIMA,CORDEIRO,AV GENERAL SAN MARTIN,,,COLISÃO,AUTO E MOTO,1,1,,,,,,,,0,,,,,,,,,
2020-03-09 00:00:00,07:56:00,SEM VÍTIMA,ILHA DO LEITE,AV GOVERNADOR AGAMENON MAGALHAES,672,CIDADE,ABALROAMENTO LONGITUDINAL,COLISÃO SEM VITIMAS  GM  BT ROCHA CRISPIM  QTH,1,,,,,1,,,,0,Longo da via,Bom,Perfeito estado,Seca,Perfeito estado,Outras,60 km/h,Única,Faixa seccionada
2020-03-09 00:00:00,08:09:00,SEM VÍTIMA,AREIAS,AV RECIFE,,SUBURBIO,COLISÃO TRASEIRA,TRES AUTOS,3,,,,,,,,,0,Longo da via,Bom,Perfeito estado,Seca,Perfeito estado,Não há placas,,Dupla,Faixa seccionada
2020-03-09 00:00:00,08:20:00,SEM VÍTIMA,ESPINHEIRO,RUA SANTO ELIAS,,,COLISÃO,,2,,,,,,,,,0,,,,,,,,,
2020-03-09 00:00:00,08:33:00,SEM VÍTIMA,VÁRZEA,AV AFONSO OLINDENSE,,,ABALROAMENTO LONGITUDINAL,VT 16 NO QTH / ONIBUS E AUTO PASSEIO,1,,,,,1,,,,0,Longo da via,Bom,Perfeito estado,Seca,Perfeito estado,Outras,30 km/h,Dupla,Faixa contínua
2020-03-09 00:00:00,08:35:00,SEM VÍTIMA,ESPINHEIRO,AV JOAO DE BARROS,656,SUBURBIO,ABALROAMENTO LONGITUDINAL,ONIBUS E AUTO,1,,,,,1,,,,0,Cruzamento,Bom,Perfeito estado,Seca,Perfeito estado,R-6a,,Única,Faixa seccionada
2020-03-09 00:00:00,09:15:00,SEM VÍTIMA,CORDEIRO,AV GENERAL SAN MARTIN,67,SUBURBIO,CHOQUE VEÍCULO PARADO,COLISÃO SEM VITIMAS,1,,1,,,,,,,0,Longo da via,Bom,Perfeito estado,Seca,Perfeito estado,R-6a,,Dupla,Faixa contínua
2020-03-09 00:00:00,10:05:00,SEM VÍTIMA,SANTO AMARO,RUA FREI CASSIMIRO,,SUBURBIO,ABALROAMENTO TRANSVERSAL,COLISÃO SEM VITIMAS,2,,,,,,,,,0,Cruzamento,Bom,Perfeito estado,Seca,Perfeito estado,Placas Pare,,Dupla,Canteiro central
2020-03-09 00:00:00,10:52:00,SEM VÍTIMA,PARNAMIRIM,RUA TITO ROSAS,,CIDADE,ABALROAMENTO LONGITUDINAL,COLISÃO S/VITIMAS ENTRE DOIS AUTOS E UMA MOTO,2,1,,,,,,,,0,Longo da via,Bom,Perfeito estado,Seca,Perfeito estado,,,Única,Faixa seccionada
2020-03-09 00:00:00,11:49:00,SEM VÍTIMA,,RUA PAISSANDU,,,ABALROAMENTO LONGITUDINAL,COLISÃO SEM VITIMAS,2,,,,,,,,,0,Longo da via,Bom,Perfeito estado,Seca,Perfeito estado,Não há placas,,Única,Não existe
2020-03-09 00:00:00,11:55:00,SEM VÍTIMA,ESPINHEIRO,RUA DO ESPINHEIRO,89,,ABALROAMENTO LONGITUDINAL,COLISÃO S/VITIMAS ENTRE E DOIS AUTOS,1,,,,,,,,,0,Longo da via,Bom,Perfeito estado,Seca,Perfeito estado,R-6a,,Única,Faixa contínua
2020-03-09 00:00:00,11:59:00,COM VÍTIMA,IPUTINGA,AV MAURICIO DE NASSAU,,CIDADE,ABALROAMENTO LONGITUDINAL,MOTO E VT DA PM,,1,,,,,,1,,2,Longo da via,Bom,Incompleta,Seca,Perfeito estado,Não há placas,,Dupla,Não existe
2020-03-09 00:00:00,12:11:00,SEM VÍTIMA,CAMPO GRANDE,RUA ODORICO MENDES,,SUBURBIO,COLISÃO TRASEIRA,COLISAO S/ VITIMA ENTRE ONIBUS E MOTO,,1,,,,1,,,,0,Longo da via,Bom,Perfeito estado,Seca,Perfeito estado,R-6a,,Dupla,Faixa contínua
2020-03-09 00:00:00,12:11:00,SEM VÍTIMA,BOA VISTA,AV MANOEL BORBA,,,COLISÃO,COLISAO ENTRE MOTO E AUTOS S/V,1,1,,,,,,,,0,,,,,,,,,
2020-03-09 00:00:00,13:15:00,SEM VÍTIMA,MADALENA,AV ENGENHEIRO ABDIAS DE CARVALHO,,SUBURBIO,COLISÃO TRASEIRA,ENGAVETAMENTO S/ VITIMA ENTRE TRES VEICULOS. GCM: FABIO MONTERO E WILITON,2,,,,,,,,1,0,Longo da via,Bom,Perfeito estado,Seca,Perfeito estado,,60 km/h,Dupla,Faixa seccionada
2020-03-09 00:00:00,13:20:00,SEM VÍTIMA,ENCRUZILHADA,AV BEBERIBE,,SUBURBIO,COLISÃO TRASEIRA,COLISAO ENTRE ONIBUS E AUTOS S/V,1,,,,,1,,,,0,Longo da via,Bom,Perfeito estado,Seca,Perfeito estado,Outras,,Dupla,Faixa contínua
2020-03-09 00:00:00,13:26:00,SEM VÍTIMA,DERBY,RUA PAISSANDU,69,CIDADE,ABALROAMENTO LONGITUDINAL,COLISÃO SEM VÍTIMA,2,,,,,,,,,0,Cruzamento,Bom,Perfeito estado,Seca,Perfeito estado,,,Dupla,Canteiro central
2020-03-09 00:00:00,13:45:00,SEM VÍTIMA,CASA AMARELA,RUA DA HARMONIA,,CIDADE,ABALROAMENTO LONGITUDINAL,COLISAO ENTRE ONIBUS E AUTOS S/V,1,,,,,1,,,,0,Longo da via,Bom,Perfeito estado,Seca,Perfeito estado,R-6a,,Dupla,Faixa seccionada
2020-03-09 00:00:00,13:52:00,SEM VÍTIMA,CASA AMARELA,AV NORTE,256,SUBURBIO/ CIDADE,COLISÃO,COLISAO S/ VITIMA ENTRE DOIS VEICULOS,2,,,,,,,,,0,,,,,,,,,
2020-03-09 00:00:00,13:59:00,SEM VÍTIMA,SANTO ANTÔNIO,RUA IMPERADOR PEDRO SEGUNDO,,,COLISÃO COM CICLISTA,VEICULO COLIDIU COM UM CICLISTA S/V,1,,,1,,,,,,0,,,,,,,,,
2020-03-09 00:00:00,14:43:00,SEM VÍTIMA,CAXANGÁ,AV CAXANGA,232,SUBURBIO,COLISÃO TRASEIRA,COLISAO ENTRE DOIS AUTOS S/V,2,,,,,,,,,0,Cruzamento,Bom,Perfeito estado,Seca,Perfeito estado,Outras,,Dupla,Canteiro central
2020-03-09 00:00:00,14:48:00,COM VÍTIMA,BOA VISTA,AV CONDE DA BOA VISTA,299,SUBURBIO,ATROPELAMENTO,ATROPELAMENTO COM VÍTIMA,1,,,,1,,,,,1,Longo da via,Bom,Perfeito estado,Seca,Perfeito estado,Outras,,Dupla,Canteiro central
2020-03-09 00:00:00,14:55:00,SEM VÍTIMA,ENCRUZILHADA,AV NORTE,43,SUBURBIO,ABALROAMENTO LONGITUDINAL,,2,,,,,,,,,0,Longo da via,Bom,Perfeito estado,Seca,Perfeito estado,R-6a,,Única,Faixa seccionada
2020-03-09 00:00:00,15:17:00,SEM VÍTIMA,PRADO,AV ENGENHEIRO ABDIAS DE CARVALHO,,SUBURBIO,COLISÃO TRASEIRA,COLISÃO SEM VÍTIMA,2,,,,,,,,,0,Longo da via,Bom,Perfeito estado,Seca,Perfeito estado,Não há placas,,Dupla,Canteiro central
2020-03-09 00:00:00,16:01:00,SEM VÍTIMA,AREIAS,AV DR JOSE RUFINO,,SUBURBIO,ABALROAMENTO TRANSVERSAL,COLISÃO SEM VÍTIMA,1,,,,,1,,,,0,Longo da via,Bom,Perfeito estado,Seca,Perfeito estado,Outras,60 km/h,Dupla,Faixa contínua
2020-03-09 00:00:00,16:05:00,SEM VÍTIMA,ZUMBI,RUA GOMES TABORDA,,SUBURBIO,ABALROAMENTO LONGITUDINAL,COLISAO S/ VITIMA. ENTRE CARRO E MOTO,1,1,,,,,,,,0,Longo da via,Bom,Perfeito estado,Seca,Perfeito estado,Não há placas,,Dupla,Faixa seccionada
2020-03-09 00:00:00,16:11:00,SEM VÍTIMA,PAISSANDU,RUA VIS DO LIVRAMENTO,,SUBURBIO,ABALROAMENTO LONGITUDINAL,COLISAO ENTRE DOIS AUTOS S/V,2,,,,,,,,,0,Longo da via,Bom,Perfeito estado,Seca,Perfeito estado,R-6a,,Única,Não existe
2020-03-09 00:00:00,16:13:00,SEM VÍTIMA,BOA VIAGEM,AV BOA VIAGEM,,CIDADE,ABALROAMENTO LONGITUDINAL,COLISÃO SEM VÍTIMA,2,1,,,,,,,,0,Longo da via,Bom,Perfeito estado,Seca,Perfeito estado,Não há placas,60 km/h,Única,Faixa seccionada
2020-03-09 00:00:00,16:22:00,SEM VÍTIMA,BOA VISTA,RUA PAISSANDU,,,COLISÃO,COLISAO S/ VITIMA ENTRE DOIS VEICULOS,2,,,,,,,,,0,,,,,,,,,
2020-03-09 00:00:00,16:48:00,SEM VÍTIMA,IBURA,RUA NOVA PALMEIRA,,SUBURBIO,COLISÃO TRASEIRA,COLISÃO SEM VÍTIMA,2,,,,,,,,,0,Longo da via,Bom,Não existente,Seca,Perfeito estado,Não há placas,60 km/h,Dupla,Não existe
2020-03-09 00:00:00,16:56:00,SEM VÍTIMA,BONGI,AV ENGENHEIRO ABDIAS DE CARVALHO,,,COLISÃO,COLISAO ENTRE DOIS AUTOS S/V,2,,,,,,,,,0,,,,,,,,,
2020-03-09 00:00:00,17:16:00,SEM VÍTIMA,GRAÇAS,RUA AMARO BEZERRA,71,SUBURBIO,ABALROAMENTO LONGITUDINAL,COLISÃO SEM VÍTIMA,1,,,,,1,,,,0,Cruzamento,Bom,Perfeito estado,Seca,Perfeito estado,R-4b,,Única,Não existe
2020-03-09 00:00:00,17:16:00,SEM VÍTIMA,IPSEP,AV RECIFE,319,,COLISÃO TRASEIRA,COLISAO S/ VITIMA ENTRE DOIS VEICULOS,2,,,,,,,,,0,Longo da via,Bom,Perfeito estado,Seca,Perfeito estado,Outras,60 km/h,Dupla,Faixa contínua
2020-03-09 00:00:00,18:12:00,SEM VÍTIMA,IMBIRIBEIRA,AV MARECHAL MASCARENHAS DE MORAES,,SUBURBIO,COLISÃO TRASEIRA,PRISMA X VOYAGE,2,,,,,,,,,0,Longo da via,Bom,Perfeito estado,Seca,Perfeito estado,Não há placas,40 km/h,Única,Faixa seccionada
2020-03-09 00:00:00,18:28:00,SEM VÍTIMA,CAMPO GRANDE,EST DE BELEM,,CIDADE,ABALROAMENTO LONGITUDINAL,CAMINHAO X GRAND SIENA,1,,,,,,1,,,0,Longo da via,Bom,Perfeito estado,Seca,Perfeito estado,Não há placas,,Dupla,Faixa seccionada
2020-03-09 00:00:00,18:33:00,SEM VÍTIMA,,RUA MADRE DEUS,477,SUBURBIO,ABALROAMENTO LONGITUDINAL,TAXI E CAMINHAO,1,,,,,,1,,,0,Cruzamento,Bom,Perfeito estado,Seca,Perfeito estado,Não há placas,,Única,Faixa contínua
2020-03-09 00:00:00,18:35:00,COM VÍTIMA,IPSEP,RUA JEAN EMILE FAVRE,,CIDADE,ABALROAMENTO LONGITUDINAL,COLISAO COM VITIMAS,1,1,,,,,,,,1,Longo da via,Bom,Perfeito estado,Seca,Perfeito estado,Outras,,Dupla,Faixa contínua