data,hora,natureza,bairro,endereco,num_semaforo,sentido_via,tipo,auto,moto,ciclom,ciclista,pedestre,onibus,caminhao,viatura,outros,vitimas,vitimasfatais,acidente_verificado,tempo_clima,sinalizacao,condicao_via,conservacao_via,situacao_placa,velocidade_max_via,mao_direcao,divisao_via1
2020-03-12 00:00:00,08:47:00,SEM VÍTIMA,ENCRUZILHADA,AV JOAO DE BARROS,,CIDADE,ABALROAMENTO LONGITUDINAL,SEM VITIMAS// GM RIBEIRO E CARLOS NO QTH,1,,,,,,1,,,0,Longo da via,Bom,Perfeito estado,Seca,Perfeito estado,Não há placas,,Única,Faixa seccionada
2020-03-12 00:00:00,08:56:00,SEM VÍTIMA,ESPINHEIRO,AV GOVERNADOR AGAMENON MAGALHAES,,,ABALROAMENTO LONGITUDINAL,ONIBUS E AUTO,1,,,,,1,,,,0,Cruzamento,Bom,Perfeito estado,Seca,Perfeito estado,,,Dupla,Faixa contínua
2020-03-12 00:00:00,09:01:00,SEM VÍTIMA,SANTO AMARO,AV CRUZ CABUGA,523,CIDADE,COLISÃO TRASEIRA,COLISÃO SEM VÍTIMAS ENTRE AUTO E MOTO.,1,1,,,,,,,,0,Longo da via,Bom,Perfeito estado,Seca,Perfeito estado,,,Dupla,Faixa contínua
2020-03-12 00:00:00,09:39:00,SEM VÍTIMA,BARRO,RUA PADRE DIOGO RODRIGUES,,SUBURBIO,ABALROAMENTO LONGITUDINAL,COLISÃO S/VITIMAS ENTRE UM AUTO E CAMINHÃO,1,,,,,,1,,,0,Cruzamento,Bom,Perfeito estado,Seca,Perfeito estado,Outras,,Dupla,Não existe
2020-03-12 00:00:00,10:13:00,SEM VÍTIMA,ESPINHEIRO,RUA DO ESPINHEIRO,,SUBURBIO,ABALROAMENTO TRANSVERSAL,COLISÃO S/VITIMAS ENTRE UM AUTO E UM ONIBUS (V.T 08 NO QTH),1,,,,,1,,,,0,Longo da via,Bom,Perfeito estado,Seca,Perfeito estado,R-6a,,Única,Faixa contínua
2020-03-12 00:00:00,11:01:00,SEM VÍTIMA,ESPINHEIRO,RUA BARAO DE ITAMARACA,,SUBURBIO,ABALROAMENTO LONGITUDINAL,DOIS AUTOS,2,,,,,,,,,0,Longo da via,Bom,Perfeito estado,Seca,Perfeito estado,Outras,,Única,
2020-03-12 00:00:00,11:41:00,COM VÍTIMA,BOA VIAGEM,RUA BALTAZAR PASSOS,,CIDADE,ABALROAMENTO TRANSVERSAL,MOTO E AUTO,1,1,,,,,,,,1,Cruzamento,Chuvoso,Perfeito estado,Molhada,Perfeito estado,Placas Pare,30 km/h,Dupla,Não existe
2020-03-12 00:00:00,12:07:00,SEM VÍTIMA,IPSEP,AV RECIFE,55,,COLISÃO TRASEIRA,COLISAO S/V,2,,,,,,,,,0,Longo da via,Chuvoso,Perfeito estado,Seca,Perfeito estado,R-6a,,Dupla,Faixa seccionada
2020-03-12 00:00:00,12:45:00,COM VÍTIMA,AFOGADOS,RUA COSME VIANA,,SUBURBIO,ATROPELAMENTO,ONIBUS ATROPELOU UM PEDESTRE,,,,,1,1,,,,1,Longo da via,Bom,Perfeito estado,Seca,Perfeito estado,Outras,,Única,
2020-03-12 00:00:00,13:12:00,SEM VÍTIMA,BRASÍLIA TEIMOSA,RUA COMENDADOR MORAES,,,COLISÃO,COLISAO ENTRE DOIS VEICULOS,2,,,,,,,,,0,,,,,,,,,
2020-03-12 00:00:00,13:13:00,SEM VÍTIMA,BOA VIAGEM,RUA COSMORAMA,478,SUBURBIO,COLISÃO TRASEIRA,,1,1,,,,,,,1,0,Cruzamento,Bom,Perfeito estado,Seca,Perfeito estado,Outras,40 km/h,Única,Faixa seccionada
2020-03-12 00:00:00,14:01:00,SEM VÍTIMA,ESPINHEIRO,RUA CONS PORTELA,,,COLISÃO,COLISAO S/ VITIMA ENTRE DOIS VEICULOS,1,,,,,,,,1,0,,,,,,,,,
2020-03-12 00:00:00,14:31:00,SEM VÍTIMA,GRAÇAS,AV RUI BARBOSA,,CIDADE,ABALROAMENTO LONGITUDINAL,COLISAO ENTRE AUTOS E MOTO S/V,1,1,,,,,,,,0,Longo da via,Bom,Perfeito estado,Seca,Perfeito estado,Outras,,Única,Faixa seccionada
2020-03-12 00:00:00,14:35:00,SEM VÍTIMA,DERBY,RUA MANOEL CAETANO,,CIDADE,ABALROAMENTO LONGITUDINAL,COLISAO SEM VITIMAS,2,,,,,,,,,0,,Bom,Perfeito estado,Seca,Perfeito estado,R-6a,,Única,Faixa contínua
2020-03-12 00:00:00,14:47:00,SEM VÍTIMA,SANTO ANTÔNIO,AV MARTINS DE BARROS,,CIDADE,COLISÃO FRONTAL,COLISAO S/ VITIMA ENTRE DOIS VEICULOS E UM ONIBUS BRT. GCM: CAIO CESAR E ELSIANE NO LOCAL,2,,,,,1,,,,0,Longo da via,Bom,Não existente,Seca,Perfeito estado,Não há placas,60 km/h,Única,Faixa seccionada
2020-03-12 00:00:00,14:57:00,SEM VÍTIMA,ESPINHEIRO,RUA QUARENTA E OITO,11,,ABALROAMENTO LONGITUDINAL,COLISAO SEM VITIMAS,2,,,,,,,,,0,Cruzamento,Bom,Perfeito estado,Seca,Perfeito estado,Placas Pare,60 km/h,Única,Faixa seccionada
2020-03-12 00:00:00,15:50:00,SEM VÍTIMA,BOA VIAGEM,RUA PADRE CARAPUCEIRO,,SUBURBIO,ABALROAMENTO TRANSVERSAL,COLISAO S/ VITIMAS,1,,,,,1,,,,0,Cruzamento,Bom,Perfeito estado,Seca,Perfeito estado,R-4a,,Única,Faixa seccionada
2020-03-12 00:00:00,15:52:00,SEM VÍTIMA,IBURA,AV DOIS RIOS,,CIDADE,ABALROAMENTO LONGITUDINAL,COLISAO ENTRE CORRAÇA E VEICULO,1,,,,,,,,1,0,Longo da via,Bom,Perfeito estado,Seca,Perfeito estado,Outras,,Dupla,Faixa contínua
2020-03-12 00:00:00,16:03:00,SEM VÍTIMA,IPUTINGA,EST DO BARBALHO,,,ABALROAMENTO LONGITUDINAL,COLISAO S/ VITIMA ENTRE DOIS VEICULOS. VT: 20,2,,,,,,,,,0,Longo da via,Bom,,Seca,,R-6a,,Única,Não existe
2020-03-12 00:00:00,16:27:00,SEM VÍTIMA,BOA VIAGEM,RUA CARLOS PEREIRA FALCAO,,,COLISÃO FRONTAL,COLISAO S/ VITIMA ENTRE DOIS VEICULOS,2,,,,,,,,,0,Cruzamento,Bom,Perfeito estado,Seca,Perfeito estado,Placas Pare,,Dupla,Faixa seccionada
2020-03-12 00:00:00,17:22:00,COM VÍTIMA,CASA FORTE,AV DEZESSETE DE AGOSTO,,SUBURBIO,CHOQUE VEÍCULO PARADO,UM DOS VEÍCULOS SE EVADIU DO LOCAL,,1,,,,,,,,1,Longo da via,Bom,Perfeito estado,Seca,Perfeito estado,R-6a,,Dupla,Faixa seccionada
2020-03-12 00:00:00,17:25:00,COM VÍTIMA,JAQUEIRA,RUA RICARDO HARDMAN,,SUBURBIO,ABALROAMENTO TRANSVERSAL,COLISAO COM VITIMAS,1,1,,,,,,,,1,Longo da via,Bom,Perfeito estado,Seca,Perfeito estado,Outras,30 km/h,Dupla,Faixa seccionada
2020-03-12 00:00:00,17:35:00,SEM VÍTIMA,CASA AMARELA,RUA ALEXANDRINO,,,CHOQUE VEÍCULO PARADO,COLISAO S/ VITIMA ENTRE ONIBUS E CARRO,1,,,,,1,,,,0,Longo da via,Bom,Perfeito estado,Seca,Perfeito estado,,,Dupla,Faixa seccionada
2020-03-12 00:00:00,19:44:00,COM VÍTIMA,CASA AMARELA,AV NORTE,,CIDADE,ABALROAMENTO TRANSVERSAL,,,2,,,,,,,,2,Longo da via,Bom,Perfeito estado,Seca,Perfeito estado,R-6a,60 km/h,Dupla,Canteiro central
2020-03-12 00:00:00,21:01:00,SEM VÍTIMA,IMBIRIBEIRA,RUA FRANCISCO CORREIA DE MORAES,,SUBURBIO,COLISÃO TRASEIRA,ENTRE 2 AUTOS. S/V,2,,,,,,,,,0,Longo da via,Bom,Perfeito estado,Seca,Perfeito estado,Não há placas,,Única,
2020-03-12 00:00:00,21:39:00,SEM VÍTIMA,BOA VIAGEM,AV MARECHAL JUAREZ TAVORA,,,COLISÃO,FIESTA X NISSAN LIVINA,2,,,,,,,,,0,,,,,,,,,
2020-03-12 00:00:00,21:59:00,COM VÍTIMA,BOA VIAGEM,RUA FRANCISCO DA CUNHA,,SUBURBIO,ABALROAMENTO TRANSVERSAL,ENTRE 2 AUTOS. C/V UM DOS VEÍCULOS CAPOTOU NO LOCAL,2,,,,,,,,,1,Cruzamento,Bom,Incompleta,Seca,Perfeito estado,Placas Pare,,Única,Não existe
2020-03-12 00:00:00,22:32:00,SEM VÍTIMA,CORDEIRO,AV MARIO ALVARES PEREIRA DE LYRA,134,SUBURBIO,ABALROAMENTO LONGITUDINAL,ENTRE 2 AUTOS. S/V,2,,,,,,,,,0,Cruzamento,Bom,Incompleta,Seca,Mal iluminada,Não há placas,,Dupla,Canal
2020-03-12 00:00:00,22:45:00,SEM VÍTIMA,MADALENA,AV ENGENHEIRO ABDIAS DE CARVALHO,,,COLISÃO,ÕNIBUS ESCOLAR X AUTO. S/V,1,,,,,1,,,,0,,,,,,,,,
2020-03-13 00:00:00,07:02:00,COM VÍTIMA,ESPINHEIRO,RUA QUARENTA E OITO,,CIDADE,ABALROAMENTO TRANSVERSAL,COLISÃO COM VITIMA GM RODRIGO DIAS QTH,1,1,,,,,,,,1,Longo da via,Bom,Perfeito estado,Seca,Perfeito estado,Outras,40 km/h,Única,Não existe
2020-03-13 00:00:00,07:34:00,SEM VÍTIMA,SÍTIO DOS PINTOS,EST DOS PINTOS,,CIDADE,ABALROAMENTO LONGITUDINAL,COLISAO SEM VITIMAS,2,,,,,,,,,0,Longo da via,Bom,Não existente,Seca,Perfeito estado,,,Dupla,Não existe
2020-03-13 00:00:00,08:36:00,COM VÍTIMA,JIQUIÁ,RUA SAO MIGUEL,392,,ABALROAMENTO LONGITUDINAL,AUTO E MOTO /  VT 10 NO QTH,1,1,,,,,,,,1,Longo da via,Bom,Perfeito estado,Seca,Perfeito estado,Outras,60 km/h,Dupla,Faixa contínua
2020-03-13 00:00:00,08:46:00,COM VÍTIMA,BONGI,RUA ISAAC MARKMAN,,,ABALROAMENTO TRANSVERSAL,COLISÃO COM VITIMA  SOCORRIDO PELO SAMU,1,1,,,,,,,,1,Cruzamento,Bom,Perfeito estado,Seca,Perfeito estado,R-3,30 km/h,Dupla,
2020-03-13 00:00:00,09:08:00,SEM VÍTIMA,BOA VIAGEM,AV BOA VIAGEM,104,CIDADE,ABALROAMENTO LONGITUDINAL,COLISÃO ENTRE ONIBUS E AUTO,1,,,,,1,,,,0,,,,,,,,,
2020-03-13 00:00:00,09:10:00,SEM VÍTIMA,CORDEIRO,AV CAXANGA,273,CIDADE,COLISÃO TRASEIRA,,3,,,,,,,,,0,Longo da via,Bom,Perfeito estado,Seca,Perfeito estado,Outras,60 km/h,Única,Faixa seccionada
2020-03-13 00:00:00,09:21:00,SEM VÍTIMA,PINA,AV HERCULANO BANDEIRA,,SUBURBIO,ABALROAMENTO LONGITUDINAL,COLISOA SEM VITIMAS // GM ISRAEL E ENOQUE QTH,1,,,,,1,,,,0,Longo da via,Bom,Perfeito estado,Seca,Perfeito estado,,,Única,
2020-03-13 00:00:00,09:29:00,SEM VÍTIMA,SANTO AMARO,AV DR JAYME DA FONTE,,,COLISÃO,DOIS AUTOS,2,,,,,,,,,0,,,,,,,,,
2020-03-13 00:00:00,10:11:00,SEM VÍTIMA,IPUTINGA,AV MAURICIO DE NASSAU,109,SUBURBIO,ABALROAMENTO LONGITUDINAL,COLISAO SEM VITIMAS,1,,,,,,,,,0,,Nublado,Incompleta,Seca,Perfeito estado,Não há placas,,Dupla,Faixa contínua
2020-03-13 00:00:00,11:09:00,SEM VÍTIMA,JORDÃO,AV MARIA IRENE,,,ABALROAMENTO LONGITUDINAL,COLISAO SEM VITIMAS,1,,,,,,1,,,0,Longo da via,Bom,Ilegível,Seca,Mal conservada,Não há placas,,Dupla,Não existe
2020-03-13 00:00:00,11:10:00,SEM VÍTIMA,PRADO,AV ENGENHEIRO ABDIAS DE CARVALHO,,,COLISÃO,DOIS AUTOS  GM C SANTANA NO QTH P.O,2,,,,,,,,,0,,,,,,,,,
2020-03-13 00:00:00,11:17:00,SEM VÍTIMA,BARRO,AV CENTRAL,,,ABALROAMENTO LONGITUDINAL,COLISAO SEM VITIMAS,1,,,,,1,,,,0,Longo da via,Bom,Incompleta,Seca,Perfeito estado,Não há placas,,Dupla,Faixa contínua
2020-03-13 00:00:00,12:30:00,SEM VÍTIMA,IMBIRIBEIRA,RUA JOAQUIM BANDEIRA,,,ABALROAMENTO TRANSVERSAL,COLISÃO S/VITIMAS ENTRE DOIS AUTOS,2,,,,,,,,,0,Cruzamento,Bom,Não existente,Seca,Perfeito estado,Não há placas,40 km/h,Única,Faixa seccionada
2020-03-13 00:00:00,12:58:00,SEM VÍTIMA,CORDEIRO,AV CAXANGA,80,,ABALROAMENTO LONGITUDINAL,COLISÃO SEM VÍTIMA/ SENTIDO CIDADE,1,1,,,,,,,,0,Cruzamento,Nublado,Perfeito estado,Seca,,Outras,,Única,Faixa seccionada
2020-03-13 00:00:00,13:24:00,SEM VÍTIMA,POÇO DA PANELA,RUA OLIVEIRA GOES,,SUBURBIO,COLISÃO FRONTAL,COLISÃO S/VITIMAS ENTRE DOIS AUTOS,2,,,,,,,,,0,,Bom,Ilegível,Seca,Perfeito estado,Placas Pare,,Dupla,Não existe
2020-03-13 00:00:00,13:35:00,SEM VÍTIMA,POÇO DA PANELA,RUA GUILHERME SALAZAR,,,COLISÃO,COLISAO ENTRE DOIS AUTOS S/V,2,,,,,,,,,0,,,,,,,,,
2020-03-13 00:00:00,13:59:00,COM VÍTIMA,BARRO,AV DR JOSE RUFINO,,SUBURBIO,ABALROAMENTO LONGITUDINAL,COLISAOENTRE DUAS MOTOS COM UMA VITIMA,,2,,,,,,,,2,Longo da via,Bom,Perfeito estado,Seca,Perfeito estado,Não há placas,60 km/h,Dupla,Faixa contínua
2020-03-13 00:00:00,14:27:00,COM VÍTIMA,BONGI,AV ENGENHEIRO ABDIAS DE CARVALHO,,SUBURBIO,ABALROAMENTO LONGITUDINAL,COLISAO ENTRE AUTO E MOTO COM UMA VITIMA GM WILIAN DE PO NO LOCAL,1,1,,,,,,,,1,Longo da via,Bom,Perfeito estado,Seca,Perfeito estado,,60 km/h,Dupla,Canteiro central
2020-03-13 00:00:00,14:41:00,COM VÍTIMA,DERBY,RUA DOM BOSCO,,SUBURBIO,ATROPELAMENTO,ATROPELAMENTO COM VITIMA ENTRE ONIBUS E MOTO. PONTO FIXO: RUAN,,1,,,1,1,,,,1,,Bom,Perfeito estado,Seca,Perfeito estado,,,Única,Faixa
2020-03-13 00:00:00,14:55:00,SEM VÍTIMA,GRAÇAS,AV GOVERNADOR AGAMENON MAGALHAES,,,COLISÃO,COLISÃO S/VITIMAS ENTRE DOIS AUTOS (GM VALKIRIA E CÉLIO NO QTH),2,,,,,,,,,0,,,,,,,,,
2020-03-13 00:00:00,14:55:00,SEM VÍTIMA,MADALENA,AV VISCONDE DE ALBUQUERQUE,,SUBURBIO,ABALROAMENTO LONGITUDINAL,,2,,,,,,,,,0,,Bom,Perfeito estado,Seca,Perfeito estado,Outras,,Única,Faixa seccionada
2020-03-13 00:00:00,15:03:00,SEM VÍTIMA,SANTO AMARO,RUA DO HOSPICIO,,CIDADE,ABALROAMENTO LONGITUDINAL,COLISAO ENTRE CAMINHAO E AUTOS S/V,1,,,,,,1,,,0,Longo da via,Bom,Perfeito estado,Seca,Perfeito estado,Não há placas,,Dupla,Não existe
2020-03-13 00:00:00,15:07:00,SEM VÍTIMA,AFOGADOS,RUA VINTE E UM DE ABRIL,,,ABALROAMENTO TRANSVERSAL,COLISÃO SEM VÍTIMA,2,,,,,,,,,0,Longo da via,Bom,Não existente,Seca,Perfeito estado,Não há placas,,Dupla,Não existe
2020-03-13 00:00:00,16:36:00,SEM VÍTIMA,SANTO AMARO,AV CRUZ CABUGA,523,CIDADE,COLISÃO TRASEIRA,COLISÃO SEM VÍTIMA,,1,,,,1,,,,0,Longo da via,Bom,Perfeito estado,Seca,Perfeito estado,Não há placas,,Dupla,Faixa seccionada
2020-03-13 00:00:00,16:46:00,COM VÍTIMA,IBURA,RUA RIO XINGU,351,SUBURBIO,ABALROAMENTO LONGITUDINAL,COLISÃO C/VITIMAS ENTRE UMA CARRETA E UMA MOTO,,1,,,,,1,,,1,Cruzamento,Bom,Perfeito estado,Seca,Perfeito estado,Outras,,Dupla,Faixa contínua
2020-03-13 00:00:00,16:59:00,SEM VÍTIMA,BOA VIAGEM,RUA JOSE DOMINGUES DA SILVA,,CIDADE,ABALROAMENTO LONGITUDINAL,COLISAO ENTRE DOIS AUTOS S/V,2,,,,,,,,,0,Cruzamento,Bom,Perfeito estado,Seca,Perfeito estado,Placas Pare,,Dupla,Faixa contínua
2020-03-13 00:00:00,17:38:00,SEM VÍTIMA,BOA VIAGEM,AV ENGENHEIRO DOMINGOS FERREIRA,,SUBURBIO,COLISÃO TRASEIRA,COLISÃO S/VITIMAS ENTRE DOIS AUTOS,2,,,,,,,,,0,Longo da via,Bom,Perfeito estado,Seca,Perfeito estado,Não há placas,60 km/h,Única,Canteiro central
2020-03-13 00:00:00,17:46:00,SEM VÍTIMA,NOVA DESCOBERTA,RUA CORREGO DA AREIA,,,COLISÃO,COLISAO SEM VITIMAS,,1,,,,1,,,,0,,,,,,,,,
2020-03-13 00:00:00,17:55:00,SEM VÍTIMA,BOA VISTA,RUA GERVASIO PIRES,24,SUBURBIO,ABALROAMENTO LONGITUDINAL,COLISAO SEM VITIMAS,2,,,,,,,,,0,Cruzamento,Bom,Perfeito estado,Seca,Perfeito estado,R-6a,,Única,Não existe
2020-03-13 00:00:00,18:53:00,COM VÍTIMA,ESPINHEIRO,RUA QUARENTA E OITO,,,ABALROAMENTO LONGITUDINAL,COLISAO SEM VITIMAS,1,1,,,,,,,,1,Cruzamento,Bom,Perfeito estado,Seca,Perfeito estado,Outras,,Única,Faixa seccionada
2020-03-13 00:00:00,19:00:00,SEM VÍTIMA,IPSEP,AV RECIFE,,SUBURBIO,COLISÃO TRASEIRA,COLISÃO SEM VITIMAS,4,,,,,,,,,0,Longo da via,Bom,Perfeito estado,Seca,Perfeito estado,R-6a,,Dupla,Canteiro central
2020-03-13 00:00:00,19:24:00,SEM VÍTIMA,BOA VIAGEM,AV ENGENHEIRO DOMINGOS FERREIRA,,,COLISÃO,COLISÃO ENTRE ÔNIBUS E AUTO S/V,1,,,,,1,,,,0,,,,,,,,,
2020-03-13 00:00:00,19:40:00,SEM VÍTIMA,VÁRZEA,PTE MARECHAL HUMBERTO CASTELO BRANCO,,CIDADE,COLISÃO TRASEIRA,,2,,,,,,,,,0,Ponte,Bom,Perfeito estado,Seca,Perfeito estado,Não há placas,,Dupla,Faixa contínua
2020-03-13 00:00:00,21:05:00,COM VÍTIMA,BOA VIAGEM,1BE DONA BENVINDA DE FARIAS,,SUBURBIO,ABALROAMENTO TRANSVERSAL,COLISAO COM VITIMAS,2,,,,,,,,,1,Longo da via,Bom,Perfeito estado,Seca,Perfeito estado,Não há placas,,Única,Não existe
2020-03-13 00:00:00,22:04:00,SEM VÍTIMA,ÁGUA FRIA,EST VELHA DE AGUA FRIA,,SUBURBIO,ABALROAMENTO TRANSVERSAL,COLISAO S/ VITIMAS,,1,,,,1,,,,0,,Bom,Perfeito estado,Seca,Perfeito estado,Outras,,Dupla,Faixa seccionada
2020-03-13 00:00:00,22:15:00,SEM VÍTIMA,ESPINHEIRO,RUA DA HORA,,SUBURBIO,CHOQUE OBJETO FIXO,AUTO COLIDIU COM POSTE,1,,,,,,,,,0,Longo da via,Bom,Incompleta,Seca,Perfeito estado,R-6a,,Única,Não existe
2020-03-14 00:00:00,02:35:00,SEM VÍTIMA,SANTO AMARO,AV GOVERNADOR AGAMENON MAGALHAES,49,SUBURBIO,ABALROAMENTO TRANSVERSAL,COLISÃO ENTRE DOIS AUTOS- S/V,2,,,,,,,,,0,Cruzamento,Chuvoso,Perfeito estado,Molhada,Perfeito estado,Outras,,Dupla,Faixa seccionada
2020-03-14 00:00:00,06:42:00,SEM VÍTIMA,TORRE,RUA MARCOS ANDRE,,,CHOQUE OBJETO FIXO,VEICULO SE CHOCOU CONTA O MURO DO PREDIO,1,,,,,,,,,0,,,,,,,,,
2020-03-14 00:00:00,08:35:00,COM VÍTIMA,TAMARINEIRA,EST VELHA DE AGUA FRIA,,SUBURBIO,CHOQUE OBJETO FIXO,CHOQUE COM PRISMAS DE CONCRETO - DELTA I.C.,1,,,,,,,,,1,Longo da via,Bom,Perfeito estado,Seca,Perfeito estado,R-6a,,Dupla,Faixa seccionada
2020-03-14 00:00:00,09:49:00,SEM VÍTIMA,AFOGADOS,RUA NICOLAU PEREIRA,,,ABALROAMENTO TRANSVERSAL,DOIS AUTOS / VT 24 NO QTH,2,,,,,,,,,0,Longo da via,Bom,Perfeito estado,Seca,Perfeito estado,,,Única,
2020-03-14 00:00:00,10:27:00,SEM VÍTIMA,SANTO AMARO,AV GOVERNADOR AGAMENON MAGALHAES,108,CIDADE,ABALROAMENTO LONGITUDINAL,COLISÃO SEM VITIMAS,1,,,,,,1,,,0,Longo da via,Bom,Perfeito estado,Seca,Perfeito estado,R-19,60 km/h,Única,Faixa seccionada
2020-03-14 00:00:00,11:19:00,SEM VÍTIMA,IMBIRIBEIRA,RUA JOAQUIM BANDEIRA,,CIDADE,ABALROAMENTO LONGITUDINAL,COLISÃO SEM VITIMAS,2,,,,,,,,,0,Cruzamento,Bom,Perfeito estado,Seca,Perfeito estado,Placas Pare,,Única,Faixa seccionada
2020-03-14 00:00:00,11:57:00,SEM VÍTIMA,BOA VIAGEM,RUA VISCONDE DE JEQUITINHONHA,129,,ABALROAMENTO LONGITUDINAL,COLISÃO ENTRE DOIS AUTOS,1,,,,,1,,,,0,Cruzamento,Bom,Perfeito estado,Seca,Perfeito estado,R-6a,,Única,Faixa seccionada
2020-03-14 00:00:00,13:26:00,SEM VÍTIMA,AFLITOS,AV SANTOS DUMONT,,SUBURBIO,ABALROAMENTO LONGITUDINAL,COLISAO ENTRE DOIS AUTOS S/V,2,,,,,,,,,0,Longo da via,Bom,Perfeito estado,Seca,Perfeito estado,Não há placas,40 km/h,Única,Faixa seccionada
2020-03-14 00:00:00,14:11:00,SEM VÍTIMA,CORDEIRO,AV CAXANGA,,,COLISÃO TRASEIRA,COLISAO ENTRE DOIS AUTO E MOTO S/V VT 24 NO LOCAL,2,,,,,,,,,0,Longo da via,Bom,Perfeito estado,Seca,Perfeito estado,,,Dupla,Faixa seccionada
2020-03-14 00:00:00,14:38:00,SEM VÍTIMA,IPSEP,RUA SATURNINO MEIRELES,,SUBURBIO,ABALROAMENTO TRANSVERSAL,COLISÃO SEM VÍTIMA,2,,,,,,,,,0,Cruzamento,Bom,Perfeito estado,Seca,Perfeito estado,Placas Pare,,,
2020-03-14 00:00:00,15:54:00,SEM VÍTIMA,AFOGADOS,RUA SAO MIGUEL,,SUBURBIO,ABALROAMENTO TRANSVERSAL,COLISÃO SEM VÍTIMA,2,,,,,,,,,0,,Bom,Não existente,Seca,Perfeito estado,Não há placas,,,
2020-03-14 00:00:00,16:05:00,SEM VÍTIMA,IBURA,RUA TERRA BRANCA,,,COLISÃO,COLISAO ENTRE AUTO E ONIBUS S/V,1,,,,,1,,,,0,,,,,,,,,
2020-03-14 00:00:00,17:52:00,COM VÍTIMA,IPUTINGA,AV CAXANGA,,,COLISÃO,COLISAO COM VITIMAS,1,1,,,,,,,,1,,,,,,,,,
2020-03-14 00:00:00,18:20:00,SEM VÍTIMA,BOA VISTA,AV CONDE DA BOA VISTA,299,SUBURBIO,ABALROAMENTO LONGITUDINAL,GOL X CAMINHAO,1,,,,,,1,,,0,Cruzamento,Bom,Perfeito estado,Seca,Perfeito estado,R-6a,,Única,Não existe
2020-03-14 00:00:00,18:41:00,SEM VÍTIMA,IPSEP,RUA JEAN EMILE FAVRE,,,COLISÃO,COLISAO SEM VITIMAS,1,,,,,1,,,,0,,,,,,,,,
2020-03-14 00:00:00,21:05:00,SEM VÍTIMA,CASA FORTE,AV DEZESSETE DE AGOSTO,,CIDADE,ABALROAMENTO LONGITUDINAL,ONIBUS X POLO,1,,,,,1,,,,0,,Bom,Perfeito estado,Seca,Perfeito estado,Não há placas,,Dupla,Faixa contínua
2020-03-14 00:00:00,21:53:00,SEM VÍTIMA,VASCO DA GAMA,RUA LUIZ CESARIO DE MELO,,SUBURBIO,CHOQUE VEÍCULO PARADO,SPIN X SIENA,2,,,,,,,,,0,Longo da via,Bom,Ilegível,Seca,Mal iluminada,Não há placas,,Dupla,Não existe
2020-03-15 00:00:00,00:24:00,SEM VÍTIMA,IPUTINGA,EST DO BARBALHO,,,COLISÃO,COLISÃO ENTRE AUTO E MOTO S/V,1,1,,,,,,,,0,,,,,,,,,
2020-03-15 00:00:00,11:25:00,SEM VÍTIMA,BOA VIAGEM,AV BOA VIAGEM,,SUBURBIO,CHOQUE VEÍCULO PARADO,TRES AUTOS /  GM DOUGLAS FEZ A SITUAÇAO,3,,,,,,,,,0,,Chuvoso,Perfeito estado,Molhada,Perfeito estado,R-6a,,Única,Faixa seccionada
2020-03-15 00:00:00,11:57:00,SEM VÍTIMA,BOA VIAGEM,RUA DEZ DE JULHO,,SUBURBIO,ABALROAMENTO TRANSVERSAL,COLISAO S/ VITIMA ENTRE DOIS VEICULOS. VT: 28 NO LOCAL,2,,,,,,,,,0,Cruzamento,Chuvoso,Perfeito estado,Seca,Perfeito estado,Placas Pare,,Única,Faixa seccionada
2020-03-15 00:00:00,12:24:00,SEM VÍTIMA,MADALENA,AV VISCONDE DE ALBUQUERQUE,,SUBURBIO,ABALROAMENTO TRANSVERSAL,COLISAO S/ VITIMA ENTRE VEICULOS,2,,,,,,,,,0,Longo da via,Bom,Perfeito estado,Seca,Perfeito estado,Outras,60 km/h,Única,Faixa seccionada
2020-03-15 00:00:00,13:16:00,COM VÍTIMA,IPUTINGA,AV MAURICIO DE NASSAU,,CIDADE,ABALROAMENTO TRANSVERSAL,COLISAO COM VITIMA ENTRE VEICULO E MOTO,1,1,,,,,,,,1,Longo da via,Bom,Perfeito estado,Seca,Perfeito estado,R-19,40 km/h,Dupla,Faixa contínua
2020-03-15 00:00:00,16:38:00,SEM VÍTIMA,,COR DO BARTOLOMEU,79,SUBURBIO,COLISÃO TRASEIRA,COLISAO S/ VITIMA ENTRE DOIS VEICULOS,2,,,,,,,,,0,Cruzamento,Bom,Perfeito estado,Seca,Perfeito estado,R-6a,,Dupla,Não existe
2020-03-15 00:00:00,17:20:00,SEM VÍTIMA,GRAÇAS,RUA AMELIA,177,CIDADE,ABALROAMENTO LONGITUDINAL,COLISAO S/ VITIMA// ENTRE DOIS VEICULOS,2,,,,,,,,,0,Longo da via,Bom,Perfeito estado,Seca,Perfeito estado,,,Única,Faixa seccionada