data,hora,natureza,bairro,endereco,num_semaforo,sentido_via,tipo,auto,moto,ciclom,ciclista,pedestre,onibus,caminhao,viatura,outros,vitimas,vitimasfatais,acidente_verificado,tempo_clima,sinalizacao,condicao_via,conservacao_via,situacao_placa,velocidade_max_via,mao_direcao,divisao_via1
2020-03-15 00:00:00,19:02:00,SEM VÍTIMA,AREIAS,AV RECIFE,,,COLISÃO TRASEIRA,SIENA X PALIO,2,,,,,,,,,0,Longo da via,Bom,Perfeito estado,Seca,Perfeito estado,,,Dupla,
2020-03-15 00:00:00,19:41:00,SEM VÍTIMA,TORRÕES,AV ENGENHEIRO ABDIAS DE CARVALHO,375,SUBURBIO,COLISÃO TRASEIRA,ONIBUS E AUTO,1,,,,,1,,,,0,Longo da via,Chuvoso,Perfeito estado,Molhada,Perfeito estado,Não há placas,,Dupla,Faixa contínua
2020-03-15 00:00:00,23:31:00,COM VÍTIMA,BOA VIAGEM,RUA ERNESTO DE PAULA SANTOS,271,SUBURBIO,ABALROAMENTO TRANSVERSAL,HB 20 X MOTO,1,1,,,,,,,,2,Longo da via,Chuvoso,Perfeito estado,Molhada,Perfeito estado,Não há placas,,Única,Faixa seccionada
2020-03-15 00:00:00,23:38:00,SEM VÍTIMA,ÁGUA FRIA,RUA DO MACHADO,,,COLISÃO,DOIS ONIX E UMA RESIDENCIA  OBS: SUSPEITA DE EMBRIAGUEZ POLICIAS NO LOCAL,2,,,,,,,,,0,,,,,,,,,
2020-03-16 00:00:00,00:09:00,SEM VÍTIMA,BOA VIAGEM,RUA RIBEIRO DE BRITO,,SUBURBIO,ABALROAMENTO TRANSVERSAL,COLISÃO ENTRE DOIS AUTOS S/V,2,,,,,,,,,0,Cruzamento,Chuvoso,Incompleta,Molhada,Perfeito estado,R-6a,,Única,Faixa seccionada
2020-03-16 00:00:00,02:21:00,SEM VÍTIMA,BOA VIAGEM,RUA BRUNO VELOSO,146,CIDADE,ABALROAMENTO TRANSVERSAL,COLISÃO ENTRE DOIS AUTOS S/V,2,,,,,,,,,0,Longo da via,Chuvoso,Perfeito estado,Molhada,Perfeito estado,Não há placas,,Única,Faixa seccionada
2020-03-16 00:00:00,06:21:00,SEM VÍTIMA,PRADO,AV ENGENHEIRO ABDIAS DE CARVALHO,327,CIDADE,COLISÃO TRASEIRA,COLISÃO S/VITIMAS ENTRE DOIS AUTOS,1,,,,,1,,,,0,Longo da via,Chuvoso,Perfeito estado,Seca,Perfeito estado,R-6a,,Dupla,Canteiro central
2020-03-16 00:00:00,07:08:00,SEM VÍTIMA,SÃO JOSÉ,AV SUL,260,,COLISÃO TRASEIRA,COLISÃO S/VITIMAS ENTRE DOIS AUTOS E UM ONIBUS,2,,,,,1,,,,0,Longo da via,Chuvoso,Perfeito estado,Molhada,Perfeito estado,Outras,,Dupla,Canteiro central
2020-03-16 00:00:00,07:22:00,SEM VÍTIMA,JARDIM SÃO PAULO,AV LIBERDADE,,,COLISÃO,COLISÃO S/VITIMAS ENTRE DOIS AUTOS,2,,,,,,,,,0,,,,,,,,,
2020-03-16 00:00:00,07:28:00,SEM VÍTIMA,ENCRUZILHADA,EST DE BELEM,,,COLISÃO,COLISÃO SEM VITIMAS,1,,,,,1,,,,0,,,,,,,,,
2020-03-16 00:00:00,07:43:00,SEM VÍTIMA,DERBY,RUA JENER DE SOUZA,40,SUBURBIO,COLISÃO FRONTAL,AMBULANCIA E AUTO PONTO FIXO GM´S JEFERSON JOSE E JOSY CARLA COIMBRA,2,,,,,,,,,0,Cruzamento,Chuvoso,Perfeito estado,Molhada,Perfeito estado,,,Dupla,Não existe
2020-03-16 00:00:00,08:01:00,COM VÍTIMA,ROSARINHO,AV SANTOS DUMONT,,,ABALROAMENTO TRANSVERSAL,COLISÃO COM VITIMA VT 13 GM JARBAS OLIVEIRA QTH,1,1,,,,,,,,1,Esquina,Chuvoso,Perfeito estado,Seca,Perfeito estado,Outras,,Única,Faixa seccionada
2020-03-16 00:00:00,08:08:00,COM VÍTIMA,DERBY,AV GOVERNADOR AGAMENON MAGALHAES,,OLINDA,ATROPELAMENTO,,,1,,,1,,,,,1,Longo da via,Chuvoso,Perfeito estado,Molhada,Perfeito estado,Outras,60 km/h,Dupla,Canteiro central
2020-03-16 00:00:00,08:41:00,SEM VÍTIMA,ESPINHEIRO,RUA BARAO DE ITAMARACA,,CIDADE,ABALROAMENTO TRANSVERSAL,DOIS AUTOS,2,,,,,,,,,0,,Bom,Perfeito estado,Seca,Perfeito estado,Outras,,Dupla,Faixa contínua
2020-03-16 00:00:00,08:46:00,SEM VÍTIMA,MADALENA,AV CAXANGA,,CIDADE,COLISÃO TRASEIRA,SEM VITIMAS ENTRE 3 VEICULOS,3,,,,,,,,,0,Longo da via,Chuvoso,Perfeito estado,Molhada,Perfeito estado,,,Dupla,Faixa contínua
2020-03-16 00:00:00,09:00:00,COM VÍTIMA,TAMARINEIRA,EST VELHA DE AGUA FRIA,306,,COLISÃO TRASEIRA,COLISÃO ENTRE UM AUTO E MOTO,1,1,,,,,,,,1,Longo da via,Chuvoso,Perfeito estado,Seca,Perfeito estado,R-6a,,Dupla,Faixa contínua
2020-03-16 00:00:00,11:13:00,SEM VÍTIMA,CASA AMARELA,AV NORTE,95,SUBURBIO,COLISÃO TRASEIRA,COLISÃO S/VITIMAS ENTRE DOIS AUTOS (GM FÁBIO PARAISO E GILSON ALVES NO QTH),2,,,,,,,,,0,Cruzamento,Bom,Perfeito estado,Seca,Perfeito estado,Outras,,Dupla,Canteiro central
2020-03-16 00:00:00,12:07:00,COM VÍTIMA,BOA VIAGEM,TRV DR PEDRO DE MELO CAHU,,,ABALROAMENTO TRANSVERSAL,COLISAO ENTRE AUTO E MOTO S/V,1,1,,,,,,,,1,Cruzamento,Bom,Incompleta,Seca,Perfeito estado,Não há placas,,Dupla,Faixa seccionada
2020-03-16 00:00:00,12:32:00,SEM VÍTIMA,MANGABEIRA,RUA NICEAS ARCOVERDE GUSMAO,,,COLISÃO,COLISÃO SEM VÍTIMA,2,,,,,,,,,0,,,,,,,,,
2020-03-16 00:00:00,12:38:00,COM VÍTIMA,MADALENA,AV CAXANGA,439,CIDADE,COLISÃO COM CICLISTA,COLISAO ENTRE ONIBUS E CICLISTA COM UMA VITIMA,,,,1,,1,,,,1,Longo da via,Chuvoso,Perfeito estado,Molhada,Perfeito estado,Outras,,Dupla,Faixa contínua
2020-03-16 00:00:00,12:51:00,COM VÍTIMA,IMBIRIBEIRA,AV SUL,,CIDADE,ABALROAMENTO TRANSVERSAL,,,1,,,,,,,,1,Cruzamento,Bom,Perfeito estado,Seca,Perfeito estado,Placas Pare,,Única,Faixa contínua
2020-03-16 00:00:00,13:01:00,SEM VÍTIMA,GRAÇAS,RUA CARDEAL ARCOVERDE,,SUBURBIO,ABALROAMENTO LONGITUDINAL,COLISAO ENTRE TRES AUTOS S/V,2,,,,,,,,,0,Longo da via,Bom,Perfeito estado,Seca,Perfeito estado,Não há placas,,Única,Não existe
2020-03-16 00:00:00,13:03:00,COM VÍTIMA,BOA VIAGEM,AV ENGENHEIRO DOMINGOS FERREIRA,303,SUBURBIO,ATROPELAMENTO,ATROPELAMENTO COM VÍTIMA,,1,,,1,,,,,1,Cruzamento,Bom,Perfeito estado,Seca,Perfeito estado,Não há placas,,Única,Faixa contínua
2020-03-16 00:00:00,13:33:00,SEM VÍTIMA,DERBY,RUA AMARO BEZERRA,,CIDADE,ABALROAMENTO LONGITUDINAL,COLISAO ENTRE AUTO E CAMINHAO S/V,1,,,,,1,,,,0,Outros,Bom,Incompleta,Seca,Perfeito estado,Placas Pare,,Única,Não existe
2020-03-16 00:00:00,13:48:00,SEM VÍTIMA,MADALENA,AV ENGENHEIRO ABDIAS DE CARVALHO,52,CIDADE,COLISÃO TRASEIRA,COLISAO ENTRE AUTO E MOTO GM FABIO E WELINGTON NO LOCAL,1,1,,,,,,,,0,Cruzamento,Bom,Perfeito estado,Seca,Perfeito estado,Outras,60 km/h,Dupla,Canteiro central
2020-03-16 00:00:00,14:04:00,COM VÍTIMA,PARNAMIRIM,AV DEZESSETE DE AGOSTO,411,,COLISÃO TRASEIRA,COLISAO ENTRE AUTO E MOTO COM UMA VITIMA,1,1,,,,,,,,1,Longo da via,Bom,Perfeito estado,Seca,Perfeito estado,Outras,,Dupla,Faixa contínua
2020-03-16 00:00:00,14:22:00,SEM VÍTIMA,,,,,COLISÃO TRASEIRA,COLISAO S/ VITIMA ENTRE DOIS VEICULOS,2,,,,,,,,,0,Longo da via,Bom,Não existente,Seca,Perfeito estado,Não há placas,,Dupla,Não existe
2020-03-16 00:00:00,14:29:00,SEM VÍTIMA,TORRE,RUA CONS THEODORO,,,COLISÃO,COLISÃO SEM VÍTIMA,2,,,,,,,,,0,,,,,,,,,
2020-03-16 00:00:00,15:03:00,SEM VÍTIMA,GRAÇAS,AV RUI BARBOSA,,,COLISÃO,COLISAO S/ VITIMA ENTRE ONIBUS E TRICICULO,2,,,,,,,,,0,,,,,,,,,
2020-03-16 00:00:00,15:03:00,SEM VÍTIMA,IMBIRIBEIRA,RUA JULIO VERNE,,SUBURBIO,COLISÃO FRONTAL,COLISAO ENTRE AUTO E MOTO S/V,1,1,,,,,,,,0,Cruzamento,Bom,Incompleta,Seca,Perfeito estado,Outras,40 km/h,,Faixa seccionada
2020-03-16 00:00:00,15:19:00,SEM VÍTIMA,BOA VIAGEM,AV ENGENHEIRO DOMINGOS FERREIRA,,,COLISÃO FRONTAL,COLISÃO SEM VÍTIMA,3,,,,,,,,,0,Longo da via,Bom,Perfeito estado,Seca,Perfeito estado,,,Única,Faixa seccionada
2020-03-16 00:00:00,15:33:00,SEM VÍTIMA,VÁRZEA,RUA GASTAO VIDIGAL,281,CIDADE,ABALROAMENTO TRANSVERSAL,COLISAO ENTRE DOIS AUTOS S/V,2,,,,,,,,,0,Cruzamento,Bom,Perfeito estado,Seca,Perfeito estado,,,Dupla,Faixa contínua
2020-03-16 00:00:00,15:52:00,SEM VÍTIMA,PRADO,RUA CARLOS GOMES,,,ABALROAMENTO TRANSVERSAL,COLISÃO SEM VÍTIMA,1,,,,,,1,,,0,Cruzamento,Bom,,Seca,,Placas Pare,,Única,Faixa seccionada
2020-03-21 00:00:00,11:30:00,COM VÍTIMA,CASA AMARELA,AV NORTE,,CIDADE,ABALROAMENTO LONGITUDINAL,COLISAO COM VITIMA,1,1,,,,,,,,1,Longo da via,Bom,Perfeito estado,Seca,Perfeito estado,R-6a,,Dupla,Canteiro central
2020-03-21 00:00:00,19:55:00,COM VÍTIMA,CORDEIRO,AV GENERAL SAN MARTIN,,CIDADE,ABALROAMENTO TRANSVERSAL,AUTO X MOTO,1,1,,,,,,,,1,Cruzamento,Bom,Perfeito estado,Seca,Perfeito estado,R-6a,60 km/h,Dupla,
2020-03-21 00:00:00,23:49:00,COM VÍTIMA,CAMPO GRANDE,EST DE BELEM,26,CIDADE,ABALROAMENTO TRANSVERSAL,ONIBUS X MOTO   OBS : NAO DA PARA VER A PLACA DA MOTO DEVIDO A MESMA ESTA POR BAIXO DO ONIBUS,,1,,,,1,,,,1,Longo da via,Bom,Perfeito estado,Seca,Perfeito estado,Não há placas,,Dupla,Faixa contínua
2020-03-22 00:00:00,10:30:00,COM VÍTIMA,JARDIM SÃO PAULO,AV SAO PAULO,507,SUBURBIO,COLISÃO FRONTAL,COM UMA VITIMA SENDO ATENDIDA PELOS BOMBEIROS,1,1,,,,,,,,1,Longo da via,Bom,Perfeito estado,Seca,Perfeito estado,R-6a,,Dupla,Não existe
2020-03-22 00:00:00,13:18:00,COM VÍTIMA,COHAB,AV SERRA DA MANTIQUEIRA,,,COLISÃO,COLISÃO C/VITMA ENTRE UM ONIBUS E UMA MOTO (MOTOQUEIRO SOCORRIDO POR TERCEIROS),,1,,,,1,,,,1,,,,,,,,,
2020-03-23 00:00:00,08:45:00,SEM VÍTIMA,CASA FORTE,AV DEZESSETE DE AGOSTO,,CIDADE,COLISÃO,COLISÃO SEM VITIMAS  GM RENATO E WELLNGTON  QTH,1,1,,,,,,,,0,Cruzamento,Bom,Perfeito estado,Seca,Perfeito estado,Placas Pare,60 km/h,Dupla,
2020-03-23 00:00:00,14:48:00,COM VÍTIMA,BOA VIAGEM,RUA BALTAZAR PASSOS,,,CHOQUE OBJETO FIXO,COLISÃO COM VÍTIMA / UM DOS VEÍCULOS SE EVADIU DO LOCAL E O VEÍCULO QUE FICOU NO LOCAL SE CHOCOU COM UMA ARVORE,1,,,,,,,,,2,Cruzamento,Bom,Perfeito estado,Seca,Perfeito estado,Não há placas,,Única,Não existe
2020-03-23 00:00:00,17:49:00,COM VÍTIMA,CAMPO GRANDE,EST DE BELEM,,CIDADE,ABALROAMENTO TRANSVERSAL,,1,1,,,,,,,,1,Esquina,Bom,Perfeito estado,Seca,Perfeito estado,R-6a,,Dupla,Faixa contínua
2020-03-23 00:00:00,20:22:00,COM VÍTIMA,BOA VIAGEM,RUA DEZ DE JULHO,,SUBURBIO,ABALROAMENTO TRANSVERSAL,ENTRE ÕNIBUS E MOTO. C/V,,1,,,,1,,,,1,Cruzamento,Bom,Perfeito estado,Seca,Perfeito estado,Placas Pare,,Única,Faixa seccionada
2020-03-24 00:00:00,01:02:00,COM VÍTIMA,SANTO AMARO,AV DR JAYME DA FONTE,49,OLINDA,ABALROAMENTO TRANSVERSAL,COLISAO COM VITIMA AUTO E MOTO,1,1,,,,,,,,1,Cruzamento,Bom,Perfeito estado,Seca,Perfeito estado,R-26,60 km/h,Dupla,Faixa contínua
2020-03-24 00:00:00,13:53:00,SEM VÍTIMA,PINA,RUA BARREIROS,,CIDADE,CHOQUE OBJETO FIXO,FIAÇÃO EXPOSTA NA VIA APÓS CARRETA PASSAR NO LOCAL,,,,,,,,,1,0,Longo da via,Bom,Não existente,Seca,Perfeito estado,Não há placas,,Dupla,Não existe
2020-03-24 00:00:00,17:14:00,COM VÍTIMA,TORRÕES,RUA ONZE DE FEVEREIRO,,SUBURBIO,ABALROAMENTO TRANSVERSAL,C VITIMAS,1,1,,,,,,,,1,Cruzamento,Bom,Ilegível,Seca,Perfeito estado,Placas Pare,,Dupla,Faixa contínua
2020-03-25 00:00:00,08:15:00,SEM VÍTIMA,VÁRZEA,AV AFONSO OLINDENSE,,,CHOQUE OBJETO FIXO,COLISAO SEM VITIMAS,1,,,,,,,,,0,,,,,,,,,
2020-03-25 00:00:00,13:14:00,SEM VÍTIMA,BOA VIAGEM,AV BOA VIAGEM,,,COLISÃO,COLISÃO SEM VÍTIMA,1,,,,,,1,,,0,,,,,,,,,
2020-03-25 00:00:00,13:57:00,COM VÍTIMA,BOA VIAGEM,AV CONSELHEIRO AGUIAR,546,CIDADE,ABALROAMENTO LONGITUDINAL,COLISA ENTRE AUTO E MOTO COM UMA VITIMA,1,1,,,,,,,,1,Cruzamento,Bom,Perfeito estado,Seca,Perfeito estado,R-6a,60 km/h,Única,Faixa seccionada
2020-03-25 00:00:00,23:14:00,SEM VÍTIMA,AFOGADOS,RUA SAO MIGUEL,,SUBURBIO,ABALROAMENTO LONGITUDINAL,COLISÃO ENVOLVENDO ÔNIBUS DA ASA BRANCA E UM FOX PRETO,1,,,,,1,,,,0,Longo da via,Bom,Não existente,Seca,Perfeito estado,Não há placas,,Dupla,Não existe
2020-03-26 00:00:00,07:16:00,COM VÍTIMA,BEBERIBE,AV BEBERIBE,,,ABALROAMENTO TRANSVERSAL,DUAS MOTOS E UM AUTO PASSEIO,1,2,,,,,,,,1,Cruzamento,Bom,Perfeito estado,Seca,Perfeito estado,Outras,60 km/h,Dupla,Faixa contínua
2020-03-26 00:00:00,12:11:00,COM VÍTIMA,IBURA,AV DOIS RIOS,,SUBURBIO,ATROPELAMENTO,AUTO X PEDESTRE,1,,,,1,,,,,1,Longo da via,Bom,Perfeito estado,Seca,Perfeito estado,Não há placas,,Dupla,Faixa contínua
2020-03-26 00:00:00,15:01:00,COM VÍTIMA,DOIS IRMÃOS,RUA MANUEL DE MEDEIROS,,CIDADE,ATROPELAMENTO,ONIBUS X PEDESTRE,,,,,1,1,,,,1,Longo da via,Bom,Incompleta,Seca,Perfeito estado,R-6a,30 km/h,Dupla,Faixa seccionada
2020-03-26 00:00:00,17:33:00,COM VÍTIMA,CAMPO GRANDE,AV PROFESSOR JOSE DOS ANJOS,,,ATROPELAMENTO,ATOPELAMENTO/ C VITIMA,1,,,,1,,,,,1,,,,,,,,,
2020-03-26 00:00:00,20:29:00,COM VÍTIMA,CORDEIRO,AV MAURICIO DE NASSAU,,,COLISÃO TRASEIRA,COLISÃO ENTRE DOIS AUTOS C/V,2,,,,,,,,,1,Longo da via,Bom,Ilegível,Seca,Mal iluminada,Não há placas,,Dupla,Faixa contínua
2020-03-27 00:00:00,07:02:00,COM VÍTIMA,ESPINHEIRO,RUA CONS PORTELA,,,COLISÃO,AUTO E MOTO C/V,1,1,,,,,,,,1,,,,,,,,,
2020-03-27 00:00:00,09:21:00,COM VÍTIMA,TORREÃO,VDO PRESIDENTE MEDICI,,,COLISÃO TRASEIRA,COLISAO COM VITIMAS,1,1,,,,,,,,1,Viaduto,Bom,Perfeito estado,Seca,Perfeito estado,Não há placas,,Dupla,Canteiro central
2020-03-27 00:00:00,15:10:00,COM VÍTIMA,ARRUDA,RUA JOSE DE BARROS BEZERRA,,CIDADE,ABALROAMENTO TRANSVERSAL,COLISÃO COM VÍTIMA,1,1,,,,,,,,1,Longo da via,Bom,Perfeito estado,Seca,Perfeito estado,Placas Pare,,Dupla,Faixa seccionada
2020-03-27 00:00:00,17:01:00,SEM VÍTIMA,CASA AMARELA,EST DO ARRAIAL,,SUBURBIO,CHOQUE OBJETO FIXO,VEICULO CHOCOU COM UM POSTE VT 06 NO LOCAL,1,,,,,,,,,0,Longo da via,Bom,Perfeito estado,Seca,Perfeito estado,,,Única,Faixa seccionada
2020-03-27 00:00:00,20:23:00,COM VÍTIMA,AFLITOS,AV CONS ROSA E SILVA,,SUBURBIO,COLISÃO TRASEIRA,CITROEN X MOTO,,2,,,,,,,,1,Longo da via,Chuvoso,Perfeito estado,Molhada,Perfeito estado,Não há placas,,Única,Faixa seccionada
2020-03-29 00:00:00,06:40:00,SEM VÍTIMA,SANTO AMARO,AV PREFEITO ARTUR LIMA CAVALCANTI,,SUBURBIO,CHOQUE OBJETO FIXO,CAUSANDO DERRAMAMENTO DE ÓLEO NA VIA- PLACA: XXX VW MARCO POLO,,,,,,1,,,,0,Longo da via,Bom,Perfeito estado,,Perfeito estado,R-4a,,Única,Canteiro central
2020-03-29 00:00:00,15:58:00,COM VÍTIMA,TORRE,AV BEIRA RIO,,,COLISÃO TRASEIRA,COLISÃO COM VÍTIMA,1,1,,,,,,,,1,Longo da via,Chuvoso,Perfeito estado,Molhada,Perfeito estado,Não há placas,,Dupla,Faixa seccionada
2020-03-29 00:00:00,19:30:00,COM VÍTIMA,CAMPO GRANDE,AV PROFESSOR JOSE DOS ANJOS,,,CHOQUE OBJETO FIXO,ENTRE MOTO E AUTO PASSEIO. C/V,1,1,,,,,,,,2,Cruzamento,Bom,Perfeito estado,Seca,Perfeito estado,Não há placas,,Dupla,Faixa contínua
2020-03-29 00:00:00,21:27:00,COM VÍTIMA,GRAÇAS,RUA CONFEDERACAO DO EQUADOR,,ROSA E SILVA,COLISÃO COM CICLISTA,ENTRE AUTO E CICLISTA. C/V,1,,,1,,,,,,1,Longo da via,Bom,Perfeito estado,Seca,Perfeito estado,Não há placas,,Única,Não existe
2020-03-30 00:00:00,07:44:00,COM VÍTIMA,SÃO JOSÉ,RUA DA CONCORDIA,,,ABALROAMENTO TRANSVERSAL,DOIS AUTOS,2,,,,,,,,,1,Cruzamento,Chuvoso,Perfeito estado,Seca,Perfeito estado,Outras,,Única,Não existe
2020-03-30 00:00:00,08:29:00,COM VÍTIMA,MANGABEIRA,EST VELHA DE AGUA FRIA,306,SUBURBIO,ABALROAMENTO LONGITUDINAL,COM UMA VITIMA- CTTU NO LOCAL VT 09,,2,,,,,,,,1,Ponte,Chuvoso,Perfeito estado,Seca,Mal conservada,Não há placas,,Dupla,Faixa contínua
2020-03-30 00:00:00,10:22:00,SEM VÍTIMA,SÃO JOSÉ,RUA DA CONCORDIA,,,ABALROAMENTO TRANSVERSAL,COLISÃO SEM VÍTIMA COM VEÍCULO OFICIAL,2,,,,,,,,,0,Cruzamento,Chuvoso,Perfeito estado,Molhada,Perfeito estado,R-6a,,,Faixa seccionada
2020-03-30 00:00:00,12:02:00,SEM VÍTIMA,SÃO JOSÉ,RUA IMPERIAL,207,CIDADE,ABALROAMENTO TRANSVERSAL,SEM VITIMAS ENTRE UM AUTO PASSEIO E UMA VT DA PM,2,,,,,,,,,0,Cruzamento,Bom,Perfeito estado,Seca,Perfeito estado,Não há placas,,Única,Não existe
2020-03-30 00:00:00,13:18:00,COM VÍTIMA,IBURA,AV DOIS RIOS,,SUBURBIO,TOMBAMENTO,ACID. DE PERCURSO C/ VITIMA,,1,,,,,,,,1,Longo da via,Bom,Perfeito estado,Oleosa,Perfeito estado,Não há placas,,Dupla,Faixa contínua
2020-03-30 00:00:00,14:23:00,COM VÍTIMA,JAQUEIRA,RUA DO FUTURO,,,CAPOTAMENTO,CAPOTAMENTO COM VITIMAS,1,,,,,,,,,1,,,,,,,,,
2020-03-30 00:00:00,15:15:00,COM VÍTIMA,PINA,RUA JOSE MARIANO FILHO,,,ABALROAMENTO LONGITUDINAL,COLISÃO C/VITIMA ENTRE UM AUTO E UMA MOTO (MOTOQUEIRO SOB SUSPEITA DE EMBRIAGUEZ),1,1,,,,,,,,1,Longo da via,Bom,Não existente,Seca,Perfeito estado,Não há placas,,Dupla,Não existe
2020-03-31 00:00:00,04:24:00,COM VÍTIMA,BOA VIAGEM,AV BOA VIAGEM,,CIDADE,CHOQUE VEÍCULO PARADO,CONDUTOR PERDEU O CONTROLE DO VEICULO E CHOCOU-SE CONTRA OUTRO VEICULO ESTACIONADO NO BORDO DA VIA - C/VITIMA SOCORRIDA PELO CBPM,2,,,,,,,,,1,Longo da via,Chuvoso,Perfeito estado,Molhada,Perfeito estado,R-6b,60 km/h,Única,Faixa seccionada
2020-03-31 00:00:00,07:52:00,SEM VÍTIMA,TORRÕES,AV ENGENHEIRO ABDIAS DE CARVALHO,375,SUBURBIO,COLISÃO TRASEIRA,COLISAO S/ VITIMAS,3,,,,,,,,,0,Longo da via,Chuvoso,Incompleta,Molhada,Perfeito estado,R-4b,,,Faixa seccionada
2020-03-31 00:00:00,11:17:00,SEM VÍTIMA,BOA VIAGEM,RUA VISCONDE DE JEQUITINHONHA,154,SUBURBIO,ABALROAMENTO LONGITUDINAL,COLISAO S/ VITIMAS,2,,,,,,,,,0,Cruzamento,Chuvoso,Perfeito estado,Molhada,Perfeito estado,Outras,60 km/h,Única,Faixa contínua
2020-03-31 00:00:00,16:00:00,COM VÍTIMA,GRAÇAS,RUA DR BANDEIRA FILHO,,SUBURBIO,ATROPELAMENTO,COM VÍTIMA/ RODA SE SOLTOU DO VEÍCULO E BATEU EM UM PEDESTRE,1,,,,1,,,,,1,Longo da via,Bom,Não existente,Seca,Perfeito estado,Não há placas,,Única,Faixa contínua
2020-03-31 00:00:00,16:36:00,COM VÍTIMA,TORRÕES,EST DO FORTE DO ARRAIAL N. DO B. JESUS,,CIDADE,ABALROAMENTO LONGITUDINAL,COLISÃO COM VÍTIMA,1,1,,,,,,,,1,Esquina,Bom,Perfeito estado,Seca,Perfeito estado,R-34,40 km/h,Dupla,Faixa contínua
2020-03-31 00:00:00,17:41:00,COM VÍTIMA,IMBIRIBEIRA,RUA ALLAN KARDEC,,,ABALROAMENTO LONGITUDINAL,BATEDOR DA MOTO 32 E 11 NO LOCAL,1,1,,,,,,,,1,Cruzamento,Bom,,Seca,Perfeito estado,Outras,,Dupla,Não existe
2020-03-31 00:00:00,21:19:00,COM VÍTIMA,BOA VISTA,AV CONDE DA BOA VISTA,23,CIDADE,CHOQUE OBJETO FIXO,VT DA PM SE CHOCOU CONTRA O CANTEIRO CENTRAL. C/V,,,,,,,,1,,1,Longo da via,Chuvoso,Perfeito estado,Molhada,Perfeito estado,Outras,40 km/h,Dupla,Canteiro central
2020-03-31 00:00:00,22:14:00,SEM VÍTIMA,BOA VISTA,PTE DUARTE COELHO,,,ABALROAMENTO LONGITUDINAL,MOTO X VT DA PM,,1,,,,,,1,,0,Ponte,Bom,Perfeito estado,Seca,Perfeito estado,Não há placas,,Dupla,Faixa contínua
2020-04-01 00:00:00,14:25:00,COM VÍTIMA,PARNAMIRIM,RUA VIRGINIA LORETO,649,CIDADE,ABALROAMENTO TRANSVERSAL,COLISÃO C/VITIMAS ENTRE UM AUTO E UMA MOTO,1,1,,,,,,,,2,Esquina,Bom,Perfeito estado,Seca,Perfeito estado,Não há placas,40 km/h,Única,Faixa seccionada
2020-04-01 00:00:00,19:08:00,COM VÍTIMA,SANTO AMARO,RUA DR CARLOS CHAGAS,649,SUBURBIO,ABALROAMENTO LONGITUDINAL,COLISÃO ENTRE AUTO E MOTO C/V,1,1,,,,,,,,1,Esquina,Bom,Incompleta,Seca,Mal iluminada,Não há placas,,Única,Não existe
2020-04-01 00:00:00,21:51:00,COM VÍTIMA,CABANGA,AV SUL,211,CIDADE,COLISÃO COM CICLISTA,ÔNIBUS ATROPELOU UMA CRIANÇA. INFORMAÇÕES DO BOLETIM FÍSICO MOSTRAM QUE O ATROPELADO CONDUZIA UMA BICICLETA.,,,,1,,1,,,,1,Longo da via,Bom,Não existente,Seca,Perfeito estado,Não há placas,,Dupla,Não existe
2020-04-02 00:00:00,08:34:00,COM VÍTIMA,JORDÃO,AV MARECHAL MASCARENHAS DE MORAES,626,CIDADE,COLISÃO TRASEIRA,COLISÃO COM VITIMAS ENTRE DOIS AUTOS.,2,,,,,,,,,2,Longo da via,Chuvoso,Perfeito estado,Seca,Perfeito estado,Não há placas,60 km/h,Dupla,Canteiro central
2020-04-02 00:00:00,09:33:00,COM VÍTIMA,ILHA JOANA BEZERRA,AV BEIRA RIO,38,SUBURBIO,ABALROAMENTO LONGITUDINAL,AUTO E MOTO.,1,1,,,,,,,,1,Longo da via,Bom,Perfeito estado,Seca,Perfeito estado,Não há placas,,Dupla,Faixa contínua
2020-04-02 00:00:00,12:50:00,COM VÍTIMA,TORRE,RUA SOUZA BANDEIRA,317,CIDADE,ABALROAMENTO TRANSVERSAL,AUTO E MOTO.,1,1,,,,,,,,1,Cruzamento,Chuvoso,Perfeito estado,Molhada,Perfeito estado,R-6a,30 km/h,Dupla,Faixa contínua