data,hora,natureza,bairro,endereco,num_semaforo,sentido_via,tipo,auto,moto,ciclom,ciclista,pedestre,onibus,caminhao,viatura,outros,vitimas,vitimasfatais,acidente_verificado,tempo_clima,sinalizacao,condicao_via,conservacao_via,situacao_placa,velocidade_max_via,mao_direcao,divisao_via1
2020-04-02 00:00:00,18:52:00,COM VÍTIMA,CASA FORTE,AV DEZESSETE DE AGOSTO,,CIDADE,ABALROAMENTO LONGITUDINAL,ENTRE MOTO E AUTO. C/V,1,1,,,,,,,,1,Longo da via,Bom,Perfeito estado,Seca,Perfeito estado,Não há placas,60 km/h,Dupla,Faixa
2020-04-02 00:00:00,21:20:00,SEM VÍTIMA,PAISSANDU,RUA HENRIQUE DIAS,,,COLISÃO,MOTO X AUTO     OBS: SUSPEITA DE EMBRIAGUEZ,1,1,,,,,,,,0,,,,,,,,,
2020-04-03 00:00:00,02:18:00,COM VÍTIMA,ÁGUA FRIA,RUA DA REGENERACAO,,SUBURBIO,COLISÃO FRONTAL,COLISÃO ENTRE AUTO E CINQUENTINHA . VEÍCULO SE EVADIU E O PROPRIETÁRIO DA MOTOCICLETA FOI SOCORRIDO PELO SAMU.,1,,1,,,,,,,1,Longo da via,Chuvoso,Perfeito estado,Molhada,Perfeito estado,,,Dupla,Não existe
2020-04-03 00:00:00,12:50:00,COM VÍTIMA,JAQUEIRA,RUA DO FUTURO,,SUBURBIO,COLISÃO COM CICLISTA,COLISAO COM VITIMAS,1,,,1,,,,,,1,Longo da via,Bom,Perfeito estado,Seca,,Outras,40 km/h,Única,Não existe
2020-04-03 00:00:00,13:41:00,COM VÍTIMA,MADALENA,AV BEIRA RIO,630,SUBURBIO,ABALROAMENTO TRANSVERSAL,COLISAO COM VITIMAS,1,1,,,,,,,,1,Cruzamento,Bom,Perfeito estado,Seca,Perfeito estado,Outras,,Única,Não existe
2020-04-03 00:00:00,18:36:00,COM VÍTIMA,ÁGUA FRIA,RUA BELO JARDIM,,,COLISÃO,COLISÃO ENTRE DUAS MOTOS C/V,,2,,,,,,,,2,,,,,,,,,
2020-04-04 00:00:00,08:28:00,COM VÍTIMA,BOA VISTA,RUA JOAO LIRA,308,RUA DO HOSPÍCIO,ABALROAMENTO TRANSVERSAL,DUAS MOTO E UM ÔNIBUS.,,2,,,,1,,,,1,Cruzamento,Chuvoso,Perfeito estado,Seca,Perfeito estado,Outras,,Única,Faixa seccionada
2020-04-04 00:00:00,13:03:00,COM VÍTIMA,IMBIRIBEIRA,PTE DO MOTOCOLOMBO,,CIDADE,ABALROAMENTO LONGITUDINAL,COLISAO ENTRE AUTO E MOTO COM UMA VITIMA,1,1,,,,,,,,1,Ponte,Bom,Incompleta,Seca,Perfeito estado,Outras,60 km/h,Dupla,Canteiro central
2020-04-14 00:00:00,19:31:00,COM VÍTIMA,AREIAS,AV CAPITAO GREGORIO DE CALDAS,494,AEROPORTO,COLISÃO TRASEIRA,AUTO E MOTO.,1,1,,,,,,,,1,Longo da via,Bom,Perfeito estado,Seca,Perfeito estado,,,Dupla,Faixa seccionada
2020-04-15 00:00:00,02:42:00,COM VÍTIMA,BOA VIAGEM,AV BOA VIAGEM,,CIDADE,COLISÃO COM CICLISTA,AUTO E BICICLETA.,1,,,1,,,,,,2,Longo da via,Bom,Perfeito estado,Seca,Perfeito estado,,60 km/h,Única,Faixa seccionada
2020-04-15 00:00:00,08:25:00,SEM VÍTIMA,BOA VISTA,RUA DA AURORA,22,,ABALROAMENTO LONGITUDINAL,,2,,,,,,,,,0,Cruzamento,Bom,Perfeito estado,Seca,Perfeito estado,,40 km/h,,
2020-04-15 00:00:00,19:16:00,COM VÍTIMA,PINA,AV ENGENHEIRO DOMINGOS FERREIRA,324,SUBURBIO,ABALROAMENTO LONGITUDINAL,COLISÃO ENTRE DUAS MOTOS C/V,,2,,,,,,,,1,Longo da via,Bom,Perfeito estado,Seca,Perfeito estado,,60 km/h,Única,Canteiro central
2020-04-16 00:00:00,06:52:00,COM VÍTIMA,CASA AMARELA,AV NORTE,312,CIDADE,COLISÃO TRASEIRA,COLISÃO COM VITIMA A ESPERA DO SAMU,1,1,,,,,,,,1,Cruzamento,Chuvoso,Perfeito estado,Molhada,Perfeito estado,Não há placas,,Dupla,Faixa seccionada
2020-04-16 00:00:00,07:45:00,COM VÍTIMA,DERBY,RUA JENER DE SOUZA,,,COLISÃO TRASEIRA,VITIMA A ESPERA DO SAMU  GM IDENILSON QTH,,2,,,,,,,,2,Cruzamento,Chuvoso,Perfeito estado,Molhada,Perfeito estado,R-26,40 km/h,Única,Canteiro central
2020-04-16 00:00:00,08:49:00,COM VÍTIMA,DERBY,AV GOVERNADOR AGAMENON MAGALHAES,,BOA VIAGEM,TOMBAMENTO,,,1,,,,,,,,1,Longo da via,Chuvoso,Perfeito estado,Molhada,Perfeito estado,Outras,60 km/h,Dupla,Canteiro central
2020-04-16 00:00:00,09:39:00,COM VÍTIMA,ROSARINHO,AV NORTE,81,CIDADE,TOMBAMENTO,,,1,,,,,,,,1,Longo da via,Chuvoso,Perfeito estado,Molhada,Perfeito estado,R-6a,,Dupla,Faixa contínua
2020-04-16 00:00:00,09:49:00,COM VÍTIMA,CASA AMARELA,AV NORTE,312,CIDADE,COLISÃO COM CICLISTA,VITIMA SOCORRIDA PELO  SAMU,1,,,1,,,,,,1,Cruzamento,Chuvoso,Perfeito estado,Molhada,Perfeito estado,Não há placas,,Dupla,Faixa seccionada
2020-04-16 00:00:00,10:13:00,SEM VÍTIMA,AFOGADOS,RUA DA PAZ,,,COLISÃO,SEM VÍTIMA,1,,,,,1,,,,0,,,,,,,,,
2020-04-16 00:00:00,16:09:00,COM VÍTIMA,SANTO ANTÔNIO,AV DANTAS BARRETO,,,ATROPELAMENTO,ONIBUS ATROPELOU UM PEDESTRE,,,,,1,1,,,,1,Longo da via,Chuvoso,Ilegível,Molhada,Mal conservada,Outras,,Única,Canteiro central
2020-04-16 00:00:00,18:51:00,COM VÍTIMA,ILHA DO LEITE,RUA GENERAL JOAQUIM INACIO,69,SUBURBIO,COLISÃO TRASEIRA,ENVOLVENDO MOTO DA CTTU E AUTO PASSEIO,1,1,,,,,,,,1,Longo da via,Chuvoso,Perfeito estado,Molhada,Perfeito estado,Não há placas,40 km/h,Única,Faixa contínua
2020-04-17 00:00:00,02:35:00,COM VÍTIMA,SÃO JOSÉ,AV SUL,,SUBURBIO,COLISÃO FRONTAL,,,1,,,,1,,,,1,Longo da via,Bom,Incompleta,Seca,Mal iluminada,Não há placas,60 km/h,Dupla,Não existe
2020-04-17 00:00:00,11:40:00,COM VÍTIMA,TORREÃO,AV NORTE,56,CIDADE,COLISÃO TRASEIRA,AUTO E MOTO C VÍTIMA,1,1,,,,,,,,1,Longo da via,Bom,Perfeito estado,Seca,Perfeito estado,R-26,60 km/h,Dupla,Canteiro central
2020-04-17 00:00:00,12:13:00,COM VÍTIMA,IPUTINGA,AV MAURICIO DE NASSAU,,CIDADE,TOMBAMENTO,MOTO,,1,,,,,,,,1,Longo da via,Bom,Não existente,Seca,Mal conservada,Não há placas,,Dupla,Não existe
2020-04-17 00:00:00,13:19:00,SEM VÍTIMA,ENCRUZILHADA,RUA VINTE E QUATRO DE JUNHO,,SUBURBIO,ABALROAMENTO LONGITUDINAL,SEM VITIMAS,2,,,,,,,,,0,,Bom,Perfeito estado,Seca,Perfeito estado,Placas Pare,,Única,Não existe
2020-04-17 00:00:00,17:37:00,COM VÍTIMA,GRAÇAS,AV GOVERNADOR AGAMENON MAGALHAES,173,,COLISÃO TRASEIRA,COLISAO COM VITIMAS,1,1,,,,,,,,1,Cruzamento,Bom,Perfeito estado,Seca,Perfeito estado,,60 km/h,Dupla,Canal
2020-04-17 00:00:00,18:44:00,SEM VÍTIMA,LINHA DO TIRO,RUA URIEL DE HOLANDA,,,ABALROAMENTO LONGITUDINAL,COLISÃO ENTRE MOTO E VIATURA DA POLÍCIA MILITAR,1,1,,,,,,,,0,Longo da via,Chuvoso,Perfeito estado,Molhada,Mal conservada,Não há placas,40 km/h,Dupla,Faixa contínua
2020-04-17 00:00:00,20:20:00,SEM VÍTIMA,,RUA DEZ DE JULHO,,SUBURBIO,ABALROAMENTO LONGITUDINAL,COLISÃO ENTRE DOIS AUTOSS/V,2,,,,,,,,,0,Cruzamento,Bom,Perfeito estado,Seca,Perfeito estado,Placas Pare,,Dupla,Faixa contínua
2020-04-18 00:00:00,11:04:00,SEM VÍTIMA,BOA VIAGEM,AV ENGENHEIRO DOMINGOS FERREIRA,155,SUBURBIO,ABALROAMENTO TRANSVERSAL,COLISÃO SEM VITIMAS GM LEONARDO QTH,2,,,,,,,,,0,Cruzamento,Bom,Perfeito estado,Seca,Perfeito estado,Outras,,Dupla,Canteiro central
2020-04-18 00:00:00,12:29:00,SEM VÍTIMA,SANTO AMARO,RUA MARQUÊS DO POMBAL,,,COLISÃO FRONTAL,COLISÃO SEM VÍTIMA,2,,,,,,,,,0,Cruzamento,Bom,Perfeito estado,Seca,Perfeito estado,Placas Pare,30 km/h,Dupla,Faixa seccionada
2020-04-18 00:00:00,13:33:00,COM VÍTIMA,VÁRZEA,AV PROFESSOR ARTUR DE SA,,CIDADE,ABALROAMENTO TRANSVERSAL,COLISAO ENTRE MOTO E AUTO COM UMA VITIMA,1,1,,,,,,,,1,Longo da via,Bom,Perfeito estado,Seca,Perfeito estado,Não há placas,,Dupla,Faixa contínua
2020-04-18 00:00:00,18:52:00,COM VÍTIMA,CAMPO GRANDE,RUA ODORICO MENDES,,CIDADE,ABALROAMENTO TRANSVERSAL,ENTRE AUTO E MOTO. C/V,1,1,,,,,,,,1,Cruzamento,Bom,Perfeito estado,Seca,Perfeito estado,Outras,,Dupla,Faixa seccionada
2020-04-19 00:00:00,01:46:00,SEM VÍTIMA,TORRE,RUA JOSE BONIFACIO,576,SUBURBIO,CHOQUE OBJETO FIXO,UM VEICULO CHOCOU-SE COM UM POSTE- VINDO O POSTE CAIR NO MEIO DA VIA OCUPANDO TRÊS FAIXA DA VIA.,1,,,,,,,,,0,Longo da via,Bom,Perfeito estado,Seca,Perfeito estado,Não há placas,,Única,Faixa contínua
2020-04-19 00:00:00,02:39:00,COM VÍTIMA,ILHA DO RETIRO,EST DOS REMEDIOS,390,SUBURBIO,CAPOTAMENTO,CAPOTAMENTO SEGUIDO DE CHOQUE EM VEÍCULO PARADO.,4,,,,,,,,,1,Longo da via,Bom,Perfeito estado,Seca,Perfeito estado,Não há placas,,Única,Faixa seccionada
2020-04-19 00:00:00,06:40:00,COM VÍTIMA,BOA VISTA,AV GOVERNADOR AGAMENON MAGALHAES,78,SUBURBIO,ABALROAMENTO TRANSVERSAL,,1,1,,,,,,,,1,Cruzamento,Chuvoso,Perfeito estado,Molhada,Perfeito estado,Outras,,Única,Canteiro central
2020-04-19 00:00:00,08:08:00,COM VÍTIMA,GRAÇAS,AV RUI BARBOSA,562,CIDADE,COLISÃO TRASEIRA,MOTO E AUTO / VT 18 NO QTH,1,1,,,,,,,,1,Longo da via,Chuvoso,Perfeito estado,Molhada,Perfeito estado,Outras,,Única,
2020-04-19 00:00:00,10:54:00,COM VÍTIMA,BOA VIAGEM,AV ENGENHEIRO DOMINGOS FERREIRA,217,,ABALROAMENTO TRANSVERSAL,DOIS AUTOS //,2,,,,,,,,,1,Cruzamento,Bom,Perfeito estado,Seca,Perfeito estado,Outras,60 km/h,Única,Canteiro central
2020-04-19 00:00:00,15:21:00,COM VÍTIMA,JIQUIÁ,RUA SAO MIGUEL,,SUBURBIO,ABALROAMENTO TRANSVERSAL,COLISAO COM VITIMAS,1,1,,,,,,,,1,Longo da via,Bom,Perfeito estado,Seca,Perfeito estado,Não há placas,,Dupla,Faixa contínua
2020-04-19 00:00:00,15:35:00,COM VÍTIMA,ILHA DO RETIRO,AV BEIRA RIO,,CIDADE,COLISÃO TRASEIRA,COM VITIMAS,1,1,,,,,,,,1,Longo da via,Bom,Perfeito estado,Seca,Perfeito estado,Não há placas,30 km/h,Dupla,Faixa contínua
2020-04-19 00:00:00,19:06:00,COM VÍTIMA,VASCO DA GAMA,AV NORTE,66,SUBURBIO,ABALROAMENTO TRANSVERSAL,AUTO X MOTO C/VITIMA,1,1,,,,,,,,1,Cruzamento,Bom,Perfeito estado,Seca,Perfeito estado,Outras,,Dupla,Canteiro central
2020-04-20 00:00:00,06:55:00,COM VÍTIMA,CAMPO GRANDE,RUA FARIAS NEVES,,SUBURBIO,ABALROAMENTO TRANSVERSAL,ONIBUS E AUTO,1,,,,,1,,,,1,Cruzamento,Bom,Ilegível,Seca,Perfeito estado,Não há placas,,Dupla,Não existe
2020-04-20 00:00:00,08:40:00,COM VÍTIMA,SANTO AMARO,RUA DOS PALMARES,,CIDADE,ATROPELAMENTO,VITIMA A ESPERA DO SAMU,1,,,,1,,,,,1,Longo da via,Bom,,Seca,Perfeito estado,,,Dupla,Canteiro central
2020-04-20 00:00:00,11:18:00,SEM VÍTIMA,IMBIRIBEIRA,AV MARECHAL MASCARENHAS DE MORAES,,,COLISÃO,COLISÃO SEM VITIMAS,,,,,,,1,,1,0,,,,,,,,,
2020-04-20 00:00:00,14:20:00,COM VÍTIMA,IBURA,AV DOM HELDER CAMARA,,SUBURBIO,CHOQUE OBJETO FIXO,CHOQUE EM POSTE DE ILUMINAÇÃO PÚBLICA,1,,,,,,,,,1,Longo da via,Bom,Perfeito estado,Seca,Perfeito estado,Outras,,Única,Faixa
2020-04-21 00:00:00,00:42:00,SEM VÍTIMA,BREJO DA GUABIRABA,AV VEREADOR OTACILIO AZEVEDO,,SUBURBIO,ABALROAMENTO LONGITUDINAL,COLISÃO ENTRE DOIS VEÍCULOS.,1,,,,,,1,,,0,Longo da via,Bom,Não existente,Seca,Perfeito estado,Não há placas,,Dupla,Não existe
2020-04-21 00:00:00,02:29:00,SEM VÍTIMA,BOA VIAGEM,RUA VISCONDE DE JEQUITINHONHA,129,SUBURBIO,CHOQUE OBJETO FIXO,PDE 5322 - ONIX - VEÍCULO CHOCOU-SE CONTRA UM POSTE,1,,,,,,,,,0,Cruzamento,Bom,Perfeito estado,Seca,Perfeito estado,Não há placas,,Única,Faixa seccionada
2020-04-21 00:00:00,21:45:00,SEM VÍTIMA,CORDEIRO,RUA QUATA,,,CHOQUE VEÍCULO PARADO,AUTO CHOCOU-SE EM UM AUTO QUE ESTAVA ESTACIONADO- MOTORISTA DO VEÍCULO APRESENTA SINTOMAS DE EMBRIAGUEZ,2,,,,,,,,,0,,,,,,,,,
2020-04-22 00:00:00,14:06:00,SEM VÍTIMA,IPSEP,AV RECIFE,,,COLISÃO FRONTAL,HR: YYYY X Classic: ZZZ - COLISÃO FRONTAL,1,1,,,,,,,,0,Longo da via,Chuvoso,Perfeito estado,Molhada,Perfeito estado,Não há placas,,Dupla,Canteiro central
2020-04-22 00:00:00,14:30:00,COM VÍTIMA,BOA VISTA,AV JOAO DE BARROS,,,COLISÃO,COLISAO ENTRE AUTO E MOTO COM UMA VITIMA,1,1,,,,,,,,1,,,,,,,,,
2020-04-22 00:00:00,16:14:00,SEM VÍTIMA,TORRÕES,RUA ZUMBI DOS PALMARES,,SUBURBIO,ABALROAMENTO TRANSVERSAL,COLISÃO COM VÍTIMA,,2,,,,,,,,0,Longo da via,Bom,Não existente,Seca,Mal conservada,Não há placas,,Dupla,Não existe
2020-04-22 00:00:00,22:34:00,COM VÍTIMA,BOA VIAGEM,AV ENGENHEIRO DOMINGOS FERREIRA,,,COLISÃO,AUTO X MOTO. C/V,1,1,,,,,,,,1,,,,,,,,,
2020-04-22 00:00:00,23:40:00,COM VÍTIMA,ILHA DO RETIRO,AV ENGENHEIRO ABDIAS DE CARVALHO,355,SUBURBIO,COLISÃO FRONTAL,DOIS AUTOS,2,,,,,,,,,1,Cruzamento,Chuvoso,Perfeito estado,Seca,Perfeito estado,,60 km/h,Dupla,Canteiro central
2020-04-23 00:00:00,05:04:00,SEM VÍTIMA,GRAÇAS,AV RUI BARBOSA,,CIDADE,CHOQUE OBJETO FIXO,O USUÁRIO INFORMA QUE AO PASSAR NO LOCAL VISUALIZOU O CHOQUE DO VEÍCULO NO MURO DO MUSEU DO ESTADO. VEÍCULO ESTAVA ABANDONADO. NÃO SABE INFORMAR SE HOUVE VÍTIMA.,1,,,,,,,,,0,Longo da via,Chuvoso,,Seca,Perfeito estado,,60 km/h,Única,
2020-04-23 00:00:00,21:05:00,COM VÍTIMA,IBURA,RUA AFONSO CUNHA,,SUBURBIO,COLISÃO FRONTAL,COLISÃO ENTRE DUAS MOTOS- COM VÍTIMA,,2,,,,,,,,1,Longo da via,Bom,Não existente,Seca,Perfeito estado,Não há placas,30 km/h,Dupla,Não existe
2020-04-23 00:00:00,21:47:00,VÍTIMA FATAL,BOA VIAGEM,RUA ERNESTO DE PAULA SANTOS,,ORLA DE BOA VIAGEM,ABALROAMENTO TRANSVERSAL,COLISÃO ENTRE AUTO E MOTO- COM VÍTIMA FATAL,1,1,,,,,,,,1,Cruzamento,Bom,Não existente,Seca,Mal iluminada,Não há placas,,Única,Não existe
2020-04-24 00:00:00,14:53:00,COM VÍTIMA,AFOGADOS,RUA MOTOCOLOMBO,,SUBURBIO,TOMBAMENTO,CONDUTOR DA MOTO PARA EVITAR ATROPELAMENTO - FEZ DESVIO DE UMA SRa. VINDO A DERRAPAR E CAIU,,1,,,,,,,,1,Longo da via,Chuvoso,Perfeito estado,Molhada,Perfeito estado,Não há placas,,Única,Outros
2020-04-24 00:00:00,19:36:00,COM VÍTIMA,BOA VIAGEM,RUA DEZ DE JULHO,,SUBURBIO,ABALROAMENTO TRANSVERSAL,TAXI X ONIBUS BORBOREMA X MOTO,1,1,,,,1,,,,1,Cruzamento,Chuvoso,Perfeito estado,Molhada,Perfeito estado,Placas Pare,,Única,Faixa seccionada
2020-04-25 00:00:00,07:45:00,COM VÍTIMA,MACAXEIRA,AV NORTE,,SUBURBIO,COLISÃO TRASEIRA,COM UMA VITIMA AGUARDANDO SAMU,,1,,,,1,,,,1,Longo da via,Bom,Perfeito estado,Seca,Perfeito estado,Outras,,Dupla,Blocos
2020-04-25 00:00:00,14:00:00,COM VÍTIMA,ESTÂNCIA,AV RECIFE,,BOA VIAGEM,TOMBAMENTO,MOTOQUERIO CAIU SOZINHO,,1,,,,,,,,1,Longo da via,Bom,Perfeito estado,Seca,Perfeito estado,Não há placas,,Dupla,Faixa contínua
2020-04-26 00:00:00,00:04:00,COM VÍTIMA,AFOGADOS,RUA SAO MIGUEL,,,COLISÃO,COLISÃO C/VITIMA - AUTO X MOTO,1,1,,,,,,,,2,,,,,,,,,
2020-04-26 00:00:00,06:29:00,SEM VÍTIMA,ENCRUZILHADA,AV JOAO DE BARROS,,CIDADE,CAPOTAMENTO,CAPOTAMENTO S/V - CONDUTOR SE EVADIU EM SEGUIDA- ABANDONANDO O VEICULO NA VIA,1,,,,,,,,,0,Longo da via,Chuvoso,Perfeito estado,Molhada,Perfeito estado,Outras,,Única,Faixa contínua
2020-04-27 00:00:00,07:30:00,SEM VÍTIMA,DERBY,AV GOVERNADOR AGAMENON MAGALHAES,75,BOA VIAGEM,COLISÃO,SEM VITIMAS -USUARIO COM SINTOMAS DE EMBRIAGUES/VT GM EVANDRO-GM EVERTON SILVA PONTO FIXO,2,,,,,,,,,0,Longo da via,Chuvoso,Perfeito estado,Molhada,Perfeito estado,Outras,60 km/h,Dupla,Faixa seccionada
2020-04-27 00:00:00,11:35:00,COM VÍTIMA,BOA VIAGEM,RUA DOS NAVEGANTES,,,ABALROAMENTO TRANSVERSAL,DOIS AUTOS,2,,,,,,,,,1,Cruzamento,Chuvoso,Perfeito estado,Seca,Perfeito estado,Placas Pare,,Única,Faixa seccionada
2020-04-27 00:00:00,16:45:00,SEM VÍTIMA,ENCRUZILHADA,,,SUB/CID,ABALROAMENTO LONGITUDINAL,COLISÃO SEM VITIMA,2,,,,,,,,,0,Cruzamento,Bom,Perfeito estado,Seca,Perfeito estado,Placas Pare,,Única,
2020-04-28 00:00:00,08:31:00,COM VÍTIMA,CIDADE UNIVERSITÁRIA,AV PROFESSOR LUIZ FREIRE,,CIDADE,TOMBAMENTO,COLISÃO COM VÍTIMA/ ACIDENTE DE PERCURSO,,1,,,,,,,,1,Longo da via,Bom,Perfeito estado,Seca,Perfeito estado,Outras,40 km/h,Dupla,Faixa seccionada
2020-04-28 00:00:00,08:40:00,COM VÍTIMA,TORRE,RUA CONDE DE IRAJA,630,SUBURBIO,ABALROAMENTO TRANSVERSAL,COLISAO ENDRE AUTO/ MOTO,1,1,,,,,,,,1,Cruzamento,Bom,Perfeito estado,Seca,Perfeito estado,Placas Pare,,Dupla,Faixa contínua
2020-04-28 00:00:00,13:26:00,COM VÍTIMA,MADALENA,AV ENGENHEIRO ABDIAS DE CARVALHO,328,SUBURBIO,ABALROAMENTO LONGITUDINAL,COLISÃO COM VÍTIMA,,1,,,,,,,1,2,Longo da via,Bom,Perfeito estado,Seca,Perfeito estado,Outras,60 km/h,Dupla,Canteiro central
2020-04-28 00:00:00,13:32:00,COM VÍTIMA,TAMARINEIRA,RUA CONEGO BARATA,,CIDADE,COLISÃO TRASEIRA,COLISAO ENTRE AUTO E MOTO COM UMA VITIMA GM ESDRAS DE OLIVEIRA NO LOCAL,1,1,,,,,,,,1,Longo da via,Bom,Perfeito estado,Seca,Perfeito estado,R-6a,,Dupla,Canteiro central
2020-04-29 00:00:00,07:45:00,COM VÍTIMA,BARRO,AV DR JOSE RUFINO,,CIDADE,ABALROAMENTO TRANSVERSAL,COM DUAS VITIMAS AGUARDANDO SAMU,1,1,,,,,,,,2,Longo da via,Bom,Perfeito estado,Seca,Perfeito estado,R-6a,,Dupla,Faixa contínua
2020-04-29 00:00:00,11:14:00,SEM VÍTIMA,BAIRRO DO RECIFE,PTE BUARQUE DE MACEDO,,SUBURBIO,COLISÃO,SEM VITIMAS,1,,,,,,,1,,0,Cruzamento,Bom,Perfeito estado,Seca,Perfeito estado,Outras,,Única,Faixa seccionada
2020-04-29 00:00:00,11:35:00,COM VÍTIMA,DERBY,AV GOVERNADOR AGAMENON MAGALHAES,75,SUBURBIO,ABALROAMENTO LONGITUDINAL,COM UMA VITIMA SOCORRIDA PELO SAMU,,1,,,,,,1,,1,Cruzamento,Bom,Perfeito estado,Seca,Perfeito estado,Outras,60KM,Dupla,Canal
2020-04-29 00:00:00,13:41:00,COM VÍTIMA,IBURA,AV DOIS RIOS,,CIDADE,COLISÃO FRONTAL,COLISÃO C/VITIMA ENTRE UM AUTO E MOTO,1,1,,,,,,,,1,Longo da via,Bom,Ilegível,Seca,Perfeito estado,Outras,,Dupla,Faixa contínua
2020-04-29 00:00:00,14:05:00,COM VÍTIMA,IPUTINGA,RUA BOM PASTOR,8,SUBURBIO,COLISÃO TRASEIRA,COLISÃO C/VITIMA ENTRE TRÊS AUTOS,3,,,,,,,,,1,Longo da via,Bom,Incompleta,Seca,Mal conservada,R-6a,,Única,Não existe
2020-04-29 00:00:00,16:42:00,COM VÍTIMA,CORDEIRO,RUA PROFESSOR JOAQUIM XAVIER DE BRITO,541,SUBURBIO,ABALROAMENTO TRANSVERSAL,COLISÃO C/VITIMAS ENTRE UMA MOTO E UM AUTO,1,1,,,,,,,,2,Cruzamento,Bom,Perfeito estado,Seca,Perfeito estado,R-5a,,Dupla,Faixa contínua
2020-04-30 00:00:00,00:36:00,COM VÍTIMA,CASA AMARELA,AV NORTE,677,SUBURBIO,COLISÃO,COLISÃO AUTO X MOTO C/VITIMA,1,1,,,,,,,,1,,,,,,,,,
2020-04-30 00:00:00,06:02:00,SEM VÍTIMA,BOA VIAGEM,AV BOA VIAGEM,,,COLISÃO,COLISÃO SEM VITIMAS,1,,,,,,,1,,0,Cruzamento,Chuvoso,Perfeito estado,Molhada,Perfeito estado,Não há placas,,Única,Faixa contínua
2020-04-30 00:00:00,11:32:00,COM VÍTIMA,BOA VIAGEM,AVENIDA CELSO FURTADO (VIA MANGUE),,CIDADE,COLISÃO TRASEIRA,AUTO E MOTO C/V,1,1,,,,,,,,1,Longo da via,Chuvoso,Perfeito estado,Seca,Perfeito estado,Não há placas,60 km/h,Única,Faixa contínua
2020-04-30 00:00:00,16:02:00,COM VÍTIMA,ROSARINHO,AV NORTE,81,SUBURBIO,TOMBAMENTO,COM VÍTIMA,,1,,,,,,,,2,Longo da via,Chuvoso,Perfeito estado,Molhada,Perfeito estado,Outras,,Dupla,Canteiro central
2020-04-30 00:00:00,19:18:00,COM VÍTIMA,AFOGADOS,RUA SAO MIGUEL,,SUBURBIO,COLISÃO FRONTAL,MOTO X 2 AUTOS,2,1,,,,,,,,2,Longo da via,Bom,Perfeito estado,Seca,Perfeito estado,Não há placas,50 km/h,Dupla,Faixa contínua
2020-04-30 00:00:00,20:26:00,COM VÍTIMA,ILHA JOANA BEZERRA,RUA MIRANDOPOLIS,,CIDADE,ATROPELAMENTO,ENTRE ÔNIBUS E 2 PEDESTRES. C/V,,,,,2,1,,,,2,Outros,Chuvoso,Perfeito estado,Molhada,Perfeito estado,Não há placas,,Única,Canteiro central
2020-05-01 00:00:00,09:52:00,COM VÍTIMA,SANTO AMARO,RUA FREI CASSIMIRO,,,COLISÃO COM CICLISTA,MOTO E CICLISTA,,1,,1,,,,,,1,,,,,,,,,
2020-05-01 00:00:00,12:18:00,COM VÍTIMA,SANTO AMARO,AV NORTE,,,COLISÃO,Duas motos,,2,,,,,,,,1,,,,,,,,,
2020-05-01 00:00:00,12:58:00,COM VÍTIMA,CABANGA,PTE GOVERNADOR PAULO GUERRA,,SUBURBIO,COLISÃO,COLIÇÃO COM VITIMA ENTRE MOTOCICLETA E CARROÇA DE TRAÇÃO ANIMAL.,,1,,,,,,,1,1,Longo da via,Bom,Perfeito estado,Seca,Perfeito estado,Não há placas,,Única,Faixa seccionada
2020-05-01 00:00:00,18:00:00,SEM VÍTIMA,LINHA DO TIRO,AV CHAGAS FERREIRA,,SUBURBIO,ABALROAMENTO TRANSVERSAL,COLISAO ENTRE AUTO E MOTO- MOTOCICLISTA COM SINAL DE EMBRIAGUES,1,1,,,,,,,,0,,,,,,,,,
2020-05-01 00:00:00,18:59:00,COM VÍTIMA,MADALENA,RUA BENFICA,,CIDADE,ABALROAMENTO TRANSVERSAL,COLISÃO DUAS MOTOS C/VITIMA. UMA DAS PARTES ENVOLVIDAS SE EVADIU DO LOCAL.,,2,,,,,,,,2,Longo da via,Bom,,Seca,Perfeito estado,Não há placas,,Única,Faixa seccionada
2020-05-01 00:00:00,19:52:00,COM VÍTIMA,ÁGUA FRIA,RUA LADEIRA DE PEDRA,,CIDADE,ATROPELAMENTO,MOTO X PEDESTRE,,1,,,1,,,,,2,Longo da via,Bom,Não existente,Seca,Perfeito estado,Não há placas,,,