data,hora,natureza,bairro,endereco,num_semaforo,sentido_via,tipo,auto,moto,ciclom,ciclista,pedestre,onibus,caminhao,viatura,outros,vitimas,vitimasfatais,acidente_verificado,tempo_clima,sinalizacao,condicao_via,conservacao_via,situacao_placa,velocidade_max_via,mao_direcao,divisao_via1
2020-05-02 00:00:00,10:05:00,SEM VÍTIMA,TEJIPIÓ,AV LIBERDADE,,,COLISÃO,,2,,,,,,,,,0,,,,,,,,,
2020-05-02 00:00:00,11:43:00,COM VÍTIMA,JORDÃO,AV MARIA IRENE,,SUBURBIO,ABALROAMENTO LONGITUDINAL,AUTO E MOTO.,1,1,,,,,,,,2,Longo da via,Bom,Perfeito estado,Seca,Perfeito estado,Não há placas,40 km/h,Dupla,Faixa contínua
2020-05-02 00:00:00,16:28:00,COM VÍTIMA,BOA VIAGEM,RUA ERNESTO DE PAULA SANTOS,127,,ABALROAMENTO TRANSVERSAL,MOTOCICLETA E AUTO PASSEIO,1,1,,,,,,,,1,Cruzamento,Bom,Perfeito estado,Seca,Perfeito estado,Outras,60 km/h,Única,Faixa
2020-05-02 00:00:00,16:49:00,COM VÍTIMA,BOA VIAGEM,AV CONSELHEIRO AGUIAR,,,COLISÃO,MOTOCICLETA E AUTO PASSEIO,1,1,,,,,,,,1,,,,,,,,,
2020-05-02 00:00:00,22:25:00,SEM VÍTIMA,ALTO SANTA TERESINHA,RUA TAMBOARA,,,COLISÃO,ENVOLVIDO COM SINTOMA DE EMBREAGUÊS,1,1,,,,,,,,0,Outros,Bom,Ilegível,Seca,Perfeito estado,Outras,,Dupla,Faixa seccionada
2020-05-03 00:00:00,06:25:00,COM VÍTIMA,TORRE,RUA CONDE DE IRAJA,,SUBURBIO,COLISÃO COM CICLISTA,AUTO E BICICLETA.,1,,,1,,,,,,1,Cruzamento,Chuvoso,,Molhada,Perfeito estado,,,Única,Faixa contínua
2020-05-03 00:00:00,15:57:00,COM VÍTIMA,AREIAS,AV DR JOSE RUFINO,44,SUBURBIO,ABALROAMENTO TRANSVERSAL,COLISÃO AUTO E MOTO,1,1,,,,,,,,1,Cruzamento,Bom,Perfeito estado,Seca,Perfeito estado,Não há placas,,Dupla,Faixa contínua
2020-05-03 00:00:00,20:09:00,SEM VÍTIMA,BOA VISTA,AV CONDE DA BOA VISTA,,CIDADE,CHOQUE OBJETO FIXO,CHOQUE VT PMPE E CANTEIRO CENTRAL,1,,,,,,,,,0,Cruzamento,Bom,Perfeito estado,Seca,Perfeito estado,,,Dupla,
2020-05-04 00:00:00,08:10:00,VÍTIMA FATAL,JARDIM SÃO PAULO,RUA FREI FELIX DE OLIVOLA,,LESTE,CHOQUE VEÍCULO PARADO,COLISÃO RENAULT/SANDERO X PEUGEOT C/VITIMA FATAL,2,,,,,,,,,,Longo da via,Bom,Não existente,Seca,Perfeito estado,Não há placas,30 km/h,Dupla,Não existe
2020-05-04 00:00:00,10:53:00,COM VÍTIMA,BOA VIAGEM,RUA CAPITAO REBELINHO,,SUBURBIO,ABALROAMENTO TRANSVERSAL,AUTO E MOTO.,1,1,,,,,,,,1,Cruzamento,Bom,Ilegível,Seca,Perfeito estado,R-6a,40 km/h,Única,Não existe
2020-05-04 00:00:00,11:43:00,SEM VÍTIMA,IMBIRIBEIRA,RUA BARAO DE AGUA BRANCA,,SUBURBIO,COLISÃO,COLISÃO AUTO E MOTOCICLETA SEM VÍTIMA,1,1,,,,,,,,0,Cruzamento,Bom,Incompleta,Seca,Perfeito estado,Não há placas,,Dupla,Não existe
2020-05-04 00:00:00,16:46:00,COM VÍTIMA,GUABIRABA,EST DOS MACACOS,,CIDADE,ABALROAMENTO LONGITUDINAL,COLISÃO DUAS MOTOCICLETAS,,2,,,,,,,,1,Outros,Bom,Não existente,Seca,Outros,Não há placas,,Dupla,Não existe
2020-05-04 00:00:00,17:11:00,COM VÍTIMA,CAMPO GRANDE,EST DE BELEM,26,CIDADE,ATROPELAMENTO,ATROPELAMENTO ENTRE MOTO E PEDESTRE.,,1,,,1,,,,,1,Longo da via,Bom,Perfeito estado,Seca,Perfeito estado,Outras,,Dupla,Faixa seccionada
2020-05-05 00:00:00,13:28:00,SEM VÍTIMA,SANTO AMARO,AV GOVERNADOR AGAMENON MAGALHAES,,SUBURBIO,COLISÃO,COLISÃO SEM VÍTIMAS ENTRE 2 AUTOS,,,,,,,,,,0,Outros,Bom,Perfeito estado,Seca,Perfeito estado,Outras,60km,Dupla,Canal
2020-05-05 00:00:00,21:31:00,SEM VÍTIMA,CASA AMARELA,AV NORTE,,SUBURBIO,COLISÃO,COLISÃO DOIS AUTOS SEM VITMAS,3,,,,,,,,,0,Cruzamento,Chuvoso,Perfeito estado,Molhada,Perfeito estado,Não há placas,60km,Dupla,Canteiro central
2020-05-06 00:00:00,07:18:00,SEM VÍTIMA,MUSTARDINHA,RUA VINTE E UM DE ABRIL,,SUBURBIO,CHOQUE,CARRETA PEDEU O CONTROLE CHOCOU-SE COM A ESTRURURA DO POSTO DE GASOLINA DESATIVADO,,,,,,,1,,1,0,Cruzamento,Bom,Incompleta,Seca,Mal iluminada,Não há placas,,Dupla,Não existe
2020-05-06 00:00:00,07:28:00,SEM VÍTIMA,VÁRZEA,RUA MARECHAL MANOEL LUIS OSORIO,,SUBURBIO,COLISÃO,ACIDENTE ENVOLVENDO TRÊS VEÍCULOS ÔNIBUS E DOIS AUTOPASSEIOS,2,,,,,1,,,,0,Longo da via,Bom,Perfeito estado,Seca,Perfeito estado,Placas Pare,,Dupla,Não existe
2020-05-06 00:00:00,08:54:00,COM VÍTIMA,SANTO ANTÔNIO,RUA IMPERIAL,510,SUBURBIO,ABALROAMENTO TRANSVERSAL,ACIDENTE ENVOLVENDO MOTO E CARRO,1,1,,,,,,,,1,Cruzamento,Bom,Perfeito estado,Seca,Perfeito estado,Não há placas,,Única,Faixa seccionada
2020-05-06 00:00:00,16:03:00,COM VÍTIMA,PRADO,AV ENGENHEIRO ABDIAS DE CARVALHO,52,SUBURBIO,ABALROAMENTO TRANSVERSAL,AMBULÂNCIA E MOTO.,,1,,,,,,1,,1,Cruzamento,Bom,Perfeito estado,Seca,Perfeito estado,Não há placas,,Dupla,Canteiro central
2020-05-07 00:00:00,10:53:00,SEM VÍTIMA,NOVA DESCOBERTA,AV VEREADOR OTACILIO AZEVEDO,,CIDADE,ABALROAMENTO LONGITUDINAL,CONDUTOR INFORMA QUE UMA CARROÇA VIROU E ATINGIU A VIATURA,,,,,,,,1,,0,Longo da via,Bom,Perfeito estado,Seca,Perfeito estado,Outras,n/i,Dupla,Não existe
2020-05-07 00:00:00,13:26:00,COM VÍTIMA,BOA VIAGEM,RUA PADRE BERNADINO PESSOA,,SUBURBIO,ABALROAMENTO TRANSVERSAL,COLISÃO ENTRE AUTO E MOTO,1,1,,,,,,,,1,Longo da via,Bom,Perfeito estado,Seca,Perfeito estado,Não há placas,,Única,Não existe
2020-05-07 00:00:00,16:08:00,COM VÍTIMA,ILHA DO RETIRO,AV ENGENHEIRO ABDIAS DE CARVALHO,355,SUBURBIO,ABALROAMENTO TRANSVERSAL,COLISÃO ENTRE DUAS MOTOS.,,2,,,,,,,,3,Cruzamento,Bom,Perfeito estado,Seca,Perfeito estado,Não há placas,60 km/h,Dupla,Canteiro central
2020-05-07 00:00:00,17:27:00,COM VÍTIMA,PINA,AV ENGENHEIRO DOMINGOS FERREIRA,,SUBURBIO,ABALROAMENTO LONGITUDINAL,COLISÃO ENTRE AUTO E MOTO,1,1,,,,,,,,1,Longo da via,Bom,Perfeito estado,Seca,Perfeito estado,Não há placas,,Única,Faixa seccionada
2020-05-07 00:00:00,19:04:00,COM VÍTIMA,TEJIPIÓ,AV DR JOSE RUFINO,,SUBURBIO,COLISÃO FRONTAL,COLISÃO AUTO E MOTO,1,1,,,,,,,,1,Longo da via,Bom,Não existente,Seca,Mal iluminada,,,Dupla,Faixa contínua
2020-05-08 00:00:00,13:57:00,COM VÍTIMA,BOA VIAGEM,RUA SA E SOUZA,,CIDADE,ABALROAMENTO TRANSVERSAL,COLISÃO ENTRE DUAS MOTOCICLETAS,,2,,,,,,,,1,Cruzamento,Bom,Perfeito estado,Seca,Perfeito estado,Placas Pare,,Dupla,Faixa seccionada
2020-05-08 00:00:00,14:45:00,COM VÍTIMA,ENGENHO DO MEIO,RUA ANTONIO CURADO,,CIDADE,ABALROAMENTO TRANSVERSAL,COLISÃO COM VITIMA MOTO E CARRO,1,1,,,,,,,,1,Longo da via,Bom,Perfeito estado,Seca,Perfeito estado,Outras,30 km/h,Dupla,Faixa seccionada
2020-05-08 00:00:00,17:10:00,COM VÍTIMA,ZUMBI,AV CAXANGA,,CIDADE,ABALROAMENTO LONGITUDINAL,AUTO E MOTO COM VÍTIMA,1,1,,,,,,,,1,Longo da via,Bom,Incompleta,Seca,Perfeito estado,Outras,,Dupla,Canteiro central
2020-05-08 00:00:00,19:10:00,SEM VÍTIMA,IMBIRIBEIRA,AV MARECHAL MASCARENHAS DE MORAES,,CENTRO,COLISÃO,OYY7545 - FORD FIESTA / PEP2412 FIAT STRADA,2,,,,,,,,,0,,,,,,,,,
2020-05-08 00:00:00,20:46:00,COM VÍTIMA,VÁRZEA,AV JOAQUIM RIBEIRO,368,CIDADE,CHOQUE VEÍCULO PARADO,COLISÃO ENTRE ÔNIBUS E MOTO.,,1,,,,1,,,,1,Longo da via,Bom,Perfeito estado,Seca,Perfeito estado,Não há placas,,Dupla,Canteiro central
2020-05-09 00:00:00,07:23:00,SEM VÍTIMA,IPSEP,AV RECIFE,,,CHOQUE,ÔNIBUS CHOCOU SE COM POSTE QUE FICOU POSTE- QUE CAIO SOBRE OUTRO VEÍCULO.,,,,,,1,,,,0,,,,,,,,,
2020-05-09 00:00:00,07:47:00,SEM VÍTIMA,IPSEP,AV RECIFE,,,ACID. DE PERCURSO,,1,,,,,,,,,0,,,,,,,,,
2020-05-09 00:00:00,09:16:00,COM VÍTIMA,BOA VISTA,RUA DA UNIAO,,CIDADE,ABALROAMENTO LONGITUDINAL,COLISÃO ENTRE TRÊS VEÍCULOS COM DUAS VÍTIMAS,1,2,,,,,,,,2,Cruzamento,Bom,Perfeito estado,Seca,Perfeito estado,Outras,60 km/h,Única,Faixa contínua
2020-05-09 00:00:00,10:30:00,COM VÍTIMA,BOA VIAGEM,RUA ERNESTO DE PAULA SANTOS,,SUBURBIO,ABALROAMENTO TRANSVERSAL,COLISÃO ENTRE AUTO E MOTO.,1,1,,,,,,,,1,Cruzamento,Bom,Incompleta,Seca,Perfeito estado,Outras,,Única,Não existe
2020-05-09 00:00:00,11:09:00,COM VÍTIMA,FUNDÃO,AV BEBERIBE,,SUBURBIO,COLISÃO TRASEIRA,COLISÃO COM VÍTIMA ENVOLVENDO TRES VEÍCULOS,3,,,,,,,,,2,Longo da via,Bom,Perfeito estado,Seca,Perfeito estado,Outras,,Dupla,Canteiro central
2020-05-09 00:00:00,12:00:00,COM VÍTIMA,VÁRZEA,AV CAXANGA,608,CIDADE,TOMBAMENTO,MOTOCICLISTA PERDEU O CONTROLE E CAIU,,1,,,,,,,,1,Longo da via,Bom,Perfeito estado,Seca,Perfeito estado,,,Dupla,Faixa contínua
2020-05-09 00:00:00,12:08:00,COM VÍTIMA,NOVA DESCOBERTA,RUA NOVA DESCOBERTA,,SUBURBIO,ABALROAMENTO LONGITUDINAL,COLISÃO COM VÍTIMA ENTRE AUTO E MOTO.,1,1,,,,,,,,1,Esquina,Bom,Perfeito estado,Seca,Perfeito estado,R-6a,,Dupla,Faixa seccionada
2020-05-09 00:00:00,15:33:00,COM VÍTIMA,MONTEIRO,AV DEZESSETE DE AGOSTO,,CIDADE,ATROPELAMENTO,ATROPELAMENTO ENTRE AUTO E PEDESTRE,1,,,,1,,,,,1,Longo da via,Bom,Perfeito estado,Seca,Perfeito estado,Não há placas,60 km/h,Dupla,Faixa contínua
2020-05-09 00:00:00,21:06:00,COM VÍTIMA,ÁGUA FRIA,AV ANIBAL BENEVOLO,,CIDADE,COLISÃO FRONTAL,COLISÃO ENVOLVENDO 2 AUTOS E UMA MOTO.,2,1,,,,,,,,1,Longo da via,Bom,Perfeito estado,Seca,,R-6a,30 km/h,Dupla,Faixa seccionada
2020-05-09 00:00:00,22:22:00,COM VÍTIMA,MANGABEIRA,RUA DA MANGABEIRA,,SUBURBIO,COLISÃO,DUAS MOTOS,,2,,,,,,,,1,,,,,,,,,
2020-05-09 00:00:00,22:26:00,COM VÍTIMA,CORDEIRO,AV CAXANGA,235,CIDADE,COLISÃO TRASEIRA,COLISÃO AUTO X MOTO,1,1,,,,,,,,1,Longo da via,Bom,Perfeito estado,Seca,Perfeito estado,Outras,,Única,Faixa contínua
2020-05-10 00:00:00,02:41:00,SEM VÍTIMA,BOA VIAGEM,AV CONSELHEIRO AGUIAR,,,COLISÃO,COLISÃO 2 AUTOS S/VITIMA - ALCOOLEMIA - PMPE NO LOCAL,2,,,,,,,,,0,Longo da via,Bom,Perfeito estado,Seca,Perfeito estado,Não há placas,60km,Única,Não existe
2020-05-10 00:00:00,11:22:00,COM VÍTIMA,SANTO AMARO,AV CRUZ CABUGA,171,CIDADE,COLISÃO,ACIDENTE ENVOLVENDO MOTO E AUTO,1,1,,,,,,,,1,Cruzamento,Chuvoso,Perfeito estado,Molhada,Perfeito estado,Outras,,Dupla,Faixa contínua
2020-05-10 00:00:00,18:05:00,COM VÍTIMA,IBURA,RUA EXP FRANCISCO VITORIANO,,SUBURBIO,ATROPELAMENTO,ACIDENTE COM VÍTIMA ENVOLVENDO MOTO E PEDESTRE,,1,,,1,,,,,2,Longo da via,Bom,Perfeito estado,Seca,Perfeito estado,Placas Pare,30 km/h,Dupla,Não existe
2020-05-10 00:00:00,22:09:00,COM VÍTIMA,LINHA DO TIRO,RUA URIEL DE HOLANDA,,SUBURBIO,ABALROAMENTO LONGITUDINAL,COLISÃO ENTRE ÔNIBUS E MOTO.,,1,,,,1,,,,2,Longo da via,Bom,Perfeito estado,Seca,Perfeito estado,R-6a,,Dupla,Não existe
2020-05-11 00:00:00,04:44:00,COM VÍTIMA,PRADO,AV ENGENHEIRO ABDIAS DE CARVALHO,,SUBURBIO,CHOQUE OBJETO FIXO,VEÍCULO SE ENCONTRA ABANDONADO NA VIA,1,,,,,,,,,1,Longo da via,Bom,Perfeito estado,Seca,Perfeito estado,,,Dupla,Faixa seccionada
2020-05-11 00:00:00,07:25:00,COM VÍTIMA,ZUMBI,RUA GOMES TABORDA,,CIDADE,ABALROAMENTO LONGITUDINAL,COLISÃO ENTRE AUTO E MOTO.,1,1,,,,,,,,1,Cruzamento,Bom,Perfeito estado,Seca,Perfeito estado,Não há placas,,Dupla,Faixa seccionada
2020-05-11 00:00:00,12:10:00,SEM VÍTIMA,SAN MARTIN,RUA JOSE VELOSO,,,COLISÃO,COLISÃO SEM VÍTIMA,1,1,,,,,,,,0,Cruzamento,Bom,Incompleta,Seca,Perfeito estado,Não há placas,n/i,Dupla,Não existe
2020-05-11 00:00:00,13:14:00,SEM VÍTIMA,TAMARINEIRA,RUA GENERAL ABREU E LIMA,,CIDADE,COLISÃO,ENTRE MOTOCICLETA (VEÍCULO OFICIAL) E AUTO PASSEIO,1,1,,,,,,,,0,Não informado,Bom,Perfeito estado,Seca,Perfeito estado,Outras,n/i,Dupla,Não existe
2020-05-11 00:00:00,15:44:00,COM VÍTIMA,ESTÂNCIA,RUA SAO MIGUEL,,SUBURBIO,COLISÃO TRASEIRA,AUTO E MOTO COM VÍTIMA,1,1,,,,,,,,1,Longo da via,Bom,Perfeito estado,Seca,Perfeito estado,,,Dupla,Faixa contínua
2020-05-12 00:00:00,07:23:00,COM VÍTIMA,BOMBA DO HEMETÉRIO,RUA CHA DE ALEGRIA,,SUBURBIO,COLISÃO COM CICLISTA,AUTO E CICLISTA.,1,,,1,,,,,,1,Cruzamento,Bom,Não existente,Seca,Perfeito estado,Não há placas,,,Não existe
2020-05-12 00:00:00,08:05:00,COM VÍTIMA,BOA VIAGEM,RUA RIBEIRO DE BRITO,,SUBURBIO,ABALROAMENTO TRANSVERSAL,COLISÃO COM VÍTIMA,2,,,,,,,,,1,Longo da via,Bom,Perfeito estado,Seca,Perfeito estado,Não há placas,30 km/h,Única,Faixa
2020-05-12 00:00:00,16:26:00,COM VÍTIMA,AFOGADOS,RUA SAO MIGUEL,,SUBURBIO,ABALROAMENTO LONGITUDINAL,COM VÍTIMA. AUTO E MOTO.,1,1,,,,,,,,1,Longo da via,Bom,Perfeito estado,Seca,Perfeito estado,Não há placas,60 km/h,Dupla,Faixa contínua
2020-05-12 00:00:00,17:49:00,COM VÍTIMA,VÁRZEA,AV AFONSO OLINDENSE,,CIDADE,TOMBAMENTO,COM VÍTIMA,1,1,,,,,,,,1,Longo da via,Bom,Perfeito estado,Seca,Perfeito estado,Placas Pare,40 km/h,Dupla,Faixa contínua
2020-05-13 00:00:00,06:23:00,COM VÍTIMA,BEBERIBE,AV BEBERIBE,,SUBURBIO,COLISÃO,Carro e moto,1,1,,,,,,,,1,,,,,,,,,
2020-05-13 00:00:00,08:38:00,COM VÍTIMA,ESPINHEIRO,RUA DO FUTURO,521,SUBURBIO,ATROPELAMENTO,,1,,,,1,,,,,1,Cruzamento,Bom,Perfeito estado,Seca,Perfeito estado,Outras,,Única,Faixa seccionada
2020-05-14 00:00:00,10:37:00,SEM VÍTIMA,BOA VIAGEM,RUA MARIA CAROLINA,,,COLISÃO,COLISÃO ENVOLVENDO 02 AUTOS,2,,,,,,,,,0,Cruzamento,Bom,Incompleta,Seca,Perfeito estado,Não há placas,40 km/h,Única,Não existe
2020-05-14 00:00:00,16:28:00,SEM VÍTIMA,BOA VIAGEM,AVENIDA CELSO FURTADO (VIA MANGUE),,SUBURBIO,COLISÃO,COLISÃO ENVOLVENDO UMA VIATURA DA PM/PE E DOIS AUTOS,2,,,,,,,,,0,Viaduto,Bom,Perfeito estado,Seca,Perfeito estado,Não há placas,40 km/h,Única,Não existe
2020-05-15 00:00:00,01:34:00,COM VÍTIMA,CASA AMARELA,RUA PAULA BATISTA,136,SUBURBIO,ABALROAMENTO TRANSVERSAL,COLISÃO ENVOLVENDO DUAS MOTOCICLETAS (COM VÍTIMA),,2,,,,,,,,1,Cruzamento,Bom,Perfeito estado,Seca,Perfeito estado,Outras,,Dupla,Faixa seccionada
2020-05-15 00:00:00,02:45:00,SEM VÍTIMA,SANTO ANTÔNIO,AV SUL,,CIDADE,CHOQUE OBJETO FIXO,VEÍCULO SE CHOCOU CONTRA UM POSTE. O POSTE FOI DANIFICADO E SE ENCONTRA PENDURADO PELA FIAÇÃO.,1,,,,,,,,,0,Longo da via,Chuvoso,Perfeito estado,Molhada,Perfeito estado,Não há placas,60 km/h,Única,Canteiro central
2020-05-15 00:00:00,03:14:00,COM VÍTIMA,ILHA DO LEITE,AV GOVERNADOR AGAMENON MAGALHAES,,SUBURBIO,CHOQUE OBJETO FIXO,,,1,,,,,,,,2,Longo da via,Chuvoso,Perfeito estado,Molhada,Perfeito estado,Outras,,Dupla,Faixa seccionada
2020-05-15 00:00:00,10:32:00,COM VÍTIMA,IMBIRIBEIRA,AV MARECHAL MASCARENHAS DE MORAES,7,SUBURBIO,COLISÃO TRASEIRA,COLISÃO COM VITIMA,1,1,,,,,,,,1,Longo da via,Chuvoso,Perfeito estado,Molhada,Perfeito estado,,60 km/h,Única,Faixa
2020-05-15 00:00:00,18:24:00,COM VÍTIMA,BOA VIAGEM,RUA MARIO SOUTO MAIOR,,SUBURBIO,ABALROAMENTO TRANSVERSAL,COLISÃO COM VITIMA,1,1,,,,,,,,1,Cruzamento,Bom,Perfeito estado,Seca,Perfeito estado,Placas Pare,,Dupla,Não existe
2020-05-15 00:00:00,21:23:00,COM VÍTIMA,CORDEIRO,RUA CLAUDIO BROTHERHOOD,,,ABALROAMENTO TRANSVERSAL,COLISÃO CAMINHÃO X MOTO C/VITIMA,,1,,,,,1,,,1,Cruzamento,Chuvoso,Perfeito estado,Molhada,Perfeito estado,Placas Pare,40 km/h,Dupla,Faixa contínua
2020-05-16 00:00:00,05:46:00,COM VÍTIMA,PINA,AV ANTONIO DE GOES,,CIDADE,COLISÃO TRASEIRA,COLISÃO AUTO X MOTO,1,1,,,,,,,,1,Longo da via,Chuvoso,Perfeito estado,Molhada,Perfeito estado,R-6a,40 km/h,Única,
2020-05-16 00:00:00,10:06:00,SEM VÍTIMA,ZUMBI,AV CAXANGA,,CIDADE,CHOQUE OBJETO FIXO,CAMINHONETE CHEVROLET S10- CHOCOU -SE COM GRADIL DO COMPAZ. OCORRÊNCIA SEM VÍTIMA,1,,,,,,,,,0,Longo da via,Chuvoso,Perfeito estado,Molhada,Perfeito estado,,,Dupla,Canteiro central
2020-05-16 00:00:00,15:55:00,COM VÍTIMA,ILHA DO RETIRO,AV BEIRA RIO,,SUBURBIO,CHOQUE OBJETO FIXO,,,1,,,1,,,,,1,Longo da via,Bom,Perfeito estado,Seca,Perfeito estado,Não há placas,,Dupla,Faixa contínua
2020-05-17 00:00:00,07:20:00,COM VÍTIMA,BOMBA DO HEMETÉRIO,RUA CHA DE ALEGRIA,,SUBURBIO,CHOQUE VEÍCULO PARADO,ATROPELAMENTO PEDESTRE\COLISAO COM MOTO,1,1,,,,,,,,1,Longo da via,Chuvoso,Incompleta,Molhada,Perfeito estado,,,Dupla,Não existe
2020-05-17 00:00:00,16:52:00,COM VÍTIMA,TORRE,RUA REAL DA TORRE,106,,ABALROAMENTO TRANSVERSAL,COLISÃO ONIBUS X MOTO,,1,,,,1,,,,1,Cruzamento,Bom,Perfeito estado,Seca,Perfeito estado,R-6a,,Única,Faixa seccionada
2020-05-18 00:00:00,12:08:00,COM VÍTIMA,SÃO JOSÉ,RUA IMPERIAL,207,CIDADE,ABALROAMENTO LONGITUDINAL,SOLICITANTE INFORMA QUE NO LOCAL OCORREU UM ACIDENTE ENVOLVENDO MOTOCICLETA E AUTO COM VÍTIMA,1,1,,,,,,,,1,Cruzamento,Bom,Perfeito estado,Seca,Perfeito estado,Outras,,Única,Não existe
2020-05-18 00:00:00,14:11:00,COM VÍTIMA,VÁRZEA,AV AFONSO OLINDENSE,638,CIDADE,COLISÃO FRONTAL,COLISÃO ONIBUS X MOTO- VÍTIMA SOCORRIDA POR MORADORES DA REGIÃO.,,1,,,,1,,,,1,Longo da via,Bom,Perfeito estado,Seca,Perfeito estado,Outras,40 km/h,Dupla,Faixa contínua
2020-05-19 00:00:00,01:41:00,COM VÍTIMA,ARRUDA,AV PROFESSOR JOSE DOS ANJOS,,SUBURBIO,COLISÃO FRONTAL,ACIDENTE ENTRE MOTO E AUTO,1,1,,,,,,,,1,,Bom,Perfeito estado,Seca,Perfeito estado,Não há placas,,Dupla,Faixa seccionada
2020-05-19 00:00:00,04:49:00,COM VÍTIMA,TORRÕES,AV ENGENHEIRO ABDIAS DE CARVALHO,,SUBURBIO,CHOQUE OBJETO FIXO,VEÍCULO CHOCOU-SE CONTRA ÁRVORE DO CANTERIO CENTRAL,1,,,,,,,,,1,Longo da via,Bom,Perfeito estado,Seca,Perfeito estado,,60 km/h,Dupla,Canteiro central
2020-05-19 00:00:00,07:19:00,COM VÍTIMA,SAN MARTIN,RUA DR FLAVIO FERREIRA DA SILVA MAROJO,,CIDADE,COLISÃO FRONTAL,COLISÃO COM VITIMA 2 MOTOS,,2,,,,,,,,1,Longo da via,Chuvoso,Perfeito estado,Molhada,Perfeito estado,Não há placas,,Única,Não existe
2020-05-19 00:00:00,21:47:00,COM VÍTIMA,JARDIM SÃO PAULO,AV SAO PAULO,,,ABALROAMENTO LONGITUDINAL,COLISÃO AUTO X MOTO C/VITIMA,1,1,,,,,,,,1,Longo da via,Bom,Perfeito estado,Seca,Perfeito estado,Não há placas,40 km/h,Dupla,Faixa contínua
2020-05-20 00:00:00,07:16:00,SEM VÍTIMA,PINA,AVENIDA CELSO FURTADO (VIA MANGUE),,SUBURBIO,COLISÃO,COLISÃO SEM VÍTIMA ENTRE ÔNIBUS E AMBULÂNCIA DO SAMU,,,,,,1,,1,,0,Viaduto,Chuvoso,Perfeito estado,Molhada,Perfeito estado,Outras,30 km/h,Única,Não existe
2020-05-20 00:00:00,07:20:00,COM VÍTIMA,,AV NORTE,,,COLISÃO,COLISÃO COM VÍTIMA ENTRE MOTOCICLETA E CAMINHÃO.,,1,,,,,1,,,1,,,,,,,,,
2020-05-20 00:00:00,09:55:00,SEM VÍTIMA,SANTO AMARO,RUA TUPINAMBAS,,CIDADE,COLISÃO,COLISÃO COM VEÍCULO OFICIAL,1,,,,,,,1,,0,Cruzamento,Chuvoso,Perfeito estado,Molhada,Perfeito estado,Placas Pare,,Dupla,
2020-05-20 00:00:00,10:16:00,COM VÍTIMA,BOA VISTA,RUA DA UNIAO,,SUBURBIO,ABALROAMENTO TRANSVERSAL,ENTRE AUTO E MOTO,1,1,,,,,,,,1,Cruzamento,Chuvoso,Incompleta,Molhada,Perfeito estado,Outras,30 km/h,Única,Faixa seccionada
2020-05-20 00:00:00,12:56:00,COM VÍTIMA,CASA FORTE,AV DEZESSETE DE AGOSTO,,SUBURBIO,ABALROAMENTO TRANSVERSAL,TRÊS MOTOCICLETAS E UM AUTO PASSEIO COM VÍTIMA,1,3,,,,,,,,1,Longo da via,Nublado,Perfeito estado,Seca,Perfeito estado,Não há placas,,Dupla,Faixa contínua
2020-05-20 00:00:00,15:46:00,COM VÍTIMA,TEJIPIÓ,AV DR JOSE RUFINO,,SUBURBIO,ABALROAMENTO TRANSVERSAL,ENTRE AUTO PASSEIO E MOTOCICLETA,1,1,,,,,,,,2,Longo da via,Bom,Perfeito estado,Seca,Perfeito estado,Não há placas,,Dupla,Faixa contínua
2020-05-20 00:00:00,17:23:00,COM VÍTIMA,BOA VISTA,RUA DOM BOSCO,,SUBURBIO,COLISÃO,ENTRE AUTO PASSEIO E MOTOCICLETA,1,1,,,,,,,,1,,,,,,,,,
2020-05-21 00:00:00,06:08:00,COM VÍTIMA,SANTO AMARO,AV CRUZ CABUGA,343,CIDADE,COLISÃO TRASEIRA,COLISAO ENTRE ENTRE ONIBUS E AUTO,1,,,,,1,,,,1,Cruzamento,Chuvoso,Perfeito estado,Molhada,Perfeito estado,Não há placas,,Dupla,
2020-05-21 00:00:00,13:09:00,COM VÍTIMA,CORDEIRO,RUA ANTERO MOTA,,SUBURBIO,ABALROAMENTO LONGITUDINAL,COLISÃO COM VITIMA MOTO X CAMINHÃO,,1,,,,,1,,,1,Longo da via,Bom,Perfeito estado,Seca,Perfeito estado,Não há placas,,Única,
2020-05-21 00:00:00,14:08:00,COM VÍTIMA,PINA,AV HERCULANO BANDEIRA,657,SUBURBIO,COLISÃO TRASEIRA,COLISÃO COM VITIMA DUAS MOTOS,,2,,,,,,,,1,Longo da via,Bom,Perfeito estado,Seca,Perfeito estado,R-4b,,Única,Faixa seccionada