data,hora,natureza,bairro,endereco,num_semaforo,sentido_via,tipo,auto,moto,ciclom,ciclista,pedestre,onibus,caminhao,viatura,outros,vitimas,vitimasfatais,acidente_verificado,tempo_clima,sinalizacao,condicao_via,conservacao_via,situacao_placa,velocidade_max_via,mao_direcao,divisao_via1
2020-05-22 00:00:00,13:02:00,SEM VÍTIMA,CASA AMARELA,RUA BELA VISTA,,,COLISÃO,AUTO X CAMINHÃO,1,,,,,,1,,,0,,,,,,,,,
2020-05-22 00:00:00,13:06:00,SEM VÍTIMA,CASA AMARELA,AV NORTE,677,SUBURBIO,COLISÃO,COLISÃO ENVOLVENDO DOIS VEÍCULOS,2,,,,,,,,,0,Cruzamento,Bom,Perfeito estado,Seca,Perfeito estado,Outras,,Única,Não existe
2020-05-22 00:00:00,20:56:00,COM VÍTIMA,BOA VIAGEM,RUA BARAO DE SOUZA LEAO,644,CIDADE,COLISÃO FRONTAL,AUTO E MOTO,1,1,,,,,,,,1,Cruzamento,Chuvoso,Perfeito estado,Molhada,Perfeito estado,Não há placas,,Única,Faixa seccionada
2020-05-23 00:00:00,13:47:00,COM VÍTIMA,IBURA,AV DOIS RIOS,,CIDADE,COLISÃO,COLISÃO COM VITIMA,1,1,,,,,,,,2,,,,,,,,,
2020-05-23 00:00:00,18:35:00,COM VÍTIMA,IMBIRIBEIRA,AV MARECHAL MASCARENHAS DE MORAES,534,CIDADE,COLISÃO,COLISÃO COM VITIMA,,2,,,,,,,,1,Cruzamento,Chuvoso,Perfeito estado,Molhada,Perfeito estado,Não há placas,60 km/h,Dupla,Canteiro central
2020-05-24 00:00:00,18:27:00,SEM VÍTIMA,ENGENHO DO MEIO,AV VISCONDE DE SAO LEOPOLDO,,SUBURBIO,COLISÃO,VIATRUA DA PMPE COLIDIU COM UM VEICULO PARTICULAR,1,,,,,,,1,,0,,,,,,,,,
2020-05-24 00:00:00,22:02:00,COM VÍTIMA,BOA VIAGEM,RUA CAPITAO ZUZINHA,,CIDADE,ABALROAMENTO TRANSVERSAL,MOTO E AUTO,1,1,,,,,,,,1,Cruzamento,Bom,Incompleta,Seca,,Não há placas,,,
2020-05-25 00:00:00,10:28:00,COM VÍTIMA,JARDIM SÃO PAULO,RUA LEANDRO BARRETO,,SUBURBIO,ABALROAMENTO TRANSVERSAL,COLISÃO ENTRE CAMINHOTE X MOTOCICLETA,1,1,,,,,,,,1,Cruzamento,Bom,Incompleta,Seca,Mal conservada,Não há placas,,Dupla,Não existe
2020-05-25 00:00:00,15:38:00,COM VÍTIMA,BOA VIAGEM,RUA DOS NAVEGANTES,,,COLISÃO,COLISÃO ENTRE AUTOMÓVEL X MOTOCICLETA,1,1,,,,,,,,1,,,,,,,,,
2020-05-25 00:00:00,16:05:00,COM VÍTIMA,PRADO,RUA GOMES TABORDA,,CORDEIRO,ABALROAMENTO TRANSVERSAL,COLISÃO ENTRE DUAS MOTOCICLETAS - UM DOS CONDUTORES COM SINAL DE EMBRIAGUEZ,,2,,,,,,,,2,Longo da via,Bom,Perfeito estado,Seca,Perfeito estado,Outras,,Dupla,Faixa seccionada
2020-05-26 00:00:00,05:02:00,COM VÍTIMA,ARRUDA,AV PROFESSOR JOSE DOS ANJOS,306,SUBURBIO,ABALROAMENTO TRANSVERSAL,COLISÃO DOIS AUTOS COM VITIMA,2,,,,,,,,,1,Cruzamento,Bom,Perfeito estado,Seca,Perfeito estado,,,Única,Canteiro central
2020-05-26 00:00:00,10:59:00,COM VÍTIMA,SANTO AMARO,AV GOVERNADOR AGAMENON MAGALHAES,49,OLINDA,ABALROAMENTO TRANSVERSAL,COLISÃO CARRO E MOTO,1,1,,,,,,,,1,Cruzamento,Bom,Perfeito estado,Seca,Perfeito estado,Não há placas,,Única,Faixa seccionada
2020-05-26 00:00:00,11:30:00,COM VÍTIMA,PRADO,RUA GOMES TABORDA,,SUBURBIO,ABALROAMENTO TRANSVERSAL,COLISÃO CARRO E MOTO,1,1,,,,,,,,1,Cruzamento,Bom,,Seca,Perfeito estado,Não há placas,,Dupla,Faixa seccionada
2020-05-26 00:00:00,13:43:00,COM VÍTIMA,JARDIM SÃO PAULO,RUA LEANDRO BARRETO,,SUBURBIO,ABALROAMENTO TRANSVERSAL,COLISÃO CARRO E MOTO,1,1,,,,,,,,1,Cruzamento,Bom,Não existente,Seca,Perfeito estado,Não há placas,,Dupla,Faixa contínua
2020-05-26 00:00:00,19:04:00,COM VÍTIMA,ENCRUZILHADA,RUA MARECHAL DEODORO,,SUBURBIO,COLISÃO FRONTAL,COLISÃO ENVOLVENDO DUAS MOTOCICLETAS,,2,,,,,,,,2,Cruzamento,Bom,Perfeito estado,Seca,Perfeito estado,R-6a,,Única,Outros
2020-05-27 00:00:00,09:24:00,SEM VÍTIMA,TORRÕES,AV ENGENHEIRO ABDIAS DE CARVALHO,,,COLISÃO,COLISÃO SEM VÍTIMA,1,,,,,1,,,,0,Longo da via,Bom,Perfeito estado,Seca,Perfeito estado,Não há placas,n/i,Dupla,Canteiro central
2020-05-28 00:00:00,07:39:00,COM VÍTIMA,BOA VISTA,AV MANOEL BORBA,,SUBURBIO,COLISÃO COM CICLISTA,COLISÃO ENTRE MOTO E BICICLETA,,1,,1,,,,,,2,Longo da via,Bom,Perfeito estado,Seca,Perfeito estado,R-6a,40 km/h,Única,Faixa seccionada
2020-05-28 00:00:00,09:16:00,COM VÍTIMA,MADALENA,RUA BENFICA,257,CIDADE,COLISÃO TRASEIRA,AUTO E MOTO.,1,1,,,,,,,,1,Longo da via,Bom,Perfeito estado,Seca,Perfeito estado,Outras,,,Faixa contínua
2020-05-28 00:00:00,18:27:00,COM VÍTIMA,IPSEP,AV RECIFE,,SUBURBIO,ABALROAMENTO LONGITUDINAL,COLISÃO COM VITIMA ENTRE ONIBUS E MOTO,,1,,,,1,,,,1,Longo da via,Bom,Perfeito estado,Seca,Perfeito estado,R-6a,,Dupla,Canteiro central
2020-05-28 00:00:00,20:02:00,SEM VÍTIMA,ROSARINHO,AV SANTOS DUMONT,,SUBURBIO,CHOQUE,CONDUTOR COM SUSPEITA DE EMBREAGUÊS - CHOCOU- SE COM OBJETO SOBRE A PRAÇA FICANDO COM VEICULO PRESO,1,,,,,,,,,0,,,,,,,,,
2020-05-28 00:00:00,21:34:00,SEM VÍTIMA,ESTÂNCIA,AV DR JOSE RUFINO,,CIDADE,COLISÃO,O CONDUTOR COM SUSPEITA DE EMBREAGUÊS DE UM DOS VEICULOS ENVOLVIDO.,2,,,,,,,,,0,Longo da via,Bom,Perfeito estado,Seca,Perfeito estado,Não há placas,40km,Dupla,Faixa contínua
2020-05-29 00:00:00,00:56:00,COM VÍTIMA,PINA,AV HERCULANO BANDEIRA,660,SUBURBIO,ABALROAMENTO LONGITUDINAL,DOIS AUTOS,2,,,,,,,,,1,Cruzamento,Chuvoso,Perfeito estado,Molhada,Perfeito estado,,,Única,Faixa seccionada
2020-05-29 00:00:00,07:14:00,COM VÍTIMA,ENCRUZILHADA,AV NORTE,43,SUBURBIO,ABALROAMENTO TRANSVERSAL,ÔNIBUS E AUTO,1,,,,,1,,,,1,Cruzamento,Chuvoso,Perfeito estado,Molhada,Perfeito estado,,,Dupla,
2020-05-30 00:00:00,07:20:00,COM VÍTIMA,CABANGA,VIADUTO CAPITAO TEMUDO,,CIDADE,CHOQUE OBJETO FIXO,CONDUTOR PERDEU O CONTROLE DA MOTOCICLETA E TOMBOU COM A MESMA.,,1,,,,,,,,1,Longo da via,Chuvoso,Perfeito estado,Molhada,Perfeito estado,Não há placas,60 km/h,Dupla,Faixa contínua
2020-05-30 00:00:00,09:23:00,COM VÍTIMA,IPSEP,RUA JEAN EMILE FAVRE,564,CIDADE,ABALROAMENTO TRANSVERSAL,ACIDENTE ENVOLVENDO CAMINHÃO E MOTOCICLETA,1,1,,,,,,,,1,Longo da via,Bom,Perfeito estado,Seca,Perfeito estado,Placas Pare,,Dupla,Faixa seccionada
2020-05-30 00:00:00,09:30:00,SEM VÍTIMA,LINHA DO TIRO,RUA ANTONIO CARLOS DE ANDRADE,,SUBURBIO,CHOQUE,VIATURA DA PM-PE CHOCOU-SE COM UM PRISMA DE CONCDRETO,,,,,,,,,,0,Longo da via,Bom,Ilegível,Molhada,Mal conservada,Não há placas,n/i,Única,Não existe
2020-05-30 00:00:00,13:20:00,COM VÍTIMA,CAÇOTE,AV CAPITAO GREGORIO DE CALDAS,,CIDADE,ABALROAMENTO TRANSVERSAL,COLISÃO ENVOLVENDO MOTOCICLETA E AUTO,1,1,,,,,,,,1,Longo da via,Bom,,Seca,Perfeito estado,Placas Pare,,Dupla,Não existe
2020-05-30 00:00:00,16:37:00,COM VÍTIMA,DERBY,RUA JENER DE SOUZA,,CIDADE,ABALROAMENTO TRANSVERSAL,ÔNIBUS E MOTO,,1,,,,1,,,,1,Longo da via,Bom,Perfeito estado,Seca,Perfeito estado,Não há placas,,Única,Canteiro central
2020-05-30 00:00:00,19:47:00,COM VÍTIMA,BEBERIBE,,,SUBURBIO,COLISÃO,UM VEÍCULO DO GTO - COLIDIU EM UMA MOTO -NÃO FOI POSSÍVEL COLOCAR O NOME DA AV. ANTÔNIO COSTA AZEVEDO ESSSE ENDEREÇO E OLINDA -CELULA DE ENDREÇO FICOU SEM PREENCHIMENTO.,1,1,,,,,,,,1,Longo da via,Bom,Incompleta,Seca,Mal iluminada,Não há placas,n/i,Dupla,Não existe
2020-05-30 00:00:00,20:58:00,COM VÍTIMA,BOA VIAGEM,RUA DOS NAVEGANTES,,SUBURBIO,COLISÃO,COLISÃO ENTRE MOTO E AUTO,1,1,,,,,,,,1,Longo da via,Chuvoso,Perfeito estado,Molhada,Perfeito estado,Não há placas,n/i,Única,Não existe
2020-05-31 00:00:00,01:16:00,SEM VÍTIMA,BAIRRO DO RECIFE,AV RIO BRANCO,,SUBURBIO,CHOQUE,CHOQUE DA VIATURA DA PM COM O POSTE,1,,,,,,,,,0,Esquina,Chuvoso,Perfeito estado,Molhada,Perfeito estado,Não há placas,n/i,Única,Não existe
2020-05-31 00:00:00,06:25:00,SEM VÍTIMA,BOA VIAGEM,RUA VISCONDE DE JEQUITINHONHA,,SUBURBIO,COLISÃO,UM CONDUTOR ESTÁ COM SINTOMAS DE EMBRIAGUEZ,2,,,,,,,,,0,,,,,,,,,
2020-05-31 00:00:00,14:18:00,COM VÍTIMA,CORDEIRO,AV GENERAL SAN MARTIN,403,SUBURBIO,COLISÃO,COLISÃO COM VITIMA,1,1,,,,,,,,1,Longo da via,Bom,Perfeito estado,Seca,Perfeito estado,R-6a,,Dupla,Faixa contínua
2020-05-31 00:00:00,22:04:00,COM VÍTIMA,NOVA DESCOBERTA,RUA NOVA DESCOBERTA,,,COLISÃO,COLISÃO C/VITIMA CARRO X MOTO (VÍTIMA- APRESENTANDO SINTOMA DE EMBRIAGUEZ- FOI RETIRADO POR TERCEIROS PARA LOCAL IGNORADO),1,1,,,,,,,,1,,,,,,,,,
2020-05-27 00:00:00,08:53:00,SEM VÍTIMA,TORRÕES,AV ENGENHEIRO ABDIAS DE CARVALHO,,CIDADE,ABALROAMENTO LONGITUDINAL,,2,,,,,,,,,0,Longo da via,Bom,Perfeito estado,Seca,Perfeito estado,Outras,60 km/h,Dupla,Canteiro central
2020-05-28 00:00:00,09:01:00,SEM VÍTIMA,PINA,AV ANTONIO DE GOES,103,C,ABALROAMENTO LONGITUDINAL,,2,,,,,,,,,0,Cruzamento,Bom,Perfeito estado,Seca,Perfeito estado,Não há placas,,Única,Faixa seccionada
2020-06-01 00:00:00,11:26:00,VÍTIMA FATAL,SÃO JOSÉ,AV DANTAS BARRETO,181,,CHOQUE VEÍCULO PARADO,COLISÃO ENTRE UM AUTO PASSEIO E UM CAMINHÃO COLETOR DE LIXO DA EMPRESA VITAL- C/VITIMA FATAL. (BOMBEIROS JÁ COMPARECEU AO LOCAL - IC- IML E DP SERÃO ACIONADOS PELA REQUERENTE),1,,,,,,1,,,,Cruzamento,Bom,Perfeito estado,Seca,Perfeito estado,R-6a,,Única,Não existe
2020-06-01 00:00:00,09:33:00,COM VÍTIMA,CABANGA,AV SUL,,CIDADE,COLISÃO COM CICLISTA,ENTRE CICLISTA E MOTOQUEIRO,,1,,1,,,,,,1,Longo da via,Bom,Perfeito estado,Seca,Perfeito estado,Não há placas,,Dupla,Canteiro central
2020-06-01 00:00:00,11:24:00,COM VÍTIMA,CAMPO GRANDE,AV GOVERNADOR AGAMENON MAGALHAES,,SUBURBIO,ABALROAMENTO TRANSVERSAL,DOIS AUTOS,2,,,1,,,,,,1,Cruzamento,Bom,Incompleta,Seca,Perfeito estado,Outras,,Única,Não existe
2020-06-01 00:00:00,13:41:00,SEM VÍTIMA,MADALENA,RUA ARLINDO GOUVEIA,,CIDADE,COLISÃO,ENVOLVENDO VEÍCULO OFICAL DO TRIBUNAL DE JUSTIÇA,1,,,,,,,1,,0,Longo da via,Bom,Perfeito estado,Seca,Perfeito estado,Não há placas,,Única,Não existe
2020-06-01 00:00:00,15:22:00,COM VÍTIMA,PARNAMIRIM,RUA JOAO TUDE DE MELO,649,SUBURBIO,COLISÃO TRASEIRA,DOIS AUTOS COM UMA VÍTIMA,2,,,,,,,,,1,Longo da via,Bom,Perfeito estado,Seca,Perfeito estado,R-4b,,Única,Faixa contínua
2020-06-01 00:00:00,15:55:00,COM VÍTIMA,SANTO AMARO,AV CRUZ CABUGA,171,,ABALROAMENTO LONGITUDINAL,,,2,,,,,,,,3,Cruzamento,Bom,Perfeito estado,Seca,Perfeito estado,,,Dupla,Canteiro central
2020-06-01 00:00:00,19:46:00,COM VÍTIMA,BOA VIAGEM,RUA BARAO DE SOUZA LEAO,,CIDADE,ABALROAMENTO TRANSVERSAL,COM AUTO E MOTOCICLETA,1,1,,,,,,,,1,Esquina,Bom,Perfeito estado,Seca,Perfeito estado,Não há placas,,Única,Não existe
2020-06-02 00:00:00,07:55:00,COM VÍTIMA,BONGI,RUA DONA MARIA AUGUSTA NOGUEIRA,,,COLISÃO TRASEIRA,COLISÃO ENTRE MOTOCICLETA X AUTO,1,1,,,,,,,,1,Longo da via,Bom,Não existente,Seca,Perfeito estado,Não há placas,,Dupla,Não existe
2020-06-02 00:00:00,08:22:00,COM VÍTIMA,AFOGADOS,RUA COSME VIANA,430,SUBURBIO,ABALROAMENTO TRANSVERSAL,COLISÃO ENTRE MOTOCICLETA X AUTO,1,1,,,,,,,,1,Cruzamento,Bom,Perfeito estado,Seca,Perfeito estado,Outras,60 km/h,Única,Faixa contínua
2020-06-02 00:00:00,12:21:00,VÍTIMA FATAL,IPSEP,AV RECIFE,,CIDADE,ATROPELAMENTO,ATROPELAMENTO COM VÍTIMA FATAL,1,,,,1,,,,,,Cruzamento,Bom,Incompleta,Seca,Perfeito estado,Não há placas,,Dupla,Canteiro central
2020-06-02 00:00:00,14:08:00,COM VÍTIMA,BOA VIAGEM,RUA FELIX DE BRITO E MELO,,SUBURBIO,COLISÃO TRASEIRA,AUTO X MOTOCICLETA,1,1,,,,,,,,1,Longo da via,Bom,Perfeito estado,Seca,Perfeito estado,Não há placas,,Única,Faixa seccionada
2020-06-02 00:00:00,15:25:00,SEM VÍTIMA,TAMARINEIRA,AV NORTE,62,SUBURBIO,COLISÃO,COLISÃO SEM VÍTIMAS- ENTRE 2 AUTOS.,2,,,,,,,,,0,Cruzamento,Bom,Perfeito estado,Seca,Perfeito estado,Outras,,Dupla,Faixa contínua
2020-06-02 00:00:00,18:31:00,COM VÍTIMA,BOA VIAGEM,AVENIDA CELSO FURTADO (VIA MANGUE),,SUBURBIO,ABALROAMENTO LONGITUDINAL,COLISÃO AUTO E MOTO,1,1,,,,,,,,1,Longo da via,Bom,Perfeito estado,Seca,Perfeito estado,Não há placas,60 km/h,Dupla,Faixa seccionada
2020-06-03 00:00:00,06:15:00,COM VÍTIMA,SANTO AMARO,AV GOVERNADOR AGAMENON MAGALHAES,,SUBURBIO,COLISÃO TRASEIRA,COLISÃO AUTO X MOTO,1,1,,,,,,,,1,Viaduto,Bom,Perfeito estado,Seca,Perfeito estado,Não há placas,,Única,Faixa seccionada
2020-06-03 00:00:00,08:07:00,COM VÍTIMA,BOA VIAGEM,AV CONSELHEIRO AGUIAR,147,CIDADE,COLISÃO COM CICLISTA,COLISÃO AUTOMÓVEL E BICICLETA,1,,,1,,,,,,1,Cruzamento,Bom,Perfeito estado,Seca,Perfeito estado,Outras,,Única,Faixa contínua
2020-06-03 00:00:00,11:24:00,COM VÍTIMA,IMBIRIBEIRA,RUA ITAJAI,,,ABALROAMENTO TRANSVERSAL,ACIDENTE COM MOTO E CARRO,1,1,,,,,,,,1,Cruzamento,Bom,Perfeito estado,Seca,Perfeito estado,Placas Pare,,,
2020-06-03 00:00:00,12:46:00,COM VÍTIMA,JIQUIÁ,RUA SAO MIGUEL,425,SUBURBIO,ABALROAMENTO TRANSVERSAL,ACIDENTE COM MOTO E CARRO,1,1,,,,,,,,1,Esquina,Bom,Perfeito estado,Seca,Perfeito estado,Não há placas,,Dupla,Faixa contínua
2020-06-03 00:00:00,14:52:00,SEM VÍTIMA,ILHA DO LEITE,AV FREI MATIAS TEVES,,SUBURBIO,COLISÃO,COLISÃO SEM VÍTIMA NO CRUZAMENTO,2,,,,,,,,,0,Cruzamento,Bom,Perfeito estado,Seca,Perfeito estado,Outras,30 km/h,Única,Faixa seccionada
2020-06-03 00:00:00,15:06:00,COM VÍTIMA,ENCRUZILHADA,EST DE BELEM,201,SUBURBIO,ABALROAMENTO TRANSVERSAL,COLISÃO ENTRE AUTO E MOTO ACIDENTE COM VITIMA,1,1,,,,,,,,1,Longo da via,Bom,Perfeito estado,Seca,Perfeito estado,Outras,,Dupla,
2020-06-04 00:00:00,07:05:00,COM VÍTIMA,ROSARINHO,AV NORTE,81,SUBURBIO,ABALROAMENTO LONGITUDINAL,COLISÃO COM VITIMA,1,1,,,,,,,,1,Cruzamento,Bom,Perfeito estado,Seca,Perfeito estado,Outras,,Dupla,Canteiro central
2020-06-04 00:00:00,08:21:00,SEM VÍTIMA,TORRÕES,AV ENGENHEIRO ABDIAS DE CARVALHO,,SUBURBIO,COLISÃO,COLISÃO ENVOLVENDO TRÊS VEÍCULOS- SENDO UM DELES UMA VIATURA DA PM-PE,2,,,,,,,1,,0,Longo da via,Bom,Perfeito estado,Seca,Perfeito estado,Não há placas,60km,Dupla,Canteiro central
2020-06-04 00:00:00,16:37:00,COM VÍTIMA,SANTO AMARO,AV GOVERNADOR AGAMENON MAGALHAES,,BOA VIAGEM,COLISÃO TRASEIRA,ACIDENTE COM VÍTIMA ENVOLVENDO UMA MOTOCICLETA E UM AUTO PASSEIO,1,1,,,,,,,,1,Longo da via,Bom,Perfeito estado,Seca,Perfeito estado,Não há placas,60 km/h,Dupla,Canal
2020-06-05 00:00:00,09:44:00,SEM VÍTIMA,CORDEIRO,AV CAXANGA,,CIDADE,ABALROAMENTO LONGITUDINAL,,2,,,,,,,,,0,Longo da via,Bom,Perfeito estado,Seca,Perfeito estado,Não há placas,,Dupla,Canteiro central
2020-06-05 00:00:00,09:49:00,SEM VÍTIMA,ESPINHEIRO,RUA CONS PORTELA,11,CIDADE,ABALROAMENTO LONGITUDINAL,AGENTES NO LOCA- FABIO LEITE E ARTHUR MONTEIRO,1,1,,,,,,,,0,Cruzamento,Bom,Perfeito estado,Seca,Perfeito estado,Outras,,Única,Outros
2020-06-05 00:00:00,12:46:00,COM VÍTIMA,TORRE,AV BEIRA RIO,,SUBURBIO,ABALROAMENTO LONGITUDINAL,AUTO E MOTO,1,1,,,,,,,,1,Longo da via,Bom,Perfeito estado,Seca,Perfeito estado,Não há placas,,Dupla,Faixa seccionada
2020-06-05 00:00:00,14:38:00,COM VÍTIMA,VASCO DA GAMA,AV VEREADOR OTACILIO AZEVEDO,,SUBURBIO,COLISÃO TRASEIRA,AUTO E MOTO COM UMA VÍTIMA,1,1,,,,,,,,1,Esquina,Bom,Não existente,Seca,Perfeito estado,Outras,,Dupla,Faixa seccionada
2020-06-05 00:00:00,22:24:00,COM VÍTIMA,AFOGADOS,RUA SAO MIGUEL,,SUBURBIO,ABALROAMENTO TRANSVERSAL,MOTO E AUTO,1,1,,,,,,,,1,Longo da via,Chuvoso,Perfeito estado,Molhada,Perfeito estado,Não há placas,,Dupla,Faixa seccionada
2020-06-06 00:00:00,00:02:00,COM VÍTIMA,APIPUCOS,RUA DE APIPUCOS,500,SUBURBIO,COLISÃO TRASEIRA,AUTO E MOTO,1,1,,,,,,,,1,Esquina,Chuvoso,Perfeito estado,Molhada,Perfeito estado,Não há placas,,Dupla,Faixa contínua
2020-06-06 00:00:00,04:33:00,COM VÍTIMA,SÃO JOSÉ,AV SUL,,CIDADE,ATROPELAMENTO,AUTO E PEDESTRE.,1,,,,1,,,,,1,Longo da via,Bom,Perfeito estado,Seca,Perfeito estado,Não há placas,60 km/h,Dupla,Canteiro central
2020-06-06 00:00:00,13:42:00,COM VÍTIMA,BOA VIAGEM,RUA VISCONDE DE JEQUITINHONHA,,SUBURBIO,ABALROAMENTO LONGITUDINAL,COLISÃO MOTOCICLETA X AUTO PASSEIO,1,1,,,,,,,,2,Longo da via,Bom,Perfeito estado,Seca,Perfeito estado,Não há placas,60 km/h,Única,Canteiro central
2020-06-06 00:00:00,15:04:00,COM VÍTIMA,PINA,AV HERCULANO BANDEIRA,,,COLISÃO,COLISÃO ENTRE MOTOCICLETA X DOIS AUTO PASSEIOS,2,1,,,,,,,,1,,,,,,,,,
2020-06-06 00:00:00,18:30:00,SEM VÍTIMA,BOA VIAGEM,RUA FELIX DE BRITO E MELO,551,SUBURBIO,COLISÃO TRASEIRA,COLISÃO AUTO E MOTO CONDUTOR COM SINTOMAS DE EMBRIAGUES PMPE NO LOCAL,1,1,,,,,,,,0,Cruzamento,Chuvoso,Perfeito estado,Seca,Perfeito estado,Outras,40 km/h,Única,
2020-06-07 00:00:00,06:31:00,COM VÍTIMA,VASCO DA GAMA,RUA ALTO DO EUCALIPTO,,CIDADE,ABALROAMENTO LONGITUDINAL,COLISÃO AUTO X MOTO,1,1,,,,,,,,1,Longo da via,Chuvoso,Não existente,Molhada,Perfeito estado,Não há placas,,Dupla,Não existe
2020-06-07 00:00:00,07:05:00,SEM VÍTIMA,IMBIRIBEIRA,AV MARECHAL MASCARENHAS DE MORAES,,CIDADE,CHOQUE,VEÍCULO CHOCOU-SE COM O MURO,,,,,,,,,,0,Outros,Chuvoso,Perfeito estado,Molhada,Perfeito estado,Não há placas,N/I,Dupla,Canteiro central
2020-06-07 00:00:00,14:48:00,SEM VÍTIMA,TAMARINEIRA,RUA PADRE ROMA,,,COLISÃO,COLISÃO ENTE DOIS CARROS E UM DOS CONDUTORES ENCONTRA-SE COM SINTOMAS DE EMBRIAGUÊS,2,,,,,,,,,0,Longo da via,Nublado,Perfeito estado,Seca,Perfeito estado,R-6a,N/I,Dupla,Faixa seccionada
2020-06-08 00:00:00,08:19:00,COM VÍTIMA,TORRE,RUA PROFESSOR TRAJANO DE MENDONCA,,CIDADE,ABALROAMENTO TRANSVERSAL,COLISÃO COM VITIMA,1,1,,,,,,,,1,Longo da via,Bom,Perfeito estado,Seca,Perfeito estado,Outras,,Única,Faixa contínua
2020-06-08 00:00:00,08:57:00,SEM VÍTIMA,AFOGADOS,RUA SAO MIGUEL,,SUBURBIO,COLISÃO,COLISÃO SEM VITIMA . VT 14 NO LOCAL,1,1,,,,,,,,0,,,,,,,,,
2020-06-08 00:00:00,12:35:00,SEM VÍTIMA,ÁGUA FRIA,AV BEBERIBE,,CIDADE,COLISÃO,O SOLICITANTE INFORMA QUE O MOTORISTA DO VEICULO DE PLACA PCR 8252 ESTA COM SINTOMAS DE EMBRIAGUEZ,2,,,,,,,,,0,Esquina,Bom,Incompleta,Seca,Perfeito estado,Outras,N/I,Dupla,Não existe
2020-06-08 00:00:00,14:48:00,COM VÍTIMA,IBURA,AV DOIS RIOS,561,SUBURBIO,COLISÃO TRASEIRA,CINCO VEÍCULOS ENVOLVIDOS EM UM ENGAVETAMENTO,5,,,,,,,,,1,Longo da via,Bom,Perfeito estado,Seca,Perfeito estado,R-6a,,Dupla,Faixa contínua
2020-06-08 00:00:00,18:02:00,COM VÍTIMA,SANTO AMARO,AV CRUZ CABUGA,343,SUBURBIO,COLISÃO COM CICLISTA,COLISÃO COM VITIMA,,,,1,,1,,,,1,Cruzamento,Bom,Perfeito estado,Seca,Perfeito estado,Outras,,Dupla,
2020-06-08 00:00:00,18:29:00,COM VÍTIMA,ENCRUZILHADA,AV NORTE,43,CIDADE,COLISÃO TRASEIRA,COLISÃO COM VITIMA,1,1,,,,,,,,1,Longo da via,Bom,Perfeito estado,Seca,Perfeito estado,Não há placas,60 km/h,Dupla,Canteiro central
2020-06-08 00:00:00,18:32:00,COM VÍTIMA,CASA FORTE,PRC DE CASA FORTE,,SUBURBIO,ATROPELAMENTO,MOTO E PEDESTRE.,,1,,,1,,,,,1,Esquina,Bom,Perfeito estado,Seca,Perfeito estado,Outras,,Dupla,Não existe
2020-06-09 00:00:00,10:38:00,COM VÍTIMA,MACAXEIRA,AV NORTE,451,SUBURBIO,ABALROAMENTO TRANSVERSAL,COISÃO ENTRE MOTOCICLETA E CAMINHÃO DA EMLURB,,1,,,,,1,,,1,Cruzamento,Bom,Perfeito estado,Seca,Perfeito estado,R-6a,,Dupla,Canteiro central
2020-06-09 00:00:00,13:23:00,COM VÍTIMA,BOA VISTA,AV CONDE DA BOA VISTA,299,CIDADE,CHOQUE OBJETO FIXO,VEÍCULO SE CHOCOU COM O CANTEIRO CENTRAL E CAPOTOU COM DUAS VÍTIMAS,1,,,,,,,,,2,Cruzamento,Bom,Perfeito estado,Seca,Perfeito estado,R-6c,,Dupla,Canteiro central
2020-06-09 00:00:00,13:04:00,COM VÍTIMA,IMBIRIBEIRA,AV MARECHAL MASCARENHAS DE MORAES,286,SUBURBIO,CHOQUE VEÍCULO PARADO,COLISÃO ENTRE VEICULOS CAUSADA POR UM HOMEM BALEADO,3,,,,,,,,,1,Longo da via,Chuvoso,Perfeito estado,Molhada,Perfeito estado,Outras,,Única,Não existe
2020-06-09 00:00:00,13:21:00,COM VÍTIMA,ESTÂNCIA,RUA MORAIS E SILVA,,SUBURBIO,COLISÃO FRONTAL,ÔNIBUS E MOTO.,,1,,,,1,,,,2,Esquina,Bom,Não existente,Seca,Perfeito estado,Não há placas,,Dupla,Faixa contínua