data,hora,natureza,bairro,endereco,num_semaforo,sentido_via,tipo,auto,moto,ciclom,ciclista,pedestre,onibus,caminhao,viatura,outros,vitimas,vitimasfatais,acidente_verificado,tempo_clima,sinalizacao,condicao_via,conservacao_via,situacao_placa,velocidade_max_via,mao_direcao,divisao_via1
2020-06-09 00:00:00,14:19:00,COM VÍTIMA,SANTO AMARO,AV NORTE,,CIDADE,ABALROAMENTO LONGITUDINAL,DUAS MOTOS ENVOLVIDAS.,,2,,,,,,,,2,Esquina,Bom,Perfeito estado,Seca,Perfeito estado,,,Dupla,Canteiro central
2020-06-09 00:00:00,14:56:00,SEM VÍTIMA,SAN MARTIN,RUA VINTE E UM DE ABRIL,,SUBURBIO,COLISÃO TRASEIRA,COLISÃO DOIS AUTOS SEM VÍTIMA,2,,,,,,,,,0,Longo da via,Bom,Perfeito estado,Seca,Perfeito estado,Não há placas,,Dupla,Não existe
2020-06-09 00:00:00,15:27:00,COM VÍTIMA,CAMPO GRANDE,EST DE BELEM,26,,ATROPELAMENTO,SI DINIZ NO LOCAL VT 30,1,,,,1,,,,,1,Longo da via,Bom,Perfeito estado,Seca,Perfeito estado,,,Dupla,Faixa contínua
2020-06-09 00:00:00,16:09:00,SEM VÍTIMA,MADALENA,RUA JOSE OSORIO,387,SUBURBIO,COLISÃO,COLISÃO ENTRE VEICULO OFICIAL,1,,,,,,,1,,0,Ponte,Bom,Perfeito estado,Seca,Perfeito estado,Outras,,Dupla,Faixa contínua
2020-06-09 00:00:00,17:56:00,COM VÍTIMA,SÃO JOSÉ,AV DANTAS BARRETO,,,COLISÃO,,1,,,,,1,,,,1,,,,,,,,,
2020-06-10 00:00:00,06:58:00,COM VÍTIMA,IBURA,AV DOM HELDER CAMARA,,CIDADE,ATROPELAMENTO,Usuário informa que vinha de veiculo- quando foi surpreendido por transeunte que atravessou-se à frente de seu veículo. O mesmo informou ainda que acionou equipe de resgate.,1,,,,1,,,,,1,Longo da via,Chuvoso,Incompleta,Molhada,Mal conservada,Não há placas,,Dupla,Canteiro central
2020-06-10 00:00:00,07:45:00,COM VÍTIMA,SANTO AMARO,AV NORTE,243,CIDADE,ACID. DE PERCURSO,MOTOCICLISTA DERRAPOU NA VIA,,1,,,,,,,,1,Longo da via,Chuvoso,Perfeito estado,Molhada,Perfeito estado,R-6a,,Dupla,Canteiro central
2020-06-10 00:00:00,09:55:00,COM VÍTIMA,NOVA DESCOBERTA,RUA NOVA DESCOBERTA,,CIDADE,ABALROAMENTO LONGITUDINAL,Usuário informa que motociclista derrapou e chocou-se frontal com um ônibus. Vímima socorrida pelo SAMU.,,1,,,,1,,,,1,Longo da via,Bom,Perfeito estado,Seca,Perfeito estado,Outras,,Dupla,Faixa seccionada
2020-06-10 00:00:00,12:47:00,COM VÍTIMA,BEBERIBE,AV BEBERIBE,517,,COLISÃO COM CICLISTA,Condutor informa que transportava ferragem por ser serralheiro e o condutor da bicicleta enroscou-se- chegando a cair. O condutor informa que a viatura 32 está no local.,1,,,1,,,,,,1,Longo da via,Bom,Perfeito estado,Seca,Perfeito estado,R-6a,,Dupla,Faixa contínua
2020-06-10 00:00:00,18:22:00,COM VÍTIMA,GRAÇAS,AV RUI BARBOSA,48,CIDADE,ABALROAMENTO TRANSVERSAL,COLISÃO COM VITIMA- GGOF NO LOCAL,1,1,,,,,,,,1,Cruzamento,Bom,Perfeito estado,Seca,Perfeito estado,Outras,,Única,
2020-06-10 00:00:00,19:56:00,SEM VÍTIMA,CORDEIRO,AV CAXANGA,,SUBURBIO,COLISÃO,COLISÃO AUTO DOIS AUTOS CONDUTOR COM SINTOMAS DE EMBRIAGUÊS,2,,,,,,,,,0,Longo da via,Chuvoso,Perfeito estado,Molhada,Perfeito estado,Não há placas,60km,Dupla,Canteiro central
2020-06-10 00:00:00,20:46:00,SEM VÍTIMA,CORDEIRO,AV MAURICIO DE NASSAU,,SUBURBIO,COLISÃO FRONTAL,COLISÃO DOIS AUTOS COM VITIMAS,2,,,,,,,,,0,Longo da via,Chuvoso,Perfeito estado,Molhada,Mal iluminada,Não há placas,,Dupla,Faixa contínua
2020-06-11 00:00:00,06:15:00,SEM VÍTIMA,ESPINHEIRO,RUA CONS PORTELA,11,CIDADE,COLISÃO,COLISÃP SEM VITIMIA AUTO X ONIBUS,1,,,,,1,,,,0,Cruzamento,Bom,Perfeito estado,Seca,Perfeito estado,Outras,,Única,Faixa contínua
2020-06-11 00:00:00,10:10:00,COM VÍTIMA,AREIAS,RUA SAO MIGUEL,394,SUBURBIO,ABALROAMENTO LONGITUDINAL,COLISÃO CARRO E MOTO,1,1,,,,,,,,1,Longo da via,Bom,Perfeito estado,Seca,Perfeito estado,Não há placas,,Dupla,Faixa contínua
2020-06-11 00:00:00,11:15:00,VÍTIMA FATAL,CAXANGÁ,RUA GREGORIO JUNIOR,236,CIDADE,ATROPELAMENTO,ATROPELAMENTO DO PEDESTRE POR UMA MOTO- A POSTERIOR O VEICULO PASSOU POR CIMA DA VÍTIMA. RESULTADO FINAL MOTOCICLISTA VITIMADO E O ATROPELADO EM ÓBITO,1,1,,,1,,,,,2,Longo da via,Nublado,Perfeito estado,Seca,,Outras,,Única,Canteiro central
2020-06-11 00:00:00,11:23:00,COM VÍTIMA,TORRE,RUA CANTORA CLARA NUNES,,CIDADE,ABALROAMENTO TRANSVERSAL,COLISÃO CARRO E MOTO,1,1,,,,,,,,1,Cruzamento,Bom,Não existente,Seca,Perfeito estado,Não há placas,,Dupla,Não existe
2020-06-11 00:00:00,18:57:00,SEM VÍTIMA,CORDEIRO,AV CAXANGA,,SUBURBIO,COLISÃO,VEÍCULO DA SECRETARIA DE SAÚDE,2,,,,,,,,,0,Longo da via,Bom,Perfeito estado,Seca,Perfeito estado,Não há placas,n/i,Única,Faixa seccionada
2020-06-12 00:00:00,00:10:00,COM VÍTIMA,CORDEIRO,AV CAXANGA,,SUBURBIO,COLISÃO FRONTAL,MOTOQUEIRO COLIDIU NO CAMINHÃO,,1,,,,,1,,,1,Longo da via,Chuvoso,Perfeito estado,Molhada,Perfeito estado,Outras,,Dupla,Canteiro central
2020-06-12 00:00:00,10:01:00,COM VÍTIMA,CORDEIRO,AV CAXANGA,,CIDADE,ABALROAMENTO LONGITUDINAL,COLISÃO COM VÍTIMA,1,1,,,,,,,,2,Esquina,Bom,Perfeito estado,Seca,Perfeito estado,,,Dupla,Faixa contínua
2020-06-12 00:00:00,12:44:00,COM VÍTIMA,JIQUIÁ,RUA SAO MIGUEL,,CIDADE,ABALROAMENTO TRANSVERSAL,COLISÃO COM VÍTIMA ENVOLVENDO TRÊS VEÍCULOS,1,2,,,,,,,,1,Longo da via,Bom,Perfeito estado,Seca,Perfeito estado,Não há placas,,Dupla,Faixa contínua
2020-06-12 00:00:00,14:48:00,COM VÍTIMA,APIPUCOS,AV DEZESSETE DE AGOSTO,,SUBURBIO,ABALROAMENTO LONGITUDINAL,AUTO PASSEIO E MOTOCICLETA COM DUAS VÍTIMAS,1,1,,,,,,,,2,Longo da via,Bom,Perfeito estado,Seca,Perfeito estado,R-6a,,Dupla,Faixa seccionada
2020-06-12 00:00:00,19:19:00,COM VÍTIMA,CORDEIRO,RUA N S DA SAUDE,,,COLISÃO,COLISÃO COM VITIMA ENTRE AUTO X MOTO,2,,,,,,,,,1,,,,,,,,,
2020-06-12 00:00:00,20:45:00,COM VÍTIMA,BOA VIAGEM,RUA VISCONDE DE JEQUITINHONHA,154,CIDADE,ABALROAMENTO TRANSVERSAL,COLISSÃO COM VITIMA,1,1,,,,,,,,1,Cruzamento,Bom,Perfeito estado,Seca,Perfeito estado,,,Única,
2020-06-13 00:00:00,23:31:00,COM VÍTIMA,MADALENA,RUA REAL DA TORRE,,SUBURBIO,ABALROAMENTO TRANSVERSAL,CARRO E MOTO,1,1,,,,,,,,1,Esquina,Chuvoso,,Molhada,Perfeito estado,Placas Pare,,,
2020-06-14 00:00:00,08:21:00,COM VÍTIMA,CABANGA,PTE GOVERNADOR PAULO GUERRA,,SUBURBIO,TOMBAMENTO,ACIDENTE DE PERCURSO COM MOTOCICLETA,,1,,,,,,,,1,Longo da via,Chuvoso,Perfeito estado,Molhada,Perfeito estado,Não há placas,,Única,Faixa seccionada
2020-06-14 00:00:00,11:24:00,COM VÍTIMA,TEJIPIÓ,AV DR JOSE RUFINO,,,COLISÃO COM CICLISTA,COLISÃO MOTOCICLETA X CICLISTA,,1,,1,,,,,,3,,,,,,,,,
2020-06-14 00:00:00,19:56:00,COM VÍTIMA,MADALENA,RUA JOSE OSORIO,,SUBURBIO,CHOQUE VEÍCULO PARADO,COLISÃO AUTO E MOTO,1,1,,,,,,,,1,Longo da via,Chuvoso,Perfeito estado,Molhada,Perfeito estado,Não há placas,60 km/h,Única,Não existe
2020-06-15 00:00:00,09:56:00,SEM VÍTIMA,MUSTARDINHA,AV MANOEL GONCALVES DA LUZ,,SUBURBIO,COLISÃO,DOIS AUTOS SEM VÍTIMA,2,,,,,,,,,0,Cruzamento,Bom,Perfeito estado,Seca,Perfeito estado,Outras,N/I,Dupla,Faixa contínua
2020-06-15 00:00:00,10:43:00,SEM VÍTIMA,SÍTIO DOS PINTOS,RUA VEREADOR PETRUS CAMARA,,CIDADE,COLISÃO,ENTRE VEÍCULO OFICIAL E CARROÇA,,,,,,,,1,1,0,Longo da via,Chuvoso,Não existente,Molhada,Outros,Não há placas,N/I,Dupla,Não existe
2020-06-15 00:00:00,15:42:00,SEM VÍTIMA,SÃO JOSÉ,AV N S DO CARMO,,,COLISÃO,COLISÃO ENTRE DOIS AUTOMÓVEIS,2,,,,,,,,,0,Cruzamento,Chuvoso,Perfeito estado,Molhada,Perfeito estado,Não há placas,N/I,Dupla,Faixa contínua
2020-06-15 00:00:00,19:28:00,COM VÍTIMA,CASA AMARELA,AV NORTE,364,SUBURBIO,ABALROAMENTO TRANSVERSAL,,1,1,,,,,,,,1,Cruzamento,Chuvoso,Perfeito estado,Molhada,Perfeito estado,Não há placas,,Dupla,Faixa seccionada
2020-06-15 00:00:00,19:35:00,COM VÍTIMA,IMBIRIBEIRA,AV MARECHAL MASCARENHAS DE MORAES,,SUBURBIO,COLISÃO,MOTO E AUTO,1,1,,,,,,,,1,,,,,,,,,
2020-06-16 00:00:00,08:25:00,COM VÍTIMA,VÁRZEA,AV JOAQUIM RIBEIRO,368,CIDADE,ABALROAMENTO LONGITUDINAL,COLISÃO ENVOLVENDO MOTOCICLISTA E AUTOPASSEIO - EQUIPE DE AGENTES NO LOCAL PROCEDENDO À OCORRÊNCIA,1,1,,,,,,,,1,Longo da via,Chuvoso,Perfeito estado,Molhada,Perfeito estado,Não há placas,60 km/h,Única,Faixa seccionada
2020-06-16 00:00:00,14:42:00,SEM VÍTIMA,IBURA,AV DOIS RIOS,594,CIDADE,COLISÃO,COLISÃO SEM VITIMA.( BATEDORES NO LOCAL MOTO 11 E 24,1,,,,,,1,,,0,Longo da via,Bom,Perfeito estado,Seca,Perfeito estado,Outras,N/I,Dupla,Faixa contínua
2020-06-16 00:00:00,23:02:00,SEM VÍTIMA,BOA VIAGEM,AV CONSELHEIRO AGUIAR,,SUBURBIO,CHOQUE OBJETO FIXO,ONIBUS DA EMPRESA BORBOREMA CHOCOU-SE CONTRA UM POSTE DE ALTA TENSÃO- QUE AMEAÇA CAIR NA VIA - SEM VÍTIMA,,,,,,1,,,,0,Cruzamento,Chuvoso,Perfeito estado,Molhada,Perfeito estado,R-6a,40KM,Única,Outros
2020-06-17 00:00:00,11:29:00,COM VÍTIMA,IBURA,AV PERNAMBUCO,,SUBURBIO,ABALROAMENTO LONGITUDINAL,COLISÃO COM VITIMA ENTRE AUTO E MOTO.,1,1,,,,,,,,1,Cruzamento,Bom,Perfeito estado,Seca,Perfeito estado,Não há placas,,Dupla,Faixa seccionada
2020-06-17 00:00:00,15:20:00,COM VÍTIMA,CASA FORTE,AV DEZESSETE DE AGOSTO,,CIDADE,COLISÃO TRASEIRA,,2,,,,,,,,,1,Longo da via,Bom,Perfeito estado,Seca,Perfeito estado,Não há placas,,Dupla,Faixa contínua
2020-06-17 00:00:00,15:51:00,COM VÍTIMA,MADALENA,RUA MENEZES DRUMOND,,SUBURBIO,ABALROAMENTO TRANSVERSAL,,1,1,,,,,,,,1,Cruzamento,Bom,Perfeito estado,Seca,Perfeito estado,R-4a,,Única,Faixa contínua
2020-06-17 00:00:00,19:06:00,COM VÍTIMA,JIQUIÁ,AV DR JOSE RUFINO,,,ABALROAMENTO TRANSVERSAL,ACIDENTE ENTRE AUTO E MOTO,1,1,,,,,,,,1,Esquina,Bom,Perfeito estado,Seca,Perfeito estado,Outras,,Dupla,Faixa contínua
2020-06-17 00:00:00,19:46:00,COM VÍTIMA,JORDÃO,RUA DR ALVARO FERRAZ,,,COLISÃO,DUAS MOTOS E UM CAMINHÃO,,2,,,,,1,,,1,Longo da via,Chuvoso,Incompleta,Molhada,Mal iluminada,Não há placas,30KM,Única,Não existe
2020-06-18 00:00:00,09:53:00,COM VÍTIMA,IPUTINGA,AV CAXANGA,,SUBURBIO,COLISÃO TRASEIRA,COLISÃO COM VITIMA,1,1,,,,,,,,1,Cruzamento,Bom,Perfeito estado,Seca,Perfeito estado,Não há placas,60 km/h,Dupla,Canteiro central
2020-06-18 00:00:00,11:21:00,COM VÍTIMA,IPSEP,RUA ITACARI,,,ABALROAMENTO TRANSVERSAL,COLISÃO COM VÍTIMA ENTRE 2 AUTOS,2,,,,,,,,,1,Cruzamento,Nublado,Perfeito estado,Seca,Perfeito estado,Placas Pare,30 km/h,Única,Faixa seccionada
2020-06-18 00:00:00,15:11:00,SEM VÍTIMA,MADALENA,RUA DOM MANOEL DA COSTA,,,COLISÃO,COLISÃO ENTRE 2 AUTOS- SEM VÍTIMAS,2,,,,,,,,,0,Cruzamento,Bom,Incompleta,Seca,Mal conservada,R-6a,N/I,Única,Faixa contínua
2020-06-18 00:00:00,15:12:00,SEM VÍTIMA,BOA VIAGEM,RUA ANTONIO FALCAO,,,COLISÃO,COLISÃO ENTRE 2 AUTOS- SEM VÍTIMAS,2,,,,,,,,,0,Cruzamento,Chuvoso,Ilegível,Molhada,Perfeito estado,Placas Pare,N/I,Única,Não existe
2020-06-18 00:00:00,15:52:00,SEM VÍTIMA,TAMARINEIRA,RUA CONEGO BARATA,,SUBURBIO,COLISÃO,Condutora informa que seu veículo foi colidido na traseira por veículo da Secretaria de Saúde do Município de Recife,,,,,,,,,,0,Longo da via,Chuvoso,Perfeito estado,Molhada,Perfeito estado,R-6a,N/I,Única,Canteiro central
2020-06-18 00:00:00,16:16:00,COM VÍTIMA,SÃO JOSÉ,AV SUL,509,SUBURBIO,COLISÃO COM CICLISTA,COLISÃO ÔNIBUS X CICLISTA,,,,1,,1,,,,1,Longo da via,Chuvoso,Perfeito estado,Molhada,Perfeito estado,Outras,60 km/h,Dupla,Faixa seccionada
2020-06-19 00:00:00,04:52:00,VÍTIMA FATAL,JOANA BEZERRA,VIADUTO CAPITAO TEMUDO,,CIDADE,COLISÃO COM CICLISTA,MOTO X BICICLETA C/VITIMA FATAL,,1,,1,,,,,,1,Viaduto,Chuvoso,Perfeito estado,Molhada,Perfeito estado,R-19,40 km/h,Única,Faixa contínua
2020-06-19 00:00:00,07:46:00,SEM VÍTIMA,CASA FORTE,AV DEZESSETE DE AGOSTO,,,CHOQUE,VEÍCULO COLIDIU COM UM POSTE ESTÁ ATRAVESSADO NA VIA,1,,,,,,,,,0,Longo da via,Chuvoso,Perfeito estado,Molhada,Perfeito estado,Outras,N/I,Dupla,Faixa contínua
2020-06-19 00:00:00,07:55:00,SEM VÍTIMA,ESPINHEIRO,RUA CONS PORTELA,,,COLISÃO,COLISÃO ENTE DOIS AUTOMÓVEIS. OBS: AGENTE ARTHUR.,2,,,,,,,,,0,Cruzamento,Chuvoso,Perfeito estado,Molhada,Perfeito estado,Outras,N/I,Única,Outros
2020-06-19 00:00:00,08:28:00,COM VÍTIMA,SANTO AMARO,AV GOVERNADOR AGAMENON MAGALHAES,,CIDADE,COLISÃO TRASEIRA,AUTO E MOTOCICLETA COM UMA VÍTIMA,1,1,,,,,,,,1,Longo da via,Chuvoso,Perfeito estado,Molhada,Perfeito estado,Não há placas,60 km/h,Dupla,Canteiro central
2020-06-19 00:00:00,08:57:00,COM VÍTIMA,TORRÕES,AV ENGENHEIRO ABDIAS DE CARVALHO,,CIDADE,ABALROAMENTO LONGITUDINAL,DOIS AUTOS E UMA MOTOCICLETA,2,1,,,,,,,,1,Longo da via,Bom,Perfeito estado,Seca,Perfeito estado,Não há placas,,Dupla,Canteiro central
2020-06-19 00:00:00,10:24:00,COM VÍTIMA,ÁGUA FRIA,AV BEBERIBE,,CIDADE,COLISÃO,DOIS AUTOS,2,,,,,,,,,1,Longo da via,Bom,Perfeito estado,Seca,Perfeito estado,Outras,N/I,Dupla,Faixa contínua
2020-06-19 00:00:00,14:22:00,COM VÍTIMA,TAMARINEIRA,AV NORTE,62,CIDADE,ATROPELAMENTO,ATROPELAMENTO ENTRE CAMINHÃO E PEDESTRE,1,,,,1,,,,,1,Longo da via,Chuvoso,Perfeito estado,Molhada,Perfeito estado,,,Dupla,Canteiro central
2020-06-20 00:00:00,03:38:00,SEM VÍTIMA,BOA VISTA,AV CONDE DA BOA VISTA,,SUBURBIO,CHOQUE,VIATURA DA PM SE CHOCOU CONTRA UM GELO BAIANO,1,,,,,,,,,0,Cruzamento,Bom,Perfeito estado,Seca,Perfeito estado,Outras,N/I,Dupla,Canteiro central
2020-06-20 00:00:00,12:09:00,COM VÍTIMA,SANTO AMARO,AV CRUZ CABUGA,343,CIDADE,ABALROAMENTO TRANSVERSAL,COLISÃO COM VITIMA,,2,,,,,,,,2,Cruzamento,Bom,Perfeito estado,Seca,Perfeito estado,Não há placas,40 km/h,Dupla,Faixa seccionada
2020-06-20 00:00:00,13:26:00,SEM VÍTIMA,CASA FORTE,AV DEZESSETE DE AGOSTO,,CIDADE,COLISÃO,COLISÃO SEM VITIMA,2,1,,,,,,,,0,Longo da via,Bom,Perfeito estado,Seca,Perfeito estado,Outras,N/I,Dupla,Faixa contínua
2020-06-20 00:00:00,14:58:00,SEM VÍTIMA,CASA FORTE,AV DEZESSETE DE AGOSTO,,CIDADE,COLISÃO,COLISÃO SEM VITIMA,2,,,,,,,,,0,Longo da via,Bom,Perfeito estado,Seca,Perfeito estado,Outras,N/I,Dupla,Faixa contínua
2020-06-20 00:00:00,16:29:00,SEM VÍTIMA,BOA VIAGEM,RUA PROFESSOR JOSE BRANDAO,,SUBURBIO,COLISÃO,COLISÃO SEM VITIMA,1,1,,,,,,,,0,,,,,,,,,
2020-06-20 00:00:00,19:51:00,COM VÍTIMA,IMBIRIBEIRA,AV MARECHAL MASCARENHAS DE MORAES,,SUBURBIO,ABALROAMENTO LONGITUDINAL,COLISÃO ENTRE TRÊS AUTOS E UMA MOTO.,3,1,,,,,,,,3,Longo da via,Chuvoso,Perfeito estado,Molhada,Perfeito estado,R-6a,40 km/h,Dupla,Canteiro central
2020-06-21 00:00:00,07:24:00,SEM VÍTIMA,MACAXEIRA,AV NORTE,,,CHOQUE OBJETO FIXO,VEÍCULO: PDR 0343 : CHEVROLET ONIX,1,,,,,,,,,0,,,,,,,,,
2020-06-21 00:00:00,12:22:00,COM VÍTIMA,AREIAS,AV RECIFE,,BOA VIAGEM,ABALROAMENTO TRANSVERSAL,AUTO E MOTO.,1,,1,,,,,,,1,Esquina,Bom,Perfeito estado,Seca,Mal conservada,Placas Pare,60 km/h,Dupla,Canteiro central
2020-06-21 00:00:00,16:39:00,COM VÍTIMA,SÍTIO DOS PINTOS,EST DOS PINTOS,,CIDADE,COLISÃO COM CICLISTA,,1,,,1,2,,,,,5,Longo da via,Bom,Incompleta,Seca,Perfeito estado,Não há placas,,Dupla,Não existe
2020-06-21 00:00:00,20:14:00,SEM VÍTIMA,SANTO AMARO,AV JOAO DE BARROS,,SUBURBIO,COLISÃO,COLISÃO ENTRTE DOIS VEÍCULO,2,,,,,,,,,0,Longo da via,Bom,Perfeito estado,Seca,Perfeito estado,Não há placas,N/I,Única,Faixa seccionada
2020-06-21 00:00:00,22:36:00,COM VÍTIMA,JARDIM SÃO PAULO,AV SAO PAULO,,SUBURBIO,COLISÃO,AUTO E MOTO,1,1,,,,,,,,1,,,,,,,,,
2020-06-22 00:00:00,08:56:00,COM VÍTIMA,SANTO AMARO,AV NORTE,,CIDADE,ATROPELAMENTO,ATROPELAMENTO  EM SEGUIDA CONDUTOR BATEU CONTRA POSTE  COM 2 VITIMAS A ESPERA DO SAMU BT MOTO 20 .37 QTH,,1,,,1,,,,,2,Longo da via,Bom,Perfeito estado,Seca,Perfeito estado,Outras,60 km/h,Dupla,Canteiro central
2020-06-22 00:00:00,09:50:00,COM VÍTIMA,GRAÇAS,RUA AMELIA,,SUBURBIO,COLISÃO TRASEIRA,COLISÃO COM VITIMA A ESPERA DO SAMU  GM JOSIMAR JUNIOR QTH,1,1,,,,,,,,1,Longo da via,Bom,Perfeito estado,Seca,Perfeito estado,Outras,,Única,Faixa contínua
2020-06-22 00:00:00,12:31:00,COM VÍTIMA,MACAXEIRA,AV JOSE AMERICO DE ALMEIDA,,SUBURBIO,ABALROAMENTO LONGITUDINAL,COLISÃO COM VÍTIMA,,1,,,,1,,,,1,Longo da via,Bom,Perfeito estado,Seca,Perfeito estado,R-6a,,Dupla,Canteiro central
2020-06-22 00:00:00,13:20:00,SEM VÍTIMA,IBURA,RUA RIO DA PRATA,,,COLISÃO,COLISAO EM VT DA POLICIA E AUTO S/V,1,,,,,,,1,,0,Longo da via,Bom,Perfeito estado,Seca,Perfeito estado,Não há placas,N/I,Dupla,Faixa contínua
2020-06-22 00:00:00,14:13:00,COM VÍTIMA,CORDEIRO,EST DO FORTE DO ARRAIAL N. DO B. JESUS,,SUBURBIO,ABALROAMENTO LONGITUDINAL,COLISÃO COM VÍTIMA,,2,,,,,,,,1,Longo da via,Bom,Incompleta,Seca,Perfeito estado,Outras,,Dupla,Não existe
2020-06-22 00:00:00,17:07:00,COM VÍTIMA,ESTÂNCIA,AV DR JOSE RUFINO,,SUBURBIO,ACID. DE PERCURSO,MOTOCICLISTA DERRAPOU- DEVIDO GRANDE QUANTIDADE DE ÓLEO NA VIA.,,1,,,,,,,,1,Longo da via,Bom,Incompleta,Oleosa,Mal conservada,Não há placas,,Dupla,Faixa contínua
2020-06-22 00:00:00,17:14:00,SEM VÍTIMA,IBURA,AV DOIS RIOS,,,COLISÃO,COLISAO ENTRE DUAS S/V BATEDOR MARCELO E LUCAS DA MOTO 09 E 36 NO LOCAL,,2,,,,,,,,0,Longo da via,Bom,Perfeito estado,Seca,Perfeito estado,Não há placas,N/I,Dupla,Faixa contínua
2020-06-22 00:00:00,18:16:00,SEM VÍTIMA,ROSARINHO,RUA DR JOSE MARIA,,,COLISÃO,PALIO E SUZUKI    OBS: SUSPEITA DE EMBRIAGUEZ,2,2,,,,,,,,0,Longo da via,Bom,Perfeito estado,Seca,Perfeito estado,Outras,N/I,Dupla,Faixa contínua
2020-06-22 00:00:00,19:54:00,COM VÍTIMA,MADALENA,AV VISCONDE DE ALBUQUERQUE,,SUBURBIO,ABALROAMENTO TRANSVERSAL,COLISÃO COM DUAS VITIMAS,,2,,,,,,,,2,Cruzamento,Bom,Perfeito estado,Seca,Perfeito estado,,40 km/h,Única,
2020-06-22 00:00:00,20:32:00,SEM VÍTIMA,ENCRUZILHADA,RUA CASTRO ALVES,666,,ENGAVETAMENTO,ENTRE 3 AUTOS. O RESPONSÁVEL PELO ENGAVETAMENTO APRESENTA SINAIS FORTES DE EMBRIAGUEZ- INCLUSIVE- TENTOU AGREDIR TERCEIROS NO LOCAL- MAS PERMANECE NA VIA PARA O PROCEDIMENTO DE OCORRÊNCIA DA CTTU. S/V,3,,,,,,,,,0,,,,,,,,,
2020-06-22 00:00:00,21:48:00,COM VÍTIMA,VÁRZEA,RUA DONA MARIA LACERDA,,SUBURBIO,CHOQUE OBJETO FIXO,VT DA PM ACABOU SE CHOCANDO CONTRA O FITEIRO NA LOCALIDADE. SOLICITAM O APOIO DA CTTU NO LOCAL. S/V,,,,,,,,1,1,2,Longo da via,Bom,Perfeito estado,Seca,Perfeito estado,Não há placas,,Dupla,Faixa seccionada
2020-06-23 00:00:00,02:03:00,SEM VÍTIMA,MACAXEIRA,AV NORTE,,SUBURBIO,CHOQUE OBJETO FIXO,CONDUTOR PERDEU O CONTROLE DO VEICULO- SUBIU A CALÇADA- BATEU NUMA MURETA DE PROTEÇÃO E CAIU SOBRE UMA FÁBRICA DE BOLOS DE ROLO.,1,,,,,,,,,0,Outros,Bom,Perfeito estado,Seca,Perfeito estado,Não há placas,N/I,Única,Canteiro central
2020-06-23 00:00:00,08:10:00,COM VÍTIMA,BOA VIAGEM,AVENIDA CELSO FURTADO (VIA MANGUE),,SUBURBIO,TOMBAMENTO,ACIDENTE DE PERCURSO/ CICLISTA CAIU NA VIA,,,,1,,,,,,1,Longo da via,Bom,Perfeito estado,Seca,Perfeito estado,R-19,60 km/h,Dupla,Canteiro central
2020-06-23 00:00:00,10:47:00,SEM VÍTIMA,ÁGUA FRIA,RUA SAO BENEDITO,,,COLISÃO,VT 11 NO QTH  CAMINHAO E AUTO,1,,,,,,1,,,0,Cruzamento,Bom,Perfeito estado,Seca,Perfeito estado,Não há placas,N/I,Única,Não existe
2020-06-23 00:00:00,11:29:00,COM VÍTIMA,SANTO AMARO,AV JOAO DE BARROS,412,CIDADE,ATROPELAMENTO,O VEÍCULO EVADIU-SE DO LOCAL,1,,,,1,,,,,1,Longo da via,Bom,Perfeito estado,Seca,Perfeito estado,,,Dupla,Faixa contínua
2020-06-23 00:00:00,12:57:00,SEM VÍTIMA,AFOGADOS,AV MARECHAL MASCARENHAS DE MORAES,,CIDADE,COLISÃO,COLISÃO S/VITIMAS ENTRE DOIS AUTOS,2,,,,,,,,,0,Longo da via,Bom,Perfeito estado,Seca,Perfeito estado,R-6a,60KM,Dupla,Canteiro central
2020-06-23 00:00:00,14:37:00,SEM VÍTIMA,BOA VIAGEM,AV BOA VIAGEM,,,COLISÃO,COLISÃO S/VITIMAS ENTRE DOIS AUTOS,2,,,,,,,,,0,Longo da via,Bom,Perfeito estado,Seca,Perfeito estado,Outras,N/I,Única,Faixa seccionada