data,hora,natureza,bairro,endereco,num_semaforo,sentido_via,tipo,auto,moto,ciclom,ciclista,pedestre,onibus,caminhao,viatura,outros,vitimas,vitimasfatais,acidente_verificado,tempo_clima,sinalizacao,condicao_via,conservacao_via,situacao_placa,velocidade_max_via,mao_direcao,divisao_via1
2020-06-23 00:00:00,17:49:00,SEM VÍTIMA,SAN MARTIN,AV ENGENHEIRO ABDIAS DE CARVALHO,,CIDADE,COLISÃO,COLISÃO ENTRE AUTO E MOTO S/V,1,1,,,,,,,,0,Longo da via,Bom,Perfeito estado,Seca,Perfeito estado,Outras,N/I,Dupla,Canteiro central
2020-06-23 00:00:00,22:10:00,COM VÍTIMA,ARRUDA,RUA DO MACHADO,,,COLISÃO COM CICLISTA,COLISAO COM VITIMAS,,,,1,,1,,,,1,Longo da via,Bom,Perfeito estado,Seca,Perfeito estado,R-6a,,Dupla,Faixa seccionada
2020-06-24 00:00:00,11:51:00,SEM VÍTIMA,TORRE,RUA JOAO TUDE DE MELO,,,COLISÃO,AMBULANCIA E AUTO,2,,,,,,,,,0,Longo da via,Bom,Perfeito estado,Seca,Perfeito estado,Outras,N/I,Única,Faixa seccionada
2020-06-24 00:00:00,14:16:00,COM VÍTIMA,ESTÂNCIA,AV RECIFE,,,COLISÃO,COLISÃO COM VÍTIMA,1,1,,,,,,,,1,,,,,,,,,
2020-06-24 00:00:00,20:53:00,COM VÍTIMA,TEJIPIÓ,AV DR JOSE RUFINO,,SUBURBIO,ABALROAMENTO LONGITUDINAL,FIAT PALIO X MOTO,1,1,,,,,,,,1,Longo da via,Bom,Incompleta,Seca,Mal iluminada,Não há placas,,Dupla,Faixa contínua
2020-06-24 00:00:00,21:25:00,COM VÍTIMA,NOVA DESCOBERTA,RUA NOVA DESCOBERTA,,,COLISÃO FRONTAL,ENTRE AUTO E MOTO. C/V,1,1,,,,,,,,1,Longo da via,Bom,Não existente,Seca,Perfeito estado,Não há placas,,Dupla,Não existe
2020-06-25 00:00:00,10:41:00,COM VÍTIMA,ILHA DO RETIRO,RUA SPORT CLUBE DO RECIFE,481,SUBURBIO,ABALROAMENTO LONGITUDINAL,GM MATOS NO QTH - AUTO E MOTO COM VITIMA,1,1,,,,,,,,1,Longo da via,Bom,Perfeito estado,Seca,Perfeito estado,R-6a,60 km/h,Dupla,Canteiro central
2020-06-25 00:00:00,14:02:00,SEM VÍTIMA,BOA VIAGEM,RUA CAPITAO ZUZINHA,433,,COLISÃO,COLISÃO ENTRE DOIS AUTOS S/V,2,,,,,,,,,0,Longo da via,Bom,Perfeito estado,Seca,Perfeito estado,R-6a,,Única,Faixa contínua
2020-06-25 00:00:00,14:59:00,SEM VÍTIMA,BOA VIAGEM,RUA PADRE CARAPUCEIRO,115,CIDADE,COLISÃO,COLISÃO ENTRE DUAS MOTOS S/V,,2,,,,,,,,0,Cruzamento,Bom,Perfeito estado,Seca,Perfeito estado,Outras,60 km/h,Única,Faixa contínua
2020-06-25 00:00:00,17:46:00,SEM VÍTIMA,IMBIRIBEIRA,AV GENERAL MAC ARTHUR,,CIDADE,COLISÃO,,1,1,,,,,,1,,0,Longo da via,Bom,Perfeito estado,Seca,Perfeito estado,R-4a,,Única,Faixa seccionada
2020-06-25 00:00:00,22:29:00,COM VÍTIMA,TORRE,PRC PROFESSOR BARRETO CAMPELLO,,SUBURBIO,COLISÃO COM CICLISTA,COLISAO COM VITIMAS,1,,,1,,,,,,1,Longo da via,Bom,Perfeito estado,Seca,Perfeito estado,R-6a,,Única,Faixa seccionada
2020-06-26 00:00:00,07:10:00,COM VÍTIMA,BOA VIAGEM,RUA ERNESTO DE PAULA SANTOS,,SUBURBIO,ABALROAMENTO TRANSVERSAL,AUTO E MOTO,1,1,,,,,,,,1,Cruzamento,Bom,Incompleta,Seca,Perfeito estado,Não há placas,,Única,Faixa contínua
2020-06-26 00:00:00,08:45:00,COM VÍTIMA,TORREÃO,AV NORTE,,CIDADE,ATROPELAMENTO ANIMAL,GM GILSON ALVES E THIEGO PONTO FIXO MOTO AO DESVIAR CHOCOU-SE NO ACOSTAMENTO DO VIADUTO,,1,,,,,,,,1,Longo da via,Bom,Perfeito estado,Seca,Perfeito estado,Não há placas,60 km/h,,Canteiro central
2020-06-26 00:00:00,12:13:00,COM VÍTIMA,ARRUDA,RUA ZEFERINO AGRA,,,COLISÃO,COLISÃO COM VÍTIMA,1,1,,,,,,,,1,,,,,,,,,
2020-06-26 00:00:00,12:56:00,COM VÍTIMA,IMBIRIBEIRA,AV MARECHAL MASCARENHAS DE MORAES,386,SUBURBIO,ABALROAMENTO LONGITUDINAL,COLISÃO COM VÍTIMA,1,1,,,,,,,,1,Cruzamento,Bom,Perfeito estado,Seca,Perfeito estado,R-6a,,Dupla,Canteiro central
2020-06-26 00:00:00,13:16:00,SEM VÍTIMA,PINA,AV BOA VIAGEM,,CIDADE,COLISÃO,COLISAO ENTRE TRES AUTOS S/V,2,,,,,,,,,0,Longo da via,Bom,Perfeito estado,Seca,Perfeito estado,Não há placas,60 km/h,Única,Faixa seccionada
2020-06-26 00:00:00,14:43:00,SEM VÍTIMA,IPSEP,AV RECIFE,620,,COLISÃO,COLISAO ENTRE AUTO E UM CAMINHAO,1,,,,,,1,,,0,Cruzamento,Chuvoso,Perfeito estado,Outros,Perfeito estado,,,Dupla,Faixa seccionada
2020-06-26 00:00:00,15:52:00,SEM VÍTIMA,SANTO AMARO,AV GOVERNADOR AGAMENON MAGALHAES,,OLINDA,COLISÃO,,3,1,,,,,,,,0,Viaduto,Bom,Não existente,Seca,Perfeito estado,Não há placas,60 km/h,Dupla,Faixa contínua
2020-06-26 00:00:00,17:44:00,COM VÍTIMA,ILHA DO RETIRO,AV ENGENHEIRO ABDIAS DE CARVALHO,52,SUBURBIO,ABALROAMENTO TRANSVERSAL,COLISÃO COM VITIMA,1,1,,,,,,,,1,Cruzamento,Bom,Perfeito estado,Seca,Perfeito estado,R-6a,,Dupla,Canteiro central
2020-06-27 00:00:00,07:52:00,SEM VÍTIMA,SANTO AMARO,RUA DO POMBAL,,CIDADE,COLISÃO,SEM VITIMAS,2,,,,,,,,,0,Longo da via,Chuvoso,Perfeito estado,Molhada,Perfeito estado,Não há placas,40 km/h,Dupla,Faixa contínua
2020-06-27 00:00:00,16:37:00,COM VÍTIMA,IMBIRIBEIRA,AV MARECHAL MASCARENHAS DE MORAES,,SUBURBIO,ABALROAMENTO LONGITUDINAL,COLISAO ENTRE AUTO E MOTO,1,1,,,,,,,,1,Longo da via,Bom,Perfeito estado,Seca,Perfeito estado,R-5a,60 km/h,Dupla,Faixa
2020-06-27 00:00:00,16:55:00,SEM VÍTIMA,AFOGADOS,RUA DR ADELINO,,,COLISÃO,COLISÃO ENTRE DOIS AUTOS SEM VÍTIMAS- UMAS DAS PARTES APRESENTA SINTOMAS DE EMBRIAGUEZ,2,,,,,,,,,0,,,,,,,,,
2020-06-27 00:00:00,17:23:00,SEM VÍTIMA,JARDIM SÃO PAULO,RUA LEANDRO BARRETO,,,COLISÃO,COLISÃO 2 AUTOS,,,,,,,,,,0,,,,,,,,,
2020-06-27 00:00:00,18:31:00,COM VÍTIMA,NOVA DESCOBERTA,RUA NOVA DESCOBERTA,,SUBURBIO,ATROPELAMENTO,COLISAO COM VITIMAS,,1,,,1,,,,,1,Longo da via,Bom,,,,Não há placas,,Dupla,Não existe
2020-06-28 00:00:00,07:35:00,COM VÍTIMA,ILHA DO RETIRO,AV JOSE GONCALVES DE MEDEIROS,,CIDADE,ABALROAMENTO LONGITUDINAL,AUTO E MOTO.,1,1,,,,,,,,2,Longo da via,Bom,Perfeito estado,Seca,Perfeito estado,Não há placas,50 km/h,Dupla,Faixa contínua
2020-06-28 00:00:00,15:09:00,COM VÍTIMA,NOVA DESCOBERTA,RUA NOVA DESCOBERTA,,,COLISÃO FRONTAL,COLISAO ENTRE DUAS MOTOS COM VITIMAS,,2,,,,,,,,1,Longo da via,Chuvoso,Perfeito estado,Molhada,Perfeito estado,Outras,,Dupla,Faixa seccionada
2020-06-28 00:00:00,16:34:00,COM VÍTIMA,TORRÕES,RUA CLARICE LISPECTOR,,SUBURBIO,ATROPELAMENTO,ATROPELAMENTO COM VÍTIMA/ VÍTIMA SOCORRIDA PELO SAMU,1,,,,1,,,,,1,Longo da via,Chuvoso,Não existente,Molhada,Perfeito estado,Não há placas,,Dupla,Não existe
2020-06-29 00:00:00,07:25:00,COM VÍTIMA,ESPINHEIRO,RUA CONS PORTELA,11,CIDADE,ABALROAMENTO LONGITUDINAL,,1,1,,,,,,,,1,Longo da via,Bom,Perfeito estado,Seca,Perfeito estado,Não há placas,,Única,Faixa contínua
2020-06-29 00:00:00,07:39:00,COM VÍTIMA,VÁRZEA,AV CAXANGA,568,CIDADE,ABALROAMENTO LONGITUDINAL,AUTO E MOTO,1,1,,,,,,,,2,Longo da via,Chuvoso,Incompleta,Molhada,Perfeito estado,R-6a,60 km/h,Única,Não existe
2020-06-29 00:00:00,10:37:00,COM VÍTIMA,SAN MARTIN,RUA COMENDADOR FRANCO FERREIRA,,,ABALROAMENTO TRANSVERSAL,COLISÃO COM UMA VITIMA,1,1,,,,,,,,1,Cruzamento,Bom,Ilegível,Seca,Perfeito estado,Placas Pare,,Dupla,Não existe
2020-06-29 00:00:00,11:21:00,COM VÍTIMA,VÁRZEA,AV CAXANGA,,SUBURBIO,COLISÃO TRASEIRA,CONDUTOR DA MOTO BATEU DA NA TRASEIRA DO CARRO,1,1,,,,,,,,1,Ponte,Bom,Perfeito estado,Seca,Perfeito estado,Não há placas,60 km/h,Única,Faixa seccionada
2020-06-29 00:00:00,11:48:00,SEM VÍTIMA,IMBIRIBEIRA,RUA DEZ DE JULHO,572,CIDADE,COLISÃO,,,1,,,,1,,,,0,Cruzamento,Bom,Perfeito estado,Seca,Perfeito estado,Não há placas,60 km/h,Única,
2020-06-29 00:00:00,15:46:00,SEM VÍTIMA,IPSEP,RUA SANTOS COSME E DAMIAO,,,COLISÃO,COLISÃO ENTRE VEÍCULO E UMA CARROÇA,1,,,,1,,,,,0,Longo da via,Bom,Perfeito estado,Seca,Perfeito estado,Outras,40 km/h,Única,Não existe
2020-06-29 00:00:00,18:31:00,COM VÍTIMA,IMBIRIBEIRA,AV SUL,,SUBURBIO,ATROPELAMENTO,ÔNIBUS E PEDESTRE,,,,,1,1,,,,1,Outros,Bom,,Seca,Mal iluminada,Não há placas,20 km/h,Única,Faixa contínua
2020-06-30 00:00:00,12:14:00,COM VÍTIMA,PINA,AV ENGENHEIRO DOMINGOS FERREIRA,200,SUBURBIO,COLISÃO COM CICLISTA,COLISÃO COM VÍTMA ENTRE AUTO E BICICLETA.,1,,,1,,,,,,1,Cruzamento,Bom,Perfeito estado,Seca,Perfeito estado,,60 km/h,Única,Faixa contínua
2020-06-30 00:00:00,13:38:00,COM VÍTIMA,TAMARINEIRA,AV NORTE,62,,COLISÃO COM CICLISTA,APOIO AO ACIDENE COM VÍTIMA NA AV. NORTE,1,,,1,,,,,,1,Cruzamento,Bom,Perfeito estado,Seca,Perfeito estado,Outras,,Dupla,Blocos
2020-06-30 00:00:00,19:50:00,SEM VÍTIMA,ENCRUZILHADA,AV BEBERIBE,,,COLISÃO,COLISÃO MOTO X AUTO S/VITIMA OBS: SUSPEITA DE EMBRIAGUEZ,1,1,,,,,,,,0,Cruzamento,Bom,Perfeito estado,Seca,Perfeito estado,R-6a,40KM,Dupla,Faixa contínua
2020-06-30 00:00:00,20:44:00,COM VÍTIMA,IMBIRIBEIRA,AV MARECHAL MASCARENHAS DE MORAES,501,CIDADE,COLISÃO TRASEIRA,CONDUTOR APARENTEMENTE EMBRIAGADO- ACABOU SE CHOCANDO CONTRA DOIS VEÍCULOS. ENGAVETAMENTO HOUVE 2 VÍTIMAS AO TODO. CAB FRANKLIN SOLICITA A PRESENÇA DA CTTU NO LOCAL- PARA FAZER O PROCEDIMENTO DA OCORRÊNCIA.,3,,,,,,,,,2,Longo da via,Bom,Perfeito estado,Seca,Perfeito estado,R-32,60 km/h,Dupla,Canteiro central
2020-07-01 00:00:00,01:58:00,COM VÍTIMA,CAXANGÁ,AV CAXANGA,,SUBURBIO,COLISÃO TRASEIRA,AUTO E MOTO,1,1,,,,,,,,1,Longo da via,Bom,Perfeito estado,Seca,Perfeito estado,Não há placas,40 km/h,Dupla,Canteiro central
2020-07-01 00:00:00,08:30:00,SEM VÍTIMA,CORDEIRO,RUA GREGORIO JUNIOR,,CIDADE,COLISÃO,DOIS AUTOS GM LEONARDO SUB BARRETO NO QTH,2,,,,,,,,,0,Longo da via,Bom,Perfeito estado,Seca,Perfeito estado,Não há placas,,Única,Faixa seccionada
2020-07-01 00:00:00,11:22:00,COM VÍTIMA,SAN MARTIN,AV JOAO CABRAL DE MELO NETO,259,CIDADE,ABALROAMENTO LONGITUDINAL,COLISÃO ENTRE AUTO E MOTO COM UMA VITIMA-AGUARDANDO SAMU,1,1,,,,,,,,1,Longo da via,Bom,Perfeito estado,Seca,Perfeito estado,Outras,,Única,Faixa
2020-07-01 00:00:00,11:42:00,COM VÍTIMA,VASCO DA GAMA,AV NORTE,256,,ABALROAMENTO LONGITUDINAL,AUTO E MOTO COM UMA VITIMA/VT 07 DA CTTU NO LOCAL /INSP TOMÁS EDSON,1,1,,,,,,,,1,Longo da via,Bom,Perfeito estado,Seca,Perfeito estado,Outras,,Dupla,Faixa seccionada
2020-07-01 00:00:00,11:46:00,SEM VÍTIMA,AFLITOS,AV CONS ROSA E SILVA,,,COLISÃO,AUTO E CAMINHAO,1,,,,,,1,,,0,,,,,,,,,
2020-07-01 00:00:00,11:50:00,COM VÍTIMA,IMBIRIBEIRA,AV MARECHAL MASCARENHAS DE MORAES,,CIDADE,ABALROAMENTO TRANSVERSAL,AUTO E MOTO.,1,1,,,,,,,,1,Longo da via,Bom,Perfeito estado,Seca,Perfeito estado,Não há placas,,Dupla,Canteiro central
2020-07-01 00:00:00,12:42:00,SEM VÍTIMA,ALTO JOSÉ DO PINHO,RUA VALERIANO LOBO,79,SUBURBIO,COLISÃO,COLISÃO ENTRE DOIS AUTOS S/V,2,,,,,,,,,0,Longo da via,Bom,Perfeito estado,Seca,Perfeito estado,R-6a,,Única,Não existe
2020-07-01 00:00:00,16:51:00,COM VÍTIMA,AREIAS,RUA JOSE NATARIO,44,,ABALROAMENTO TRANSVERSAL,COLISÃO C/VITIMAS ENTRE DOIS AUTOS,2,,,,,,,,,1,Cruzamento,Bom,Perfeito estado,Seca,Perfeito estado,Outras,30 km/h,Dupla,Faixa contínua
2020-07-01 00:00:00,17:43:00,SEM VÍTIMA,ÁGUA FRIA,AV BEBERIBE,,SUBURBIO,COLISÃO,COLISAO S/VITIMAS,1,,,,,1,,,,0,Longo da via,Bom,Perfeito estado,Seca,Perfeito estado,Não há placas,,Dupla,Faixa contínua
2020-07-01 00:00:00,17:48:00,SEM VÍTIMA,CASA AMARELA,AV NORTE,,,COLISÃO,COLISAO S/VITIMAS,1,1,,,,,,,,0,,,,,,,,,
2020-07-02 00:00:00,08:57:00,COM VÍTIMA,IPSEP,AV RECIFE,247,CIDADE,ABALROAMENTO TRANSVERSAL,COLISÃO ENTRE AUTO E MOTO COM VÍTIMA,1,1,,,,,,,,2,Esquina,Bom,Perfeito estado,Seca,Perfeito estado,Outras,60 km/h,Única,Faixa seccionada
2020-07-02 00:00:00,09:48:00,COM VÍTIMA,ESTÂNCIA,AV DR JOSE RUFINO,,SUBURBIO,COLISÃO FRONTAL,COLISÃO ENTRE AUTO E MOTOCICLETA COM 1 VÍTIMA,1,1,,,,,,,,1,Longo da via,Bom,Perfeito estado,Seca,Perfeito estado,,,Dupla,Faixa contínua
2020-07-02 00:00:00,10:09:00,SEM VÍTIMA,CABANGA,AV CAXANGA,,,COLISÃO,COLISÃO SEM VITIMAS GM GIULIERMES  QTH,1,,,,,1,,,,0,Ponte,Bom,Perfeito estado,Seca,Perfeito estado,R-6a,60KM,Única,Faixa seccionada
2020-07-02 00:00:00,11:27:00,COM VÍTIMA,MADALENA,RUA BENFICA,629,CIDADE,COLISÃO COM CICLISTA,AUTO E CICLISTA PONTO FIXO GM´S VALDILENE E BANDEIRA,1,,,1,,,,,,1,Longo da via,Bom,Perfeito estado,Seca,Perfeito estado,,30 km/h,Única,
2020-07-02 00:00:00,13:39:00,COM VÍTIMA,ENCRUZILHADA,AV BEBERIBE,,CIDADE,ABALROAMENTO LONGITUDINAL,COLISAO ENTRE DOIS AUTOS,2,,,,,,,,,1,Longo da via,Bom,Perfeito estado,Seca,Perfeito estado,Não há placas,,Dupla,Faixa contínua
2020-07-02 00:00:00,14:52:00,COM VÍTIMA,TEJIPIÓ,AV LIBERDADE,,CIDADE,ABALROAMENTO TRANSVERSAL,COLISAO ENTRE DUAS MOTO COM UMA VITIMA A OUTRA PARTE SE EVADIU DO LOCAL,,2,,,,,,,,1,Longo da via,Bom,Perfeito estado,Seca,Perfeito estado,Não há placas,,Dupla,Faixa contínua
2020-07-02 00:00:00,16:17:00,SEM VÍTIMA,BOA VISTA,RUA DOM BOSCO,,,COLISÃO,COLISAO ENTRE ONIBUS E AUTO S/V,1,,,,,1,,,,0,,,,,,,,,
2020-07-02 00:00:00,21:11:00,COM VÍTIMA,CORDEIRO,RUA DR MIGUEL VIEIRA FERREIRA,,,COLISÃO,MOTO X WRV,1,1,,,,,,,,2,,,,,,,,,
2020-07-03 00:00:00,07:43:00,SEM VÍTIMA,BONGI,AV ENGENHEIRO ABDIAS DE CARVALHO,58,SUBURBIO,ABALROAMENTO LONGITUDINAL,SEM VITIMAS /CTTU NO LOCAL-GM ELVAS/GM BARROS,1,,,,,,1,,,0,Longo da via,Chuvoso,Perfeito estado,Molhada,Perfeito estado,R-6a,60 km/h,Única,Faixa seccionada
2020-07-03 00:00:00,08:20:00,SEM VÍTIMA,IMBIRIBEIRA,AV MARECHAL MASCARENHAS DE MORAES,,,CHOQUE OBJETO FIXO,,1,,,,,,,,,0,,Chuvoso,Perfeito estado,Molhada,Perfeito estado,Não há placas,60 km/h,Única,Faixa seccionada
2020-07-03 00:00:00,08:42:00,COM VÍTIMA,SÃO JOSÉ,C SANTA RITA,,SUBURBIO,TOMBAMENTO,,,1,,,,,,,,1,Longo da via,Chuvoso,Perfeito estado,Molhada,Perfeito estado,Outras,60 km/h,Dupla,Canteiro central
2020-07-03 00:00:00,08:44:00,COM VÍTIMA,ARRUDA,AV BEBERIBE,,CIDADE,ABALROAMENTO TRANSVERSAL,AUTO E MOTO,1,1,,,,,,,,1,Longo da via,Bom,Perfeito estado,Seca,Perfeito estado,R-6a,60 km/h,Dupla,Faixa seccionada
2020-07-03 00:00:00,09:12:00,COM VÍTIMA,SÃO JOSÉ,PRC SERGIO LORETO,311,CIDADE,COLISÃO TRASEIRA,MOTO E AUTO,1,1,,,,,,,,1,Longo da via,Bom,Perfeito estado,Seca,Perfeito estado,,60 km/h,Única,Faixa contínua
2020-07-03 00:00:00,14:03:00,SEM VÍTIMA,PAISSANDU,AV GOVERNADOR AGAMENON MAGALHAES,,SUBURBIO,COLISÃO TRASEIRA,COLISÃO S/VITIMAS ENTRE UMA AUTO E UMA MOTO (V.T. 29 NO QTH),1,1,,,,,,,,0,Longo da via,Bom,Perfeito estado,Seca,Perfeito estado,Não há placas,60 km/h,Única,Faixa seccionada
2020-07-03 00:00:00,17:43:00,COM VÍTIMA,SANTO AMARO,AV GOVERNADOR AGAMENON MAGALHAES,,CIDADE,ABALROAMENTO TRANSVERSAL,COLISÃO E CAPOTAMENTO COM UMA VÍTIMA,2,,,,,,,,,1,Longo da via,Bom,Perfeito estado,Seca,Perfeito estado,Não há placas,,Única,Outros
2020-07-03 00:00:00,18:51:00,COM VÍTIMA,TORREÃO,AV NORTE,376,CIDADE,ABALROAMENTO LONGITUDINAL,C/VITIMAS GM LUIZ HENRIQUE E ALLYSON NO QTH,1,1,,,,,,,,1,Longo da via,Bom,Perfeito estado,Seca,Perfeito estado,Não há placas,60 km/h,Dupla,Canteiro central
2020-07-03 00:00:00,21:43:00,COM VÍTIMA,GRAÇAS,RUA ALBERTO PAIVA,360,,ABALROAMENTO TRANSVERSAL,AUTO E MOTO,1,1,,,,,,,,1,Cruzamento,Bom,Perfeito estado,Seca,Perfeito estado,Não há placas,,Única,
2020-07-04 00:00:00,13:27:00,COM VÍTIMA,BOA VIAGEM,AV ENGENHEIRO DOMINGOS FERREIRA,551,SUBURBIO,ABALROAMENTO TRANSVERSAL,COLISAO ENTRE AUTO E MOTO COM UMA VITIMA,1,1,,,,,,,,1,Cruzamento,Bom,Perfeito estado,Seca,Perfeito estado,Outras,,Única,Faixa seccionada
2020-07-04 00:00:00,18:14:00,SEM VÍTIMA,SANTO AMARO,RUA DO POMBAL,,SUBURBIO,CHOQUE OBJETO FIXO,CAMINHÃO CHOCOU-SE CONTRA A ÁRVORE NA LOCALIDADE- CAUSANDO A QUEDA DA MESMA NA VIA. S/V,,,,,,,1,,,0,Longo da via,Bom,Perfeito estado,Seca,Perfeito estado,Não há placas,,Dupla,Faixa seccionada
2020-07-04 00:00:00,19:18:00,COM VÍTIMA,SANTO AMARO,AV GOVERNADOR AGAMENON MAGALHAES,,OLINDA,COLISÃO TRASEIRA,CLIO X MOTO,1,1,,,,,,,,1,Longo da via,Bom,Perfeito estado,Seca,Perfeito estado,Não há placas,60 km/h,Dupla,Canteiro central
2020-07-04 00:00:00,19:25:00,SEM VÍTIMA,ARRUDA,RUA ALEGRE,,,COLISÃO,COLISÃO ENTRE 2 AUTOS. UM DOS CONDUTORES APRESENTA SINAIS DE EMBRIAGUEZ. S/V,2,,,,,,,,,0,,,,,,,,,
2020-07-05 00:00:00,05:36:00,SEM VÍTIMA,IMBIRIBEIRA,RUA ARQUITETO LUIZ NUNES,,SUBURBIO,CHOQUE VEÍCULO PARADO,COLISÃO ENTRE 2 AUTOS. UM DOS CONDUTORES APRESENTA SINAIS DE EMBRIAGUEZ. S/V,2,,,,,,,,,0,Longo da via,Bom,Perfeito estado,Seca,Perfeito estado,,40 km/h,Dupla,Faixa contínua
2020-07-05 00:00:00,06:45:00,SEM VÍTIMA,SÃO JOSÉ,C SANTA RITA,,SUBURBIO,CHOQUE OBJETO FIXO,VEICULO CHOCOU-SE CONTRA UM POSTE DE ILUMINAÇÃO,1,,,,,,,,,0,Longo da via,Chuvoso,Perfeito estado,Molhada,Perfeito estado,Não há placas,,Dupla,Canteiro central
2020-07-05 00:00:00,07:17:00,COM VÍTIMA,CASA AMARELA,AV NORTE,256,SUBURBIO,COLISÃO TRASEIRA,MOTO E ÔNIBUS.,,1,,,,1,,,,1,Longo da via,Chuvoso,Perfeito estado,Molhada,Perfeito estado,R-6a,,Dupla,Canteiro central
2020-07-05 00:00:00,23:04:00,COM VÍTIMA,MADALENA,RUA DOM MANOEL DA COSTA,,CIDADE,ABALROAMENTO TRANSVERSAL,AUTO E MOTO,1,1,,,,,,,,2,Cruzamento,Chuvoso,Incompleta,Molhada,Perfeito estado,Não há placas,,Única,Faixa seccionada
2020-07-05 00:00:00,23:05:00,SEM VÍTIMA,LINHA DO TIRO,RUA URIEL DE HOLANDA,,SUBURBIO,CHOQUE VEÍCULO PARADO,S/VITIMAS CONDUTOR EMBRIAGADO,2,,,,,,,,,0,Longo da via,Bom,Perfeito estado,Seca,Perfeito estado,Não há placas,,Dupla,Faixa seccionada
2020-07-06 00:00:00,07:18:00,COM VÍTIMA,BOA VISTA,RUA PRINCESA IZABEL,167,CIDADE,COLISÃO TRASEIRA,AUTO E MOTO,1,1,,,,,,,,1,Longo da via,Chuvoso,Perfeito estado,Molhada,Perfeito estado,Não há placas,40 km/h,Única,Faixa contínua
2020-07-06 00:00:00,09:28:00,SEM VÍTIMA,IMBIRIBEIRA,AV GENERAL MAC ARTHUR,,,COLISÃO,AUTO E VT-PM,1,,,,,,,1,,0,Longo da via,Bom,Perfeito estado,Seca,Perfeito estado,R-6a,40KM,Única,Faixa seccionada
2020-07-06 00:00:00,11:04:00,COM VÍTIMA,IBURA,AV DOIS RIOS,351,SUBURBIO,ABALROAMENTO TRANSVERSAL,COLISÃO COM VÍTIMA AUTO E MOTO,1,1,,,,,,,,1,Cruzamento,Bom,Perfeito estado,Seca,Perfeito estado,Não há placas,,Dupla,Faixa contínua
2020-07-06 00:00:00,15:39:00,COM VÍTIMA,IPUTINGA,AV CAXANGA,,SUBURBIO,ABALROAMENTO TRANSVERSAL,COLISAO ENTRE DUAS MOTOS COM UMA VITIMA VT 29 NO LOCAL,,2,,,,,,,,2,Longo da via,Bom,Perfeito estado,Seca,Perfeito estado,,,Única,
2020-07-06 00:00:00,15:56:00,COM VÍTIMA,JARDIM SÃO PAULO,RUA GUARULHOS,,BR 101,ABALROAMENTO TRANSVERSAL,COLISAO ENTRE DOIS AUTO COM UMA VITIMA,2,,,,,,,,,1,Cruzamento,Bom,Não existente,Seca,Perfeito estado,Não há placas,,Dupla,Não existe
2020-07-06 00:00:00,16:19:00,COM VÍTIMA,PORTO DA MADEIRA,AV CIDADE DE MONTEIRO,,,COLISÃO,COLISAO ENTRE MOTO E AUTO COM UMA VITIMA,1,1,,,,,,,,1,,,,,,,,,
2020-07-06 00:00:00,17:10:00,COM VÍTIMA,MANGABEIRA,AV PROFESSOR JOSE DOS ANJOS,,SUBURBIO,CHOQUE VEÍCULO PARADO,COM VÍTIMA,,1,,,,,1,,,1,Longo da via,Bom,Perfeito estado,Seca,Perfeito estado,R-6a,40 km/h,Dupla,Canteiro central
2020-07-06 00:00:00,17:27:00,COM VÍTIMA,BOA VIAGEM,RUA VISCONDE DE JEQUITINHONHA,433,SUBURBIO,ABALROAMENTO LONGITUDINAL,COLISAO ENTRE AUTO E MOTO COM UMA VITIMA,1,1,,,,,,,,1,Cruzamento,Bom,Perfeito estado,Seca,Perfeito estado,R-4a,60 km/h,Única,Canteiro central
2020-07-06 00:00:00,19:09:00,COM VÍTIMA,BOA VIAGEM,RUA PADRE CARAPUCEIRO,,,COLISÃO,DUAS MOSTOS ( 2 FAN 150),,2,,,,,,,,1,,,,,,,,,
2020-07-06 00:00:00,21:15:00,COM VÍTIMA,BEBERIBE,AV BEBERIBE,187,CIDADE,COLISÃO FRONTAL,MOTO X VT DA POLICA MILITAR,,1,,,,,,1,,1,Longo da via,Chuvoso,Perfeito estado,Molhada,Perfeito estado,Outras,,Dupla,Faixa contínua
2020-07-07 00:00:00,07:11:00,COM VÍTIMA,DOIS UNIDOS,RUA VARZEA DO GILO,,SUBURBIO,TOMBAMENTO,CONDUTOR DA BICICLETA TOMBOU E CAIU,,,,1,,,,,,1,,,,,,,,,