data,hora,natureza,bairro,endereco,num_semaforo,sentido_via,tipo,auto,moto,ciclom,ciclista,pedestre,onibus,caminhao,viatura,outros,vitimas,vitimasfatais,acidente_verificado,tempo_clima,sinalizacao,condicao_via,conservacao_via,situacao_placa,velocidade_max_via,mao_direcao,divisao_via1
2020-07-15 00:00:00,14:23:00,COM VÍTIMA,PAISSANDU,AV GOVERNADOR AGAMENON MAGALHAES,,CIDADE,COLISÃO TRASEIRA,COLISÃO COM VÍTIMA,1,1,,,,,,,,1,Longo da via,Bom,Perfeito estado,Seca,Perfeito estado,Não há placas,60 km/h,Única,Faixa seccionada
2020-07-15 00:00:00,16:03:00,SEM VÍTIMA,PAISSANDU,PTE PAISSANDU,,,COLISÃO,COLISÃO S/VITIMAS ENTRE UM AUTO E UMA MOTO (VEÍCULO OFICIAL),1,1,,,,,,,,0,,,,,,,,,
2020-07-15 00:00:00,20:14:00,COM VÍTIMA,BONGI,RUA ISAAC MARKMAN,,,COLISÃO,COLISAO ENTRE UM AUTO E MOTO,1,,1,,,,,,,1,,,,,,,,,
2020-07-16 00:00:00,05:31:00,SEM VÍTIMA,IMBIRIBEIRA,AV MARECHAL MASCARENHAS DE MORAES,,,COLISÃO,,1,,,,,1,,,,0,Longo da via,Chuvoso,Perfeito estado,Molhada,Perfeito estado,Não há placas,60KM,Dupla,Canteiro central
2020-07-16 00:00:00,08:04:00,COM VÍTIMA,VÁRZEA,RUA MARIO CAMPELO,,,TOMBAMENTO,QUEDA DE MOTOCICLISTA,,1,,,,,,,,1,Longo da via,Chuvoso,Não existente,Molhada,Perfeito estado,Não há placas,,Dupla,Não existe
2020-07-16 00:00:00,13:15:00,COM VÍTIMA,SANTO AMARO,AV GOVERNADOR AGAMENON MAGALHAES,,OLINDA,COLISÃO,COM VÍTIMA. O GCM CARLOS LIMA SE DEPAROU COM A COLISÃO,1,1,,,,,,,,1,,,,,,,,,
2020-07-16 00:00:00,19:34:00,COM VÍTIMA,PINA,AV ENGENHEIRO DOMINGOS FERREIRA,,SUBURBIO,CAPOTAMENTO,VEICULO VW/GOL CAPOTOU E EM SEGUIDA CHOCOU-SE CONTRA UMA GM/SPIN,2,,,,,,,,,3,Longo da via,Bom,Perfeito estado,Seca,Perfeito estado,Não há placas,50 km/h,Única,Canteiro central
2020-07-17 00:00:00,04:59:00,SEM VÍTIMA,BOA VIAGEM,AV BOA VIAGEM,,CIDADE,CHOQUE OBJETO FIXO,CHOQUE NO POSTE ILUMUNIAÇÃO,1,,,,,,,,,0,Longo da via,Chuvoso,Perfeito estado,Molhada,Perfeito estado,Outras,60KM,Única,Faixa contínua
2020-07-17 00:00:00,06:05:00,COM VÍTIMA,IMBIRIBEIRA,AV MARECHAL MASCARENHAS DE MORAES,534,CIDADE,COLISÃO COM CICLISTA,COM UMA VITIMA-SAMU JÁ ACIONADO-CTTU NO LOCAL VT 07-SUB INSP MARCILIO,,,,1,,1,,,,1,Cruzamento,Bom,Perfeito estado,Seca,Perfeito estado,,,Dupla,Canteiro central
2020-07-17 00:00:00,09:11:00,COM VÍTIMA,JOANA BEZERRA,VDO PAPA JOAO PAULO II,,SUBURBIO,ABALROAMENTO LONGITUDINAL,COM UMA VITIMA AGUARDANDO SAMU/AUTO PASSEIO SE EVADIU,1,1,,,,,,,,1,Viaduto,Chuvoso,Perfeito estado,Molhada,Perfeito estado,Não há placas,,Única,Faixa seccionada
2020-07-17 00:00:00,13:21:00,SEM VÍTIMA,IMBIRIBEIRA,AV MARECHAL MASCARENHAS DE MORAES,396,CIDADE,COLISÃO TRASEIRA,COLISÃO S/VITIMAS ENTRE UM AUTO (VEICULO OFICIAL) E UM CAMINHÃO,2,,,,,,1,,,0,Longo da via,Chuvoso,Perfeito estado,Molhada,Perfeito estado,R-6a,,Dupla,Canteiro central
2020-07-17 00:00:00,15:43:00,SEM VÍTIMA,ARRUDA,RUA VELHA,,,COLISÃO,COLISÃO S/VITIMAS ENTRE UM AUTO E UMA MOTO (V.T 23 NO QTH),1,1,,,,,,,,0,,,,,,,,,
2020-07-18 00:00:00,01:41:00,COM VÍTIMA,MADALENA,AV VISCONDE DE ALBUQUERQUE,50,SUBURBIO,COLISÃO FRONTAL,ACIDENTE ENTRE DOIS AUTOS UM DOS VEÍCULOS SEM CONDIÇÕES DE SAIR DO LOCAL OBSTRUIDO A VIA.,2,,,,,,,,,1,Cruzamento,Chuvoso,Perfeito estado,Molhada,Perfeito estado,Não há placas,,Única,Faixa seccionada
2020-07-18 00:00:00,08:14:00,COM VÍTIMA,VÁRZEA,AV CAXANGA,,CIDADE,COLISÃO COM CICLISTA,MOTO E CICLISTA,,1,,1,,,,,,1,Longo da via,Chuvoso,Não existente,Molhada,Perfeito estado,Não há placas,,Única,Canteiro central
2020-07-18 00:00:00,10:58:00,COM VÍTIMA,ARRUDA,AV BEBERIBE,,,ABALROAMENTO LONGITUDINAL,COLISÃO COM 1 VITIMA,1,1,,,,,,,,1,Esquina,Bom,Perfeito estado,Seca,Perfeito estado,Outras,,Dupla,Faixa contínua
2020-07-18 00:00:00,11:14:00,COM VÍTIMA,CASA AMARELA,RUA DA HARMONIA,,SUBURBIO,ABALROAMENTO TRANSVERSAL,AUTO E MOTO C/V,1,1,,,,,,,,1,Longo da via,Bom,Perfeito estado,Seca,Perfeito estado,Placas Pare,,Dupla,Faixa
2020-07-18 00:00:00,12:21:00,COM VÍTIMA,MADALENA,AV CAXANGA,,,ATROPELAMENTO,MOTO ATROPELOU DOIS PEDESTRE,,1,,,2,,,,,1,,,,,,,,,
2020-07-18 00:00:00,13:24:00,SEM VÍTIMA,AREIAS,AV CAPITAO GREGORIO DE CALDAS,,SUBURBIO,ABALROAMENTO LONGITUDINAL,COLISÃO SEM VÍTIMAS- ENTRE 2 AUTOS.,2,,,,,,,,,0,,Bom,Não existente,Seca,Perfeito estado,Não há placas,,Dupla,Não existe
2020-07-18 00:00:00,15:13:00,COM VÍTIMA,CASA AMARELA,AV NORTE,,CIDADE,COLISÃO COM CICLISTA,VEÍCULO QUE COLIDIU COM CICLISTA EVADIU-SE.,1,,,1,,,,,,1,Longo da via,Bom,Perfeito estado,Seca,Perfeito estado,Outras,,Dupla,Canteiro central
2020-07-18 00:00:00,15:27:00,COM VÍTIMA,IMBIRIBEIRA,AV MARECHAL MASCARENHAS DE MORAES,386,CIDADE,ABALROAMENTO LONGITUDINAL,COLISAO ENTRE AUTO E MOTO COM UMA VITIMA,1,1,,,,,,,,1,Longo da via,Bom,Perfeito estado,Seca,Perfeito estado,Não há placas,60 km/h,Única,Faixa seccionada
2020-07-18 00:00:00,20:11:00,SEM VÍTIMA,ESPINHEIRO,RUA DO ESPINHEIRO,,,ABALROAMENTO TRANSVERSAL,MOTO X PALIO OBS: VT DA CTTU 07 ESTA NO LOCAL,1,1,,,,,,,,0,Cruzamento,Bom,Perfeito estado,Seca,Mal iluminada,R-6a,30 km/h,Única,
2020-07-18 00:00:00,20:21:00,COM VÍTIMA,ALTO JOSÉ BONIFÁCIO,RUA ALTO JOSE BONIFACIO,,SUBURBIO,ABALROAMENTO LONGITUDINAL,ONIX X MOTO,1,1,,,,,,,,1,Longo da via,Bom,Ilegível,Seca,Mal iluminada,Não há placas,,Dupla,Faixa seccionada
2020-07-18 00:00:00,21:40:00,COM VÍTIMA,TORRE,RUA JOSE BONIFACIO,191,,COLISÃO TRASEIRA,2 AUTOS E UMA MOTO,2,1,,,,,,,,1,Cruzamento,Bom,Perfeito estado,Seca,Perfeito estado,R-6a,40 km/h,Única,
2020-07-18 00:00:00,23:17:00,COM VÍTIMA,IMBIRIBEIRA,RUA ARQUITETO LUIZ NUNES,,SUBURBIO,ABALROAMENTO LONGITUDINAL,FIAT UNO X MOTO OBS : VEICULO CAPOTADO NO MEIO DA VIA SUSPEITA DE EMBRIAGUEZ,1,1,,,,,,,,2,Longo da via,Bom,Incompleta,Seca,Mal iluminada,Outras,,Dupla,Faixa contínua
2020-07-19 00:00:00,11:08:00,COM VÍTIMA,MANGUEIRA,RUA VINTE E UM DE ABRIL,,SUBURBIO,ABALROAMENTO TRANSVERSAL,COLISAO ENTRE AUTO E MOTO,1,1,,,,,,,,1,Cruzamento,Bom,Incompleta,Seca,Perfeito estado,Não há placas,,Dupla,Não existe
2020-07-19 00:00:00,11:50:00,COM VÍTIMA,ÁGUA FRIA,RUA DR EUDES COSTA,,,COLISÃO COM CICLISTA,COLISAO ENTRE AUTO E BICICLETA,1,,,1,,,,,,1,,,,,,,,,
2020-07-19 00:00:00,12:52:00,COM VÍTIMA,CASA AMARELA,AV NORTE,676,CIDADE,ABALROAMENTO TRANSVERSAL,COLISÃO C/VITIMAS ENTRE UM AMBULANCIA E UMA MOTO,1,1,,,,,,,,2,Longo da via,Bom,Perfeito estado,Seca,Perfeito estado,Outras,,Única,Faixa contínua
2020-07-19 00:00:00,21:26:00,SEM VÍTIMA,GUABIRABA,AV VEREADOR OTACILIO AZEVEDO,,,COLISÃO,COLISAO SEM VITIMAS,2,,,,,,,,,0,,,,,,,,,
2020-07-20 00:00:00,09:06:00,COM VÍTIMA,IMBIRIBEIRA,AV MARECHAL MASCARENHAS DE MORAES,534,SUBURBIO,ABALROAMENTO LONGITUDINAL,COLISÃO COM VITIMA GM RANBALD  E MARCOS QTH,1,1,,,,,,,,1,Cruzamento,Chuvoso,Perfeito estado,Seca,Perfeito estado,Não há placas,60 km/h,Dupla,Canteiro central
2020-07-20 00:00:00,14:29:00,COM VÍTIMA,CASA AMARELA,AV NORTE,,CIDADE,ABALROAMENTO LONGITUDINAL,COLISAO ENTRE AUTO E MOTO COM UMA VITIMA,1,1,,,,,,,,1,Longo da via,Bom,Perfeito estado,Seca,Perfeito estado,Outras,60 km/h,Dupla,Canteiro central
2020-07-20 00:00:00,20:31:00,SEM VÍTIMA,PINA,AV ANTONIO DE GOES,,,COLISÃO,DOIS VEIULOS DA LEI SECA,,,,,,,,2,,0,Longo da via,Bom,Perfeito estado,Seca,Perfeito estado,Outras,N/I,Única,Faixa seccionada
2020-07-21 00:00:00,05:00:00,SEM VÍTIMA,CASA AMARELA,EST DO ARRAIAL,,SUBURBIO,CHOQUE OBJETO FIXO,VEICULO SE CHOCOU E DESTRUIU UM POSTE DE ILUMINAÇÃO PÚBLICA. EM SEGUIDA- UM CAMINHÃO- DE IDENTIFICAÇÃO IGNORADA- ARRASTOU A FIAÇÃO DO POSTE ATINGIDO. CONDUTOR E PASSAGEIRO SE EVADIRAM DO LOCAL- ANTES DA CHEGADA DOS AGENTES.,1,,,,,,,,,0,Longo da via,Bom,Perfeito estado,Seca,Perfeito estado,,40 km/h,Única,
2020-07-21 00:00:00,08:04:00,COM VÍTIMA,VÁRZEA,RUA GENERAL POLIDORO,,CIDADE,COLISÃO COM CICLISTA,COM UMA VITIMA -SAMU NO LOCAL,,,,1,,1,,,,1,Esquina,Bom,Não existente,Seca,Perfeito estado,Placas Pare,,Dupla,Faixa contínua
2020-07-21 00:00:00,09:13:00,COM VÍTIMA,AREIAS,AV RECIFE,,,COLISÃO,,,,,,,,,,,3,,,,,,,,,
2020-07-21 00:00:00,11:25:00,COM VÍTIMA,BONGI,AV GENERAL SAN MARTIN,,SUBURBIO,ABALROAMENTO LONGITUDINAL,COLISÃO C/VITIMA ENTRE UM AUTO E UMA MOTO,1,1,,,,,,,,1,Longo da via,Bom,Perfeito estado,Seca,Perfeito estado,R-6a,60 km/h,Dupla,Faixa contínua
2020-07-21 00:00:00,11:48:00,SEM VÍTIMA,BOA VISTA,RUA GERVASIO PIRES,,,COLISÃO,COLISAO SEM VITIMA ENTRE AUTO E UM CAMINHAO - UM DELES SENDO VIATURA DA PM,1,,,,,,1,,,0,Longo da via,Bom,,Seca,Perfeito estado,,,Única,Faixa seccionada
2020-07-21 00:00:00,15:42:00,SEM VÍTIMA,ÁGUA FRIA,AV BEBERIBE,405,,COLISÃO,COLISAO ENTRE 3 AUTOS S/V,3,,,,,,,,,0,,,,,,,,,
2020-07-21 00:00:00,16:51:00,COM VÍTIMA,FUNDÃO,AV BEBERIBE,,SUBURBIO,ATROPELAMENTO,MOTO E PEDESTRE,,1,,,1,,,,,2,Longo da via,Bom,Perfeito estado,Seca,Perfeito estado,Não há placas,,Dupla,Faixa contínua
2020-07-21 00:00:00,17:04:00,COM VÍTIMA,CAXANGÁ,AV CAXANGA,,,ATROPELAMENTO,ATROPELAMENTO ONIBUS/PEDESTRE,,,,,1,1,,,,1,,,,,,,,,
2020-07-21 00:00:00,17:51:00,COM VÍTIMA,BOA VIAGEM,RUA COSMORAMA,,CIDADE,COLISÃO FRONTAL,MOTO E AUTO,1,1,,,,,,,,1,Longo da via,Bom,Perfeito estado,Seca,Perfeito estado,Outras,,Dupla,Faixa seccionada
2020-07-21 00:00:00,21:23:00,COM VÍTIMA,IMBIRIBEIRA,VIADUTO TANCREDO NEVES,,CIDADE,COLISÃO TRASEIRA,COLISÃO ENTRE DOIS AUTOS C/V,2,,,,,,,,,1,Viaduto,Bom,Perfeito estado,Seca,Mal iluminada,Não há placas,,Única,
2020-07-22 00:00:00,08:46:00,COM VÍTIMA,LINHA DO TIRO,RUA URIEL DE HOLANDA,,SUBURBIO,COLISÃO COM CICLISTA,ONIBUS E CICLISTA VT-31 NO LOCAL SUB. DINIZ- BRUNO E KENNEDY,,,,1,,1,,,,1,Cruzamento,Bom,Não existente,Seca,Mal iluminada,Não há placas,,Dupla,Não existe
2020-07-22 00:00:00,09:13:00,COM VÍTIMA,IMBIRIBEIRA,AV MARECHAL MASCARENHAS DE MORAES,,CIDADE,ABALROAMENTO LONGITUDINAL,COLISÃO COM VITIMAS  SOCORRIDAS PELO SAMU,1,2,,,,,,,,2,Longo da via,Bom,Perfeito estado,Seca,Perfeito estado,R-6a,60 km/h,Dupla,Faixa seccionada
2020-07-22 00:00:00,14:57:00,COM VÍTIMA,BOA VIAGEM,RUA DOS NAVEGANTES,,SUBURBIO,ABALROAMENTO TRANSVERSAL,VEICULO COLIDIU COM A MOTO NO CRUZAMENTO,1,1,,,,,,,,2,Cruzamento,Bom,Perfeito estado,Seca,Perfeito estado,Placas Pare,,Única,Faixa seccionada
2020-07-23 00:00:00,07:57:00,COM VÍTIMA,SÃO JOSÉ,RUA FLORIANO PEIXOTO,,SUBURBIO,ABALROAMENTO TRANSVERSAL,COLISÃO C/VITIMA ENTRE UM AUTO UMA MOTO (INS. ROMERO NO QTH),1,1,,,,,,,,1,Cruzamento,Bom,Perfeito estado,Seca,Perfeito estado,Outras,,Única,Faixa seccionada
2020-07-23 00:00:00,08:15:00,SEM VÍTIMA,DERBY,RUA JENER DE SOUZA,,CIDADE,ABALROAMENTO TRANSVERSAL,COLISAO S/VITIMAS,2,,,,,,,,,0,Longo da via,Bom,Perfeito estado,Seca,Perfeito estado,Placas Pare,,Única,Canteiro central
2020-07-23 00:00:00,08:27:00,COM VÍTIMA,BOA VISTA,AV GOVERNADOR CARLOS DE LIMA CAVALCANTI,,SUBURBIO,ABALROAMENTO TRANSVERSAL,COLISÃO C/ VITIMA ENTRE UM ONIBUS E UM AUTO ( BATEDOR URLEY E INS. LINDENBERG NO QTH),1,,,,,1,,,,1,Longo da via,Bom,Perfeito estado,Seca,Perfeito estado,Não há placas,,Dupla,Canteiro central
2020-07-23 00:00:00,14:17:00,COM VÍTIMA,TORRÕES,RUA ZUMBI DOS PALMARES,,SUBURBIO,COLISÃO COM CICLISTA,MOTO E BICICLETA,,1,,1,,,,,,1,Longo da via,Bom,Não existente,Seca,Perfeito estado,R-6c,30 km/h,Dupla,Não existe
2020-07-23 00:00:00,14:35:00,SEM VÍTIMA,BOA VIAGEM,RUA VISCONDE DE JEQUITINHONHA,,,ACID. DE PERCURSO,MOTO CAIU DENTRO DE UM BURACO,,1,,,,,,,,0,,,,,,,,,
2020-07-24 00:00:00,07:06:00,COM VÍTIMA,COELHOS,RUA FRANCISCO ALVES,,,ABALROAMENTO LONGITUDINAL,AUTO E MOTO,1,1,,,,,,,,1,Cruzamento,Bom,Perfeito estado,Seca,Perfeito estado,Outras,,Dupla,Faixa contínua
2020-07-24 00:00:00,08:02:00,COM VÍTIMA,SANTO AMARO,AV CRUZ CABUGA,34,CIDADE,ATROPELAMENTO,MOTO E PEDESTRE,,1,,,1,,,,,1,Longo da via,Bom,Perfeito estado,Seca,Perfeito estado,Não há placas,60 km/h,Dupla,Faixa contínua
2020-07-24 00:00:00,10:20:00,SEM VÍTIMA,DERBY,AV GOVERNADOR AGAMENON MAGALHAES,75,,COLISÃO TRASEIRA,VT- DA POLICIA CIVIL OFICIAL E AUTO,1,,,,,,1,,,0,Longo da via,Bom,Perfeito estado,Seca,Perfeito estado,Outras,60 km/h,Dupla,Canteiro central
2020-07-24 00:00:00,10:33:00,SEM VÍTIMA,IMBIRIBEIRA,RUA DR TAVARES CORREIA,,SUBURBIO,CHOQUE OBJETO FIXO,CARRETA CHOCOU-SE CONTRA POSTE,,,,,,,1,,1,0,Cruzamento,Bom,Perfeito estado,Seca,Perfeito estado,Placas Pare,30 km/h,Única,Faixa contínua
2020-07-24 00:00:00,11:12:00,SEM VÍTIMA,TORRÕES,RUA ONZE DE FEVEREIRO,,SUBURBIO,CHOQUE VEÍCULO PARADO,COLISÃO SEM VITIMAS,1,,,,,,1,,,0,Cruzamento,Bom,Não existente,Seca,Mal conservada,Não há placas,,Dupla,Não existe
2020-07-24 00:00:00,14:23:00,COM VÍTIMA,SANCHO,AV LIBERDADE,,,COLISÃO TRASEIRA,COLISAO ENTRE AUTO E MOTO COM UMA VITIMA,1,1,,,,,,,,1,Cruzamento,Bom,Perfeito estado,Seca,Perfeito estado,R-6c,,Dupla,Faixa contínua
2020-07-24 00:00:00,19:30:00,SEM VÍTIMA,AREIAS,AV DR JOSE RUFINO,,,COLISÃO,SANDERO X FIESTA OBS: SUSPEITA DE EMBRIAGUEZ,2,,,,,,,,,0,,,,,,,,,
2020-07-24 00:00:00,21:14:00,COM VÍTIMA,BOA VIAGEM,RUA DEZ DE JULHO,,SUBURBIO,ABALROAMENTO TRANSVERSAL,ENTRE AUTO E MOTO. C/V,1,1,,,,,,,,1,Cruzamento,Bom,Incompleta,Seca,Perfeito estado,Placas Pare,30 km/h,Única,
2020-07-25 00:00:00,10:53:00,COM VÍTIMA,AFLITOS,RUA SAMUEL CAMPELO,,SUBURBIO,ABALROAMENTO LONGITUDINAL,COLISÃO C/VITIMA ENTRE UMA MOTO E DOIS AUTO,2,1,,,,,,,,1,Cruzamento,Bom,Perfeito estado,Seca,Perfeito estado,R-6a,,Única,Faixa seccionada
2020-07-25 00:00:00,11:37:00,COM VÍTIMA,BARRO,AV DR JOSE RUFINO,,SUBURBIO,ABALROAMENTO LONGITUDINAL,COLISÃO C/VITIMA ENTRE UMA MOTO E AUTO,1,1,,,,,,,,1,Longo da via,Bom,Perfeito estado,Seca,Perfeito estado,Não há placas,,Dupla,Faixa contínua
2020-07-25 00:00:00,12:26:00,COM VÍTIMA,PRADO,RUA GOMES TABORDA,,,COLISÃO COM CICLISTA,AUTO- CAMINHÃO E BICICLETA.,1,,,1,,,1,,,1,Longo da via,Bom,Incompleta,Seca,Perfeito estado,R-6a,,Dupla,Faixa seccionada
2020-07-25 00:00:00,17:57:00,COM VÍTIMA,CAJUEIRO,RUA CORONEL URBANO RIBEIRO DE SENA,,SUBURBIO,ABALROAMENTO TRANSVERSAL,COLISAO ENTRE CARRO E MOTO (SEM PLACA),1,1,,,,,,,,1,Cruzamento,Bom,Perfeito estado,Seca,Perfeito estado,R-6a,20 km/h,Dupla,Faixa contínua
2020-07-25 00:00:00,22:03:00,COM VÍTIMA,BOA VIAGEM,AV ENGENHEIRO DOMINGOS FERREIRA,484,ORLA DE BOA VIAGEM,ABALROAMENTO TRANSVERSAL,COLISÃO ENTRE AUTO E MOTO- C/V,1,1,,,,,,,,1,Cruzamento,Bom,Perfeito estado,Seca,Perfeito estado,Outras,,Única,
2020-07-26 00:00:00,04:16:00,SEM VÍTIMA,VÁRZEA,RUA TENENTE ROLAND RITTMISTER,,,CAPOTAMENTO,CONDUTOR EVADIU-SE DO LOCAL,2,,,,,,,,,0,Longo da via,Chuvoso,Não existente,Molhada,Perfeito estado,Não há placas,,Dupla,Não existe
2020-07-26 00:00:00,12:58:00,COM VÍTIMA,CÓRREGO DO JENIPAPO,AV NORTE,,SUBURBIO,COLISÃO COM CICLISTA,COLISAO ENTRE MOTO E CICLISTA COM UMA VITIMA,,1,,1,,,,,,1,Longo da via,Chuvoso,Perfeito estado,Molhada,Perfeito estado,Não há placas,60 km/h,Única,Faixa seccionada
2020-07-26 00:00:00,16:24:00,COM VÍTIMA,BOA VIAGEM,AV BOA VIAGEM,,CIDADE,ABALROAMENTO LONGITUDINAL,CONDUTOR DA MOTO AVANÇOU O SINAL VERMELHO E COM O PARALAMA DO LADO DIREITO DO VEICULO,1,1,,,,,,,,1,Longo da via,Bom,Perfeito estado,Seca,Perfeito estado,Não há placas,,Única,Não existe
2020-07-26 00:00:00,21:33:00,SEM VÍTIMA,JORDÃO,AV CENTENARIO ALBERTO SANTOS DUMONT,,,CHOQUE OBJETO FIXO,CONDUTOR APARENTEMENTE EMBRIAGADO- PERDEU O CONTROLE DE SEU VEÍCULO E ACABOU SE CHOCANDO CONTRA AS PROTEÇÕES DA AERONAUTICA- QUASE BATENDO NO MURO DA MESMA. S/V,,,,,,,1,,,0,,,,,,,,,
2020-07-27 00:00:00,07:21:00,COM VÍTIMA,BOA VIAGEM,AV DES JOSE NEVES,567,SUBURBIO,ABALROAMENTO TRANSVERSAL,UM SEGUNDO VEÍCULO EVADIU-SE DO LOCAL- SEGUNDO A VÍTIMA.,,1,,,,,,,,1,Cruzamento,Chuvoso,Perfeito estado,Molhada,Perfeito estado,,,Dupla,Canal
2020-07-27 00:00:00,07:58:00,COM VÍTIMA,TAMARINEIRA,EST VELHA DE AGUA FRIA,,CIDADE,CHOQUE VEÍCULO PARADO,AUTO E MOTO,1,1,,,,,,,,2,Longo da via,Bom,Perfeito estado,Seca,Perfeito estado,Outras,,Dupla,Faixa contínua
2020-07-27 00:00:00,10:05:00,SEM VÍTIMA,GRAÇAS,AV GOVERNADOR AGAMENON MAGALHAES,173,SUBURBIO,COLISÃO,MOTO E VEICULO OFICIAL /  PONTO FIXO NO LOCAL CESAR,,1,,,,,,1,,0,Cruzamento,Chuvoso,Perfeito estado,Seca,Perfeito estado,,60 km/h,Dupla,Canteiro central
2020-07-27 00:00:00,12:35:00,SEM VÍTIMA,IMBIRIBEIRA,AV PRESIDENTE DUTRA,393,SUBURBIO,COLISÃO,COLISAO ENTRE 2 AUTOS/ MOTORISTA EMBRIAGADO,2,,,,,,,,,0,,,,,,,,,
2020-07-28 00:00:00,10:02:00,COM VÍTIMA,BOA VISTA,AV GOVERNADOR AGAMENON MAGALHAES,173,SUBURBIO,COLISÃO COM CICLISTA,CICLISTA E AUTO BATEDORES NO LOCAL GM PETERSON,1,,,1,,,,,,1,Cruzamento,Bom,Perfeito estado,Seca,Perfeito estado,Outras,60 km/h,,Faixa seccionada
2020-07-28 00:00:00,11:49:00,COM VÍTIMA,ILHA DO RETIRO,EST DOS REMEDIOS,,SUBURBIO,ABALROAMENTO TRANSVERSAL,COLISÃO COM VITIMA A ESPERA DO SAMU,1,,,,,1,,,,1,Longo da via,Bom,Perfeito estado,Seca,Perfeito estado,Placas Pare,40 km/h,,Faixa contínua
2020-07-28 00:00:00,14:07:00,COM VÍTIMA,SÃO JOSÉ,RUA IMPERIAL,207,SUBURBIO,ABALROAMENTO TRANSVERSAL,COLISÃO ENVOLVENDO ÔNIBUS E AUTOS.,4,,,,,1,,,,1,Cruzamento,Bom,Perfeito estado,Seca,Perfeito estado,Outras,40 km/h,Única,Faixa seccionada
2020-07-28 00:00:00,14:31:00,COM VÍTIMA,CAMPO GRANDE,RUA ODORICO MENDES,,SUBURBIO,ABALROAMENTO TRANSVERSAL,COLISAO ENTRE DUAS MOTOS COM VITIMAS,,2,,,,,,,,1,Cruzamento,Bom,Perfeito estado,Seca,Perfeito estado,Placas Pare,40 km/h,Dupla,Faixa seccionada
2020-07-28 00:00:00,14:45:00,COM VÍTIMA,DOIS UNIDOS,AV HILDEBRANDO DE VASCONCELOS,,SUBURBIO,COLISÃO TRASEIRA,CAMINHONETE E MICRO-ÔNIBUS.,1,,,,,1,,,,1,Longo da via,Bom,Perfeito estado,Seca,Perfeito estado,Não há placas,,Dupla,Não existe
2020-07-28 00:00:00,16:13:00,SEM VÍTIMA,BOA VIAGEM,AV BOA VIAGEM,,CIDADE,ABALROAMENTO LONGITUDINAL,VEICULO DA GUARDA MUNICIPAL ESTAVA ESTACIONDO E O CARRO UMA PUXAVA A MOTO TUQUI-TUQUI- E A MOTO COLIDIU COM O VEICULO DA GUARDA MUNICIPAL,2,,,,,,,,1,0,Longo da via,Bom,Perfeito estado,Seca,Perfeito estado,Não há placas,,Única,Faixa contínua
2020-07-28 00:00:00,16:13:00,COM VÍTIMA,CAMPINA DO BARRETO,RUA DAS MOCAS,,,COLISÃO,COLISAO ENTRE MOTO E AUTO COM UMA VITIMA,1,1,,,,,,,,1,,,,,,,,,
2020-07-28 00:00:00,17:23:00,SEM VÍTIMA,GRAÇAS,RUA JOAQUIM NABUCO,,SUBURBIO,COLISÃO TRASEIRA,COLISAO ENTRE DOIS AUTOS,2,,,,,,,,,0,Longo da via,Bom,Perfeito estado,Seca,Perfeito estado,,,Única,Faixa seccionada
2020-07-28 00:00:00,19:17:00,COM VÍTIMA,BOA VIAGEM,RUA SA E SOUZA,,,COLISÃO,ENTRE 2 MOTOS. C/V,,2,,,,,,,,2,,,,,,,,,
2020-07-28 00:00:00,19:39:00,SEM VÍTIMA,AFOGADOS,RUA SAO MIGUEL,,,COLISÃO,ONIBUS METROPOLITANA X NISSAN OBS : VEICULO ESTA SEM CONDIÇOES DE SAIR DA VIA DEVIDO A PROPORÇAO DA COLISAO,1,,,,,1,,,,0,,,,,,,,,
2020-07-28 00:00:00,19:41:00,COM VÍTIMA,ÁGUA FRIA,RUA SAO SEBASTIAO,,,ABALROAMENTO LONGITUDINAL,ENTRE 2 MOTOS. C/V,,2,,,,,,,,1,Longo da via,Bom,,Seca,Perfeito estado,Não há placas,,Dupla,Faixa contínua
2020-07-29 00:00:00,06:33:00,SEM VÍTIMA,JOANA BEZERRA,VDO PAPA JOAO PAULO II,,,COLISÃO,SEM VITIMAS -UMA DAS PARTES EMBRIAGADA ESTA ABANDONANDO O VEÍCULO,2,,,,,,,,,0,Viaduto,Bom,Perfeito estado,Seca,Perfeito estado,Não há placas,,Dupla,Faixa seccionada