data,hora,natureza,bairro,endereco,num_semaforo,sentido_via,tipo,auto,moto,ciclom,ciclista,pedestre,onibus,caminhao,viatura,outros,vitimas,vitimasfatais,acidente_verificado,tempo_clima,sinalizacao,condicao_via,conservacao_via,situacao_placa,velocidade_max_via,mao_direcao,divisao_via1
2020-07-29 00:00:00,07:50:00,COM VÍTIMA,ENCRUZILHADA,RUA FERNANDO CESAR,,CIDADE,ABALROAMENTO LONGITUDINAL,COLISÃO C/VITIMA ENTRE MOTO E CICLOMOTOR (V.T 12 NO QTH),,1,1,,,,,,,2,Cruzamento,Chuvoso,Perfeito estado,Seca,Perfeito estado,Placas Pare,30 km/h,Única,Faixa contínua
2020-07-29 00:00:00,07:55:00,COM VÍTIMA,SANTO AMARO,AV CRUZ CABUGA,344,CIDADE,ABALROAMENTO LONGITUDINAL,COM UMA VITIMA AGUARDANDO SAMU/BATEDOR MOTO 10/26 CTTU NO LOCAL,1,1,,,,,,,,1,Longo da via,Bom,Perfeito estado,Seca,Perfeito estado,Outras,,Dupla,Faixa contínua
2020-07-29 00:00:00,08:21:00,SEM VÍTIMA,SANTO AMARO,RUA TREZE DE MAIO,172,,COLISÃO,COLISÃO S/VITIMAS ENTRE UM AUTO E UMA MOTO (VEÍCULO OFICIAL),1,1,,,,,,,,0,Longo da via,Chuvoso,Perfeito estado,Molhada,Perfeito estado,Outras,,Única,Não existe
2020-07-29 00:00:00,08:46:00,COM VÍTIMA,BOA VISTA,RUA JOSE DE ALENCAR,,CDE BOA VISTA,ABALROAMENTO LONGITUDINAL,AUTO E MOTO- COLISÃO COM UMA VITIMA -JÁ SOCORRIDA PELO SAMU,1,1,,,,,,,,1,Cruzamento,Chuvoso,Perfeito estado,Molhada,Outros,Placas Pare,,Única,Não existe
2020-07-29 00:00:00,09:28:00,COM VÍTIMA,IPSEP,AV RECIFE,,AEROPORTO,ABALROAMENTO LONGITUDINAL,COM UMA VITIMA AGUARDANDO SAMU/CTTU NO LOCAL BATEDORES NO LOCAL 03-28,,2,,,,,,,,1,Longo da via,Chuvoso,Perfeito estado,Molhada,Perfeito estado,Não há placas,60 km/h,Dupla,Faixa contínua
2020-07-29 00:00:00,09:58:00,COM VÍTIMA,SAN MARTIN,AV GENERAL SAN MARTIN,,SUBURBIO,ABALROAMENTO TRANSVERSAL,AUTO E MOTO COM UMA VITIMA.,1,1,,,,,,,,1,Longo da via,Nublado,Incompleta,Seca,Perfeito estado,R-6a,40 km/h,Dupla,Faixa contínua
2020-07-29 00:00:00,11:18:00,COM VÍTIMA,CAMPINA DO BARRETO,RUA EXP JAMIL DAGLI,,SUBURBIO,ATROPELAMENTO,ATROPELAMENTO / ENVOLVIDO SOCORRIDO PELO SAMU PARA O HR,1,,,,1,,,,,1,Longo da via,Chuvoso,Não existente,Seca,Perfeito estado,Não há placas,,Dupla,Canal
2020-07-29 00:00:00,11:21:00,SEM VÍTIMA,SANTO AMARO,AV GOVERNADOR AGAMENON MAGALHAES,,OLINDA,COLISÃO,SEM VITIMAS /VIATURA DA POLICIA CIVIL,1,,,,,,,1,,0,Cruzamento,Chuvoso,Perfeito estado,Molhada,Perfeito estado,Outras,60KM,Dupla,Faixa contínua
2020-07-29 00:00:00,12:39:00,COM VÍTIMA,CASA AMARELA,RUA TAQUARITINGA,,CIDADE,ATROPELAMENTO,ONIBUS E PEDESTRE,,,,,1,1,,,,1,Esquina,Bom,Perfeito estado,Seca,Perfeito estado,Não há placas,,Única,Faixa seccionada
2020-07-29 00:00:00,13:04:00,COM VÍTIMA,BOA VISTA,RUA BARAO DE SAO BORJA,,CIDADE,ABALROAMENTO TRANSVERSAL,MOTO E AUTO,1,1,,,,,,,,1,Cruzamento,Bom,Perfeito estado,Seca,Perfeito estado,Placas Pare,,Única,Não existe
2020-07-29 00:00:00,13:43:00,SEM VÍTIMA,VASCO DA GAMA,RUA DOIS DE FEVEREIRO,,,COLISÃO,COLISAO SEM VITIMAS ENTRE CAMINHAO- AUTO E MOTO,1,1,,,,1,,,,0,Longo da via,Chuvoso,Não existente,Molhada,Mal conservada,Não há placas,,Dupla,Não existe
2020-07-29 00:00:00,13:57:00,COM VÍTIMA,CASA AMARELA,RUA PADRE LEMOS,,CIDADE,ATROPELAMENTO,MOTO E PEDESTRE (IDOSO),,1,,,1,,,,,1,Longo da via,Bom,Perfeito estado,Seca,Perfeito estado,Outras,,Dupla,Faixa seccionada
2020-07-29 00:00:00,16:25:00,SEM VÍTIMA,BOA VIAGEM,AV ENGENHEIRO DOMINGOS FERREIRA,,,COLISÃO,COLISAO SEM VITIMAS/ GM MARCOS MARCELINO NO QTH,2,,,,,,,,,0,Longo da via,Bom,Perfeito estado,Seca,Perfeito estado,Outras,60km,Única,Faixa contínua
2020-07-29 00:00:00,18:43:00,VÍTIMA FATAL,CASA AMARELA,AV NORTE,79,CIDADE,ABALROAMENTO LONGITUDINAL,COLISAO DE ONIBUS E MOTO,,1,,,,1,,,,,Cruzamento,Bom,Perfeito estado,Molhada,Perfeito estado,,60 km/h,,Canteiro central
2020-07-29 00:00:00,20:53:00,COM VÍTIMA,BOA VIAGEM,RUA BALTAZAR PASSOS,,ORLA DE BOA VIAGEM,ABALROAMENTO TRANSVERSAL,COLISAO DE AUTO E MOTONETA,1,1,,,,,,,,1,Cruzamento,Bom,Perfeito estado,Seca,Perfeito estado,Placas Pare,,Única,Não existe
2020-07-30 00:00:00,12:31:00,COM VÍTIMA,CAMPO GRANDE,AV PROFESSOR JOSE DOS ANJOS,,SUBURBIO,ABALROAMENTO TRANSVERSAL,COLISAO ENTRE AUTO E MOTO COM UMA VITIMA,1,1,,,,,,,,2,Longo da via,Bom,Incompleta,Seca,Perfeito estado,Não há placas,,Dupla,Não existe
2020-07-30 00:00:00,14:33:00,COM VÍTIMA,TORREÃO,AV NORTE,,CIDADE,COLISÃO TRASEIRA,COLISAO ENTRE AUTO E MOTO COM UMA VITIMA,1,1,,,,,,,,1,Viaduto,Bom,Perfeito estado,Seca,Perfeito estado,Outras,,Dupla,Faixa seccionada
2020-07-30 00:00:00,15:53:00,COM VÍTIMA,SAN MARTIN,AV GENERAL SAN MARTIN,,CIDADE,COLISÃO COM CICLISTA,COLISÃO MOTO E CICLISTA,,1,,1,,,,,,2,Longo da via,Bom,Perfeito estado,Seca,Perfeito estado,,,Dupla,Faixa contínua
2020-07-30 00:00:00,19:00:00,COM VÍTIMA,CASA AMARELA,AV NORTE,,CIDADE,ATROPELAMENTO,MOTO X PEDESTRE OBS: BATEDORES DA CTTU 37 X 04 NO LOCAL,,1,,,1,,,,,2,Longo da via,Bom,Perfeito estado,Seca,Perfeito estado,Não há placas,60 km/h,Dupla,Canteiro central
2020-07-30 00:00:00,21:48:00,VÍTIMA FATAL,IBURA,AV DOM HELDER CAMARA,,SUBURBIO,CHOQUE OBJETO FIXO,MOTO PERDE CONTROLE E CHOCA-SE COM POSTE,,1,,,,,,,,,Longo da via,Chuvoso,Não existente,Molhada,Mal iluminada,Não há placas,50 km/h,Dupla,Canteiro central
2020-07-31 00:00:00,00:32:00,COM VÍTIMA,VÁRZEA,RUA VALE DO SIRIJI,,CIDADE,ATROPELAMENTO ANIMAL,VEICULO ATROPELOU E MATOU UM CAVALO- QUE SE ENCONTRA NA VIA. UMA PASSAGEIRA DO VEICULO SOFREU ESCORIAÇÕES E FOI CONDUZIDA À UPA DA CAXANGÁ- POR MEIOS PRÓPRIOS.,1,,,,,,,,1,1,Longo da via,Chuvoso,Não existente,Molhada,Perfeito estado,Não há placas,,Dupla,Faixa seccionada
2020-07-31 00:00:00,08:48:00,COM VÍTIMA,IPSEP,RUA JEAN EMILE FAVRE,,CIDADE,ABALROAMENTO LONGITUDINAL,ENTRE DUAS MOTOS -COM UMA VITIMA -SAMU NO LOCAL/CTTU NO LOCAL -BATEDOR FONTENELE,,2,,,,,,,,1,Cruzamento,Chuvoso,Ilegível,Molhada,Perfeito estado,Placas Pare,60 km/h,,Não existe
2020-07-31 00:00:00,14:03:00,COM VÍTIMA,SANTO ANTÔNIO,RUA DO SOL,14,,ABALROAMENTO LONGITUDINAL,ONIBUS E CAMINHONETE,1,,,,,1,,,,1,Cruzamento,Bom,Perfeito estado,Seca,Perfeito estado,Outras,,Dupla,Faixa contínua
2020-07-31 00:00:00,15:16:00,COM VÍTIMA,BOA VIAGEM,RUA PADRE CARAPUCEIRO,,,CHOQUE OBJETO FIXO,O MOTORISTA BATEU EM UMA ARVORE E O CARRO CAPOTOU,1,,,,,,,,,1,Longo da via,Bom,Perfeito estado,Seca,Perfeito estado,R-5b,20 km/h,Dupla,Canteiro central
2020-07-31 00:00:00,18:02:00,COM VÍTIMA,CASA AMARELA,EST DO ARRAIAL,283,SUBURBIO,ABALROAMENTO LONGITUDINAL,COLISAO ENTRE AUTO E MOTO.,1,1,,,,,,,,2,Longo da via,Bom,Perfeito estado,Seca,Perfeito estado,R-3,,Única,Faixa contínua
2020-07-31 00:00:00,18:14:00,COM VÍTIMA,BOA VISTA,AV CONDE DA BOA VISTA,27,SUBURBIO,ABALROAMENTO LONGITUDINAL,COLISAO ENTRE DUAS MOTOS,,2,,,,,,,,1,Cruzamento,Bom,Perfeito estado,Seca,Perfeito estado,Não há placas,,Dupla,Canteiro central
2020-08-01 00:00:00,13:59:00,COM VÍTIMA,SANTO AMARO,AV DR JAYME DA FONTE,,,COLISÃO,COLISÃO COM VÍTIMA ENTRE AUTO E MOTO,1,1,,,,,,,,1,,,,,,,,,
2020-08-01 00:00:00,18:34:00,COM VÍTIMA,CASA AMARELA,AV NORTE,,CIDADE,COLISÃO TRASEIRA,ENTRE 2 MOTOS. C/V,,2,,,,,,,,1,Longo da via,Chuvoso,Perfeito estado,Molhada,Perfeito estado,Não há placas,60 km/h,Única,Faixa seccionada
2020-08-02 00:00:00,00:30:00,SEM VÍTIMA,BOA VIAGEM,RUA GENERAL AMERICANO FREIRE,,SUBURBIO,CHOQUE VEÍCULO PARADO,COLISÃO SEM VITIMA,3,,,,,,,,,0,Longo da via,Bom,,Seca,Perfeito estado,,,Única,Não existe
2020-08-02 00:00:00,00:40:00,COM VÍTIMA,CAMPO GRANDE,RUA JERONIMO VILELA,26,SUBURBIO,ABALROAMENTO TRANSVERSAL,COLISÃO AUTO X MOTO,1,1,,,,,,,,1,Cruzamento,Bom,Ilegível,Molhada,Mal iluminada,Não há placas,,Dupla,Faixa seccionada
2020-08-02 00:00:00,06:58:00,SEM VÍTIMA,COHAB,RUA EXP FRANCISCO VITORIANO,,,CHOQUE OBJETO FIXO,CHOQUE SEM VITIMAS /CONDUTOR SE EVADIU/VEÍCULO CAPOTADO NO MEIO DA VIA,1,,,,,,,,,0,,,,,,,,,
2020-08-02 00:00:00,07:14:00,COM VÍTIMA,MONTEIRO,AV DEZESSETE DE AGOSTO,,SUBURBIO,ABALROAMENTO TRANSVERSAL,CAMINHONETE E AUTO PASSEIO.,2,,,,,,,,,1,Longo da via,Bom,Perfeito estado,Seca,Perfeito estado,Outras,,Dupla,
2020-08-02 00:00:00,09:16:00,COM VÍTIMA,ÁGUA FRIA,RUA ALEGRE,,SUBURBIO,COLISÃO TRASEIRA,COLISÃO COM VÍTIMA E O VEÍCULO SE EVADIU,1,1,,,,,,,,1,Longo da via,Bom,Perfeito estado,Seca,Perfeito estado,,,Única,Faixa seccionada
2020-08-02 00:00:00,14:34:00,COM VÍTIMA,BOA VIAGEM,RUA SA E SOUZA,,,ABALROAMENTO LONGITUDINAL,AUTO E MOTO,1,1,,,,,,,,1,Esquina,Bom,Perfeito estado,Seca,Perfeito estado,R-6a,30 km/h,Dupla,Faixa contínua
2020-08-02 00:00:00,14:38:00,COM VÍTIMA,AFOGADOS,RUA SAO MIGUEL,425,SUBURBIO,CHOQUE OBJETO FIXO,VEÍCULO CHOCOU-SE COM O POSTE DO SEMÁFORO DE NÚMERO 425..,1,,,,,,,,,1,Longo da via,Chuvoso,Incompleta,Seca,Perfeito estado,Outras,,Dupla,Faixa contínua
2020-08-03 00:00:00,07:50:00,COM VÍTIMA,GRAÇAS,AV GOVERNADOR AGAMENON MAGALHAES,37,BOA VIAGEM,ABALROAMENTO TRANSVERSAL,COLISÃO COM VITIMA GM  EVANDRO RAMOS QTH,1,1,,,,,,,,1,Cruzamento,Bom,Perfeito estado,Seca,Perfeito estado,Outras,60 km/h,Dupla,Canteiro central
2020-08-03 00:00:00,13:27:00,SEM VÍTIMA,IPSEP,1PT DA BOMBA DO HEMETERIO,,SUBURBIO,COLISÃO,VEICULO COLIDIU COM CARRO DA CELPE,2,,,,,,,,,0,,,,,,,,,
2020-08-03 00:00:00,16:02:00,COM VÍTIMA,SÃO JOSÉ,AV SUL,76,CIDADE,COLISÃO TRASEIRA,ENCAVETAMENTO DE 3 ONIBUS,,,,,,3,,,,4,Longo da via,Bom,Perfeito estado,Seca,Perfeito estado,Outras,,Dupla,
2020-08-03 00:00:00,19:19:00,SEM VÍTIMA,AFOGADOS,AV SUL,,,CAPOTAMENTO,(PROPRIETARIO: JOAQUIM DE ALMEIDA PINTO),,,,,,,,,,0,,,,,,,,,
2020-08-03 00:00:00,22:07:00,COM VÍTIMA,TAMARINEIRA,EST DO ARRAIAL,,SUBURBIO,ABALROAMENTO TRANSVERSAL,MOTO X AUTO,1,1,,,,,,,,1,Longo da via,Bom,Perfeito estado,Seca,Perfeito estado,Não há placas,,Única,Faixa seccionada
2020-08-04 00:00:00,06:45:00,COM VÍTIMA,PASSARINHO,RUA CORONEL PILAR,,,COLISÃO FRONTAL,COLISAO SEM VITIMAS ENVOLVENDO VIATURA DA POLICIA MILITAR,1,,,,,,1,,,1,Longo da via,Bom,Não existente,Seca,,Não há placas,,Dupla,Não existe
2020-08-04 00:00:00,08:17:00,COM VÍTIMA,ESTÂNCIA,AV RECIFE,,,COLISÃO TRASEIRA,COLISAO C VITIMA- ENVOLVENDO AUTO E MOTO,1,1,,,,,,,,1,Longo da via,Bom,Não existente,Seca,Perfeito estado,Não há placas,60 km/h,Única,Canteiro central
2020-08-04 00:00:00,20:21:00,COM VÍTIMA,IBURA,RUA RIO XINGU,,CIDADE,COLISÃO FRONTAL,COLISAO COM VITIMAS,1,1,,,,,,,,1,Longo da via,Bom,Não existente,Seca,Perfeito estado,R-19,30 km/h,Dupla,Faixa seccionada
2020-08-05 00:00:00,05:14:00,SEM VÍTIMA,BOA VISTA,RUA AURORA,579,,COLISÃO,VEÍCULO OFICIAL,1,,,,,1,,,,0,,,,,,,,,
2020-08-05 00:00:00,08:13:00,COM VÍTIMA,ARRUDA,RUA DAS MOCAS,,CIDADE,COLISÃO,COLISÃO COM VITIMA SOCORRIDA PELO SAMU,1,1,,,,,,,,2,Longo da via,Bom,Não existente,Seca,Perfeito estado,Não há placas,,Dupla,Faixa seccionada
2020-08-05 00:00:00,10:33:00,COM VÍTIMA,CASA AMARELA,RUA DO MARQUES,462,CIDADE,COLISÃO FRONTAL,AUTO E MOTO C/V VT-11 NO LOCAL GM EDER,1,1,,,,,,,,2,Cruzamento,Bom,Perfeito estado,Seca,Perfeito estado,,60 km/h,,
2020-08-05 00:00:00,11:45:00,COM VÍTIMA,MADALENA,RUA BENFICA,590,CIDADE,TOMBAMENTO,ACID. PERCURSO MOTO C/V,,1,,,,,,,,1,Cruzamento,Bom,Perfeito estado,Seca,Perfeito estado,,60 km/h,Única,
2020-08-05 00:00:00,13:51:00,COM VÍTIMA,ARRUDA,AV PROFESSOR JOSE DOS ANJOS,,SUBURBIO,COLISÃO TRASEIRA,COLISÃO MOTO E CARRO,1,1,,,,,,,,1,Longo da via,Bom,Perfeito estado,Seca,Perfeito estado,Outras,40 km/h,Única,Faixa seccionada
2020-08-05 00:00:00,17:48:00,COM VÍTIMA,DOIS UNIDOS,RUA SAO JOSE,,,COLISÃO,MOTO COLIDIU COM O CARRO,1,1,,,,,,,,1,,,,,,,,,
2020-08-05 00:00:00,18:17:00,COM VÍTIMA,CORDEIRO,AV CAXANGA,,CIDADE,COLISÃO COM CICLISTA,MOTO E BICICLETA.,,1,,1,,,,,,1,Longo da via,Bom,Perfeito estado,Seca,Perfeito estado,,,Dupla,Faixa contínua
2020-08-05 00:00:00,18:45:00,COM VÍTIMA,CASA FORTE,AV FLOR DE SANTANA,,PARNAMIRIM,ABALROAMENTO TRANSVERSAL,ECOSPORT X MOTO,1,1,,,,,,,,1,Longo da via,Bom,Ilegível,Seca,Perfeito estado,Outras,,Dupla,
2020-08-05 00:00:00,19:13:00,COM VÍTIMA,ROSARINHO,RUA COUTO MAGALHAES,,,COLISÃO,ENTRE AUTO E MOTO. C/V,1,1,,,,,,,,1,,,,,,,,,
2020-08-05 00:00:00,19:35:00,COM VÍTIMA,TORRE,RUA JOSE BONIFACIO,,SUBURBIO,COLISÃO TRASEIRA,ENTRE 2 AUTOS E UMA MOTO. C/V,2,1,,,,,,,,1,Longo da via,Bom,Não existente,Seca,Perfeito estado,Não há placas,,Dupla,Canteiro central
2020-08-06 00:00:00,13:05:00,COM VÍTIMA,IMBIRIBEIRA,AV MARECHAL MASCARENHAS DE MORAES,,SUBURBIO,ATROPELAMENTO,,1,,,,1,,,,,1,,,,,,,,,
2020-08-06 00:00:00,07:34:00,COM VÍTIMA,CASA AMARELA,RUA DES GOIS CAVALCANTE,,SUBURBIO,ABALROAMENTO LONGITUDINAL,MOTO E AUTO,1,1,,,,,,,,1,Longo da via,Bom,Perfeito estado,Seca,Perfeito estado,Outras,,Única,Faixa seccionada
2020-08-06 00:00:00,09:56:00,COM VÍTIMA,GRAÇAS,RUA JOAO RAMOS,,SUBURBIO,ABALROAMENTO TRANSVERSAL,COLISÃO C/VITIMA ENTRE UM AUTO E UMA MOTO,1,1,,,,,,,,2,Cruzamento,Bom,Perfeito estado,Seca,Perfeito estado,Placas Pare,,Única,Não existe
2020-08-06 00:00:00,12:29:00,VÍTIMA FATAL,CAMPO GRANDE,AV CORREIA DE BRITO,563,CIDADE,COLISÃO COM CICLISTA,VÍTIMA XX CRIANÇA COM Y ANOS( FALECEU NO LOCAL)- A AVÓ CONDUZIA A BICICLETA,,,,1,,,1,,,,Ponte,Bom,Perfeito estado,Seca,Perfeito estado,Não há placas,,Dupla,Faixa contínua
2020-08-06 00:00:00,17:51:00,COM VÍTIMA,JORDÃO,AV MARIA IRENE,,SUBURBIO,ABALROAMENTO LONGITUDINAL,COM UMA VITIMA AGUARDADNDO SAMU,1,1,,,,,,,,1,Longo da via,Bom,Perfeito estado,Seca,Perfeito estado,Não há placas,,Dupla,Faixa contínua
2020-08-06 00:00:00,21:50:00,SEM VÍTIMA,BARRO,RUA DOROTHEA VIEIRA,,,CHOQUE,VEÍCULO CHOCOU-SE CONTRA O MURO DO EDIFÍCIO,1,,,,,,,,,0,,,,,,,,,
2020-08-06 00:00:00,23:43:00,SEM VÍTIMA,BOA VIAGEM,AV CONSELHEIRO AGUIAR,146,CIDADE,COLISÃO TRASEIRA,UM DOS CONDUTORES COM SINTOMA DE EMBRIAGUES,2,,,,,,,,,0,Longo da via,Bom,Perfeito estado,Seca,Perfeito estado,R-6a,60 km/h,Única,Não existe
2020-08-07 00:00:00,06:23:00,COM VÍTIMA,BOA VIAGEM,AV MARECHAL JUAREZ TAVORA,478,,ABALROAMENTO TRANSVERSAL,COLISÃO ENTRE ÔNIBUS E VEÍCULO (VT DO PATRIMÔNIO),,,,,,1,,1,,1,Longo da via,Bom,Perfeito estado,Seca,Perfeito estado,Não há placas,30 km/h,Única,Não existe
2020-08-07 00:00:00,08:33:00,COM VÍTIMA,PINA,AV ANTONIO DE GOES,103,CIDADE,COLISÃO FRONTAL,COLISÃO DOIS AUTOS E UMA MOTO,2,1,,,,,,,,1,Cruzamento,Bom,Perfeito estado,Seca,Perfeito estado,Não há placas,60 km/h,Única,Faixa seccionada
2020-08-07 00:00:00,13:07:00,COM VÍTIMA,SANCHO,AV LIBERDADE,,SUBURBIO,ATROPELAMENTO,CONDUTOR DO VEICULO INFORMA QUE A PESSOA ESTAVA ATAVESSANDO A RUA E NO MEU DO CAMINHO VOLTOU E NÃO DEU TEMPO DE FREIAR,1,,,,1,,,,,1,Longo da via,Bom,Perfeito estado,Seca,Perfeito estado,Não há placas,,Dupla,Faixa contínua
2020-08-07 00:00:00,14:53:00,COM VÍTIMA,BOA VISTA,AV VISCONDE DE SUASSUNA,,CIDADE,ABALROAMENTO TRANSVERSAL,COLISÃO ENVOLVENDO A VT (MOTO) DO INSPETOR NOBRE.,1,,,,,,,1,,1,Longo da via,Bom,Perfeito estado,Seca,Perfeito estado,Não há placas,,Única,Faixa seccionada
2020-08-07 00:00:00,18:00:00,COM VÍTIMA,ILHA DO RETIRO,RUA JOAO ELISIO RAMOS,,CIDADE,COLISÃO COM CICLISTA,COLISÃO COM VITIMA- REPASSADO PELO INSP ALMIR,1,,,1,,,,,,1,Esquina,Bom,Perfeito estado,Seca,Perfeito estado,Placas Pare,30 km/h,Dupla,Não existe
2020-08-07 00:00:00,18:07:00,SEM VÍTIMA,IPSEP,RUA BLUMENAU,111,,COLISÃO,MOTO DA POLICIA X GOL,1,1,,,,,,,,0,,,,,,,,,
2020-08-07 00:00:00,19:55:00,COM VÍTIMA,SANTO AMARO,AV GOVERNADOR AGAMENON MAGALHAES,465,SUBURBIO,ABALROAMENTO LONGITUDINAL,HB 20 X MOTO,1,1,,,,,,,,2,Longo da via,Chuvoso,Incompleta,Molhada,Mal conservada,R-19,60 km/h,Dupla,Canal
2020-08-07 00:00:00,21:58:00,COM VÍTIMA,AREIAS,RUA DR GIL RODRIGUES DOS SANTOS,,SUBURBIO,ABALROAMENTO LONGITUDINAL,MOTO X FIAT ESTRADA   OBS : VT DA POLICIA MILITAR NO LOCAL,1,1,,,,,,,,1,Longo da via,Chuvoso,Perfeito estado,Molhada,Perfeito estado,Não há placas,,Dupla,Não existe
2020-08-08 00:00:00,06:21:00,SEM VÍTIMA,ARRUDA,AV BEBERIBE,,CIDADE,CHOQUE OBJETO FIXO,AUTOMOVEL COLIDIU COM POSTE E ESTA ABANDONADO NO LOCAL,1,,,,,,,,,0,Cruzamento,Chuvoso,Perfeito estado,Molhada,Perfeito estado,,60 km/h,Dupla,Faixa contínua
2020-08-08 00:00:00,07:35:00,SEM VÍTIMA,CAMPO GRANDE,EST DE BELEM,201,,ABALROAMENTO LONGITUDINAL,,1,,,,,,1,,,0,,Bom,Perfeito estado,Seca,Perfeito estado,R-6a,,Dupla,Faixa contínua
2020-08-08 00:00:00,13:25:00,COM VÍTIMA,MADALENA,AV CAXANGA,,SUBURBIO,ABALROAMENTO LONGITUDINAL,AUTO E MOTO C VITIMAS,1,1,,,,,,,,2,Longo da via,Bom,Perfeito estado,Seca,Perfeito estado,R-6a,,Dupla,Canteiro central
2020-08-08 00:00:00,16:38:00,SEM VÍTIMA,BOA VIAGEM,RUA BALTAZAR PASSOS,,,ABALROAMENTO TRANSVERSAL,COLISAO ENTRE DOIS AUTO SEGUIDA DE CAPOTAMENTO/ SEM VITIMAS,2,,,,,,,,,0,Cruzamento,Bom,Incompleta,Seca,Perfeito estado,R-6a,30 km/h,Única,Não existe
2020-08-08 00:00:00,19:33:00,COM VÍTIMA,ÁGUA FRIA,RUA DO MACHADO,,SUBURBIO,COLISÃO COM CICLISTA,COLISÃO ENTRE MOTO E BICICLETA C/V,,1,,1,,,,,,2,Longo da via,Bom,Perfeito estado,Seca,Perfeito estado,Não há placas,,Dupla,Faixa seccionada
2020-08-08 00:00:00,19:52:00,COM VÍTIMA,BOA VIAGEM,RUA ANTONIO FALCAO,227,CIDADE,ABALROAMENTO TRANSVERSAL,COLISÃO ENTRE AUTO E MOTO C/V,1,1,,,,,,,,1,Cruzamento,Bom,Perfeito estado,Seca,Perfeito estado,Não há placas,,Única,Não existe
2020-08-08 00:00:00,21:59:00,COM VÍTIMA,BOA VIAGEM,AV ENGENHEIRO DOMINGOS FERREIRA,338,,ABALROAMENTO TRANSVERSAL,COLISÃO ENTRE AUTO E MOTO C/V,1,1,,,,,,,,1,Cruzamento,Chuvoso,Perfeito estado,Molhada,Perfeito estado,R-6a,,Única,Canteiro central
2020-08-08 00:00:00,22:41:00,COM VÍTIMA,BARRO,AV DR JOSE RUFINO,44,CIDADE,ABALROAMENTO TRANSVERSAL,COLISÃO ENTRE AUTO E MOTO C/V,1,1,,,,,,,,2,Cruzamento,Chuvoso,Incompleta,Seca,Mal conservada,,,Dupla,
2020-08-09 00:00:00,11:16:00,SEM VÍTIMA,ÁGUA FRIA,EST VELHA DE AGUA FRIA,,,COLISÃO,COLISÃO SEM VITIMAS UM DOS CONDUTORES ENCONTRA SE COM SINTOMAS DE EMBRIAGUEZ,,,,,,,,,,0,,,,,,,,,
2020-08-09 00:00:00,15:29:00,COM VÍTIMA,IBURA,AV DOIS RIOS,,CIDADE,ABALROAMENTO LONGITUDINAL,COLISÃO COM VÍTIMA,1,1,,,,,,,,1,Longo da via,Bom,Incompleta,Seca,Perfeito estado,Placas Pare,,Dupla,Faixa contínua
2020-08-09 00:00:00,18:46:00,COM VÍTIMA,SANTO AMARO,AV MARIO MELO,90,SUBURBIO,CHOQUE OBJETO FIXO,MOTO X ILHA (DIVISOR DE PISTA ),,1,,,,,,,,1,Longo da via,Bom,Perfeito estado,Seca,Perfeito estado,,,Única,Faixa contínua
2020-08-09 00:00:00,21:26:00,SEM VÍTIMA,IMBIRIBEIRA,AV MARECHAL MASCARENHAS DE MORAES,289,CIDADE,COLISÃO,S 10 X UPE  OBS: SUSPEITA DE EMBRIAGUEZ,2,,,,,,,,,0,Longo da via,Chuvoso,Perfeito estado,Molhada,Perfeito estado,Outras,,Dupla,Faixa contínua
2020-08-10 00:00:00,15:51:00,SEM VÍTIMA,IPSEP,RUA MACHADO DE ASSIS,,CIDADE,COLISÃO,VEICULO ESTAVA DANDO RÉ E BATEU NA VIATURA DA PM,1,,,,,,,1,,0,Longo da via,Bom,Ilegível,Seca,Mal conservada,Não há placas,,Dupla,Não existe
2020-08-11 00:00:00,08:58:00,COM VÍTIMA,SÃO JOSÉ,AV SUL,205,CIDADE,COLISÃO TRASEIRA,DOIS AUTOS E MOTO,2,1,,,,,,,,2,Longo da via,Bom,Perfeito estado,Seca,Perfeito estado,Não há placas,,Dupla,Canteiro central
2020-08-11 00:00:00,15:58:00,COM VÍTIMA,AFOGADOS,RUA JOAO IVO DA SILVA,,SUBURBIO,COLISÃO TRASEIRA,COLISÃO COM VÍTIMA,1,1,,,,,,,,1,Longo da via,Bom,Perfeito estado,Seca,Perfeito estado,Não há placas,40 km/h,Única,Faixa contínua