data,hora,natureza,bairro,endereco,num_semaforo,sentido_via,tipo,auto,moto,ciclom,ciclista,pedestre,onibus,caminhao,viatura,outros,vitimas,vitimasfatais,acidente_verificado,tempo_clima,sinalizacao,condicao_via,conservacao_via,situacao_placa,velocidade_max_via,mao_direcao,divisao_via1
2020-08-12 00:00:00,18:28:00,COM VÍTIMA,PARNAMIRIM,AV DEZESSETE DE AGOSTO,,SUBURBIO,ATROPELAMENTO,MOTO E PEDESTRE,,1,,,1,,,,,2,Longo da via,Bom,Perfeito estado,Seca,Perfeito estado,Outras,,Dupla,Faixa contínua
2020-08-13 00:00:00,10:38:00,COM VÍTIMA,TORREÃO,AV NORTE,,CIDADE,TOMBAMENTO,,,1,,,,,,,,1,Longo da via,Bom,Perfeito estado,,Perfeito estado,Outras,,Dupla,Canteiro central
2020-08-13 00:00:00,11:09:00,SEM VÍTIMA,CORDEIRO,AV ENGENHEIRO ABDIAS DE CARVALHO,375,,COLISÃO,COLISÃO ENVOLVENDO DOIS AUTOS SEM VÍTIMA VT PM QYC5840 VW GOL.PER8753 VW POLO,,,,,,,,,,0,Longo da via,Chuvoso,Perfeito estado,Molhada,Perfeito estado,Não há placas,,Dupla,Canteiro central
2020-08-13 00:00:00,11:54:00,COM VÍTIMA,AFOGADOS,RUA DA PAZ,,,COLISÃO,COLIOSÃO ENTRE AUTO E MOTOCICLETA COM 1 VÍTIMA,1,1,,,,,,,,1,,,,,,,,,
2020-08-13 00:00:00,11:59:00,COM VÍTIMA,MADALENA,AV CAXANGA,,CIDADE,COLISÃO TRASEIRA,COLISÃO COM VITIMA,,2,,,,,,,,1,Longo da via,Chuvoso,Perfeito estado,Molhada,Perfeito estado,Outras,,Dupla,Faixa contínua
2020-08-13 00:00:00,12:42:00,COM VÍTIMA,IBURA,AV DOIS RIOS,,CIDADE,ABALROAMENTO LONGITUDINAL,AUTO X MOTO COM VÍTIMA,1,1,,,,,,,,1,Longo da via,Bom,Perfeito estado,Seca,Perfeito estado,Não há placas,60 km/h,Dupla,Faixa contínua
2020-08-13 00:00:00,16:08:00,COM VÍTIMA,SANTO AMARO,AV GOVERNADOR AGAMENON MAGALHAES,,SUBURBIO,TOMBAMENTO,COM VÍTIMA,,1,,,,,,,,1,Ponte,Bom,Perfeito estado,Molhada,Perfeito estado,Não há placas,60 km/h,Dupla,Canal
2020-08-13 00:00:00,22:58:00,SEM VÍTIMA,TAMARINEIRA,RUA PADRE ROMA,,,COLISÃO,COLISÃO SEM VITIMAS (CONDUTOR VEICULO CO SUSPEITA DE EMBRIAGUEZ),1,1,,,,,,,,0,,,,,,,,,
2020-08-13 00:00:00,23:39:00,COM VÍTIMA,CASA FORTE,AV DEZESSETE DE AGOSTO,,,COLISÃO FRONTAL,COLISÃO COM VITMAS ENVOLVENDO DOIS AUTO (CONDUTOR COM SINTOMAS DE EMBRIAGUES),2,,,,,,,,,1,Cruzamento,Bom,Perfeito estado,Seca,Perfeito estado,,,Dupla,Faixa contínua
2020-08-14 00:00:00,09:11:00,COM VÍTIMA,CAJUEIRO,AV CIDADE DE MONTEIRO,,SUBURBIO,COLISÃO FRONTAL,MOTO E AUTO,1,1,,,,,,,,1,Longo da via,Bom,Perfeito estado,Seca,Perfeito estado,R-6a,40 km/h,Única,Faixa contínua
2020-08-14 00:00:00,14:30:00,COM VÍTIMA,MADALENA,AV VISCONDE DE ALBUQUERQUE,,SUBURBIO,COLISÃO TRASEIRA,COLISÃO MOTO E CARRO,1,1,,,,,,,,1,Longo da via,Bom,Perfeito estado,Seca,Perfeito estado,Não há placas,,Única,Faixa
2020-08-14 00:00:00,17:58:00,COM VÍTIMA,MANGUEIRA,RUA SAO MIGUEL,392,CIDADE,ABALROAMENTO TRANSVERSAL,COLISAO COM VITIMAS,1,1,,,,,,,,1,Longo da via,Bom,Perfeito estado,Seca,Perfeito estado,Placas Dê a preferência,,Dupla,Faixa contínua
2020-08-14 00:00:00,18:12:00,COM VÍTIMA,IMBIRIBEIRA,AV PRESIDENTE DUTRA,,BOA VIAGEM,CHOQUE OBJETO FIXO,COM VÍTIMA,,1,,,,,,,,1,Longo da via,Bom,Perfeito estado,Seca,Perfeito estado,Não há placas,,Única,Não existe
2020-08-14 00:00:00,22:51:00,SEM VÍTIMA,NOVA DESCOBERTA,RUA ALTO DA TELHA,,,COLISÃO,COLISÃO ENTRE AUTO E MOTO (CONDUTOR DA MOTO APRESENTA SINAIS CLAROS DE EMBRIAGUEZ),1,1,,,,,,,,0,,,,,,,,,
2020-08-15 00:00:00,08:18:00,COM VÍTIMA,CAÇOTE,RUA CAMBUCA,,,COLISÃO,COLISÃO COM VITIMA A ESPERA DO SAMU,1,1,,,,,,,,1,,,,,,,,,
2020-08-15 00:00:00,11:34:00,COM VÍTIMA,BAIRRO DO RECIFE,AV MARTINS DE BARROS,,,COLISÃO,COLISÃO COM VITIMA A ESPERA DO SAMU,1,1,,,,,,,,1,,,,,,,,,
2020-08-15 00:00:00,11:53:00,SEM VÍTIMA,ARRUDA,RUA ZEFERINO AGRA,,,COLISÃO,COLISÃO SEM VÍTIMA ENTRE VEÍCULO OFICIAL DA COMPESA E AUTO,,,,,,,,,,0,,,,,,,,,
2020-08-15 00:00:00,15:37:00,COM VÍTIMA,BOA VIAGEM,AV ENGENHEIRO DOMINGOS FERREIRA,128,SUBURBIO,TOMBAMENTO,COM VÍTIMA,,1,,,,,,,,1,Cruzamento,Bom,Perfeito estado,Seca,Perfeito estado,R-6a,,Única,Não existe
2020-08-15 00:00:00,21:07:00,COM VÍTIMA,CAMPO GRANDE,AV GOVERNADOR AGAMENON MAGALHAES,49,SUBURBIO,ABALROAMENTO TRANSVERSAL,ENTRE AUTO E MOTO. C/V,1,1,,,,,,,,1,Cruzamento,Bom,Perfeito estado,Seca,Perfeito estado,,60 km/h,Única,Faixa contínua
2020-08-15 00:00:00,23:00:00,SEM VÍTIMA,TEJIPIÓ,AV DR JOSE RUFINO,,,COLISÃO,VOYAGE X FIESTA OBS: SUSPEITA DE EMBRIAGUES,2,,,,,,,,,0,,,,,,,,,
2020-08-16 00:00:00,01:30:00,SEM VÍTIMA,BOA VIAGEM,AV BOA VIAGEM,,,CHOQUE OBJETO FIXO,VEICULO FOI ABANDONADO NA VIA APÓS SE CHOCAR CONTRA UM PAPA-METRALHA.,1,,,,,,,,,0,,,,,,,,,
2020-08-16 00:00:00,10:47:00,SEM VÍTIMA,BOA VIAGEM,RUA CORONEL ANIZIO RODRIGUES COELHO,,SUBURBIO,CHOQUE VEÍCULO PARADO,DOIS AUTOS / CONDUTOR COM SINTOMAS DE EMBRIAGUEZ,4,,,,,,,,,0,Longo da via,Bom,Perfeito estado,Seca,Perfeito estado,Placas Pare,,Única,Não existe
2020-08-16 00:00:00,11:36:00,COM VÍTIMA,CASA FORTE,AV DEZESSETE DE AGOSTO,,,ABALROAMENTO TRANSVERSAL,COLISÃO C/VITIMA ENTRE UMA MOTO E UM AUTO,1,1,,,,,,,,1,Longo da via,Bom,Perfeito estado,Seca,Perfeito estado,R-6a,,Dupla,Faixa contínua
2020-08-16 00:00:00,14:56:00,COM VÍTIMA,MACAXEIRA,AV JOSE AMERICO DE ALMEIDA,,SUBURBIO,CHOQUE VEÍCULO PARADO,MOTO CHOCOU-SE COM AUTO QUE ESTAVA ESTACIONADO C/V,1,1,,,,,,,,1,Longo da via,Bom,Perfeito estado,Seca,Perfeito estado,R-19,30 km/h,Única,Não existe
2020-08-16 00:00:00,16:09:00,COM VÍTIMA,VÁRZEA,AV AFONSO OLINDENSE,,,ABALROAMENTO TRANSVERSAL,COLISÃO MOTO E CARRO,1,1,,,,,,,,1,Longo da via,Bom,Perfeito estado,Seca,Perfeito estado,Outras,30 km/h,Dupla,Faixa contínua
2020-08-16 00:00:00,22:07:00,SEM VÍTIMA,TEJIPIÓ,AV DR JOSE RUFINO,,CIDADE,ABALROAMENTO TRANSVERSAL,COLISÃO ENTRE VIATURA DA GMR E MOTO- S/V,1,1,,,,,,,,0,,Bom,Ilegível,Seca,Mal iluminada,Não há placas,,Dupla,Não existe
2020-08-17 00:00:00,08:20:00,SEM VÍTIMA,AFOGADOS,AV SUL,,,COLISÃO,COLISÃO SEM VITIMAS GM PETERSON E R. AGUIAR QTH,2,,,,,,,,,0,,,,,,,,,
2020-08-17 00:00:00,12:27:00,COM VÍTIMA,MADALENA,RUA BENFICA,590,,COLISÃO,COLISÃO COM VÍTIMA,1,1,,,,,,,,2,Cruzamento,Bom,Perfeito estado,Seca,Perfeito estado,,60 km/h,,
2020-08-17 00:00:00,15:36:00,COM VÍTIMA,ÁGUA FRIA,AV BEBERIBE,,SUBURBIO,ABALROAMENTO TRANSVERSAL,COLISÃO COM VÍTIMA,1,1,,,,,,,,1,Longo da via,Bom,Perfeito estado,Seca,Perfeito estado,Não há placas,40 km/h,Dupla,Faixa contínua
2020-08-17 00:00:00,21:20:00,COM VÍTIMA,SANTO AMARO,AV CRUZ CABUGA,,SUBURBIO,ABALROAMENTO TRANSVERSAL,ONIBUS DA GLOBO X PEUGEOT,1,,,,,1,,,,1,Cruzamento,Bom,Perfeito estado,Seca,Perfeito estado,,,Dupla,Canteiro central
2020-08-17 00:00:00,21:26:00,COM VÍTIMA,BOA VIAGEM,AV CONSELHEIRO AGUIAR,147,CIDADE,ABALROAMENTO TRANSVERSAL,ENTRE AUTO E MOTO. C/V,1,1,,,,,,,,1,Cruzamento,Chuvoso,Perfeito estado,Molhada,Perfeito estado,R-6a,,Única,Faixa contínua
2020-08-18 00:00:00,10:19:00,COM VÍTIMA,SANTO ANTÔNIO,RUA FLORIANO PEIXOTO,,SUBURBIO,ABALROAMENTO LONGITUDINAL,MOTO E ONIBUS,,1,,,,1,,,,1,Cruzamento,Bom,Perfeito estado,Seca,Perfeito estado,Outras,,Única,Faixa seccionada
2020-08-18 00:00:00,11:36:00,SEM VÍTIMA,BOA VIAGEM,AV ENGENHEIRO DOMINGOS FERREIRA,545,SUBURBIO,ABALROAMENTO TRANSVERSAL,SEM VITIMAS-AMBULANCIA DO SAMU E AUTO PASSEIO VT29 DA CTTU NO LOCAL /GM PAULO RICARDO E LEONARDO,1,,,,,,1,,,0,Cruzamento,Bom,Perfeito estado,Seca,Perfeito estado,R-6a,,Única,Faixa seccionada
2020-08-18 00:00:00,14:52:00,COM VÍTIMA,BOA VISTA,RUA JOAO FERNANDES VIEIRA,,SUBURBIO,ABALROAMENTO LONGITUDINAL,COLISAO ENTRE DOIS AUTO E MOTO COM VITIMA,2,1,,,,,,,,1,Longo da via,Bom,Ilegível,Seca,Perfeito estado,Não há placas,60 km/h,Única,Não existe
2020-08-18 00:00:00,17:45:00,COM VÍTIMA,MADALENA,AV BEIRA RIO,,CIDADE,ABALROAMENTO LONGITUDINAL,COLISAO ENTRE AUTO E MOTO,1,1,,,,,,,,2,Longo da via,Bom,Perfeito estado,Seca,Perfeito estado,Não há placas,40 km/h,,Faixa seccionada
2020-08-18 00:00:00,21:57:00,COM VÍTIMA,BOA VIAGEM,RUA ANTONIO LUMACK DO MONTE,,SENT. RUA PADRE CARAPUCEIRO,CHOQUE VEÍCULO PARADO,AUTO E MOTO.,1,1,,,,,,,,1,Longo da via,Bom,Perfeito estado,Seca,Perfeito estado,Outras,,Única,Não existe
2020-08-19 00:00:00,07:23:00,COM VÍTIMA,IPUTINGA,AV CAXANGA,270,SUBURBIO,ATROPELAMENTO,APOIO NO MONITORAMENTO. SITUAÇÃO DE ATROPELAMENTO.,,,,,1,,,,,1,Longo da via,Bom,Perfeito estado,Seca,Perfeito estado,Não há placas,60 km/h,Dupla,Canteiro central
2020-08-19 00:00:00,10:39:00,SEM VÍTIMA,MANGUEIRA,RUA MANDARI,,,COLISÃO,VT PM / DOIS AUTOS,2,,,,,,,1,,0,,,,,,,,,
2020-08-19 00:00:00,13:23:00,SEM VÍTIMA,IPUTINGA,AV CAXANGA,533,CIDADE,COLISÃO,COLISÃO SEM VÍTIMA / VEÍCULO OFICIAL,1,1,,,,,,,,0,,,,,,,,,
2020-08-24 00:00:00,07:28:00,SEM VÍTIMA,IBURA,AV CHAPADA DO ARARIPE,,,COLISÃO FRONTAL,VEÍCULO ESTACIONADO EM FILA DUPLA,2,,,,,,,,,0,Longo da via,Bom,Não existente,Seca,Perfeito estado,Não há placas,,Dupla,Não existe
2020-08-19 00:00:00,14:45:00,SEM VÍTIMA,ESPINHEIRO,AV CONSELHEIRO AGUIAR,,SUBURBIO,CHOQUE OBJETO FIXO,PEDALADA CICLISTICA - SOLICITANDO CICLO FAIXA,1,,,,,,,,,0,Longo da via,Bom,Perfeito estado,Seca,Perfeito estado,,,Única,Faixa contínua
2020-08-19 00:00:00,14:45:00,SEM VÍTIMA,BOA VISTA,AV CONDE DA BOA VISTA,,,ABALROAMENTO TRANSVERSAL,PEDALADA CICLISTICA - SOLICITANDO CICLO FAIXA,2,,,,,,,,,0,Longo da via,Chuvoso,Perfeito estado,Molhada,Perfeito estado,Não há placas,,Dupla,Canteiro central
2020-08-19 00:00:00,14:30:00,COM VÍTIMA,BOA VISTA,AV GOVERNADOR AGAMENON MAGALHAES,,,ABALROAMENTO LONGITUDINAL,ÔNIBUS E MOTO,,1,,,,1,,,,1,,,,,,,,,
2020-08-19 00:00:00,17:07:00,COM VÍTIMA,MANGABEIRA,AV NORTE,96,SUBURBIO,CHOQUE OBJETO FIXO,CHOQUE SEGUIDO DE UMA COLISÃO TRASEIRA.,1,1,,,,,,,,2,Longo da via,Bom,Perfeito estado,Seca,Perfeito estado,Não há placas,,Única,Canteiro central
2020-08-19 00:00:00,18:38:00,COM VÍTIMA,BEBERIBE,AV BEBERIBE,,CIDADE,COLISÃO FRONTAL,AUTO E MOTO,1,1,,,,,,,,1,Longo da via,Bom,Não existente,Seca,Perfeito estado,Não há placas,,Dupla,Não existe
2020-08-19 00:00:00,18:53:00,COM VÍTIMA,ALTO JOSÉ DO PINHO,AV NORTE,,CIDADE,ATROPELAMENTO,MOTO X AUTO E PEDESTRE,1,1,,,1,,,,,1,Longo da via,Bom,Perfeito estado,Seca,Perfeito estado,Não há placas,40 km/h,Dupla,Canteiro central
2020-08-19 00:00:00,19:32:00,COM VÍTIMA,VÁRZEA,RUA PROFESSOR ANTONIO COELHO,,,ABALROAMENTO TRANSVERSAL,ENTRE ÕNIBUS E MOTO. C/V,,1,,,,1,,,,1,Cruzamento,Bom,Perfeito estado,Seca,Perfeito estado,Placas Pare,30 km/h,Dupla,Faixa seccionada
2020-08-20 00:00:00,07:24:00,COM VÍTIMA,CASA AMARELA,RUA DA ESTRELA,,SUBURBIO,ABALROAMENTO TRANSVERSAL,AUTO E MOTO.,1,1,,,,,,,,1,Longo da via,Bom,Incompleta,Seca,Perfeito estado,Não há placas,,Dupla,Não existe
2020-08-20 00:00:00,08:08:00,COM VÍTIMA,BOA VISTA,RUA PRINCESA IZABEL,22,SUBURBIO,ABALROAMENTO LONGITUDINAL,COLISÃO ENTRE DOIS AUTOS E UMA MOTO.,2,1,,,,,,,,1,Cruzamento,Bom,Perfeito estado,Seca,Perfeito estado,Não há placas,,Única,Não existe
2020-08-20 00:00:00,11:15:00,COM VÍTIMA,ALTO JOSÉ DO PINHO,COR DO BARTOLOMEU,,CIDADE,ATROPELAMENTO,ATROPELAMENTO / VITIMA SOCORRIDA PELO SAMU,,1,,,1,,,,,1,Longo da via,Bom,Incompleta,Seca,Mal conservada,Não há placas,,Dupla,Faixa seccionada
2020-08-20 00:00:00,11:57:00,COM VÍTIMA,IBURA,RUA PINTOR AGENOR DE ALBUQUERQUE CESAR,,,COLISÃO,MOTO E AUTO,1,1,,,,,,,,1,,,,,,,,,
2020-08-20 00:00:00,12:33:00,COM VÍTIMA,BOA VIAGEM,AV ENGENHEIRO DOMINGOS FERREIRA,380,SUBURBIO,ABALROAMENTO TRANSVERSAL,COLISÃO CARRO E MOTO,1,1,,,,,,,,1,Cruzamento,Bom,Perfeito estado,Seca,Perfeito estado,,60 km/h,Única,Canteiro central
2020-08-20 00:00:00,15:20:00,COM VÍTIMA,CAXANGÁ,RUA RIBEIRO PESSOA,,,ABALROAMENTO LONGITUDINAL,COLISÃO 3 VEICULOS / VT15 NO LOCAL ANANIAS E RAMALHO,2,,,,,,1,,,1,Longo da via,Bom,Incompleta,Seca,Mal conservada,Outras,,Dupla,Faixa seccionada
2020-08-20 00:00:00,17:01:00,SEM VÍTIMA,VASCO DA GAMA,RUA VASCO DA GAMA,,SUBURBIO,COLISÃO,VT 08 NO LOCAL / COLISÃO CARRO X CARRO,2,,,,,,,,,0,Longo da via,Bom,Não existente,Seca,Perfeito estado,R-6a,30 km/h,Dupla,Não existe
2020-08-21 00:00:00,01:03:00,COM VÍTIMA,BOA VIAGEM,AV CONSELHEIRO AGUIAR,,CIDADE,COLISÃO,COLISÃO COM VÍTIMA,,,,,,,,,,1,,,,,,,,,
2020-08-21 00:00:00,07:08:00,COM VÍTIMA,BOA VIAGEM,RUA PROFESSOR JOAO MEDEIROS,332,CIDADE,ABALROAMENTO TRANSVERSAL,AUTO E MOTO BATEDORES NO LOCAL GM´S ANDRE E DECIO,1,1,,,,,,,,1,Cruzamento,Chuvoso,Perfeito estado,Molhada,Perfeito estado,Outras,,Única,Faixa
2020-08-21 00:00:00,09:10:00,COM VÍTIMA,BONGI,AV ENGENHEIRO ABDIAS DE CARVALHO,,CIDADE,COLISÃO TRASEIRA,COLISÃO COM VITIMA ENTRE DOIS AUTOS.,2,,,,,,,,,1,Longo da via,Bom,Perfeito estado,Seca,Perfeito estado,R-6a,60 km/h,Dupla,Faixa seccionada
2020-08-21 00:00:00,13:22:00,COM VÍTIMA,TAMARINEIRA,RUA JUNDIA,,,ABALROAMENTO TRANSVERSAL,COLISÃO COM VITIMA,1,1,,,,,,,,1,Cruzamento,Bom,Perfeito estado,Seca,Perfeito estado,Placas Pare,,Dupla,Não existe
2020-08-21 00:00:00,19:44:00,COM VÍTIMA,TORRE,RUA LEONARDO BEZERRA CAVALCANTE,,CIDADE,ABALROAMENTO TRANSVERSAL,AUTO E MOTO OBS: VT 25 DA CTTU ESTA NO LOCAL,1,1,,,,,,,,1,Longo da via,Bom,Perfeito estado,Seca,Perfeito estado,Não há placas,,Dupla,Faixa contínua
2020-08-22 00:00:00,04:25:00,COM VÍTIMA,BOA VIAGEM,AVENIDA CELSO FURTADO (VIA MANGUE),,,ACID. DE PERCURSO,MOTOCICLISTA PERDEU O CONTROLE DA MOTOCICLETA E CAIU NA VIA. A MOTOCICLETA ESTÁ ABANDONADA NA VIA GERANDO RISCO DE NOVO ACIDENTE,,,,,,,,,,1,,,,,,,,,
2020-08-22 00:00:00,08:19:00,COM VÍTIMA,IMBIRIBEIRA,RUA ARQUITETO LUIZ NUNES,,CIDADE,ABALROAMENTO TRANSVERSAL,AUTO E MOTO,1,1,,,,,,,,1,Longo da via,Bom,Perfeito estado,Seca,Perfeito estado,Outras,,Dupla,Faixa contínua
2020-08-22 00:00:00,11:21:00,COM VÍTIMA,BEBERIBE,AV BEBERIBE,,SUBURBIO,ABALROAMENTO TRANSVERSAL,MOTO E AUTO,1,1,,,,,,,,1,Longo da via,Bom,Perfeito estado,Seca,Perfeito estado,R-6a,,Dupla,Faixa contínua
2020-08-22 00:00:00,13:28:00,COM VÍTIMA,PRADO,AV ENGENHEIRO ABDIAS DE CARVALHO,354,CIDADE,ABALROAMENTO LONGITUDINAL,COLISÃO MOTO E CARRO / VT 08 LOCAL,1,1,,,,,,,,1,Cruzamento,Bom,Perfeito estado,Seca,Perfeito estado,Outras,,Dupla,Canteiro central
2020-08-22 00:00:00,13:30:00,COM VÍTIMA,BOA VIAGEM,VIADUTO TANCREDO NEVES,,SUBURBIO,CHOQUE OBJETO FIXO,COLISÃO MOTO E CARRO / O CONDUTOR DO CARRO EVADIU-SE DO LOCAL.,1,1,,,,,,,,1,Longo da via,Bom,Incompleta,Seca,Perfeito estado,Não há placas,,Única,Canteiro central
2020-08-22 00:00:00,17:25:00,COM VÍTIMA,IBURA,RUA EXP FRANCISCO VITORIANO,,SUBURBIO,ATROPELAMENTO,USUARIO INFORMA QUE VEICULO VEIO DESCENDO A LADEIRA E PERDEU O CONTROLE E BATEU NA PORTA DO SALÃO DUAS IRMÃ E ATROPELOU A PESSOA,1,,,,5,,,,,5,Cruzamento,Chuvoso,Incompleta,Molhada,Mal conservada,Não há placas,30 km/h,Dupla,Não existe
2020-08-22 00:00:00,17:50:00,SEM VÍTIMA,BOA VISTA,AV CONDE DA BOA VISTA,,,ABALROAMENTO TRANSVERSAL,COLISÃO NA VT 24 - PYA 2256,2,,,,,,,,,0,Longo da via,Chuvoso,Perfeito estado,Molhada,Perfeito estado,Não há placas,,Dupla,Canteiro central
2020-08-23 00:00:00,03:20:00,COM VÍTIMA,BOA VIAGEM,AV CONSELHEIRO AGUIAR,125,CIDADE,ABALROAMENTO TRANSVERSAL,AUTO E MOTO.,1,1,,,,,,,,1,Cruzamento,Bom,Perfeito estado,Seca,Perfeito estado,Outras,,Única,Faixa seccionada
2020-08-23 00:00:00,08:00:00,SEM VÍTIMA,ESPINHEIRO,RUA MARQUES DO PARANA,,,COLISÃO,COLISÃO SEM VITIMAS,1,1,,,,,,,,0,,,,,,,,,
2020-08-23 00:00:00,10:39:00,SEM VÍTIMA,IBURA,AV CHAPADA DO ARARIPE,,,COLISÃO FRONTAL,COLISÃO COM VEICULO OFICIAL- VIATURA PM,2,,,,,,,,,0,Longo da via,Bom,Não existente,Seca,Perfeito estado,Não há placas,,Dupla,Não existe
2020-08-23 00:00:00,13:41:00,COM VÍTIMA,IMBIRIBEIRA,AV PRESIDENTE DUTRA,,CEASA,ABALROAMENTO LONGITUDINAL,COLISAO ENTRE AUTO E MOTO COM UMA VITIMA VT 02 NO LOCAL. AUTO EVADIU-SE DO LOCAL.,,1,,,,,,,,1,Longo da via,Bom,Ilegível,Seca,Perfeito estado,Não há placas,,Dupla,Blocos
2020-08-23 00:00:00,14:57:00,COM VÍTIMA,BOA VIAGEM,RUA CAMBOIM,,CIDADE,ABALROAMENTO TRANSVERSAL,COLISÃO COM VÍTIMA,2,,,,,,,,,1,Cruzamento,Bom,Perfeito estado,Seca,Perfeito estado,Placas Pare,,Única,Faixa seccionada
2020-08-23 00:00:00,18:38:00,SEM VÍTIMA,TORRÕES,RUA CARLOS GOMES,,,COLISÃO,DOIS AUTO OBS: SUSPEITA DE EMBRIAGUEZ,2,,,,,,,,,0,,,,,,,,,
2020-08-23 00:00:00,19:39:00,SEM VÍTIMA,ESPINHEIRO,AV CONS ROSA E SILVA,,SUBURBIO,CHOQUE OBJETO FIXO,AUTO X POSTE . S/V,1,,,,,,,,,0,Longo da via,Bom,Perfeito estado,Seca,Perfeito estado,,,Única,Faixa contínua
2020-08-24 00:00:00,06:45:00,COM VÍTIMA,IMBIRIBEIRA,AV MARECHAL MASCARENHAS DE MORAES,,CIDADE,ABALROAMENTO LONGITUDINAL,COLISÃO COM UMA VITIMA AGUARDANDO SAMU,,1,,,,1,1,,,2,Longo da via,Bom,Perfeito estado,Seca,Perfeito estado,R-6a,,Dupla,Faixa seccionada
2020-08-24 00:00:00,07:53:00,COM VÍTIMA,DOIS IRMÃOS,RUA MANUEL DE MEDEIROS,,SUBURBIO,ABALROAMENTO LONGITUDINAL,DUAS MOTOS,,2,,,,,,,,1,Esquina,Bom,Perfeito estado,Seca,Perfeito estado,R-6a,,Dupla,Faixa seccionada
2020-08-24 00:00:00,10:41:00,SEM VÍTIMA,TORRE,RUA REAL DA TORRE,,,COLISÃO,SEM VITIMAS /VEICULO OFICIAL CREA/ VT 03 CTTU NO LOCAL,1,,,,,,,1,,0,Cruzamento,Bom,Incompleta,Seca,Perfeito estado,Outras,n/i,Única,Não existe
2020-08-24 00:00:00,12:21:00,COM VÍTIMA,TEJIPIÓ,RUA DO SANCHO,,,ABALROAMENTO LONGITUDINAL,COLISÃO ENTRE 2 CARROS E 1 MOTO,2,1,,,,,,,,1,Esquina,Bom,Não existente,Seca,Mal conservada,Não há placas,,Dupla,Não existe
2020-08-24 00:00:00,15:10:00,COM VÍTIMA,ESPINHEIRO,RUA BUENOS AYRES,,,COLISÃO,COLISÃO CARRO E MOTOCICLETA- VEICULO DA PLACA xxx EVADIU-SE DO LOCAL,1,,1,,,,,,,1,,,,,,,,,
2020-08-24 00:00:00,18:33:00,COM VÍTIMA,PASSARINHO,EST DE PASSARINHO,,,COLISÃO COM CICLISTA,COLISÃO ENTRE CICLISTA E CAMINHÃO C/V,,,,1,,,1,,,1,,,,,,,,,
2020-08-24 00:00:00,22:40:00,COM VÍTIMA,CAJUEIRO,AV CIDADE DE MONTEIRO,,OLINDA,ABALROAMENTO LONGITUDINAL,COLISÃO ENTRE AUTO E MOTO C/V,1,1,,,,,,,,2,Longo da via,Bom,Perfeito estado,Seca,Mal iluminada,Não há placas,60 km/h,Dupla,Faixa contínua
2020-08-25 00:00:00,06:45:00,COM VÍTIMA,IPSEP,AV RECIFE,,,ATROPELAMENTO,VEÍCULO PERDEU O CONTROLE E ATROPELOU PEDESTRE NA PARADA DE ÔNIBUS,1,,,,2,,,,,2,Longo da via,Bom,Perfeito estado,Seca,Perfeito estado,Não há placas,,Dupla,Canteiro central
2020-08-25 00:00:00,07:34:00,COM VÍTIMA,TORRÕES,AV ENGENHEIRO ABDIAS DE CARVALHO,272,CIDADE,COLISÃO TRASEIRA,COLISÃO COM VITIMA A ESPERA DO SAMU,1,1,,,,,,,,1,Longo da via,Bom,Perfeito estado,Seca,Perfeito estado,Outras,,Dupla,Faixa contínua
2020-08-25 00:00:00,08:05:00,COM VÍTIMA,BOA VIAGEM,RUA DEZ DE JULHO,573,CIDADE,COLISÃO TRASEIRA,COLISÃO ENTRE ÔNIBUS E MOTO COM VITIMA.,,1,,,,1,,,,1,Longo da via,Bom,Incompleta,Seca,Perfeito estado,Não há placas,,Única,Faixa seccionada
2020-08-25 00:00:00,09:01:00,COM VÍTIMA,VÁRZEA,AV AFONSO OLINDENSE,,SUBURBIO,ABALROAMENTO LONGITUDINAL,AUTO E MOTO  VT-20 NO LOCAL GM´S RODRIGO LACERDA E ANDRE PNHEIRO,1,1,,,,,,,,1,Longo da via,Bom,Perfeito estado,Seca,Perfeito estado,Outras,30 km/h,Dupla,Faixa contínua
2020-08-25 00:00:00,09:59:00,COM VÍTIMA,MADALENA,AV VISCONDE DE ALBUQUERQUE,413,SUBURBIO,CHOQUE VEÍCULO PARADO,AUTO E MOTO.,1,1,,,,,,,,1,Longo da via,Bom,Perfeito estado,Seca,Perfeito estado,R-6a,,Única,Faixa contínua
2020-08-25 00:00:00,11:20:00,SEM VÍTIMA,MADALENA,EST DOS REMEDIOS,,,COLISÃO,VEICULO OFICIAL TRE E AUTO,1,,,,,,1,,,0,,,,,,,,,