data,hora,natureza,bairro,endereco,num_semaforo,sentido_via,tipo,auto,moto,ciclom,ciclista,pedestre,onibus,caminhao,viatura,outros,vitimas,vitimasfatais,acidente_verificado,tempo_clima,sinalizacao,condicao_via,conservacao_via,situacao_placa,velocidade_max_via,mao_direcao,divisao_via1
2020-09-08 00:00:00,12:52:00,COM VÍTIMA,TORRE,RUA ALBERTO PAIVA,,,COLISÃO,COLISAO ENTRE AUTO E MOTO COM UMA VITIMA,1,1,,,,,,,,1,,,,,,,,,
2020-09-08 00:00:00,13:19:00,COM VÍTIMA,SANTO AMARO,RUA DO HOSPICIO,32,SUBURBIO,COLISÃO TRASEIRA,COLISAO ENTRE ÔNIBUS E MOTO COM UMA VITIMA,,1,,,,1,,,,2,Longo da via,Bom,Perfeito estado,Seca,Perfeito estado,,,,
2020-09-08 00:00:00,14:10:00,COM VÍTIMA,IBURA,AV DOIS RIOS,561,SUBURBIO,ABALROAMENTO TRANSVERSAL,COLISÃO COM VÍTIMA,1,,,,,,,,1,1,Longo da via,Bom,Perfeito estado,Seca,Perfeito estado,Não há placas,,Dupla,Faixa contínua
2020-09-08 00:00:00,14:19:00,COM VÍTIMA,PINA,AV ANTONIO DE GOES,,CIDADE,COLISÃO TRASEIRA,COLISÃO COM VÍTIMA,1,1,,,,,,,,1,Longo da via,Bom,Perfeito estado,Seca,Perfeito estado,Outras,,Única,Faixa seccionada
2020-09-08 00:00:00,18:30:00,COM VÍTIMA,AFOGADOS,RUA VINTE E UM DE ABRIL,,SUBURBIO,ABALROAMENTO LONGITUDINAL,AUTO E MOTO.,1,1,,,,,,,,1,Longo da via,Bom,Ilegível,Seca,Mal iluminada,,,Dupla,Não existe
2020-09-09 00:00:00,07:00:00,COM VÍTIMA,CASA FORTE,AV DEZESSETE DE AGOSTO,107,CIDADE,COLISÃO COM CICLISTA,COLISÃO ENTRE UM ONIBUS E UM CICLISTA,,,,1,,1,,,,1,Cruzamento,Chuvoso,Perfeito estado,Molhada,Perfeito estado,R-6c,60 km/h,Dupla,Faixa contínua
2020-09-09 00:00:00,09:26:00,COM VÍTIMA,CASA AMARELA,AV NORTE,256,SUBURBIO,COLISÃO TRASEIRA,COLISÃO COM VITIMA SOCORRIDA PELO SAMU,,2,,,,,,,,1,Longo da via,Chuvoso,Perfeito estado,Seca,Perfeito estado,R-6a,,Dupla,Faixa contínua
2020-09-09 00:00:00,09:53:00,SEM VÍTIMA,BOA VIAGEM,AV BOA VIAGEM,,CIDADE,COLISÃO TRASEIRA,MOTOCICLETA DA CTTU X RAV 4,1,1,,,,,,,,0,Longo da via,Bom,Perfeito estado,Seca,Perfeito estado,Não há placas,60 km/h,Única,Faixa seccionada
2020-09-09 00:00:00,15:34:00,COM VÍTIMA,GRAÇAS,RUA BRUNO MAIA,,SUBURBIO,COLISÃO,COM UMA VITIMA SOCORRIDA PELO SAMU,1,,,,,,1,,,1,Cruzamento,Bom,Perfeito estado,Seca,Perfeito estado,Placas Pare,,Única,Não existe
2020-09-09 00:00:00,18:42:00,COM VÍTIMA,JAQUEIRA,AV RUI BARBOSA,460,CIDADE,ABALROAMENTO LONGITUDINAL,COLISÃO ENTRE AUTO E MOTO- C/V,1,1,,,,,,,,1,Cruzamento,Bom,Perfeito estado,Seca,Perfeito estado,Outras,,Dupla,Faixa contínua
2020-09-10 00:00:00,10:37:00,VÍTIMA FATAL,CAMPO GRANDE,AV CORREIA DE BRITO,,,COLISÃO,COLISÃO EM SEGUIDA DE CHOQUE,,1,,,,1,,,,,,,,,,,,,
2020-09-11 00:00:00,08:35:00,SEM VÍTIMA,PINA,AV ANTONIO DE GOES,,CIDADE,COLISÃO TRASEIRA,COLISÃO S/VITIMAS ENTRE DOIS AUTOS (VEICULO OFICIAL),2,,,,,,,,,0,Cruzamento,Bom,Perfeito estado,Seca,Perfeito estado,Placas Pare,,Única,Canteiro central
2020-09-11 00:00:00,08:37:00,SEM VÍTIMA,ROSARINHO,AV CONS ROSA E SILVA,459,,CHOQUE OBJETO FIXO,CHOQUE DE UM AUTO COM SEMÁFORO,,,,,,,,,,0,,,,,,,,,
2020-09-11 00:00:00,08:52:00,COM VÍTIMA,AFLITOS,AV CONS ROSA E SILVA,459,,CHOQUE OBJETO FIXO,VEICULO CHOCOU-SE COM POSTE / VITIMA JA SOCORRIDA,1,,,,,,,,,1,Cruzamento,Bom,Perfeito estado,Seca,Perfeito estado,R-6a,,Única,Não existe
2020-09-11 00:00:00,11:32:00,COM VÍTIMA,BOA VISTA,RUA DO HOSPICIO,,SUBURBIO,ABALROAMENTO LONGITUDINAL,COLISÃO C/VITIMA ENTRE UM ONIBUS E UMA MOTO (BATEDORES 13 E 17 NO QTH),,1,,,,1,,,,1,Longo da via,Bom,Perfeito estado,Seca,Perfeito estado,Não há placas,,Dupla,Faixa contínua
2020-09-11 00:00:00,12:47:00,COM VÍTIMA,BOA VIAGEM,RUA BARAO DE SOUZA LEAO,,,ABALROAMENTO LONGITUDINAL,COLISÃO C/VITIMA ENTRE UM AUTO E UMA MOTO,1,1,,,,,,,,1,Longo da via,Bom,Perfeito estado,Seca,Perfeito estado,,,,
2020-09-11 00:00:00,13:51:00,COM VÍTIMA,ROSARINHO,RUA DR JOSE MARIA,,CIDADE,ABALROAMENTO TRANSVERSAL,COLISÃO C/VITIMA ENTRE UM AUTO E MOTO,1,1,,,,,,,,1,Cruzamento,Bom,Perfeito estado,Seca,Perfeito estado,Placas Pare,,Dupla,Faixa seccionada
2020-09-11 00:00:00,14:39:00,COM VÍTIMA,LINHA DO TIRO,RUA URIEL DE HOLANDA,,SUBURBIO,ABALROAMENTO TRANSVERSAL,COLISÃO COM VÍTIMA ENTRE AUTO E MOTO.,1,1,,,,,,,,1,Cruzamento,Bom,Perfeito estado,Seca,Perfeito estado,Outras,,Dupla,Não existe
2020-09-11 00:00:00,14:54:00,COM VÍTIMA,ENCRUZILHADA,RUA AMARO COUTINHO,,CIDADE,ABALROAMENTO TRANSVERSAL,COLISAO ENTRE AUTO E MOTO COM VITIMA,1,1,,,,,,,,1,Cruzamento,Bom,Perfeito estado,Seca,Perfeito estado,Placas Pare,,Dupla,Não existe
2020-09-11 00:00:00,18:17:00,COM VÍTIMA,BOA VIAGEM,AV BOA VIAGEM,,CIDADE,ABALROAMENTO LONGITUDINAL,COLISÃO ENTRE AUTO E MOTO- C/V,1,1,,,,,,,,1,Cruzamento,Bom,,Seca,Mal iluminada,Outras,60 km/h,Única,Faixa contínua
2020-09-11 00:00:00,19:22:00,COM VÍTIMA,CORDEIRO,AV MAURICIO DE NASSAU,,SUBURBIO,COLISÃO COM CICLISTA,COLISAO ENTRE MOTO E BICICLETA,,1,,1,,,,,,2,Longo da via,Bom,Perfeito estado,Seca,Perfeito estado,Não há placas,,Dupla,Faixa contínua
2020-09-11 00:00:00,19:50:00,COM VÍTIMA,IPUTINGA,RUA MAURICEIA,,SUBURBIO,ABALROAMENTO TRANSVERSAL,COLISÃO ENTRE AUTO E MOTO- C/V,1,1,,,,,,,,1,Cruzamento,Bom,Perfeito estado,Seca,Perfeito estado,Placas Pare,30 km/h,Dupla,Não existe
2020-09-11 00:00:00,20:00:00,COM VÍTIMA,IPUTINGA,RUA BOM PASTOR,,SUBURBIO,ABALROAMENTO TRANSVERSAL,COLISÃO ENTRE AUTO E MOTO- C/V,1,1,,,,,,,,1,Longo da via,Bom,Perfeito estado,Seca,Perfeito estado,Outras,,Dupla,Faixa seccionada
2020-09-11 00:00:00,22:34:00,SEM VÍTIMA,CORDEIRO,AV CAXANGA,,,COLISÃO,COLISAO SEM VITIMAS COM SUSPEITA DE EMBRIAGUEZ,2,1,,,,,,,,0,,,,,,,,,
2020-09-12 00:00:00,08:04:00,COM VÍTIMA,CASA AMARELA,AV NORTE,79,CIDADE,COLISÃO TRASEIRA,COLISÃO ENTRE AUTO E ÔNIBUS COM UMA VÍTIMA,1,,,,,1,,,,1,Longo da via,Bom,Perfeito estado,Seca,Perfeito estado,Outras,,Dupla,Faixa contínua
2020-09-12 00:00:00,11:29:00,SEM VÍTIMA,AFOGADOS,EST DOS REMEDIOS,,,ABALROAMENTO LONGITUDINAL,AUTO E VT-PM S/V,1,,,,,,,1,,0,Longo da via,Bom,Perfeito estado,Seca,Perfeito estado,,,Dupla,Faixa contínua
2020-09-12 00:00:00,12:13:00,COM VÍTIMA,BOA VIAGEM,AVENIDA CELSO FURTADO (VIA MANGUE),,CIDADE,COLISÃO TRASEIRA,COLISAO ENRE AUTO E MOTO COM UMA VITIMA,1,1,,,,,,,,1,Longo da via,Bom,Perfeito estado,Seca,Perfeito estado,Não há placas,,Dupla,Canteiro central
2020-09-12 00:00:00,12:31:00,COM VÍTIMA,ESPINHEIRO,RUA DO ESPINHEIRO,166,CIDADE,ABALROAMENTO TRANSVERSAL,COLISAO ENTRE ONIBUS E MOTO COM UMA VITIMA,,1,,,,1,,,,1,Cruzamento,Bom,Perfeito estado,Seca,Perfeito estado,R-6a,,Única,Não existe
2020-09-12 00:00:00,18:41:00,COM VÍTIMA,PRADO,AV ENGENHEIRO ABDIAS DE CARVALHO,,SUBURBIO,ABALROAMENTO LONGITUDINAL,ENTRE AUTO E MOTO. C/V,1,1,,,,,,,,1,Longo da via,Bom,Incompleta,Seca,Mal iluminada,Não há placas,60 km/h,Dupla,Canteiro central
2020-09-12 00:00:00,20:52:00,COM VÍTIMA,LINHA DO TIRO,RUA URIEL DE HOLANDA,,,COLISÃO,AUTO X MOTO. C/V,1,1,,,,,,,,1,,,,,,,,,
2020-09-12 00:00:00,21:57:00,COM VÍTIMA,CAMPO GRANDE,RUA FRANKLIN TAVORA,,SUBURBIO,ABALROAMENTO TRANSVERSAL,TITAN 150 X CITROEN,1,1,,,,,,,,1,Cruzamento,Bom,Incompleta,Seca,Mal conservada,Não há placas,,Dupla,Não existe
2020-09-13 00:00:00,02:15:00,COM VÍTIMA,CORDEIRO,AV CAXANGA,,CIDADE,COLISÃO,COLISÃO AUTO E MOTO (POSSIVELMENTE CONDUTOR ALCOOLIZADO),1,1,,,,,,,,1,,,,,,,,,
2020-09-13 00:00:00,02:46:00,COM VÍTIMA,CASA AMARELA,RUA PADRE LEMOS,,,COLISÃO,ACIDENTE COM VITIMA,,1,,,,,,,,1,,,,,,,,,
2020-09-13 00:00:00,05:01:00,COM VÍTIMA,TAMARINEIRA,AV CONS ROSA E SILVA,61,,COLISÃO,COLISÃO DOIS AUTOS,2,,,,,,,,,1,,,,,,,,,
2020-09-13 00:00:00,07:24:00,COM VÍTIMA,BOA VIAGEM,RUA ERNESTO DE PAULA SANTOS,329,CIDADE,ABALROAMENTO LONGITUDINAL,MOTO E AUTO BATEDORES NO QTH 15 / 30,1,1,,,,,,,,1,Cruzamento,Bom,Perfeito estado,Seca,Perfeito estado,R-6a,,Única,Não existe
2020-09-13 00:00:00,16:45:00,COM VÍTIMA,SAN MARTIN,AV GENERAL SAN MARTIN,67,,COLISÃO COM CICLISTA,COM UMA VITIMA -SAMU NO LOCAL/VT21 GCM LAIS ARAÚJO NO LOCAL,,1,,1,,,,,,1,Cruzamento,Bom,Perfeito estado,Seca,Perfeito estado,Outras,40 km/h,Dupla,Faixa contínua
2020-09-13 00:00:00,19:07:00,COM VÍTIMA,SANTO AMARO,AV CRUZ CABUGA,171,SUBURBIO,ABALROAMENTO TRANSVERSAL,COLISÃO ENTRE AUTO E MOTO- C/V,1,1,,,,,,,,1,Cruzamento,Bom,Perfeito estado,Seca,Perfeito estado,R-6a,,Dupla,Faixa seccionada
2020-09-14 00:00:00,10:11:00,COM VÍTIMA,VÁRZEA,AV PROFESSOR ARTUR DE SA,,VÁRZEA,ABALROAMENTO LONGITUDINAL,COLISÃO COM VITIMA,1,1,,,,,,,,1,Longo da via,Bom,Perfeito estado,Seca,Perfeito estado,Não há placas,,Dupla,Faixa contínua
2020-09-14 00:00:00,12:43:00,COM VÍTIMA,AFOGADOS,RUA DA PAZ,,SUBURBIO,ABALROAMENTO LONGITUDINAL,COLISÃO ENTRE DOIS CAMINHÕES E UMA MOTO.,,1,,,,,2,,,1,Longo da via,Bom,Perfeito estado,Seca,Perfeito estado,Não há placas,,Única,Não existe
2020-09-14 00:00:00,13:09:00,COM VÍTIMA,BOA VIAGEM,AV ENGENHEIRO DOMINGOS FERREIRA,,SUBURBIO,ABALROAMENTO TRANSVERSAL,COLISÃO COM VÍTIMA,1,1,,,,,,,,1,Longo da via,Bom,Perfeito estado,Seca,Perfeito estado,Não há placas,,Única,Canteiro central
2020-09-14 00:00:00,14:43:00,COM VÍTIMA,ROSARINHO,RUA TELES JUNIOR,,,CHOQUE VEÍCULO PARADO,COLISÃO COM VÍTIMA,1,1,,,,,,,,1,Longo da via,Bom,Perfeito estado,Seca,Perfeito estado,Não há placas,,Dupla,Faixa contínua
2020-09-14 00:00:00,15:10:00,COM VÍTIMA,IPUTINGA,AV CAXANGA,,CIDADE,ATROPELAMENTO,COLISAO ENTRE MOTO E PEDESTRE,,1,,,1,,,,,1,Longo da via,Bom,Perfeito estado,Seca,Perfeito estado,Não há placas,,Única,Canteiro central
2020-09-14 00:00:00,21:48:00,COM VÍTIMA,CAMPO GRANDE,RUA ODORICO MENDES,,CIDADE,COLISÃO TRASEIRA,HONDA FIT X CG 150 MOTO,1,1,,,,,,,,1,Longo da via,Bom,Perfeito estado,Seca,Perfeito estado,Outras,,Dupla,Faixa seccionada
2020-09-15 00:00:00,06:07:00,COM VÍTIMA,SANTO AMARO,AV GOVERNADOR AGAMENON MAGALHAES,49,SUBURBIO,ABALROAMENTO LONGITUDINAL,COLISÃO ENTRE UM ONIBUS E UMA MOTO,,1,,,,1,,,,2,Longo da via,Bom,Perfeito estado,Seca,Perfeito estado,Outras,60 km/h,Dupla,Canal
2020-09-15 00:00:00,07:39:00,COM VÍTIMA,BEBERIBE,AV BEBERIBE,388,SUBURBIO,COLISÃO COM CICLISTA,COLISÃO ENTRE MOTO E BICICLEITA (V.T 32 NO QTH),,1,,1,,,,,,2,Longo da via,Bom,Perfeito estado,Seca,Perfeito estado,Outras,,Dupla,Faixa contínua
2020-09-15 00:00:00,10:21:00,COM VÍTIMA,JOANA BEZERRA,AV CENTRAL,,,ABALROAMENTO TRANSVERSAL,MOTO E AUTO,1,1,,,,,,,,1,Cruzamento,Bom,Não existente,Seca,Perfeito estado,Não há placas,,Dupla,Não existe
2020-09-15 00:00:00,12:20:00,COM VÍTIMA,BOA VISTA,RUA DO HOSPICIO,31,CIDADE,ABALROAMENTO LONGITUDINAL,COLISÃO ENTRE AUTO E MOTO C/V,1,1,,,,,,,,1,Cruzamento,Bom,Perfeito estado,Seca,Perfeito estado,Outras,60 km/h,Única,Outros
2020-09-15 00:00:00,14:31:00,COM VÍTIMA,AFOGADOS,RUA VINTE E UM DE ABRIL,,SUBURBIO,COLISÃO FRONTAL,COLISÃO MOTO X MOTO,,2,,,,,,,,2,Esquina,Bom,Não existente,Seca,Perfeito estado,Não há placas,,Dupla,Não existe
2020-09-15 00:00:00,19:40:00,COM VÍTIMA,IBURA,AV DOIS RIOS,,SUBURBIO,ABALROAMENTO TRANSVERSAL,DUAS MOTOS,,2,,,,,,,,2,Longo da via,Bom,Perfeito estado,Seca,Perfeito estado,Outras,,Dupla,Faixa contínua
2020-09-15 00:00:00,20:12:00,COM VÍTIMA,JORDÃO,AV DONA CARENTINA,,,ABALROAMENTO LONGITUDINAL,COLISÃO ENTRE AUTO E MOTO- C/V. (CONDUTOR DO VEÍCULO APRESENTA FORTES SINAIS DE EMBRIAGUEZ),1,1,,,,,,,,1,Longo da via,Bom,Não existente,Seca,Perfeito estado,Não há placas,,Dupla,Não existe
2020-09-15 00:00:00,22:55:00,SEM VÍTIMA,MACAXEIRA,RUA MARIA AMALIA,,,CHOQUE,CONDUTOR PERDEU O CONTROLE DO VEÍCULO E CHOCOU-SE CONTRA O MURO DE UMA RESIDÊNCIA (POLICIAL MILITAR INFORMA QUE O CONDUTOR APRESENTA SINAIS DE EMBRIAGUEZ),1,,,,,,,,,0,,,,,,,,,
2020-09-16 00:00:00,09:38:00,COM VÍTIMA,CORDEIRO,AV GENERAL SAN MARTIN,,NORTE/SUL,ABALROAMENTO LONGITUDINAL,CAMINHÃO E MOTO.,,1,,,,,1,,,1,Longo da via,Bom,Perfeito estado,Seca,Perfeito estado,Não há placas,,Dupla,Faixa contínua
2020-09-16 00:00:00,10:46:00,COM VÍTIMA,PINA,AV HERCULANO BANDEIRA,137,SUBURBIO,COLISÃO TRASEIRA,AUTO E MOTO C/V,1,1,,,,,,,,1,Longo da via,Bom,Perfeito estado,Seca,Perfeito estado,Outras,60 km/h,Única,Faixa contínua
2020-09-16 00:00:00,11:16:00,SEM VÍTIMA,BOA VISTA,AV CRUZ CABUGA,,,COLISÃO,COLISÃO SEM VÍTIMA ENTRE VIATURA DO TRANSPORTE E UMA MOTOCICLETA.,,1,,,,,,1,,0,,,,,,,,,
2020-09-16 00:00:00,12:31:00,COM VÍTIMA,TEJIPIÓ,AV DR JOSE RUFINO,,CIDADE,ABALROAMENTO TRANSVERSAL,COLISÃO COM VÍTIMA / VÍTIMA SOCORRIDA PELO SAMU,1,1,,,,,,,,1,Cruzamento,Bom,Ilegível,Seca,Perfeito estado,R-6a,,Dupla,Faixa contínua
2020-09-16 00:00:00,13:16:00,COM VÍTIMA,BOA VIAGEM,AV ENGENHEIRO DOMINGOS FERREIRA,,SUBURBIO,COLISÃO FRONTAL,COLISÃO COM VÍTIMA ENTRE AUTO E MOTO.,1,1,,,,,,,,1,Longo da via,Bom,Perfeito estado,Seca,Perfeito estado,Não há placas,60 km/h,Única,Faixa seccionada
2020-09-16 00:00:00,17:10:00,COM VÍTIMA,ESPINHEIRO,AV JOAO DE BARROS,,SUBURBIO,COLISÃO TRASEIRA,COLISAO ENTRE AUTO E MOTO COM DUAS VITIMAS,1,1,,,,,,,,2,Longo da via,Bom,Perfeito estado,Seca,Perfeito estado,,40 km/h,Única,
2020-09-16 00:00:00,22:53:00,COM VÍTIMA,SANCHO,2TR TRES DE AGOSTO,,,COLISÃO,ENTRE AUTO E MOTO. C/V,1,1,,,,,,,,1,,,,,,,,,
2020-09-17 00:00:00,11:49:00,COM VÍTIMA,BOA VISTA,RUA JOAO FERNANDES VIEIRA,,CIDADE,COLISÃO TRASEIRA,COLISAO COM VITIMA MOTO E AUTO,1,1,,,,,,,,1,Longo da via,Bom,Perfeito estado,Seca,Perfeito estado,,,Única,Faixa contínua
2020-09-17 00:00:00,15:27:00,COM VÍTIMA,IPSEP,RUA PINTOR ANTONIO ALBUQUERQUE,,,ABALROAMENTO LONGITUDINAL,COLISÃO COM VÍTIMA E VT 17 SE DEPAROU COM A SITUAÇÃO,2,1,,,,,,,,2,Longo da via,Bom,,Seca,Perfeito estado,,,Única,
2020-09-17 00:00:00,15:48:00,COM VÍTIMA,BOA VIAGEM,AVENIDA CELSO FURTADO (VIA MANGUE),,CIDADE,COLISÃO TRASEIRA,COM VÍTIMA- GCM KELVYN .,1,1,,,,,,,,1,Longo da via,Bom,Perfeito estado,Seca,Perfeito estado,Outras,,Dupla,Canteiro central
2020-09-17 00:00:00,17:35:00,COM VÍTIMA,CORDEIRO,RUA GOMES TABORDA,67,SUBURBIO,ABALROAMENTO TRANSVERSAL,COLISÃO CARRO X MOTO / VT 024 NO LOCAL,1,1,,,,,,,,1,Cruzamento,Bom,Incompleta,Seca,Perfeito estado,R-6a,,Dupla,Faixa seccionada
2020-09-17 00:00:00,22:56:00,COM VÍTIMA,IBURA,AV RIO LARGO,512,SUBURBIO,ABALROAMENTO LONGITUDINAL,COLISÃO ENTRE ÔNIBUS E MOTO C/V,,1,,,,1,,,,1,Cruzamento,Bom,Perfeito estado,Seca,Perfeito estado,Outras,,Dupla,Não existe
2020-09-18 00:00:00,09:07:00,COM VÍTIMA,DERBY,RUA JENER DE SOUZA,,MADALENA,ABALROAMENTO TRANSVERSAL,COLISÃO COM VÍTIMA ENTRE AUTO E MOTO.,1,1,,,,,,,,1,Cruzamento,Bom,Perfeito estado,Seca,Perfeito estado,R-6a,40 km/h,Dupla,Canteiro central
2020-09-18 00:00:00,13:16:00,COM VÍTIMA,ENGENHO DO MEIO,RUA FRANCISCO BEZERRA MONTEIRO,,SUBURBIO,ABALROAMENTO LONGITUDINAL,COLISÃO COM VÍTIMA,1,1,,,,,,,,1,Cruzamento,Bom,,Seca,Perfeito estado,Placas Pare,,Dupla,Não existe
2020-09-18 00:00:00,13:48:00,COM VÍTIMA,BOMBA DO HEMETÉRIO,RUA SAO BENTO,,SUBURBIO,COLISÃO,COLISAO ENTRE AUTO E MOTO COM UMA VITIMA,1,1,,,,,,,,1,Longo da via,Bom,Perfeito estado,Seca,Perfeito estado,Outras,,Única,Faixa seccionada
2020-09-18 00:00:00,15:21:00,COM VÍTIMA,BOA VIAGEM,RUA WALDEMAR NERY CARNEIRO MONTEIRO,,SUBURBIO,ABALROAMENTO LONGITUDINAL,COLISÃO COM VÍTIMA,1,1,,,,,,,,1,Cruzamento,Bom,Perfeito estado,Seca,Perfeito estado,Placas Pare,,Dupla,Faixa seccionada
2020-09-18 00:00:00,16:22:00,COM VÍTIMA,PARNAMIRIM,EST DAS UBAIAS-,,SUBURBIO,COLISÃO COM CICLISTA,AUTO E BICICLETA,1,,,1,,,,,,1,Longo da via,Bom,Perfeito estado,Seca,Perfeito estado,Outras,40 km/h,Dupla,Faixa seccionada
2020-09-18 00:00:00,22:28:00,COM VÍTIMA,AREIAS,RUA IPOJUCA,,,COLISÃO COM CICLISTA,CICLISTA X MOTO. C/V,1,,,1,,,,,,2,,,,,,,,,
2020-09-19 00:00:00,13:58:00,COM VÍTIMA,ARRUDA,RUA DA REGENERACAO,,,COLISÃO,COLISAO COM VITIMAS ENTRE AUTO E MOTO,1,1,,,,,,,,1,,,,,,,,,
2020-09-19 00:00:00,14:11:00,SEM VÍTIMA,MACAXEIRA,AV JOSE AMERICO DE ALMEIDA,,,COLISÃO TRASEIRA,UM DOS CONDUTORES COM SUSPEITA DE EMBRIAGUEZ,2,,,,,,,,,0,Cruzamento,Bom,Perfeito estado,Seca,,Placas Pare,,Dupla,Canteiro central
2020-09-19 00:00:00,16:37:00,COM VÍTIMA,CASA AMARELA,EST DO ARRAIAL,74,,ATROPELAMENTO,CARRO ATROPELOU PEDESTRE,1,,,,1,,,,,1,,,,,,,,,
2020-09-19 00:00:00,16:50:00,COM VÍTIMA,MADALENA,RUA BENFICA,,SUBURBIO,COLISÃO,COLISÃO MOTO E CARRO,1,1,,,,,,,,1,Outros,Bom,Perfeito estado,Seca,Mal conservada,Outras,,Única,
2020-09-19 00:00:00,17:20:00,COM VÍTIMA,IPSEP,AV RECIFE,,SUBURBIO,ABALROAMENTO LONGITUDINAL,COLISÃO MOTO E CARRO,1,1,,,,,,,,1,Longo da via,Bom,Perfeito estado,Seca,Perfeito estado,,,,
2020-09-19 00:00:00,18:24:00,COM VÍTIMA,CAMPO GRANDE,AV GOVERNADOR AGAMENON MAGALHAES,,,COLISÃO,COLISÃO ENTRE DOIS AUTOS C/V,2,,,,,,,,,2,,,,,,,,,
2020-09-19 00:00:00,21:04:00,SEM VÍTIMA,TORRE,RUA JOSE BONIFACIO,,,COLISÃO,COLISÃO ENTRE DOIS AUTOS S/V- UMA DAS PARTES APRESENTA SINTOMAS DE EMBRIAGUEZ,2,,,,,,,,,0,,,,,,,,,
2020-09-19 00:00:00,21:28:00,SEM VÍTIMA,COQUEIRAL,RUA ANANIAS CATANHO,,SUBURBIO,CHOQUE VEÍCULO PARADO,COLISÃO ENTRE DOIS AUTOS S/V- UMA DAS PARTES APRESENTA SINTOMAS DE EMBRIAGUEZ,2,,,,,,,,,0,Longo da via,Bom,,Seca,Perfeito estado,Não há placas,,Dupla,Não existe
2020-09-19 00:00:00,22:24:00,COM VÍTIMA,ESPINHEIRO,RUA DO ESPINHEIRO,195,CIDADE,ABALROAMENTO TRANSVERSAL,COLISÃO ENTRE AUTO E MOTO C/V,1,1,,,,,,,,2,Cruzamento,Bom,Perfeito estado,Seca,Perfeito estado,Outras,,,
2020-09-20 00:00:00,07:37:00,COM VÍTIMA,IMBIRIBEIRA,AV MARECHAL MASCARENHAS DE MORAES,290,SUBURBIO,COLISÃO TRASEIRA,MOTO E AUTO C/V,1,1,,,,,,,,1,Cruzamento,Bom,Perfeito estado,Seca,Perfeito estado,Não há placas,60 km/h,Dupla,Faixa contínua
2020-09-20 00:00:00,11:13:00,COM VÍTIMA,BOA VIAGEM,AV BOA VIAGEM,,CIDADE,COLISÃO TRASEIRA,INFORMES QUE UM CONDUTOR PERDEU O CONTROLE DO VEÍCULO-COLIDIU COM OUTRO VEÍCULO (POLO COM SUA CONDUTORA TAMBÉM VITIMADA) E COM 2 BICICLETAS.,2,,,2,,,,,,3,Longo da via,Bom,Perfeito estado,Seca,Perfeito estado,Outras,60 km/h,Única,Faixa seccionada
2020-09-20 00:00:00,16:39:00,COM VÍTIMA,IBURA,AV DOIS RIOS,325,SUBURBIO,ABALROAMENTO TRANSVERSAL,COLISAO ENTRE MOTO E AUTO,1,1,,,,,,,,2,Esquina,Bom,Perfeito estado,Seca,Perfeito estado,R-6a,,Dupla,Faixa contínua
2020-09-20 00:00:00,18:57:00,SEM VÍTIMA,VÁRZEA,AV PREFEITO ANTONIO PEREIRA,,CIDADE,ABALROAMENTO LONGITUDINAL,COLISÃO ENTRE VT DA POLICIA MILITAR E ÔNIBUS. S/V,1,,,,,1,,,,0,,Bom,Não existente,Seca,Perfeito estado,Não há placas,,Dupla,Canteiro central
2020-09-20 00:00:00,19:20:00,SEM VÍTIMA,PINA,AV ANTONIO DE GOES,,,CHOQUE OBJETO FIXO,VEICULO CHOCOU-SE CONTRA UM POSTE E INCENDIOU-SE- EM SEGUIDA. CORPO DE BOMBEIROS NO LOCAL.,,,,,,,,,,0,,,,,,,,,
2020-09-21 00:00:00,01:01:00,SEM VÍTIMA,BOA VIAGEM,AV ENGENHEIRO DOMINGOS FERREIRA,,SUBURBIO,CHOQUE OBJETO FIXO,VEICULO CHOCOU-SE CONTRA UM POSTE E FOI ABANDONADO ATRAVESSADO NA VIA.,1,,,,,,,,,0,Longo da via,Bom,Perfeito estado,Seca,Perfeito estado,R-6a,60 km/h,Única,Faixa seccionada
2020-09-21 00:00:00,08:54:00,SEM VÍTIMA,PINA,AV ANTONIO DE GOES,,CIDADE,CHOQUE OBJETO FIXO,,1,,,,,,,,,,Longo da via,Bom,Ilegível,Seca,Mal iluminada,,60 km/h,Única,Canteiro central
2020-09-21 00:00:00,09:10:00,COM VÍTIMA,IBURA,AV DOIS RIOS,,CIDADE,ABALROAMENTO TRANSVERSAL,COM UMA VITIMA SOCORRIDA PELO SAMU/GM TORRES PONTO FIXO,1,1,,,,,,,,1,Longo da via,Bom,Ilegível,Seca,Perfeito estado,Não há placas,,Dupla,Não existe