data,hora,natureza,bairro,endereco,num_semaforo,sentido_via,tipo,auto,moto,ciclom,ciclista,pedestre,onibus,caminhao,viatura,outros,vitimas,vitimasfatais,acidente_verificado,tempo_clima,sinalizacao,condicao_via,conservacao_via,situacao_placa,velocidade_max_via,mao_direcao,divisao_via1
2020-09-21 00:00:00,11:09:00,COM VÍTIMA,TORRE,RUA JOSE BONIFACIO,,,COLISÃO,COLISÃO C/VITIMA ENTRE UM AUTO E UMA MOTO,1,1,,,,,,,,1,,,,,,,,,
2020-09-21 00:00:00,11:28:00,COM VÍTIMA,ENGENHO DO MEIO,RUA MAURICEIA,652,,ABALROAMENTO LONGITUDINAL,COLISÃO C/VITIMA ENTRE UM AUTO E UMA MOTO,1,1,,,,,,,,1,Longo da via,Bom,Incompleta,Seca,Perfeito estado,Outras,30 km/h,Dupla,Não existe
2020-09-21 00:00:00,19:30:00,COM VÍTIMA,IPUTINGA,AV CAXANGA,,SUBURBIO,ABALROAMENTO TRANSVERSAL,COLISÃO ENTRE AUTO E MOTO- COM VÍTIMAS,1,1,,,,,,,,1,Longo da via,Bom,Perfeito estado,Seca,Perfeito estado,Não há placas,,Única,Faixa contínua
2020-09-22 00:00:00,07:01:00,COM VÍTIMA,IMBIRIBEIRA,AV MARECHAL MASCARENHAS DE MORAES,,CIDADE,CHOQUE VEÍCULO PARADO,COLISÃO COM VITIMA A ESPERA DO SAMU,2,1,,,,,,,,1,Longo da via,Bom,Perfeito estado,Seca,Perfeito estado,Não há placas,60 km/h,Única,Faixa contínua
2020-09-22 00:00:00,07:43:00,COM VÍTIMA,SAN MARTIN,RUA VINTE E UM DE ABRIL,,SUBURBIO,ATROPELAMENTO,VITIMA SOCORRIDA PELOS BOMBEIROS,1,,,,1,,,,,1,Longo da via,Bom,Não existente,Seca,Perfeito estado,Outras,40 km/h,Dupla,Não existe
2020-09-22 00:00:00,07:47:00,COM VÍTIMA,DERBY,AV GOVERNADOR AGAMENON MAGALHAES,174,BOA VIAGEM,COLISÃO TRASEIRA,COM VÍTIMA,1,1,,,,,,,,1,Longo da via,Bom,Perfeito estado,Seca,Perfeito estado,Outras,60 km/h,Dupla,Canteiro central
2020-09-22 00:00:00,08:00:00,COM VÍTIMA,VASCO DA GAMA,RUA VASCO DA GAMA,,,COLISÃO FRONTAL,MOTO E ONIBUS C/V,,1,,,,1,,,,1,Longo da via,Bom,Não existente,Seca,Mal conservada,Não há placas,40 km/h,Dupla,Não existe
2020-09-22 00:00:00,08:43:00,COM VÍTIMA,IPSEP,RUA HELIO BRANDAO,,,ABALROAMENTO TRANSVERSAL,MOTO E AUTO C/V PONTO FIXO GM-CONCEIÇÃO,1,1,,,,,,,,1,Cruzamento,Bom,Perfeito estado,Seca,Perfeito estado,Placas Pare,30 km/h,Única,Faixa seccionada
2020-09-22 00:00:00,09:23:00,COM VÍTIMA,TORRÕES,AV ENGENHEIRO ABDIAS DE CARVALHO,422,CIDADE,TOMBAMENTO,QUEDA DE MOTO.,,1,,,,,,,,1,Longo da via,Bom,Perfeito estado,Seca,Perfeito estado,Não há placas,,Única,Canteiro central
2020-09-22 00:00:00,15:10:00,COM VÍTIMA,PARNAMIRIM,RUA FERREIRA LOPES,,,ABALROAMENTO TRANSVERSAL,COM VÍTIMA,,2,,,,,,,,1,Cruzamento,Bom,Perfeito estado,Seca,Perfeito estado,Outras,40 km/h,Dupla,Faixa seccionada
2020-09-22 00:00:00,16:07:00,COM VÍTIMA,SÃO JOSÉ,AV SUL,,CIDADE,COLISÃO,COLISÃO COM VÍTIMA,3,,,,,,,,,1,Longo da via,Bom,Perfeito estado,Seca,Perfeito estado,Outras,60 km/h,Única,Faixa seccionada
2020-09-23 00:00:00,08:35:00,SEM VÍTIMA,SÃO JOSÉ,VDO DAS CINCO PONTAS,,,CHOQUE OBJETO FIXO,NEW BEATLES,,,,,,,,,,0,Viaduto,Bom,Perfeito estado,Seca,Perfeito estado,Não há placas,n/i,Única,Canteiro central
2020-09-23 00:00:00,11:15:00,COM VÍTIMA,PRADO,RUA CARLOS GOMES,,,COLISÃO,HONDA TITAN / HYUNDAI HB 20,1,1,,,,,,,,1,,,,,,,,,
2020-09-23 00:00:00,14:41:00,COM VÍTIMA,ESTÂNCIA,AV RECIFE,,SUBURBIO,ABALROAMENTO LONGITUDINAL,MOTO X VEÍCULO,1,1,,,,,,,,1,Longo da via,Bom,Perfeito estado,Seca,Perfeito estado,Outras,,Dupla,Canteiro central
2020-09-23 00:00:00,15:41:00,SEM VÍTIMA,ILHA JOANA BEZERRA,VDO PAPA JOAO PAULO II,,BOA VIAGEM,COLISÃO,QYB4355 VOYAGE VIATURA 15 CTTU X PDE4D32 HONDA,,,,,,,,,,0,,,,,,,,,
2020-09-23 00:00:00,18:01:00,COM VÍTIMA,DERBY,AV GOVERNADOR AGAMENON MAGALHAES,68,CIDADE,ABALROAMENTO LONGITUDINAL,COM VÍTIMA,1,1,,,,,,,,1,Cruzamento,Bom,Perfeito estado,Seca,Perfeito estado,Não há placas,60 km/h,Única,
2020-09-23 00:00:00,20:40:00,COM VÍTIMA,BEBERIBE,AV BEBERIBE,,SUBURBIO,ATROPELAMENTO,ACIDENTE COM VITIMA ENTRE MOTO E BICICLETA.,,1,,,1,,,,,2,Longo da via,Bom,Perfeito estado,Seca,Perfeito estado,Outras,40 km/h,Dupla,Faixa contínua
2020-09-24 00:00:00,08:29:00,COM VÍTIMA,FUNDÃO,AV BEBERIBE,,SUBURBIO,COLISÃO COM CICLISTA,COLISÃO COM VÍTIMA MOTO E CICLISTA,,1,,1,,,,,,3,Longo da via,Bom,Perfeito estado,Seca,Perfeito estado,Não há placas,,Dupla,Faixa contínua
2020-09-24 00:00:00,09:48:00,COM VÍTIMA,IMBIRIBEIRA,AV MARECHAL MASCARENHAS DE MORAES,310,CIDADE,ABALROAMENTO LONGITUDINAL,CAMINHÃO X MOTOCICLETA,,1,,,,,1,,,1,Cruzamento,Bom,Perfeito estado,Seca,Perfeito estado,Não há placas,60 km/h,Única,Faixa seccionada
2020-09-24 00:00:00,09:48:00,COM VÍTIMA,IMBIRIBEIRA,AV MARECHAL MASCARENHAS DE MORAES,,SUBURBIO,CHOQUE OBJETO FIXO,VEÍCULO CHOCOU-SE COM GRADIL DA ÁREA DE CARGA E DESCARGA,1,,,,,,,,,1,Longo da via,Bom,Perfeito estado,Seca,Perfeito estado,Outras,,Única,Não existe
2020-09-24 00:00:00,13:37:00,SEM VÍTIMA,BOA VIAGEM,RUA DOM JOSE LOPES,,,COLISÃO,COLISÃO SEM VÍTIMAS ENTRE 2 AUTOS. SENDO 1 DELES- VEÍCULO OFICIAL.,2,,,,,,,,,0,Longo da via,Bom,Perfeito estado,Seca,Perfeito estado,Não há placas,n/i,Única,Não existe
2020-09-24 00:00:00,19:42:00,COM VÍTIMA,DOIS IRMÃOS,RUA DOIS IRMAOS,,SUBURBIO,COLISÃO TRASEIRA,COLISÃO C/VITIMA (AUTO X MOTO),1,1,,,,,,,,1,Longo da via,Bom,Perfeito estado,Seca,Perfeito estado,R-19,60 km/h,Dupla,Não existe
2020-09-25 00:00:00,16:32:00,COM VÍTIMA,CORDEIRO,AV CAXANGA,,CIDADE,ATROPELAMENTO,AUTO- MOTO E PEDESTRE,1,1,,,1,,,,,1,Longo da via,Bom,Incompleta,Seca,Perfeito estado,Não há placas,,Dupla,Faixa seccionada
2020-09-25 00:00:00,16:52:00,COM VÍTIMA,CAMPO GRANDE,AV PROFESSOR JOSE DOS ANJOS,,CAMPO GRANDE,COLISÃO FRONTAL,COLISAO COM VITIMA ENTRE AUTO E MOTO,1,1,,,,,,,,1,Longo da via,Bom,Não existente,Seca,Perfeito estado,Não há placas,,Inglesa,Não existe
2020-09-25 00:00:00,17:43:00,COM VÍTIMA,IPUTINGA,AV CAXANGA,229,CIDADE,ABALROAMENTO LONGITUDINAL,MOTOCICLISTA ULTRAPASSANDO PELA DIREITA COLIDIU E CAIU AO LADO DO CARRO GUINCHO. ACIDENTE FLAGRADO PELA CÂMARA DA CTTU NO HORÁRIO 16h18min.,,1,,,,,1,,,1,Longo da via,Bom,Perfeito estado,Seca,Perfeito estado,Outras,,Dupla,Não existe
2020-09-26 00:00:00,04:50:00,COM VÍTIMA,AREIAS,AV RECIFE,,CIDADE,COLISÃO TRASEIRA,AUTO E MOTO.,1,1,,,,,,,,1,Longo da via,Bom,Perfeito estado,Seca,Mal conservada,Não há placas,60 km/h,,Faixa seccionada
2020-09-26 00:00:00,07:24:00,COM VÍTIMA,ÁGUA FRIA,RUA DA REGENERACAO,,SUBURBIO,COLISÃO FRONTAL,COLISÃO COM VITIMA,1,1,,,,,,,,1,Longo da via,Bom,Incompleta,Seca,Mal conservada,Não há placas,,Dupla,Não existe
2020-09-26 00:00:00,10:45:00,COM VÍTIMA,ILHA DO RETIRO,AV BEIRA RIO,,ILHA DO RETIRO,COLISÃO TRASEIRA,COLISÃO COM VITIMA,1,1,,,,,,,,1,Longo da via,Bom,Perfeito estado,Seca,Perfeito estado,R-6a,,Dupla,Faixa seccionada
2020-09-26 00:00:00,17:50:00,COM VÍTIMA,MANGABEIRA,AV NORTE,96,CIDADE,CHOQUE OBJETO FIXO,COLISÃO COM VÍTIMA ENTRE DUAS MOTOS E UM AUTO,1,2,,,,,,,,3,Longo da via,Bom,Perfeito estado,Seca,Perfeito estado,Outras,,Dupla,Canteiro central
2020-09-26 00:00:00,22:19:00,COM VÍTIMA,ILHA JOANA BEZERRA,PTE JOSE DE BARROS LIMA,,BOA VIAGEM,ATROPELAMENTO,COLISÃO MOTO E PEDESTRE,,1,,,2,,,,,3,Ponte,Bom,Perfeito estado,Seca,Perfeito estado,Não há placas,60 km/h,Dupla,Canteiro central
2020-09-27 00:00:00,09:01:00,COM VÍTIMA,DOIS UNIDOS,RUA VISCONDE DE GARRETT,,,COLISÃO FRONTAL,COLISÃO COM DUAS VITIMAS AGUARDANDO O SAMU,,2,,,,,,,,2,Longo da via,Bom,Perfeito estado,Seca,Perfeito estado,Não há placas,,,Não existe
2020-09-27 00:00:00,09:24:00,COM VÍTIMA,BOA VIAGEM,RUA DEZ DE JULHO,,CIDADE,ABALROAMENTO TRANSVERSAL,MOTO E AUTO,1,1,,,,,,,,1,Longo da via,Bom,Perfeito estado,Seca,Perfeito estado,Não há placas,40 km/h,Única,Faixa seccionada
2020-09-27 00:00:00,10:53:00,COM VÍTIMA,ARRUDA,RUA DA REGENERACAO,,SUBURBIO,ABALROAMENTO LONGITUDINAL,COLISÃO C/VITIMA ENTRE UM AUTO E UMA MOTO,1,1,,,,,,,,1,Cruzamento,Bom,Não existente,Seca,Perfeito estado,Não há placas,,Dupla,Não existe
2020-09-27 00:00:00,19:25:00,COM VÍTIMA,IMBIRIBEIRA,AV SUL,,SUBURBIO,ABALROAMENTO LONGITUDINAL,COLISAO ENTRE AUTO E MOTO COM VITIMA,1,1,,,,,,,,1,Longo da via,Chuvoso,Perfeito estado,Molhada,Perfeito estado,Não há placas,30 km/h,Dupla,Não existe
2020-09-27 00:00:00,21:28:00,COM VÍTIMA,CASA AMARELA,RUA CONS NABUCO,,,ATROPELAMENTO,ATROPELAMENTO DE PEDESTRE,,1,,,1,,,,,1,Longo da via,Chuvoso,Perfeito estado,Molhada,Perfeito estado,Não há placas,,Dupla,Não existe
2020-09-27 00:00:00,21:49:00,COM VÍTIMA,SANTO AMARO,AV NORTE,,SUBURBIO,COLISÃO TRASEIRA,AUTO E MOTO. O CONDUTOR DO AUTO SE EVADIU.,1,1,,,,,,,,1,Longo da via,Bom,Perfeito estado,Seca,Perfeito estado,Não há placas,,Única,Faixa seccionada
2020-09-28 00:00:00,07:15:00,COM VÍTIMA,JORDÃO,AV MARIA IRENE,,CIDADE,ABALROAMENTO LONGITUDINAL,COM VITIMA. MICROÔNIBUS E MOTOCICLETA,,1,,,,1,,,,1,Longo da via,Bom,Perfeito estado,Seca,Perfeito estado,Não há placas,60 km/h,Dupla,Faixa contínua
2020-09-28 00:00:00,10:13:00,SEM VÍTIMA,ENCRUZILHADA,RUA CASTRO ALVES,,SUBURBIO,COLISÃO,COLISÃO SEM VITIMAS,2,,,,,,,,,0,,,,,,,,,
2020-09-28 00:00:00,11:05:00,COM VÍTIMA,IMBIRIBEIRA,AV MARECHAL MASCARENHAS DE MORAES,,CIDADE,COLISÃO COM CICLISTA,VITIMA JA FOI ENCAMINHADA PARA O HOSPITAL. ÔNIBUS E CICLISTA.,,,,1,,1,,,,1,Longo da via,Bom,Perfeito estado,Seca,Perfeito estado,Não há placas,,Dupla,Canteiro central
2020-09-28 00:00:00,13:19:00,COM VÍTIMA,IPSEP,RUA HELIO BRANDAO,,,ABALROAMENTO TRANSVERSAL,COLISÃO COM VÍTIMA,1,1,,,,,,,,1,Cruzamento,Bom,Perfeito estado,Seca,Perfeito estado,Placas Pare,,Única,Faixa seccionada
2020-09-29 00:00:00,00:28:00,COM VÍTIMA,AFOGADOS,RUA DA PAZ,,,COLISÃO,COLISÃO 2 AUTOS - C/VÍTIMA,2,,,,,,,,,1,,,,,,,,,
2020-09-29 00:00:00,00:28:00,SEM VÍTIMA,BOMBA DO HEMETÉRIO,RUA JACOB,,CIDADE,CHOQUE VEÍCULO PARADO,COLISÃO VIATURA DA POLICIA MILITAR X AUTO PASSEIO - S/VITIMA,2,,,,,,,,,0,Longo da via,Bom,Não existente,Seca,Perfeito estado,Não há placas,30 km/h,Dupla,Faixa seccionada
2020-09-29 00:00:00,04:14:00,COM VÍTIMA,NOVA DESCOBERTA,RUA NOVA DESCOBERTA,,CIDADE,CHOQUE VEÍCULO PARADO,COLISÃO QUATRO AUTOS,4,,,,,,,,,1,Longo da via,Bom,Perfeito estado,Seca,Perfeito estado,Não há placas,,Dupla,Não existe
2020-09-29 00:00:00,09:25:00,COM VÍTIMA,LINHA DO TIRO,RUA URIEL DE HOLANDA,,CIDADE,COLISÃO FRONTAL,COM UMA VITIMA AGUARDANDO SAMU,1,,,,,1,,,,1,Longo da via,Bom,Perfeito estado,Seca,Perfeito estado,R-6a,,Dupla,Faixa seccionada
2020-09-29 00:00:00,10:37:00,COM VÍTIMA,IMBIRIBEIRA,AV MARECHAL MASCARENHAS DE MORAES,386,CIDADE,ABALROAMENTO LONGITUDINAL,MOTO E AUTO,1,1,,,,,,,,1,Longo da via,Bom,Perfeito estado,Seca,Perfeito estado,Não há placas,60 km/h,Dupla,Canteiro central
2020-09-29 00:00:00,14:48:00,SEM VÍTIMA,BOA VIAGEM,RUA RIBEIRO DE BRITO,,CIDADE,COLISÃO TRASEIRA,COLISÃO CARRO X CARRO- A OUTRA PARTE ENVOLVIDA SE EVADIU DO LOCAL DE PLACA XXX,2,,,,,,,,,0,Longo da via,Bom,Perfeito estado,Seca,Perfeito estado,,,Única,Faixa contínua
2020-09-29 00:00:00,21:30:00,COM VÍTIMA,VÁRZEA,RUA DIOGO DE VASCONCELOS,,SUBURBIO,ABALROAMENTO TRANSVERSAL,COLISÃO ENTRE AUTO E MOTO C/V,1,1,,,,,,,,1,Longo da via,Bom,Perfeito estado,Seca,Perfeito estado,Não há placas,,Dupla,Faixa seccionada
2020-09-30 00:00:00,10:15:00,COM VÍTIMA,TORRE,RUA JOSE BONIFACIO,,,COLISÃO,COLISÃO C/V. USUÁRIO INFORMA QUE VT 20 ESTÁ NO LOCAL.,1,,1,,,,,,,1,,,,,,,,,
2020-09-30 00:00:00,14:09:00,COM VÍTIMA,ROSARINHO,AV NORTE,,CIDADE,COLISÃO TRASEIRA,COLISÃO ENVOLVENDO 4 AUTOS CHEVROLET CORSA. VW VOYAGE.POLO. VW VIRTUS,4,,,,,,,,,1,Longo da via,Bom,Perfeito estado,Seca,Perfeito estado,Não há placas,40 km/h,Dupla,Canteiro central
2020-09-30 00:00:00,14:44:00,SEM VÍTIMA,IPSEP,RUA HELIO BRANDAO,,,ABALROAMENTO TRANSVERSAL,COLISÃO SEM VÍTIMA/ VEÍCULO OFICIAL,2,,,,,,,,,0,Longo da via,Bom,Perfeito estado,Seca,Perfeito estado,Placas Pare,,Única,Faixa seccionada
2020-09-30 00:00:00,17:59:00,COM VÍTIMA,SÃO JOSÉ,AV DANTAS BARRETO,,,ATROPELAMENTO,ÔNIBUS E PEDESTRE,,,,,1,1,,,,1,Longo da via,Bom,Ilegível,Seca,Mal iluminada,Outras,,Dupla,Faixa contínua
2020-09-30 00:00:00,21:32:00,COM VÍTIMA,JARDIM SÃO PAULO,RUA SENADOR ALBERTO PASQUALINI,,SUBURBIO,COLISÃO COM CICLISTA,MOTO X BICICLETA. C/V,,1,,1,,,,,,3,Longo da via,Bom,Ilegível,Seca,Mal iluminada,Placas Pare,,Única,Faixa seccionada
2020-09-30 00:00:00,22:37:00,COM VÍTIMA,MADALENA,RUA ARLINDO GOUVEIA,,SUBURBIO,ABALROAMENTO TRANSVERSAL,AUTO X MOTO. C/V,1,1,,,,,,,,1,Longo da via,Chuvoso,Perfeito estado,Seca,Perfeito estado,Não há placas,,Dupla,Faixa contínua
2020-10-01 00:00:00,03:23:00,SEM VÍTIMA,JARDIM SÃO PAULO,RUA LEANDRO BARRETO,,,CHOQUE OBJETO FIXO,CONDUTOR PERDEU O CONTROLE E CHOCOU O VEICULO CONTRA ESTACAS DE FERRO NUMA CALÇADA E- EM SEGUIDA- ABANDONOU O VEICULO.,1,,,,,,,,,0,,,,,,,,,
2020-10-01 00:00:00,09:38:00,SEM VÍTIMA,BAIRRO DO RECIFE,RUA JENER DE SOUZA,418,CIDADE,ABALROAMENTO LONGITUDINAL,SEM VITIMA /VEÍCULO OFICIAL CTTU NO LOCAL /GM EVANDRO RAMOS/COIMBRA PONTO FIXO,2,,,,,,,,,0,Cruzamento,Bom,,Seca,Perfeito estado,R-25b,40 km/h,Dupla,Faixa contínua
2020-10-01 00:00:00,12:44:00,COM VÍTIMA,ARRUDA,AV PROFESSOR JOSE DOS ANJOS,,SUBURBIO,COLISÃO COM CICLISTA,COLISAO ENTRE MOTO E CICLISTA,,1,,1,,,,,,1,Longo da via,Bom,Perfeito estado,Seca,Perfeito estado,Não há placas,60 km/h,Única,Faixa seccionada
2020-10-01 00:00:00,13:45:00,COM VÍTIMA,AFOGADOS,EST DOS REMEDIOS,,,COLISÃO,COLISÃO MOTO X CARRO,1,1,,,,,,,,1,,,,,,,,,
2020-10-01 00:00:00,18:21:00,COM VÍTIMA,MACAXEIRA,AV NORTE,451,SUBURBIO,COLISÃO COM CICLISTA,COLISÃO ENTRE ÔNIBUS E CICLISTA- C/V,,,,1,,1,,,,1,Longo da via,Bom,Incompleta,Seca,Mal iluminada,Outras,60 km/h,Dupla,
2020-10-01 00:00:00,19:32:00,COM VÍTIMA,BONGI,EST DO BONGI,100,SUBURBIO,ABALROAMENTO LONGITUDINAL,COLISÃO ENTRE AUTO E MOTO C/V,1,1,,,,,,,,1,Longo da via,Bom,Perfeito estado,Seca,Perfeito estado,Placas Dê a preferência,40 km/h,Dupla,Faixa contínua
2020-10-01 00:00:00,19:49:00,COM VÍTIMA,CAMPO GRANDE,AV CORREIA DE BRITO,,,ATROPELAMENTO,AUTO ATROPELOU CARROCEIRO- E LOGO APOS CHOCOU-SE EM UM AUTO QUE ESTAVA ESTACIONADO,2,,,,1,,,,,1,,,,,,,,,
2020-10-01 00:00:00,21:49:00,SEM VÍTIMA,PARNAMIRIM,RUA SEBASTIAO MALTA ARCOVERDE,,SUBURBIO,ABALROAMENTO LONGITUDINAL,COLISÃO ENTRE DUAS MOTOS- S/V (UMA DAS MOTOS É UM VEÍCULO OFICIAL DA POLÍCIA MILITAR),,2,,,,,,,,0,Longo da via,Bom,Perfeito estado,Seca,Mal iluminada,Não há placas,,Única,Não existe
2020-10-02 00:00:00,10:36:00,COM VÍTIMA,SANTO AMARO,RUA PEDRO AFONSO,427,CIDADE,ABALROAMENTO TRANSVERSAL,COLISÃO COM VITIMA A ESPERA DO SAMU,1,1,,,,,,,,1,Longo da via,Bom,Perfeito estado,Seca,Perfeito estado,Outras,40 km/h,Dupla,Faixa contínua
2020-10-02 00:00:00,11:18:00,SEM VÍTIMA,BOA VIAGEM,AV ENGENHEIRO DOMINGOS FERREIRA,,,ABALROAMENTO LONGITUDINAL,FLUIDEZ AO TRÂNSITO DEVIDO A UMA COLISÃO SEM VÍTIMA,2,,,,,,,,,0,,,,,,,,,
2020-10-02 00:00:00,14:34:00,COM VÍTIMA,ILHA DO RETIRO,RUA JOAO IVO DA SILVA,,SUBURBIO,COLISÃO TRASEIRA,COLISAO ENTRE AUTO E UMA TRAÇAO ANIMAL. SEGUNDO O BOLETIM FÍSICO- HOUVE A COLISÃO DO AUTO COM UM CARRO DE MÃO QUE POR SUA VEZ DERRUBOU A VÍTIMA.,1,,,,,,,,1,1,Longo da via,Bom,Incompleta,Seca,Perfeito estado,R-6a,,Única,Faixa seccionada
2020-10-02 00:00:00,16:24:00,COM VÍTIMA,AREIAS,AV RECIFE,,SUBURBIO,COLISÃO,COLISÃO COM VÍTIMA,,1,,,,,1,,,1,Longo da via,Bom,Perfeito estado,Seca,Perfeito estado,Não há placas,60 km/h,Dupla,Canteiro central
2020-10-02 00:00:00,20:28:00,COM VÍTIMA,BOA VIAGEM,AV CONSELHEIRO AGUIAR,133,CIDADE,ABALROAMENTO LONGITUDINAL,AUTO X MOTO. C/V,1,1,,,,,,,,1,Cruzamento,Bom,Perfeito estado,Seca,Mal iluminada,R-6a,60 km/h,Única,Faixa seccionada
2020-10-02 00:00:00,21:06:00,COM VÍTIMA,BARRO,AV DR JOSE RUFINO,,,ABALROAMENTO TRANSVERSAL,ONIBUS MILBUS X MOTO,,1,,,,1,,,,1,Cruzamento,Bom,Ilegível,Seca,Mal iluminada,Não há placas,,Dupla,Faixa seccionada
2020-10-02 00:00:00,22:25:00,COM VÍTIMA,MUSTARDINHA,RUA VINTE E UM DE ABRIL,,SUBURBIO,ATROPELAMENTO,PEDESTRE X CAMINHAO,,,,,1,,1,,,1,Longo da via,Bom,Perfeito estado,Seca,Perfeito estado,Não há placas,30 km/h,Dupla,Não existe
2020-10-03 00:00:00,07:04:00,SEM VÍTIMA,MACAXEIRA,AV NORTE,,,COLISÃO,COLISÃO S/VITIMA ENTRE UMA VIATURA CORPO DE BOMBEIROS E UM BRT,,,,,,1,,1,,0,,,,,,,,,
2020-10-03 00:00:00,08:11:00,COM VÍTIMA,AFOGADOS,AV SUL,320,CIDADE,COLISÃO COM CICLISTA,AGUARDANDO SOCORRO DOS BOMBEIROS. AUTO E CICLISTA.,1,,,1,,,,,,1,Ponte,Bom,Perfeito estado,Seca,Perfeito estado,Outras,,Dupla,Canteiro central
2020-10-03 00:00:00,10:17:00,COM VÍTIMA,SANTO AMARO,AV GOVERNADOR AGAMENON MAGALHAES,684,SUBURBIO,COLISÃO TRASEIRA,COLISÃO C/VITIMA ENTRE UM AUTO E UMA MOTO,1,1,,,,,,,,1,Longo da via,Bom,Perfeito estado,Seca,Perfeito estado,Não há placas,60 km/h,Única,Faixa contínua
2020-10-03 00:00:00,14:16:00,COM VÍTIMA,CORDEIRO,AV GENERAL SAN MARTIN,67,CIDADE,ABALROAMENTO TRANSVERSAL,COLISÃO MOTO X MOTO- UM CONDUTOR SOCORRIDO PELO SAMU,,2,,,,,,,,1,Longo da via,Bom,Perfeito estado,Seca,Perfeito estado,R-6a,,Dupla,Faixa contínua
2020-10-03 00:00:00,16:45:00,COM VÍTIMA,CAJUEIRO,RUA COUTO SOARES,,SUBURBIO,COLISÃO FRONTAL,MOTO X CARRO,1,1,,,,,,,,1,Cruzamento,Bom,Não existente,Seca,Perfeito estado,Não há placas,,Dupla,Não existe
2020-10-03 00:00:00,19:52:00,SEM VÍTIMA,COHAB,AV CAMPO VERDE,,,CHOQUE,AUTO CHOCOU-SE CONTRA O MURO DE UMA RESIDÊNCIA DERRUBANDO O MESMO ( MOTORISTA APRESENTA SINTOMAS DE EMBRIAGREZ),1,,,,,,,,,0,,,,,,,,,
2020-10-04 00:00:00,07:16:00,COM VÍTIMA,SÃO JOSÉ,VDO DAS CINCO PONTAS,,SUBURBIO,CHOQUE OBJETO FIXO,MOTOCICLETA COLIDIU NA MURETA E CAIU NA VIA.,,1,,,,,,,,1,Viaduto,Bom,Não existente,Seca,Mal conservada,Não há placas,,Única,Não existe
2020-10-04 00:00:00,13:50:00,COM VÍTIMA,CAMPO GRANDE,RUA ODORICO MENDES,,SUBURBIO,COLISÃO FRONTAL,COM VÍTIMA,1,1,,,,,,,,1,Longo da via,Bom,Perfeito estado,Seca,Perfeito estado,,,Dupla,Faixa seccionada
2020-10-04 00:00:00,14:31:00,COM VÍTIMA,JARDIM SÃO PAULO,AV RECIFE,259,AEROPORTO,COLISÃO COM CICLISTA,COLISÃO COM VÍTIMA,1,,,1,,,,,,1,Cruzamento,Bom,Perfeito estado,Seca,Perfeito estado,R-6a,,Dupla,Canteiro central
2020-10-04 00:00:00,17:13:00,SEM VÍTIMA,MACAXEIRA,AV VEREADOR OTACILIO AZEVEDO,,,COLISÃO,COLISAO ENTRE AUTOS UM DOS CONDUTORES ESTA COM SITOMAS DE EMBRIAGUEZ,3,,,,,,,,,0,,,,,,,,,
2020-10-04 00:00:00,21:17:00,COM VÍTIMA,BOA VIAGEM,RUA PARIS,,CIDADE,ABALROAMENTO LONGITUDINAL,MOTO X AUTO. C/V,1,1,,,,,,,,1,Longo da via,Bom,Ilegível,Seca,Mal iluminada,Não há placas,,Dupla,Faixa contínua
2020-10-05 00:00:00,08:13:00,COM VÍTIMA,ARRUDA,AV PROFESSOR JOSE DOS ANJOS,,SUBURBIO,COLISÃO COM CICLISTA,COLISAO AUTO E BICICLETA,1,,,1,,,,,,1,Longo da via,Chuvoso,Perfeito estado,Seca,Perfeito estado,R-6a,,Única,Faixa seccionada
2020-10-05 00:00:00,08:27:00,COM VÍTIMA,ARRUDA,RUA RAMIZ GALVAO,,CIDADE,ABALROAMENTO LONGITUDINAL,COM DUAS VITIMAS AGUARDANDO SAMU,1,1,,,,,,,,2,Cruzamento,Bom,Perfeito estado,Seca,Perfeito estado,Placas Pare,30 km/h,,Faixa seccionada
2020-10-05 00:00:00,11:27:00,COM VÍTIMA,IBURA,RUA DOZE DE JUNHO,,,ABALROAMENTO LONGITUDINAL,COLISÃO C/VITIMA ENTRE UM ONIBUS E UMA MOTO,,1,,,,1,,,,1,Longo da via,Bom,Perfeito estado,Seca,Perfeito estado,Não há placas,,Dupla,Faixa seccionada
2020-10-05 00:00:00,17:44:00,COM VÍTIMA,MADALENA,RUA LOPES DE CARVALHO,,,ABALROAMENTO LONGITUDINAL,COLISAO ENTRE MOTO E AUTO COM VITIMA,1,1,,,,,,,,1,Cruzamento,Bom,Perfeito estado,Seca,Perfeito estado,Placas Pare,,Única,Não existe