data,hora,natureza,bairro,endereco,num_semaforo,sentido_via,tipo,auto,moto,ciclom,ciclista,pedestre,onibus,caminhao,viatura,outros,vitimas,vitimasfatais,acidente_verificado,tempo_clima,sinalizacao,condicao_via,conservacao_via,situacao_placa,velocidade_max_via,mao_direcao,divisao_via1
2020-10-05 00:00:00,20:14:00,COM VÍTIMA,JARDIM SÃO PAULO,RUA LEANDRO BARRETO,,CIDADE,COLISÃO COM CICLISTA,COLISÃO ENTRE ÔNIBUS E BICICLETA C/V,,,,1,,1,,,,1,Longo da via,Bom,Perfeito estado,Seca,Perfeito estado,Não há placas,40 km/h,Dupla,Faixa seccionada
2020-10-05 00:00:00,22:39:00,COM VÍTIMA,VASCO DA GAMA,AV NORTE,95,,COLISÃO,COLISÃO ENTRE DUAS MOTOS C/V,,2,,,,,,,,3,,,,,,,,,
2020-10-06 00:00:00,07:39:00,SEM VÍTIMA,JORDÃO,RUA PROFESSORA ARCELINA CAMARA,,,CHOQUE,MOTORISTA CHOCOU SE CONTRA OUTRO VEICULO EM SEGUIDA SE EVADIU DO LOCAL,,,,,,,,,,0,,,,,,,,,
2020-10-06 00:00:00,07:48:00,COM VÍTIMA,BARRO,AV DR JOSE RUFINO,,,COLISÃO,COLISÃO COM VITIMA/ AGUARDANDO O SAMU NO LOCAL,1,1,,,,,,,,1,,,,,,,,,
2020-10-06 00:00:00,09:04:00,COM VÍTIMA,IBURA,AV DOM HELDER CAMARA,,CIDADE,ABALROAMENTO LONGITUDINAL,COLISÃO COM VITIMA GM PETERSON QTH,1,1,,,,,,,,1,Longo da via,Bom,Perfeito estado,Seca,Perfeito estado,Outras,40 km/h,Dupla,Canteiro central
2020-10-06 00:00:00,09:45:00,COM VÍTIMA,IPSEP,RUA PROFESSOR JOSE VICENTE,,SUBURBIO,ABALROAMENTO LONGITUDINAL,COLISÃO COM VITIMAS SOCORRIDAS  PELO S BOMBEIROS,,1,,,,,1,,,2,Longo da via,Bom,Perfeito estado,Seca,Perfeito estado,Outras,,Única,Faixa seccionada
2020-10-06 00:00:00,12:04:00,COM VÍTIMA,ÁGUA FRIA,AV BEBERIBE,,CIDADE,ATROPELAMENTO,ATROPELAMENTO DE AUTO E PEDESTRE VT 31 NO LOCAL,1,,,,1,,,,,1,Longo da via,Bom,Perfeito estado,Seca,Perfeito estado,Outras,,Dupla,Faixa contínua
2020-10-06 00:00:00,12:07:00,COM VÍTIMA,IMBIRIBEIRA,AV GENERAL MAC ARTHUR,,OESTE,ABALROAMENTO LONGITUDINAL,COLISAO ENTRE AUTO E MOTO COM UMA VITIMA,1,1,,,,,,,,1,Cruzamento,Bom,Perfeito estado,Seca,Perfeito estado,Não há placas,60 km/h,Única,Faixa seccionada
2020-10-06 00:00:00,14:34:00,COM VÍTIMA,MADALENA,AV VISCONDE DE ALBUQUERQUE,,SUBURBIO,ABALROAMENTO TRANSVERSAL,COLISÃO COM VÍTIMA,1,,,,,1,,,,2,Cruzamento,Bom,Perfeito estado,Seca,Perfeito estado,Placas Pare,,Única,Faixa seccionada
2020-10-06 00:00:00,16:06:00,SEM VÍTIMA,,AV CENTRAL,,SUBURBIO,CHOQUE VEÍCULO PARADO,COLISÃO COM VT DA GCM,1,,,,,,,,,0,Longo da via,Bom,Não existente,Seca,Mal conservada,Não há placas,30 km/h,Dupla,Não existe
2020-10-06 00:00:00,18:26:00,COM VÍTIMA,JORDÃO,AV DONA CARENTINA,,,COLISÃO,DUAS MOTOS    OBS:VITIMA AGUARDANDO SAMU,,2,,,,,,,,1,,,,,,,,,
2020-10-06 00:00:00,19:13:00,SEM VÍTIMA,CAMPO GRANDE,AV PROFESSOR JOSE DOS ANJOS,,SUBURBIO,ABALROAMENTO LONGITUDINAL,ENTRE 2 AUTOS. S/V ( O USUÁRIO QUE CAUSOU A COLISÃO- ESTA ALCOOLIZADO,2,,,,,,,,,0,Cruzamento,Bom,Perfeito estado,Seca,Perfeito estado,Não há placas,,Única,Faixa contínua
2020-10-06 00:00:00,20:06:00,COM VÍTIMA,ESPINHEIRO,AV GOVERNADOR AGAMENON MAGALHAES,,SUBURBIO,TOMBAMENTO,ACIDENTE DE PERCURSO C/VITIMA,,1,,,,,,,,1,Longo da via,Bom,Perfeito estado,Seca,Perfeito estado,Não há placas,,Única,Não existe
2020-10-07 00:00:00,08:37:00,COM VÍTIMA,PINA,AV ANTONIO DE GOES,103,CIDADE,COLISÃO TRASEIRA,COLISÃO C/VITIMA ENTRE UM AUTO E UMA MOTO,1,1,,,,,,,,1,Cruzamento,Bom,Perfeito estado,Seca,Perfeito estado,Não há placas,60 km/h,Única,Faixa contínua
2020-10-07 00:00:00,10:47:00,COM VÍTIMA,IPUTINGA,AV MAURICIO DE NASSAU,109,CIDADE,ABALROAMENTO LONGITUDINAL,COM UMA VITIMA AGUARDANDO SAMU,1,1,,,,,,,,1,Esquina,Bom,Perfeito estado,Seca,Perfeito estado,Outras,40 km/h,Dupla,Não existe
2020-10-07 00:00:00,11:27:00,COM VÍTIMA,CORDEIRO,RUA TIJUCA,,SUBURBIO,ABALROAMENTO LONGITUDINAL,DUAS MOTOS / UMA DAS MOTOS AINDA NAO FOI EMPLACADA,,2,,,,,,,,1,Cruzamento,Bom,Perfeito estado,Seca,Perfeito estado,Placas Pare,,Dupla,
2020-10-07 00:00:00,12:51:00,SEM VÍTIMA,BOA VIAGEM,AV BOA VIAGEM,,CIDADE,COLISÃO TRASEIRA,,2,,,,,,,,,0,Longo da via,Bom,Perfeito estado,Seca,Perfeito estado,Não há placas,60 km/h,Única,Faixa contínua
2020-10-07 00:00:00,13:13:00,COM VÍTIMA,BOA VIAGEM,AV ENGENHEIRO DOMINGOS FERREIRA,,SUBURBIO,COLISÃO TRASEIRA,COLISÃO CARRO X MOTO / AGENTE DECIO E IGOR NO LOCAL,1,1,,,,,,,,1,Longo da via,Bom,Perfeito estado,Seca,Perfeito estado,,60 km/h,Única,Faixa seccionada
2020-10-07 00:00:00,13:21:00,COM VÍTIMA,IPUTINGA,AV MAURICIO DE NASSAU,,SUBURBIO,COLISÃO COM CICLISTA,COLISÃO CARRO X CICLISTA,1,,,1,,,,,,1,Longo da via,Bom,Perfeito estado,Seca,Perfeito estado,R-6a,40 km/h,Dupla,Faixa seccionada
2020-10-07 00:00:00,14:07:00,COM VÍTIMA,IPSEP,RUA VIRGINIA HERACLIO,,SUBURBIO,ABALROAMENTO TRANSVERSAL,COLISAO ENTRE AUTO E MOTO COM VITIMAS,1,1,,,,,,,,1,Cruzamento,Bom,Não existente,Seca,Perfeito estado,Não há placas,,Dupla,Não existe
2020-10-07 00:00:00,15:56:00,COM VÍTIMA,BOA VISTA,RUA JOSE DE ALENCAR,,CIDADE,ABALROAMENTO TRANSVERSAL,CARRO X CARRO,2,,,,,,,,,1,Longo da via,Bom,Perfeito estado,Seca,Perfeito estado,Não há placas,,Única,Não existe
2020-10-07 00:00:00,18:59:00,COM VÍTIMA,CASA AMARELA,AV NORTE,,SUBURBIO,ABALROAMENTO LONGITUDINAL,MOTO / AUTO / CAMINHÃO,1,1,,,,,1,,,1,Longo da via,Bom,Perfeito estado,Seca,Perfeito estado,,,Dupla,Canteiro central
2020-10-07 00:00:00,20:18:00,COM VÍTIMA,IBURA,AV RIO LARGO,,SUBURBIO,ATROPELAMENTO,ATROPELAMENTO DE PEDESTRE,,,,,1,1,,,,1,Longo da via,Chuvoso,Perfeito estado,Molhada,Perfeito estado,Outras,,Dupla,Faixa
2020-10-07 00:00:00,21:10:00,COM VÍTIMA,CASA AMARELA,RUA DA HARMONIA,,SUBURBIO,COLISÃO FRONTAL,COLISÃO ENTRE AUTO E MOTO C/V,1,1,,,,,,,,1,Cruzamento,Bom,Perfeito estado,Seca,Perfeito estado,Não há placas,,Dupla,Faixa contínua
2020-10-07 00:00:00,22:30:00,SEM VÍTIMA,MACAXEIRA,AV NORTE,,,COLISÃO,COLISÃO ENTRE CAMINHÃO E VEÍCULO OFICIAL DO TRIBUNAL DE JUSTIÇA- SEM VÍTIMAS,1,,,,,,1,,,0,Longo da via,Bom,Perfeito estado,Seca,Perfeito estado,Não há placas,n/i,Única,Faixa seccionada
2020-10-08 00:00:00,08:18:00,COM VÍTIMA,IPUTINGA,RUA DR NINA RODRIGUES,,,ABALROAMENTO LONGITUDINAL,COLISÃO COM VITIMA,1,1,,,,,,,,1,Cruzamento,Bom,Perfeito estado,Seca,Perfeito estado,Placas Pare,30 km/h,,
2020-10-08 00:00:00,08:25:00,COM VÍTIMA,VÁRZEA,RUA GENERAL POLIDORO,,SUBURBIO,ABALROAMENTO TRANSVERSAL,COLISÃO COM VITIMA VT 25 QTH,1,1,,,,,,,,1,Longo da via,Bom,Perfeito estado,Seca,Perfeito estado,Não há placas,,Dupla,Faixa contínua
2020-10-08 00:00:00,09:43:00,COM VÍTIMA,BOA VIAGEM,AV MARECHAL MASCARENHAS DE MORAES,,CIDADE,ABALROAMENTO LONGITUDINAL,COLISÃO COM VITIMA,1,1,,,,,,,,1,Longo da via,Bom,Perfeito estado,Seca,Perfeito estado,,,Dupla,Canteiro central
2020-10-08 00:00:00,10:02:00,COM VÍTIMA,IPSEP,RUA JAMAICA,,CIDADE,COLISÃO FRONTAL,COM VITIMA,2,1,,,,,,,,2,Cruzamento,Bom,Perfeito estado,Seca,Perfeito estado,Outras,,Única,Faixa contínua
2020-10-08 00:00:00,10:33:00,COM VÍTIMA,MADALENA,AV JOSE GONCALVES DE MEDEIROS,,CIDADE,COLISÃO TRASEIRA,COLISÃO COM VITIMA,1,1,,,,,,,,1,Longo da via,Bom,Perfeito estado,Seca,Perfeito estado,R-6a,40 km/h,Dupla,Faixa contínua
2020-10-08 00:00:00,12:26:00,COM VÍTIMA,PARNAMIRIM,RUA FERREIRA LOPES,,SUBURBIO,ABALROAMENTO LONGITUDINAL,COLISAO ENTRE AUTO E MOTO COM UMA VITIMA,1,1,,,,,,,,1,Longo da via,Bom,Perfeito estado,Seca,Perfeito estado,Outras,30 km/h,Dupla,Faixa seccionada
2020-10-08 00:00:00,12:49:00,COM VÍTIMA,BOA VIAGEM,AV ENGENHEIRO DOMINGOS FERREIRA,550,,COLISÃO,COLISAO ENTRE DUAS MOTOS COM UMA VITIMA,,2,,,,,,,,1,Cruzamento,Bom,Perfeito estado,Seca,Perfeito estado,Não há placas,60 km/h,,Canteiro central
2020-10-08 00:00:00,20:12:00,SEM VÍTIMA,IMBIRIBEIRA,VIADUTO TANCREDO NEVES,,,COLISÃO,VEICULO E MOTO OBS: SEM VITIMA POREM VEICULO DEIXOU RASTROS DE OLEO NA PISTA,1,1,,,,,,,,0,,,,,,,,,
2020-10-09 00:00:00,13:13:00,SEM VÍTIMA,BOA VIAGEM,AV DES JOSE NEVES,,JABOATAO,COLISÃO,COLISAO DE DOIS AUTOS S/V COM SUSPEITA DE ALCOOLEMIA,1,,,,,,1,,,0,,,,,,,,,
2020-10-09 00:00:00,13:27:00,SEM VÍTIMA,SÃO JOSÉ,AV MARTINS DE BARROS,383,,COLISÃO,COLISAO DE DOIS AUTOS E UMA MOTO S/V ( CIVIC CARRO OFICIAL),2,1,,,,,,,,0,,,,,,,,,
2020-10-09 00:00:00,13:47:00,COM VÍTIMA,SANTO ANTÔNIO,RUA VINTE E QUATRO DE MAIO,,,COLISÃO COM CICLISTA,AUTO E CICLISTA COM VITIMAS,1,,,1,,,,,,1,,,,,,,,,
2020-10-09 00:00:00,17:23:00,COM VÍTIMA,BOA VIAGEM,AV CONSELHEIRO AGUIAR,,SUBURBIO,ABALROAMENTO TRANSVERSAL,COLISAO ENTRE DOIS AUTOS COM VITIMAS,2,,,,,,,,,1,Cruzamento,Bom,,Seca,Perfeito estado,Outras,,Única,Faixa seccionada
2020-10-09 00:00:00,19:14:00,COM VÍTIMA,CORDEIRO,RUA ODETE MONTEIRO,,CIDADE,COLISÃO COM CICLISTA,COLISAO ENTRE MOTO E BICICLETA,,1,,1,,,,,,1,Longo da via,Bom,Perfeito estado,Seca,Perfeito estado,Não há placas,,Dupla,Faixa contínua
2020-10-09 00:00:00,21:48:00,COM VÍTIMA,LINHA DO TIRO,RUA URIEL DE HOLANDA,,,COLISÃO,COLISAO DE AUTO E MOTO COM VITIMAS,1,1,,,,,,,,1,,,,,,,,,
2020-10-10 00:00:00,03:55:00,SEM VÍTIMA,SAN MARTIN,AV GENERAL SAN MARTIN,,,CHOQUE VEÍCULO PARADO,CAMINHÃO SE CHOCOU CONTRA O VEÍCULO ESTACIONADO. O CONDUTOR DO CAMINHÃO- SEGUNDO INFORMAÇÕES- ESTÁ COM SUSPEITA DE EMBRIAGUEZ,1,,,,,,1,,,0,,,,,,,,,
2020-10-10 00:00:00,09:25:00,COM VÍTIMA,BOA VIAGEM,AV FERNANDO SIMOES BARBOSA,183,SUBURBIO,ABALROAMENTO LONGITUDINAL,COLISÃO COM VITIMA A ESPERA DO SAMU. UMA DAS PARTES SE EVADIU DO LOCAL DO ACIDENTE.,,1,,,,,,,1,1,Longo da via,Bom,Perfeito estado,Seca,Perfeito estado,Outras,,Dupla,Canal
2020-10-10 00:00:00,15:45:00,COM VÍTIMA,IPSEP,AV SENADOR ROBERT KENNEDY,,,COLISÃO,COLISAO ENTRE AUTO E MOTO COM UMA VITIMA,1,1,,,,,,,,1,,,,,,,,,
2020-10-10 00:00:00,16:07:00,COM VÍTIMA,ENGENHO DO MEIO,RUA GOVERNADOR LOPO GARRO,,SUBURBIO,ABALROAMENTO TRANSVERSAL,COLISÃO COM VÍTIMA,1,1,,,,,,,,1,Cruzamento,Bom,Perfeito estado,Seca,Perfeito estado,Placas Pare,30 km/h,Dupla,Faixa contínua
2020-10-10 00:00:00,16:48:00,SEM VÍTIMA,JORDÃO,RUA ALBERTO LUNDGREN,,,COLISÃO,COLISÃO SEM VÍTIMA/ CONDUTOR COM SUSPEITA DE EMBRIAGUEZ,2,,,,,,,,,0,,,,,,,,,
2020-10-10 00:00:00,18:50:00,COM VÍTIMA,TEJIPIÓ,AV DR JOSE RUFINO,,CIDADE,TOMBAMENTO,MOTORISTA CAIU COM A MOTO- DEVIDO AO BURACO NO MEIO DA VIA. SEGUNDO O USUÁRIO- O MESMO LESIONOU CLAVÍCULA E ESTA AGUARDANDO O SAMU.,,1,,,,,,,,1,Viaduto,Bom,Incompleta,Seca,Mal iluminada,Outras,,Dupla,Faixa contínua
2020-10-11 00:00:00,13:26:00,COM VÍTIMA,ESPINHEIRO,RUA DO ESPINHEIRO,,,COLISÃO,CARRO X MOTO / CARRO SE EVADIU DO LOCAL,1,1,,,,,,,,1,,,,,,,,,
2020-10-11 00:00:00,18:30:00,SEM VÍTIMA,PINA,RUA TOME GIBSON,,,CHOQUE,VIATURA DA PM CHOCOU-SE EM UMA CARROÇA,1,,,,,,,,,0,,,,,,,,,
2020-10-12 00:00:00,09:31:00,COM VÍTIMA,BOA VIAGEM,AV ENGENHEIRO DOMINGOS FERREIRA,297,SUBURBIO,ATROPELAMENTO,AUTO E PEDESTRE,1,,,,1,,,,,1,Longo da via,Bom,Perfeito estado,,,Outras,,Única,Canteiro central
2020-10-12 00:00:00,13:21:00,COM VÍTIMA,IBURA,RUA RIO XINGU,,,COLISÃO,COLISAO ENTRE DUAS MOTOS COM DUAS VITIMA,,2,,,,,,,,2,,,,,,,,,
2020-10-12 00:00:00,18:22:00,COM VÍTIMA,IPSEP,AV RECIFE,,BR 101,COLISÃO TRASEIRA,COLISÃO COM DUAS MOTOS,,2,,,,,,,,2,Longo da via,Bom,Perfeito estado,Seca,Perfeito estado,Não há placas,,Dupla,Canteiro central
2020-10-12 00:00:00,18:37:00,SEM VÍTIMA,VASCO DA GAMA,RUA MIGUEL CARNEIRO,,,COLISÃO,DOIS AUTO OBS: SUSPEITA DE EMBRIAGUEZ,2,,,,,,,,,0,,,,,,,,,
2020-10-12 00:00:00,20:49:00,COM VÍTIMA,SÃO JOSÉ,RUA IMPERIAL,510,SUBURBIO,ABALROAMENTO TRANSVERSAL,ENTRE AUTO E MICRO-ÔNIBUS.,1,,,,,1,,,,2,Cruzamento,Bom,Perfeito estado,Seca,Mal iluminada,,,Única,
2020-10-13 00:00:00,08:02:00,COM VÍTIMA,ENCRUZILHADA,AV JOAO DE BARROS,,CIDADE,TOMBAMENTO,ACIDENTE OCORRIDO COM SI RICARDO CAMPOS,,1,,,,,,,,1,Longo da via,Bom,Perfeito estado,Seca,Perfeito estado,Outras,,Única,Faixa seccionada
2020-10-13 00:00:00,09:56:00,COM VÍTIMA,DOIS IRMÃOS,RUA MANUEL DE MEDEIROS,,AV CAXANGÁ,ABALROAMENTO LONGITUDINAL,MOTO E ONIBUS,,1,,,,1,,,,2,Longo da via,Bom,Ilegível,Seca,Perfeito estado,Outras,,Dupla,
2020-10-13 00:00:00,16:16:00,SEM VÍTIMA,JOANA BEZERRA,RUA MIRANDOPOLIS,,SUBURBIO,ABALROAMENTO LONGITUDINAL,COLISÃO COM SUSPEITA DE ALCOLEMIA,1,,,,,1,,,,0,Longo da via,Bom,Não existente,Seca,Perfeito estado,Não há placas,,Dupla,Não existe
2020-10-13 00:00:00,19:58:00,COM VÍTIMA,IPSEP,AV RECIFE,16,SUBURBIO,ABALROAMENTO TRANSVERSAL,COLIÃO ENTRE AUTO E MOTO C/V- UM DOS CONDUTORES APRESENTA SINTOMAS DE EMBRIAGUEZ,1,1,,,,,,,,1,Cruzamento,Bom,Perfeito estado,Seca,Perfeito estado,Outras,,Única,Faixa contínua
2020-10-14 00:00:00,08:11:00,COM VÍTIMA,SÃO JOSÉ,C SANTA RITA,,CIDADE,TOMBAMENTO,ACIDENTE DE PERCURSO ENVOLVENDO MOTOCICLISTA,,1,,,,,,,,1,Longo da via,Chuvoso,Incompleta,Molhada,Perfeito estado,R-6a,60 km/h,Única,Canteiro central
2020-10-14 00:00:00,09:11:00,COM VÍTIMA,VÁRZEA,AV AFONSO OLINDENSE,,SUBURBIO,ABALROAMENTO LONGITUDINAL,COM VITIMA,1,1,,,,,,,,1,Esquina,Chuvoso,Perfeito estado,Molhada,Perfeito estado,Outras,,Dupla,Faixa contínua
2020-10-14 00:00:00,11:16:00,COM VÍTIMA,CAXANGÁ,RUA GOMES TABORDA,,,COLISÃO,COLISÃO COM VITIMA,1,1,,,,,,,,1,,,,,,,,,
2020-10-14 00:00:00,13:05:00,COM VÍTIMA,JORDÃO,RUA DR ALVARO FERRAZ,,SUBURBIO,ABALROAMENTO LONGITUDINAL,COLISÃO COM VÍTIMA,1,1,,,,,,,,1,Longo da via,Chuvoso,Ilegível,Molhada,Mal iluminada,Não há placas,,Única,Não existe
2020-10-14 00:00:00,13:10:00,COM VÍTIMA,ALTO JOSÉ BONIFÁCIO,RUA ALTO DA SERRINHA,,SUBURBIO,COLISÃO FRONTAL,COLISAO ENTRE ONIBUS E MOTO COM UMA VITIMA,,1,,,,1,,,,1,Longo da via,Bom,Perfeito estado,Seca,Perfeito estado,Não há placas,,Dupla,Não existe
2020-10-14 00:00:00,14:13:00,COM VÍTIMA,TAMARINEIRA,AV CONS ROSA E SILVA,61,SUBURBIO,ABALROAMENTO TRANSVERSAL,COLISÃO COM VÍTIMA,1,1,,,,,,,,1,Cruzamento,Bom,Perfeito estado,Seca,Perfeito estado,R-6a,,Única,Faixa contínua
2020-10-14 00:00:00,18:41:00,COM VÍTIMA,SANTO AMARO,PTE DO LIMOEIRO,,SUBURBIO,COLISÃO TRASEIRA,COLISÃO COM VÍTIMAS- ENVOLVENDO UMA MOTO E UMA CARROÇA,,1,,,,,,,1,2,Ponte,Bom,Perfeito estado,,Perfeito estado,,,,Faixa contínua
2020-10-14 00:00:00,22:19:00,COM VÍTIMA,IPSEP,AV RECIFE,319,CIDADE,ABALROAMENTO LONGITUDINAL,SENTIDO PAM DE AREIAS (HOSPITAL),1,1,,,,,,,,1,Longo da via,Bom,Perfeito estado,Seca,Perfeito estado,,,Única,
2020-10-15 00:00:00,00:29:00,COM VÍTIMA,IMBIRIBEIRA,AV MARECHAL MASCARENHAS DE MORAES,316,CIDADE,CHOQUE OBJETO FIXO,VEICULO AQUAPLANOU E CONDUTOR FOI SOCORRIDO PARA UPA,1,,,,,,,,,1,Longo da via,Chuvoso,Perfeito estado,Molhada,Perfeito estado,Não há placas,,Dupla,Canteiro central
2020-10-15 00:00:00,07:03:00,COM VÍTIMA,IPUTINGA,AV CAXANGA,,SUBURBIO,ACID. DE PERCURSO,COM UMA VITIMA SAMU NO LOCAL,,1,,,,,,,,1,,,,,,,,,
2020-10-15 00:00:00,07:32:00,COM VÍTIMA,DERBY,RUA JOAQUIM NABUCO,,SUBURBIO,COLISÃO TRASEIRA,COM UMA VITIMA -SOCORRIDA NO HOSPITAL-GM JOSICARLA E EVANDRO RAMOS PONTO FIXO,1,1,,,,,,,,1,Longo da via,Chuvoso,Perfeito estado,Molhada,Perfeito estado,R-6a,,Única,Faixa seccionada
2020-10-15 00:00:00,10:34:00,COM VÍTIMA,IMBIRIBEIRA,AV MARECHAL MASCARENHAS DE MORAES,531,SUBURBIO,COLISÃO TRASEIRA,DUAS MOTOS COM VÍTIMAS,,2,,,,,,,,2,Longo da via,Bom,Perfeito estado,Seca,Perfeito estado,,60 km/h,Dupla,Canteiro central
2020-10-15 00:00:00,12:26:00,COM VÍTIMA,VÁRZEA,AV CAXANGA,230,CIDADE,ABALROAMENTO LONGITUDINAL,CORRO X MOTO / AGENTE ANTEOGENES  NO LOCAL,1,1,,,,,,,,2,Longo da via,Bom,Perfeito estado,Seca,Perfeito estado,Não há placas,,Única,Não existe
2020-10-15 00:00:00,13:01:00,COM VÍTIMA,BOA VIAGEM,RUA RIO AZUL,476,,ATROPELAMENTO,AUTO E PEDESTRE,1,,,,1,,,,,1,Longo da via,Bom,Incompleta,Seca,Perfeito estado,Não há placas,,Única,Faixa seccionada
2020-10-15 00:00:00,13:58:00,COM VÍTIMA,BOA VISTA,RUA DO HOSPICIO,23,,ATROPELAMENTO,MOTO ATROPELOU PEDESTRE,,1,,,1,,,,,1,Cruzamento,Bom,Perfeito estado,Seca,Perfeito estado,Outras,,Única,Não existe
2020-10-15 00:00:00,15:15:00,COM VÍTIMA,IMBIRIBEIRA,AV MARECHAL MASCARENHAS DE MORAES,,SUBURBIO,CHOQUE OBJETO FIXO,PRISMA- SOLICITADO PÓ DE SERRA E ALAVANCA PARA ALINHAR OS PRISMAS. VEÍCULO PERDEU O CONTROLE- CHOCANDO-SE COM OS PRISMAS DE CONCRETO.,1,,,,,,,,,1,Longo da via,Bom,Perfeito estado,Seca,Perfeito estado,Não há placas,60 km/h,Única,Faixa seccionada
2020-10-15 00:00:00,16:15:00,COM VÍTIMA,ÁGUA FRIA,RUA CORREGO DO DEODATO,,SUBURBIO,ABALROAMENTO LONGITUDINAL,COLISÃO MOTO X CARRO,1,1,,,,,,,,1,Longo da via,Bom,Não existente,Seca,Mal conservada,Não há placas,,Dupla,Não existe
2020-10-15 00:00:00,18:25:00,COM VÍTIMA,SANTO ANTÔNIO,RUA IMPERADOR PEDRO SEGUNDO,,,ATROPELAMENTO,AUTO E PEDESTRE C/V,1,,,,1,,,,,1,Esquina,Bom,Perfeito estado,Seca,Perfeito estado,Não há placas,,Única,Faixa contínua
2020-10-15 00:00:00,18:28:00,COM VÍTIMA,IPSEP,AV RECIFE,,SUBURBIO,ABALROAMENTO LONGITUDINAL,COLISÃO ENTRE AUTO E MOTO C/V,1,1,,,,,,,,2,Longo da via,Bom,Perfeito estado,Seca,Perfeito estado,R-6a,,Dupla,Canteiro central
2020-10-15 00:00:00,18:58:00,COM VÍTIMA,BEBERIBE,AV BEBERIBE,,SUBURBIO,COLISÃO TRASEIRA,COLISÃO ENTRE AUTO E MOTO C/V,1,1,,,,,,,,1,Longo da via,Bom,Perfeito estado,Seca,Perfeito estado,Não há placas,30 km/h,Dupla,Faixa contínua
2020-10-15 00:00:00,19:39:00,SEM VÍTIMA,BOA VIAGEM,RUA VISCONDE DE JEQUITINHONHA,,SUBURBIO,COLISÃO TRASEIRA,COLISÃO ENTRE AUTO E VIATURA DA POLÍCIA MILITAR- S/V,2,,,,,,,,,0,Longo da via,Bom,Perfeito estado,Seca,Perfeito estado,Não há placas,60 km/h,Única,Faixa seccionada
2020-10-15 00:00:00,20:06:00,COM VÍTIMA,ARRUDA,AV BEBERIBE,,SUBURBIO,COLISÃO TRASEIRA,COLISÃO ENTRE DOIS AUTOS E UMA MOTO C/V,2,1,,,,,,,,2,Longo da via,Bom,Perfeito estado,Seca,Perfeito estado,Não há placas,,Dupla,
2020-10-16 00:00:00,01:09:00,COM VÍTIMA,CAXANGÁ,AV CAXANGA,232,SUBURBIO,ABALROAMENTO LONGITUDINAL,ACIDENTE ENTRE MOTO E AUTO,1,1,,,,,,,,1,Cruzamento,Bom,Perfeito estado,Seca,Perfeito estado,Outras,,Dupla,Canteiro central
2020-10-16 00:00:00,07:31:00,VÍTIMA FATAL,PRADO,RUA CARLOS GOMES,,SUBURBIO,ABALROAMENTO TRANSVERSAL,COLISÃO COM 1 VITIMA FATAL E OUTRA SOCORRIDA PELA SAMU,1,1,,,,,,,,1,Cruzamento,Bom,Incompleta,Seca,Perfeito estado,Outras,40 km/h,Única,Faixa seccionada
2020-10-16 00:00:00,11:39:00,COM VÍTIMA,CASA AMARELA,AV NORTE,,CIDADE,ABALROAMENTO LONGITUDINAL,COLISÃO COM VITIMA,,2,,,,,,,,1,Esquina,Bom,Perfeito estado,Seca,Perfeito estado,Outras,,Dupla,Canteiro central
2020-10-16 00:00:00,11:54:00,COM VÍTIMA,CASA FORTE,AV DEZESSETE DE AGOSTO,,SUBURBIO,COLISÃO TRASEIRA,COLISÃO COM VITIMA,1,1,,,,,,,,1,Longo da via,Bom,Perfeito estado,Seca,Perfeito estado,Outras,,Dupla,Faixa contínua
2020-10-16 00:00:00,12:24:00,COM VÍTIMA,VÁRZEA,AV CAXANGA,,CIDADE,ABALROAMENTO TRANSVERSAL,COLISÃO COM VÍTIMA,1,1,,,,,,,,1,Cruzamento,Bom,Incompleta,Seca,Perfeito estado,Não há placas,60 km/h,Única,Faixa contínua
2020-10-16 00:00:00,13:00:00,COM VÍTIMA,PINA,RUA JEMIL ASFORA,,,ABALROAMENTO LONGITUDINAL,COLISAO ENTRE CAMINHAO E MOTO,,1,,,,,1,,,1,Longo da via,Bom,Ilegível,Seca,Perfeito estado,Outras,,Única,Não existe
2020-10-16 00:00:00,13:06:00,COM VÍTIMA,PINA,AV HERCULANO BANDEIRA,137,SUBURBIO,ABALROAMENTO LONGITUDINAL,ACIDENTE ENTRE MOTO E AUTO,1,1,,,,,,,,1,Longo da via,Bom,Perfeito estado,Seca,Perfeito estado,Não há placas,,Única,Faixa seccionada