data,hora,natureza,bairro,endereco,num_semaforo,sentido_via,tipo,auto,moto,ciclom,ciclista,pedestre,onibus,caminhao,viatura,outros,vitimas,vitimasfatais,acidente_verificado,tempo_clima,sinalizacao,condicao_via,conservacao_via,situacao_placa,velocidade_max_via,mao_direcao,divisao_via1
2020-10-30 00:00:00,08:12:00,COM VÍTIMA,CAMPO GRANDE,RUA JERONIMO VILELA,,,COLISÃO,AUTO E MOTO C/V,1,1,,,,,,,,1,,,,,,,,,
2020-10-30 00:00:00,09:09:00,SEM VÍTIMA,SANTO AMARO,AV CRUZ CABUGA,,CIDADE,ABALROAMENTO LONGITUDINAL,COLISÃO COM VEICULO OFICIAL,2,,,,,,,,,0,Longo da via,Bom,Perfeito estado,Seca,Perfeito estado,Outras,60 km/h,Dupla,Faixa contínua
2020-10-30 00:00:00,13:30:00,SEM VÍTIMA,BOA VIAGEM,RUA SETUBAL,,,COLISÃO,COLISO ENTRE AUTO E MOTO SEM VITIMA,1,1,,,,,,,,0,,,,,,,,,
2020-10-30 00:00:00,22:30:00,COM VÍTIMA,ENGENHO DO MEIO,AV VISCONDE DE SAO LEOPOLDO,,,ACID. DE PERCURSO,VEÍCULO ACABOU CAPOTANDO PELA VIA. UM DOS PASSAGEIROS FOI SOCORRIDO PELO SAMU.,1,,,,,,,,,1,,,,,,,,,
2020-10-30 00:00:00,23:05:00,SEM VÍTIMA,MACAXEIRA,RUA ANITA,,,COLISÃO,DOIS AUTOS OBS: SUSPEITA DE EMBRIAGUEZ POLICIA MILITAR NO LOCAL,2,,,,,,,,,0,,,,,,,,,
2020-10-31 00:00:00,01:43:00,COM VÍTIMA,MADALENA,RUA JOSE OSORIO,50,CIDADE,ABALROAMENTO TRANSVERSAL,DOIS AUTOS (UMA VT DA PCPE) COM DUAS VITIMA PRESAS NAS FERRAGENS.,2,,,,,,,,,2,Cruzamento,Bom,Perfeito estado,Seca,Perfeito estado,,,Única,Faixa contínua
2020-10-31 00:00:00,03:06:00,COM VÍTIMA,IMBIRIBEIRA,AV MARECHAL MASCARENHAS DE MORAES,290,SUBURBIO,ABALROAMENTO TRANSVERSAL,DOIS AUTOS COM VITIMAS NO LOCAL,2,,,,,,,,,3,Cruzamento,Bom,Perfeito estado,Seca,Perfeito estado,Não há placas,,Dupla,Canteiro central
2020-10-31 00:00:00,12:53:00,SEM VÍTIMA,CAMPO GRANDE,AV GOVERNADOR AGAMENON MAGALHAES,,SUBURBIO,ABALROAMENTO TRANSVERSAL,COLISAO DE DOIS AUTOS S/ VITIMAS ( VEICULO OFICIAL DA MARINHA),2,,,,,,,,,0,Cruzamento,Bom,Perfeito estado,Seca,Perfeito estado,Placas Dê a preferência,,Dupla,Faixa contínua
2020-10-31 00:00:00,13:02:00,COM VÍTIMA,SÃO JOSÉ,AV SUL,311,CIDADE,COLISÃO FRONTAL,COLISÃO C/VITIMA ENTRE UM AUTO E UMA MOTO,1,1,,,,,,,,1,Cruzamento,Bom,Perfeito estado,Seca,Perfeito estado,Outras,,Dupla,Faixa seccionada
2020-10-31 00:00:00,15:37:00,COM VÍTIMA,SANTO AMARO,RUA DOS PALMARES,30,SUBURBIO,ABALROAMENTO TRANSVERSAL,COLISAO ENTRE AUTO E MOTO COM VITIMAS,1,1,,,,,,,,1,Cruzamento,Bom,Perfeito estado,Seca,Perfeito estado,Não há placas,,Dupla,Faixa contínua
2020-10-31 00:00:00,17:33:00,COM VÍTIMA,CORDEIRO,AV GENERAL SAN MARTIN,,,ABALROAMENTO LONGITUDINAL,COM VÍTIMA - A OUTRA PARTE EVADIU-SE,,1,,,,,,,,1,Longo da via,Bom,Perfeito estado,Seca,Perfeito estado,R-6a,,Dupla,Faixa contínua
2020-10-31 00:00:00,18:12:00,COM VÍTIMA,CORDEIRO,AV MAURICIO DE NASSAU,,BR 101,COLISÃO COM CICLISTA,COLISÃO ENTRE AUTO E BICICLETA,1,,,1,,,,,,1,Longo da via,Bom,Ilegível,Seca,Perfeito estado,Outras,40 km/h,Dupla,Faixa contínua
2020-11-01 00:00:00,20:15:00,SEM VÍTIMA,TEJIPIÓ,RUA FALCAO DE LACERDA,,,COLISÃO,ENTRE 2 AUTOS. S/V. UM DOS CONDUTORES APRESENTAM SINAIS DE EMBRIAGUEZ,2,,,,,,,,,0,,,,,,,,,
2020-11-01 00:00:00,22:56:00,COM VÍTIMA,CAMPINA DO BARRETO,RUA CORONEL URBANO RIBEIRO DE SENA,,SUBURBIO,ATROPELAMENTO,MOTOCICLISTA ATROPELOU UMA CRIANÇA E SEU PAI. AMBAS AGUARDAM A PRESENÇA DO SAMU. O MESMO APRESENTA SINAIS DE EMBRIAGUEZ. C/V,,1,,,2,,,,,2,Longo da via,Bom,Perfeito estado,Seca,Perfeito estado,Não há placas,,Dupla,Faixa seccionada
2020-11-02 00:00:00,00:03:00,COM VÍTIMA,CABANGA,RUA CAPITAO TEMUDO,,SUBURBIO,ATROPELAMENTO ANIMAL,ATROPELAMENTO COM ANIMAL,2,,,,,,,,1,1,Viaduto,Bom,Perfeito estado,Seca,Perfeito estado,Não há placas,60 km/h,Dupla,Outros
2020-11-02 00:00:00,00:12:00,COM VÍTIMA,IBURA,AV DOIS RIOS,,CIDADE,COLISÃO FRONTAL,COLISÃO DOIS AUTOS,2,,,,,,,,,2,Longo da via,Bom,Perfeito estado,Seca,Perfeito estado,R-6a,,Dupla,Faixa contínua
2020-11-02 00:00:00,00:52:00,SEM VÍTIMA,TORRE,RUA CONDE DE IRAJA,,,COLISÃO,ENTRE 2 AUTOS. S/V. UM DOS CONDUTORES APRESENTAM SINAIS DE EMBRIAGUEZ,2,,,,,,,,,0,,,,,,,,,
2020-11-02 00:00:00,03:31:00,COM VÍTIMA,TORRE,RUA SOUZA BANDEIRA,317,SUBURBIO,ABALROAMENTO TRANSVERSAL,VT POLICIA MOTO,,1,,,,,,1,,1,Cruzamento,Bom,Perfeito estado,Seca,Perfeito estado,Não há placas,,Dupla,Faixa seccionada
2020-11-02 00:00:00,08:40:00,COM VÍTIMA,IPSEP,RUA JEAN EMILE FAVRE,,,COLISÃO,MOTO E AUTO,1,1,,,,,,,,2,,,,,,,,,
2020-11-02 00:00:00,16:30:00,COM VÍTIMA,DOIS UNIDOS,AV HILDEBRANDO DE VASCONCELOS,,SUBURBIO,ABALROAMENTO LONGITUDINAL,COM VITIMA AGUARDANDO O SAMU / OBS: FAMILIARES E AMIGOS RECOLHERAM A MOTO. MOTORISTA INFORMA QUE: NÃO SABE PARA ONDE LEVARAM.,,1,,,,1,,,,1,Longo da via,Bom,Perfeito estado,Seca,Perfeito estado,Não há placas,,Dupla,Faixa seccionada
2020-11-02 00:00:00,17:13:00,COM VÍTIMA,TEJIPIÓ,AV LIBERDADE,,SUBURBIO,ABALROAMENTO LONGITUDINAL,COM VITIMA ESTA AGUARDANDO ATENDIMENTO DO SAMU,1,1,,,,,,,,1,Longo da via,Bom,Incompleta,Seca,Perfeito estado,Não há placas,30 km/h,Dupla,Faixa contínua
2020-11-02 00:00:00,18:00:00,COM VÍTIMA,DERBY,RUA DR SEVERINO PINHEIRO,,SUBURBIO,CHOQUE OBJETO FIXO,CHOQUE MOTO NO CANTEIRO,,1,,,,,,,,1,Longo da via,Bom,Perfeito estado,Seca,Perfeito estado,R-6a,,Única,Canteiro central
2020-11-03 00:00:00,08:00:00,SEM VÍTIMA,CAXANGÁ,AV CAXANGA,,,COLISÃO,COLISÃO SEM VITIMAS GM RENAN QTH,,1,,,,,,1,,0,Longo da via,Bom,Perfeito estado,Seca,Perfeito estado,Outras,,Dupla,Faixa contínua
2020-11-03 00:00:00,08:11:00,COM VÍTIMA,AREIAS,AV DR JOSE RUFINO,213,CIDADE,COLISÃO FRONTAL,AUTO E MOTO.,1,1,,,,,,,,1,Longo da via,Bom,Perfeito estado,Seca,Perfeito estado,Placas Pare,,Dupla,Faixa contínua
2020-11-03 00:00:00,09:34:00,COM VÍTIMA,ARRUDA,AV BEBERIBE,131,SUBURBIO,ATROPELAMENTO,AUTO E PEDESTRE VT-03 NO LOCAL SUB. SABINO,1,,,,1,,,,,1,Longo da via,Bom,Perfeito estado,Seca,Perfeito estado,Outras,,Dupla,Faixa contínua
2020-11-03 00:00:00,11:21:00,COM VÍTIMA,IMBIRIBEIRA,AV MARECHAL MASCARENHAS DE MORAES,631,CIDADE,COLISÃO TRASEIRA,COLISÃO COM VITIMA,1,1,,,,,,,,1,Cruzamento,Bom,Perfeito estado,Seca,Perfeito estado,Não há placas,60 km/h,Dupla,Canteiro central
2020-11-03 00:00:00,15:59:00,COM VÍTIMA,IMBIRIBEIRA,RUA BARAO DE AGUA BRANCA,,,COLISÃO FRONTAL,COLISÃO COM VÍTIMA ENTRE AUTO E MOTO,1,1,,,,,,,,1,Esquina,Bom,Não existente,Seca,Perfeito estado,Não há placas,,Dupla,Não existe
2020-11-03 00:00:00,18:54:00,COM VÍTIMA,TORRÕES,RUA DR MIGUEL VIEIRA FERREIRA,,SUBURBIO,COLISÃO FRONTAL,NISSAN X PRISMA X CITROEN,3,,,,,,,,,1,Cruzamento,Bom,Incompleta,Seca,Mal iluminada,Outras,30 km/h,Dupla,Faixa contínua
2020-11-04 00:00:00,08:37:00,COM VÍTIMA,SANTO AMARO,RUA DOS PALMARES,,CIDADE,ABALROAMENTO LONGITUDINAL,COM UMA VITIMA -AGUARDANDO SAMU/VT 29 ASSUMIU/GM ARLETE/GM MARCOS ALEXANDRE/GM ANTONIO SOUZA/GM ADAILSON,1,1,,,,,,,,1,Longo da via,Bom,Perfeito estado,Seca,Perfeito estado,Não há placas,60 km/h,Dupla,Faixa seccionada
2020-11-04 00:00:00,11:20:00,COM VÍTIMA,ARRUDA,AV BEBERIBE,64,SUBURBIO,ABALROAMENTO TRANSVERSAL,COLISÃO ENTRE CAMINHÃO E MOTOCICLETA,,1,,,,,1,,,1,Cruzamento,Bom,Perfeito estado,Seca,Perfeito estado,R-6a,30 km/h,Dupla,Não existe
2020-11-04 00:00:00,15:00:00,COM VÍTIMA,VÁRZEA,AV CAXANGA,232,,ABALROAMENTO TRANSVERSAL,ÔNIBUS E MOTO.,,1,,,,1,,,,1,Longo da via,Bom,Perfeito estado,Seca,Perfeito estado,Não há placas,,Única,Não existe
2020-11-04 00:00:00,15:45:00,COM VÍTIMA,CASA FORTE,AV DEZESSETE DE AGOSTO,251,SUBURBIO,COLISÃO FRONTAL,COLISÃO MOTO X CARRO / VT 27 NO LOCAL,1,1,,,,,,,,1,Cruzamento,Bom,Perfeito estado,Seca,Perfeito estado,R-6a,,Dupla,Faixa contínua
2020-11-04 00:00:00,16:22:00,COM VÍTIMA,PARNAMIRIM,AV DEZESSETE DE AGOSTO,,SUBURBIO,ABALROAMENTO LONGITUDINAL,COLISAO ENVOLVENDO AUTO- ONIBUS E MOTO COM VITIMA.,1,1,,,,1,,,,1,Longo da via,Bom,Perfeito estado,Seca,Perfeito estado,Não há placas,,Dupla,Faixa contínua
2020-11-04 00:00:00,19:32:00,COM VÍTIMA,BOA VIAGEM,RUA SA E SOUZA,,,ABALROAMENTO TRANSVERSAL,COLISAO ENTRE AUTO E MOTO COM VITIMA,1,1,,,,,,,,1,Cruzamento,Bom,Perfeito estado,Seca,Perfeito estado,Placas Pare,,Dupla,Faixa seccionada
2020-11-04 00:00:00,20:26:00,COM VÍTIMA,FUNDÃO,RUA CORONEL URBANO RIBEIRO DE SENA,,SUBURBIO,ABALROAMENTO TRANSVERSAL,COLISÃO COM VITIMA/ VITIMA JÁ FOI LEVADA NA VIATURA DOS BOMBEIROS,1,1,,,,,,,,1,Longo da via,Bom,Perfeito estado,Seca,Perfeito estado,,,Dupla,Faixa seccionada
2020-11-05 00:00:00,08:55:00,COM VÍTIMA,ESTÂNCIA,AV DR JOSE RUFINO,,,ABALROAMENTO TRANSVERSAL,AUTO E MOTO C/V,1,1,,,,,,,,1,Cruzamento,Bom,Perfeito estado,Seca,Perfeito estado,Não há placas,40 km/h,Dupla,Faixa contínua
2020-11-05 00:00:00,11:21:00,SEM VÍTIMA,MADALENA,RUA BELARMINO CARNEIRO,,,ENGAVETAMENTO,VT- POLICIA CIVIL OFICIAL E 3 AUTOS,3,,,,,,,1,,0,Cruzamento,Bom,Não existente,Seca,Perfeito estado,Não há placas,,Dupla,Não existe
2020-11-05 00:00:00,13:25:00,SEM VÍTIMA,COELHOS,RUA FRANCISCO ALVES,,,COLISÃO,AMBULANCIA OFICAL E AUTO,2,,,,,,,,,0,Longo da via,Bom,Perfeito estado,Seca,Perfeito estado,Outras,,Dupla,Faixa contínua
2020-11-05 00:00:00,14:25:00,COM VÍTIMA,TORRE,RUA MARQUES DE MARICA,,,COLISÃO,COLISAO ENTRE AUTO E MOTO COM VITIMA,1,1,,,,,,,,1,,,,,,,,,
2020-11-05 00:00:00,13:54:00,COM VÍTIMA,CASA FORTE,AV DEZESSETE DE AGOSTO,,,ABALROAMENTO TRANSVERSAL,COLISAO ENTRE AUTO E MOTO COM VITIMA,1,1,,,,,,,,1,Longo da via,Bom,Perfeito estado,Seca,Perfeito estado,Outras,,Dupla,
2020-11-05 00:00:00,21:00:00,COM VÍTIMA,PINA,AV HERCULANO BANDEIRA,,SUBURBIO,COLISÃO TRASEIRA,MOTO X AUTO   OBS: LOCAL DA COLISAO FOI DESCARACTERIZADO,1,1,,,,,,,,1,Longo da via,Bom,Perfeito estado,Seca,Perfeito estado,R-6a,50 km/h,Única,
2020-11-06 00:00:00,01:29:00,SEM VÍTIMA,TEJIPIÓ,AV DR JOSE RUFINO,,,COLISÃO,COLISÃO DOIS AUTOS,2,,,,,,,,,0,Longo da via,Chuvoso,Perfeito estado,Molhada,Perfeito estado,,,Dupla,Faixa contínua
2020-11-06 00:00:00,08:22:00,COM VÍTIMA,JORDÃO,AV MARIA IRENE,,CIDADE,ABALROAMENTO TRANSVERSAL,COM UMA VITIMA SENDO SOCORRIDA PELO BOMBEIRO,1,1,,,,,,,,1,Cruzamento,Bom,Perfeito estado,Seca,Perfeito estado,Não há placas,,Dupla,Faixa contínua
2020-11-06 00:00:00,10:05:00,COM VÍTIMA,SÃO JOSÉ,RUA IMPERIAL,408,CIDADE,ATROPELAMENTO,MOTOCICLETA E PEDESTRE,,1,,,1,,,,,1,Longo da via,Bom,Perfeito estado,Seca,Perfeito estado,Não há placas,,Única,Não existe
2020-11-06 00:00:00,12:15:00,SEM VÍTIMA,SANTO AMARO,RUA DA UNIAO,,,COLISÃO,MOTO X CARRO / AGENTES NO LOCAL INS EDINALDO - DAVID LUIZ VT 08,1,1,,,,,,,,0,,,,,,,,,
2020-11-06 00:00:00,12:36:00,COM VÍTIMA,AFOGADOS,RUA SAO MIGUEL,,CIDADE,ABALROAMENTO LONGITUDINAL,COLISÃO ENTRE AUTO E MOTO- C/V,1,1,,,,,,,,1,Esquina,Bom,Perfeito estado,Seca,Perfeito estado,Outras,50 km/h,Dupla,Faixa
2020-11-06 00:00:00,13:07:00,COM VÍTIMA,APIPUCOS,RUA DE APIPUCOS,500,CIDADE,COLISÃO FRONTAL,COLISÃO ENTRE AUTO E MOTO- C/V,1,1,,,,,,,,1,Longo da via,Bom,Perfeito estado,Seca,Perfeito estado,,50 km/h,Dupla,Faixa contínua
2020-11-06 00:00:00,14:33:00,COM VÍTIMA,PINA,AV HERCULANO BANDEIRA,657,SUBURBIO,ABALROAMENTO LONGITUDINAL,DOIS AUTOS E UMA MOTO,2,1,,,,,,,,2,Longo da via,Bom,Perfeito estado,Seca,Perfeito estado,Não há placas,60 km/h,Única,Faixa seccionada
2020-11-06 00:00:00,19:42:00,COM VÍTIMA,VÁRZEA,RUA TENENTE ROLAND RITTMISTER,,SUBURBIO,CHOQUE VEÍCULO PARADO,COLISAO ENTRE AUTO E MOTO COM VITIMA,1,1,,,,,,,,1,Longo da via,Bom,Perfeito estado,Seca,Perfeito estado,Não há placas,,Dupla,Faixa contínua
2020-11-06 00:00:00,19:52:00,COM VÍTIMA,IBURA,AV SANTOS,,CIDADE,COLISÃO,COLISAO ENTRE DUA MOTOS,,2,,,,,,,,2,Longo da via,Bom,Incompleta,Seca,Mal conservada,Não há placas,,Dupla,Faixa seccionada
2020-11-06 00:00:00,22:15:00,COM VÍTIMA,IPSEP,RUA RIO DOCE,,SUBURBIO,COLISÃO FRONTAL,COLISÃO COM VITIMA,1,1,,,,,,,,1,Cruzamento,Bom,Perfeito estado,Seca,Perfeito estado,Não há placas,,Dupla,Faixa contínua
2020-11-07 00:00:00,01:27:00,SEM VÍTIMA,IPSEP,AV RECIFE,,,CHOQUE OBJETO FIXO,COLISÃO AUTO E POSTE,1,,,,,,,,,0,,,,,,,,,
2020-11-07 00:00:00,09:09:00,COM VÍTIMA,CAMPO GRANDE,RUA ODORICO MENDES,,SUBURBIO,ABALROAMENTO TRANSVERSAL,AUTO E MOTO C/V,1,1,,,,,,,,1,Longo da via,Bom,Incompleta,Seca,Perfeito estado,Não há placas,,Dupla,Faixa seccionada
2020-11-07 00:00:00,13:01:00,SEM VÍTIMA,PARNAMIRIM,AV FLOR DE SANTANA,,,COLISÃO,COLISÃO SEM VÍTIMA,,2,,,,,,,,0,,,,,,,,,
2020-11-07 00:00:00,13:53:00,COM VÍTIMA,IBURA,AV DOIS RIOS,,,COLISÃO,COLISAO ENTRE AUTO E MOTO COM UMA VITIMA,1,1,,,,,,,,1,,,,,,,,,
2020-11-07 00:00:00,14:02:00,COM VÍTIMA,ARRUDA,RUA DO MACHADO,,,COLISÃO FRONTAL,COLISAO ENTRE AUTO E MOTO COM UMA VITIMA,1,1,,,,,,,,1,Cruzamento,Bom,Perfeito estado,Seca,Perfeito estado,R-6a,,Dupla,Faixa seccionada
2020-11-07 00:00:00,14:42:00,SEM VÍTIMA,,RUA DR BENIGNO JORDAO DE VASCONCELOS,,SUBURBIO,ABALROAMENTO LONGITUDINAL,COLISÃO COM VIATURA,2,,,,,,,,,0,Longo da via,Bom,Perfeito estado,Seca,Perfeito estado,Outras,30 km/h,Dupla,Faixa seccionada
2020-11-07 00:00:00,16:52:00,SEM VÍTIMA,ARRUDA,AV PROFESSOR JOSE DOS ANJOS,306,SUBURBIO,CHOQUE VEÍCULO PARADO,COLISÃO SEM VÍTIMA UM DOS CONDUTORES COM SINTOMAS DE EMBRIAGUEZ,2,,,,,,,,,0,Cruzamento,Bom,Perfeito estado,Seca,Perfeito estado,,,Dupla,Canal
2020-11-07 00:00:00,22:20:00,COM VÍTIMA,SANTO AMARO,AV JOAO DE BARROS,,SUBURBIO,COLISÃO TRASEIRA,AMBULANCIA X AUTO    OBS: SUSPEITA DE EMBRIAGUEZ,2,,,,,,,,,1,Longo da via,Chuvoso,Perfeito estado,Molhada,Perfeito estado,Outras,,Única,Não existe
2020-11-08 00:00:00,02:35:00,SEM VÍTIMA,BOA VISTA,AV CONDE DA BOA VISTA,681,SUBURBIO,CHOQUE VEÍCULO PARADO,COLISÃO AUTO E MOTO,1,1,,,,,,,,0,Longo da via,Bom,Perfeito estado,Seca,Perfeito estado,,,Única,Faixa contínua
2020-11-08 00:00:00,04:56:00,SEM VÍTIMA,JORDÃO,AV MARIA IRENE,,,CHOQUE OBJETO FIXO,,1,,,,,,,,,0,,,,,,,,,
2020-11-08 00:00:00,05:03:00,SEM VÍTIMA,BOA VIAGEM,RUA BARAO DE SOUZA LEAO,,,CHOQUE OBJETO FIXO,PORTÃO DA RESIDÊNCIA,1,,,,,,,,,0,,,,,,,,,
2020-11-08 00:00:00,10:57:00,SEM VÍTIMA,BOA VIAGEM,AV BOA VIAGEM,,CIDADE,CHOQUE VEÍCULO PARADO,SEM VITIMAS -UM DOS CONDUTORES EM SITUAÇÃO DE EMBRIAGUEZ,3,,,,,,,,,0,Longo da via,Bom,Perfeito estado,Seca,Perfeito estado,Não há placas,,Única,Faixa seccionada
2020-11-08 00:00:00,13:25:00,COM VÍTIMA,MADALENA,AV VISCONDE DE ALBUQUERQUE,,TORRE,ABALROAMENTO TRANSVERSAL,COLISÃO ENTRE AUTO E MOTO C/V,1,1,,,,,,,,1,Cruzamento,Bom,Perfeito estado,Seca,Perfeito estado,Placas Pare,,Única,Faixa seccionada
2020-11-08 00:00:00,14:23:00,COM VÍTIMA,ROSARINHO,RUA AMARO COUTINHO,,,ABALROAMENTO TRANSVERSAL,COLISÃO ENTRE AUTO E MOTO C/V- BATEDOR DE ANGELIS NO LOCAL,1,1,,,,,,,,1,Cruzamento,Bom,Perfeito estado,Seca,Perfeito estado,Placas Pare,40 km/h,Dupla,Faixa seccionada
2020-11-08 00:00:00,15:44:00,SEM VÍTIMA,IMBIRIBEIRA,RUA ITACARI,,,CHOQUE,APOIO EM CHOQUE DE VEÍCULO COM POSTE SEMAFÓRICO,,,,,,,,,,0,,,,,,,,,
2020-11-08 00:00:00,16:11:00,COM VÍTIMA,LINHA DO TIRO,RUA URIEL DE HOLANDA,,PRAÇA DA CONVENÇÃO,COLISÃO FRONTAL,COLISÃO MOTO X CARRO / VT 11 NO LOCAL,1,1,,,,,,,,1,Longo da via,Bom,Incompleta,Seca,Perfeito estado,R-6a,,Dupla,Não existe
2020-11-08 00:00:00,19:00:00,COM VÍTIMA,IBURA,AV DOM HELDER CAMARA,,CIDADE,CHOQUE VEÍCULO PARADO,COLISÃO ENTRE ÔNIBUS E MOTO C/V,,1,,,,1,,,,1,Longo da via,Bom,Perfeito estado,Seca,Perfeito estado,,,,
2020-11-08 00:00:00,19:40:00,COM VÍTIMA,CAMPO GRANDE,RUA PITIGUARAS,,SUBURBIO,CHOQUE VEÍCULO PARADO,COM VITIMA,1,,,,,,1,,,1,Longo da via,Chuvoso,Incompleta,Molhada,Mal conservada,Não há placas,,Dupla,Não existe
2020-11-09 00:00:00,00:22:00,COM VÍTIMA,MADALENA,EST DOS REMEDIOS,,,COLISÃO,,,,,,,,,,,2,,,,,,,,,
2020-11-09 00:00:00,02:58:00,SEM VÍTIMA,TAMARINEIRA,AV CONS ROSA E SILVA,,,COLISÃO,UMA DAS PARTES SE EVADIU DO LOCAL ABANDONANDO O VEÍCULO NO MEIO DA VIA,1,,,,,,1,,,0,Cruzamento,Chuvoso,Perfeito estado,Molhada,Perfeito estado,Outras,,,
2020-11-09 00:00:00,08:46:00,COM VÍTIMA,ILHA DO LEITE,AV BEIRA RIO,,ILHA DO LEITE,COLISÃO TRASEIRA,AUTO E MOTO C/V,1,1,,,,,,,,1,Longo da via,Bom,Perfeito estado,Seca,Perfeito estado,Não há placas,40 km/h,,Faixa seccionada
2020-11-09 00:00:00,12:14:00,COM VÍTIMA,PARNAMIRIM,RUA FERREIRA LOPES,,EST. ENCANAMENTO,ABALROAMENTO LONGITUDINAL,COLISÃO COM VÍTIMA,1,1,,,,,,,,1,Longo da via,Bom,Perfeito estado,Seca,Perfeito estado,Não há placas,,Dupla,Faixa seccionada
2020-11-09 00:00:00,12:34:00,COM VÍTIMA,ENCRUZILHADA,AV BEBERIBE,,SUBURBIO,ABALROAMENTO TRANSVERSAL,COLISÃO COM VÍTIMA,1,1,,,,,,,,1,Longo da via,Bom,Perfeito estado,Seca,Perfeito estado,Outras,,Dupla,Faixa seccionada
2020-11-09 00:00:00,14:09:00,COM VÍTIMA,ÁGUA FRIA,AV BEBERIBE,187,SUBURBIO,ATROPELAMENTO,TAXI ATROPELOU UM PEDESTRE,1,,,,1,,,,,2,Longo da via,Bom,Perfeito estado,Seca,Perfeito estado,,40 km/h,Dupla,Faixa contínua
2020-11-09 00:00:00,14:25:00,COM VÍTIMA,SANTO ANTÔNIO,AV GUARARAPES,603,CIDADE,ATROPELAMENTO,TAXI ATROPELOU UM PEDESTRE,1,,,,1,,,,,1,Longo da via,Bom,Perfeito estado,Seca,Perfeito estado,Outras,,Dupla,Faixa seccionada
2020-11-09 00:00:00,15:16:00,COM VÍTIMA,BOA VISTA,AV GOVERNADOR AGAMENON MAGALHAES,173,SUBURBIO,COLISÃO TRASEIRA,COLISAO ENTRE AUTO E MOTO COM UMA VITIMA,1,1,,,,,,,,1,Longo da via,Bom,Perfeito estado,Seca,Perfeito estado,R-6a,60 km/h,Dupla,Canteiro central
2020-11-09 00:00:00,16:07:00,COM VÍTIMA,MADALENA,AV CAXANGA,,SUBURBIO,COLISÃO COM CICLISTA,COM VÍTIMA,,,,1,,1,1,,,1,Longo da via,Bom,Perfeito estado,Seca,Perfeito estado,Outras,,Dupla,Canteiro central
2020-11-09 00:00:00,16:45:00,COM VÍTIMA,IPSEP,AV RECIFE,,,COLISÃO COM CICLISTA,COLISAO EN CO CICLISTA,1,,,1,,,,,,1,,,,,,,,,
2020-11-09 00:00:00,17:51:00,COM VÍTIMA,CAMPO GRANDE,RUA PROFESSOR FRANCISCO DA TRINDADE,,OLINDA,ABALROAMENTO TRANSVERSAL,COLISÃO COM VÍTIMA,1,2,,,,,,,,2,Cruzamento,Chuvoso,Perfeito estado,Seca,Perfeito estado,Placas Pare,,Dupla,Faixa seccionada
2020-11-09 00:00:00,17:55:00,COM VÍTIMA,JOANA BEZERRA,RUA DOM PAULO II,,SUBURBIO,COLISÃO COM CICLISTA,DOIS AUTOS ATROPELOU UMA VITIMA,1,1,,1,,,,,,1,Longo da via,Chuvoso,Perfeito estado,Molhada,Perfeito estado,Não há placas,60 km/h,Única,Faixa seccionada
2020-11-09 00:00:00,18:20:00,COM VÍTIMA,MACAXEIRA,RUA CORONEL JOAO BATISTA DO REGO BARROS,,CIDADE,ATROPELAMENTO,HONDA NXR 160 BROS X PEDESTRE AGUARDANDO SAMU,,1,,,1,,,,,1,Longo da via,Bom,Perfeito estado,Seca,Perfeito estado,Outras,,Dupla,Não existe
2020-11-09 00:00:00,20:04:00,SEM VÍTIMA,SANTO AMARO,AV GOVERNADOR AGAMENON MAGALHAES,,,COLISÃO,AMBULANCIA DO SAMU X AUTO  / S/V,1,,,,,,,1,,0,Longo da via,Bom,Perfeito estado,Seca,Perfeito estado,,60 km/h,Dupla,Canteiro central
2020-11-09 00:00:00,21:23:00,COM VÍTIMA,TOTÓ,RUA DES PAULO ANDRE,,SUBURBIO,COLISÃO FRONTAL,MOTO X AUTO,1,1,,,,,,,,1,Longo da via,Bom,Perfeito estado,Seca,Perfeito estado,Não há placas,,Dupla,Não existe
2020-11-10 00:00:00,08:22:00,COM VÍTIMA,IPSEP,AV RECIFE,,BOA VIAGEM,COLISÃO TRASEIRA,MOTO E AUTO,1,1,,,,,,,,2,Longo da via,Bom,Perfeito estado,Seca,Perfeito estado,Outras,,Dupla,Faixa contínua