data,hora,natureza,bairro,endereco,num_semaforo,sentido_via,tipo,auto,moto,ciclom,ciclista,pedestre,onibus,caminhao,viatura,outros,vitimas,vitimasfatais,acidente_verificado,tempo_clima,sinalizacao,condicao_via,conservacao_via,situacao_placa,velocidade_max_via,mao_direcao,divisao_via1
2020-12-20 00:00:00,21:09:00,SEM VÍTIMA,CABANGA,PTE GOVERNADOR PAULO GUERRA,,,COLISÃO,,2,,,,,,,,,0,Ponte,Bom,Perfeito estado,Seca,Perfeito estado,Não há placas,,Única,Faixa contínua
2020-12-21 00:00:00,07:19:00,COM VÍTIMA,GRAÇAS,AV GOVERNADOR AGAMENON MAGALHAES,174,BOA VIAGEM,COLISÃO COM CICLISTA,AUTO E CICLISTA,1,,,1,,,,,,1,Longo da via,Bom,Perfeito estado,Seca,Perfeito estado,Outras,60 km/h,Dupla,Canteiro central
2020-12-21 00:00:00,11:31:00,COM VÍTIMA,SANTO AMARO,RUA DO POMBAL,,,ABALROAMENTO TRANSVERSAL,COM VITIMA,1,1,,,,,,,,1,Cruzamento,Bom,Perfeito estado,Seca,Perfeito estado,R-34,40 km/h,Dupla,Canteiro central
2020-12-21 00:00:00,13:48:00,COM VÍTIMA,SANTO AMARO,AV NORTE,587,CIDADE,ABALROAMENTO LONGITUDINAL,COLISAO ENTRE AUTO E MOTO COM VITIMA,1,1,,,,,,,,1,Cruzamento,Bom,Perfeito estado,Seca,Perfeito estado,Outras,,Dupla,Faixa contínua
2020-12-21 00:00:00,16:05:00,COM VÍTIMA,ESPINHEIRO,AV GOVERNADOR AGAMENON MAGALHAES,,BOA VIAGEM,ABALROAMENTO LONGITUDINAL,COLISAO ENVOLVENDO AUTO E MOTO COM VITIMA,1,1,,,,,,,,1,Longo da via,Bom,Perfeito estado,Seca,Perfeito estado,Outras,,Dupla,Canal
2020-12-21 00:00:00,16:24:00,COM VÍTIMA,BOA VIAGEM,AVENIDA CELSO FURTADO (VIA MANGUE),,CIDADE,COLISÃO TRASEIRA,COLISAO ENTRE AUTO E MOTO COM VITIMA,1,1,,,,,,,,1,Longo da via,Bom,Perfeito estado,Seca,Perfeito estado,Não há placas,60 km/h,Dupla,Canteiro central
2020-12-21 00:00:00,17:46:00,COM VÍTIMA,IBURA,RUA DOIS,,,COLISÃO,COLISAO ENTRE UM MICRO ONIBUS E MOTO COM UMA VITIMA,,1,,,,1,,,,1,,,,,,,,,
2020-12-21 00:00:00,19:18:00,SEM VÍTIMA,TORRE,RUA PROFESSOR TRAJANO DE MENDONCA,,,CHOQUE OBJETO FIXO,CAMINHÃO CHOCOU-SE CONTRA O POSTE E EM SEGUIDA ARRASTOU OS FIOS DO MESMO. A FIAÇÃO ESTA CAIDA PELA VIA. S/V,,,,,,,1,,,0,,,,,,,,,
2020-12-21 00:00:00,19:26:00,COM VÍTIMA,TORRE,RUA REAL DA TORRE,,SUBURBIO,ABALROAMENTO LONGITUDINAL,COLISAO ENTRE AUTO E MOTO COM VITIMA,1,1,,,,,,,,1,Longo da via,Bom,Perfeito estado,Seca,Perfeito estado,Não há placas,40 km/h,Única,
2020-12-21 00:00:00,20:28:00,COM VÍTIMA,BAIRRO DO RECIFE,CAIS DO APOLO,,CIDADE,COLISÃO COM CICLISTA,COLISAO ENTRE ONIBUS E CICLISTA,,,,1,,1,,,,1,Longo da via,Bom,Perfeito estado,Seca,Perfeito estado,Outras,,Única,Faixa seccionada
2020-12-21 00:00:00,21:49:00,COM VÍTIMA,TORRE,RUA DIANOPOLIS,317,SUBURBIO,COLISÃO FRONTAL,COLISAO ENTRE AUTO E MOTO COM VITIMA,1,1,,,,,,,,1,Cruzamento,Bom,Perfeito estado,Seca,Perfeito estado,R-6a,30 km/h,Dupla,Faixa contínua
2020-12-22 00:00:00,07:24:00,COM VÍTIMA,MANGUEIRA,RUA ALEXANDRE RODRIGUES FERREIRA,,CIDADE,COLISÃO COM CICLISTA,COM DUA VITIMAS AGUARDANDO SAMU,1,,,1,,,,,,2,Cruzamento,Bom,Incompleta,Seca,Perfeito estado,Não há placas,,Única,Não existe
2020-12-22 00:00:00,10:19:00,COM VÍTIMA,SANTO AMARO,AV CRUZ CABUGA,,,COLISÃO,MOTO 01 X MOTO 02,,2,,,,,,,,2,,,,,,,,,
2020-12-22 00:00:00,10:52:00,SEM VÍTIMA,BOA VISTA,RUA JOAO FERNANDES VIEIRA,,,COLISÃO,,2,,,,,,,,,0,Longo da via,Bom,Perfeito estado,Seca,Perfeito estado,Não há placas,,Única,Faixa seccionada
2020-12-22 00:00:00,11:44:00,COM VÍTIMA,IMBIRIBEIRA,AV MARECHAL MASCARENHAS DE MORAES,,CIDADE,COLISÃO TRASEIRA,COM DUAS VITIMAS AGUARDANDO SAMU,1,1,,,,,,,,2,Longo da via,Bom,Perfeito estado,Seca,Perfeito estado,Não há placas,60 km/h,Única,Faixa seccionada
2020-12-22 00:00:00,11:50:00,COM VÍTIMA,CASA AMARELA,AV NORTE,676,SUBURBIO,COLISÃO COM CICLISTA,MOTOCICLETA X BICICLETA,,1,,1,,,,,,1,Cruzamento,Bom,Perfeito estado,Seca,Perfeito estado,R-6a,,Dupla,Faixa contínua
2020-12-22 00:00:00,14:58:00,COM VÍTIMA,TORRE,RUA JOSE BONIFACIO,601,,COLISÃO,COLISÃO MOTO X CARRO,1,1,,,,,,,,1,,,,,,,,,
2020-12-22 00:00:00,16:08:00,COM VÍTIMA,BOA VIAGEM,AV CONSELHEIRO AGUIAR,,SUBURBIO,ATROPELAMENTO,ONIBUS ATROPELOU PEDESTRE,,,,,1,1,,,,1,Longo da via,Bom,Perfeito estado,Seca,Perfeito estado,Não há placas,,Única,Não existe
2020-12-22 00:00:00,17:22:00,SEM VÍTIMA,PINA,,,,COLISÃO,COLISÃO - NÃO HOUVE VÍTIMA E OS ORIENTADORES E GMS SOLICITARAM REALIZAR O BATE PRONTO,,,,,,,,,,0,,,,,,,,,
2020-12-22 00:00:00,17:41:00,COM VÍTIMA,SÃO JOSÉ,RUA SAO JOAO,,SUBURBIO,ABALROAMENTO TRANSVERSAL,V1 placa (motocicleta) X V2- PLACA,1,1,,,,,,,,2,Cruzamento,Bom,,Seca,Perfeito estado,R-4b,40 km/h,Única,Não existe
2020-12-22 00:00:00,18:11:00,COM VÍTIMA,BEBERIBE,AV BEBERIBE,,CIDADE,COLISÃO TRASEIRA,AUTO E MOTO,1,1,,,,,,,,1,Longo da via,Bom,Não existente,Seca,Perfeito estado,R-6a,,Dupla,Faixa contínua
2020-12-23 00:00:00,05:46:00,SEM VÍTIMA,ESPINHEIRO,RUA JOSE LUIZ DA SILVEIRA BARROS,,,CHOQUE,,,,,,,,,,,0,,,,,,,,,
2020-12-23 00:00:00,07:15:00,COM VÍTIMA,MADALENA,RUA JOAO IVO DA SILVA,,CIDADE,ABALROAMENTO LONGITUDINAL,COLISÃO COM VITIMAS A ESPERA DO SAMU,,2,,,,,,,,1,Longo da via,Bom,Perfeito estado,Seca,Perfeito estado,Não há placas,,Única,Faixa contínua
2020-12-23 00:00:00,08:30:00,COM VÍTIMA,MANGUEIRA,RUA VINTE E UM DE ABRIL,,,COLISÃO FRONTAL,COLISÃO COM VITIMAS,1,1,,,,,,,,2,Cruzamento,Bom,Incompleta,Seca,Perfeito estado,Placas Pare,,Dupla,Não existe
2020-12-23 00:00:00,08:38:00,COM VÍTIMA,CORDEIRO,RUA TIJUCA,422,SUBURBIO,ABALROAMENTO TRANSVERSAL,COLISÃO COM VITIMAS,2,,,,,,,,,1,Cruzamento,Bom,Perfeito estado,Seca,Perfeito estado,R-4a,60 km/h,Única,Canteiro central
2020-12-23 00:00:00,15:16:00,COM VÍTIMA,AFOGADOS,RUA SAO MIGUEL,,AFOGADOS,COLISÃO FRONTAL,COLISÃO COM VÍTIMA,2,1,,,,,,,,1,Longo da via,Bom,Perfeito estado,Seca,Perfeito estado,Não há placas,50 km/h,Dupla,Faixa contínua
2020-12-23 00:00:00,18:55:00,COM VÍTIMA,MADALENA,EST DOS REMEDIOS,,SUBURBIO,ABALROAMENTO TRANSVERSAL,MOTO X AUTO. C/V,1,1,,,,,,,,1,Cruzamento,Bom,Não existente,Seca,Perfeito estado,Placas Pare,,Única,Faixa seccionada
2020-12-24 00:00:00,06:24:00,COM VÍTIMA,MORRO DA CONCEIÇÃO,RUA DOIS DE FEVEREIRO,,,ABALROAMENTO LONGITUDINAL,COM VITIMA- AGUARDANDO SAMU NO LOCAL,,1,,,,1,,,,1,Longo da via,Chuvoso,Não existente,,Mal conservada,Não há placas,30 km/h,Dupla,Não existe
2020-12-24 00:00:00,07:23:00,COM VÍTIMA,CASA AMARELA,AV NORTE,312,,COLISÃO,COM DUAS VITIMAS- AGUARDANDO SAMU,1,1,,,,,,,,2,,,,,,,,,
2020-12-24 00:00:00,07:59:00,COM VÍTIMA,CAXANGÁ,AV CAXANGA,,SUBURBIO,COLISÃO COM CICLISTA,AUTO E BICICLETA.,1,,,1,,,,,,1,Longo da via,Bom,Perfeito estado,Seca,Perfeito estado,Não há placas,60 km/h,Dupla,Faixa seccionada
2020-12-24 00:00:00,08:38:00,COM VÍTIMA,NOVA DESCOBERTA,RUA NOVA DESCOBERTA,,VASCO DA GAMA,COLISÃO,COLISÃO ENTRE AUTOMÓVEL E MOTOCICLETA - A VT-25 SE DEPAROU COM A SITUAÇÃO E TINHA APENAS A VÍTIMA E O SAMU NO LOCAL - O VEÍCULO SE EVADIU E A MOTOCICLETA RETIRARAM DO LOCAL - EQUIPE DA VT 25 TOMARÁ TODAS AS PROVIDÊNCIAS PERANTE AS AUTORIDADES COMPETENTES.,1,1,,,,,,,,1,Longo da via,Bom,Perfeito estado,Seca,Perfeito estado,R-6a,,Dupla,Faixa seccionada
2020-12-24 00:00:00,09:28:00,SEM VÍTIMA,JORDÃO,AV DONA CARENTINA,,,CHOQUE OBJETO FIXO,UM VEICULO SE CHOCOU COM UM POSTE- ONDE OS FIOS FICARAM SOLTOS NO MEIO DA VIA/ SOLICITANTE DIZ TER ENTRADO EM CONTATO COM A CELPE- PORÉM ESTÁ AGUARDANDO O ATENDIMENTO.,1,,,,,,,,1,0,Longo da via,Chuvoso,Perfeito estado,Molhada,Perfeito estado,Não há placas,,Dupla,Faixa contínua
2020-12-24 00:00:00,09:35:00,COM VÍTIMA,AFOGADOS,RUA VINTE E UM DE ABRIL,,,COLISÃO,COLISÃO COM UMA VITIMA -SAMU ACIONADO,,1,1,,,,,,,1,,,,,,,,,
2020-12-24 00:00:00,11:47:00,COM VÍTIMA,ALTO JOSÉ DO PINHO,COR DO BARTOLOMEU,,SUBURBIO,ATROPELAMENTO,ATROPELAMENTO,1,,,,1,,,,,1,Longo da via,Bom,Perfeito estado,Seca,Perfeito estado,Outras,,Dupla,Faixa contínua
2020-12-24 00:00:00,13:21:00,COM VÍTIMA,IMBIRIBEIRA,AV MARECHAL MASCARENHAS DE MORAES,501,CIDADE,COLISÃO TRASEIRA,AGUARDANDO ATENDIMENTO DO SAMU.,1,1,,,,,,,,1,Longo da via,Bom,Perfeito estado,Seca,Perfeito estado,R-6a,60 km/h,Dupla,Canteiro central
2020-12-22 00:00:00,09:16:00,SEM VÍTIMA,GRAÇAS,AV GOVERNADOR AGAMENON MAGALHAES,37,PARNAMIRIM-DERBY,COLISÃO,AUTOMÓVEL PRETO PEV8799 X MOTOCICLETA,1,1,,,,,,,,0,,,,,,,,,
2020-12-24 00:00:00,15:16:00,SEM VÍTIMA,ENCRUZILHADA,AV JOAO DE BARROS,43,CIDADE,COLISÃO,ACIDENTE NO CRUZAMENTO- COLISÃO TRANSVERSAL ENTRE DOIS AUTO PASSEIO- FECHANDO O CRUZAMENTO. AGENTE IRÁ AO LOCAL PARA DESOBSTRUIR A VIA- VERIFICAR A DOCUMENTAÇÃO SE TUDO CERTO ORIENTAR REALIZAR O BAT PRONTO.,2,,,,,,,,,0,,,,,,,,,
2020-12-24 00:00:00,15:27:00,COM VÍTIMA,VÁRZEA,AV CAXANGA,262,CIDADE,COLISÃO TRASEIRA,COLISÃO ENTRE AUTO E MOTO,1,1,,,,,,,,1,Longo da via,Bom,Perfeito estado,Seca,Perfeito estado,Não há placas,60 km/h,Única,Faixa contínua
2020-12-24 00:00:00,17:37:00,COM VÍTIMA,BOA VIAGEM,AV ENGENHEIRO DOMINGOS FERREIRA,,PIEDADE,COLISÃO TRASEIRA,COLISÃO COM 2 CARRO X MOTO/ UM DOS VEICULOS DE PLACA xxx SE EVADIU DO LOCAL,2,1,,,,,,,,1,Longo da via,Bom,Perfeito estado,Seca,Perfeito estado,R-6a,,Dupla,Faixa contínua
2020-12-24 00:00:00,18:24:00,COM VÍTIMA,ALTO JOSÉ DO PINHO,AV NORTE,,SUBURBIO,COLISÃO COM CICLISTA,COLISÃO ENTRE MOTO E CICLISTA,,1,,1,,,,,,2,Longo da via,Bom,Perfeito estado,Seca,Perfeito estado,Não há placas,60 km/h,Única,Canteiro central
2020-12-25 00:00:00,07:24:00,SEM VÍTIMA,TORRE,RUA MARCOS ANDRE,,,CHOQUE,VEICULO  CHOCOU SE  CONTRA MURO,,,,,,,,,,0,,,,,,,,,
2020-12-25 00:00:00,16:07:00,COM VÍTIMA,IMBIRIBEIRA,RUA ITAJAI,,CIDADE,ABALROAMENTO TRANSVERSAL,AUTO E MOTO.,1,1,,,,,,,,1,Cruzamento,Bom,Perfeito estado,Seca,Perfeito estado,Placas Pare,,Dupla,Faixa contínua
2020-12-25 00:00:00,22:53:00,COM VÍTIMA,ENGENHO DO MEIO,RUA ANTONIO CURADO,,CIDADE,COLISÃO COM CICLISTA,AUTO X BICICLETA. C/V,1,,,1,,,,,,2,Longo da via,Bom,Perfeito estado,Seca,Perfeito estado,Outras,,Dupla,Faixa seccionada
2020-12-26 00:00:00,05:22:00,SEM VÍTIMA,SOLEDADE,RUA JOAO FERNANDES VIEIRA,,,CHOQUE OBJETO FIXO,CONDUTOR ABANDONOU O VEICULO- APÓS CHOCAR-SE CONTRA UM POSTE PÚBLICO,1,,,,,,,,,0,,,,,,,,,
2020-12-26 00:00:00,09:59:00,SEM VÍTIMA,CORDEIRO,AV CAXANGA,,SUBURBIO,COLISÃO COM CICLISTA,TRÊS CICLISTA UTILIZANDO INDEVIDAMENTE A FAIXA EXCLUSSIVA DO BRT ( ELEVADO DA CAXANGA ) NO SENTIDO CIDADE / SUBURBIO- QUANDO UM CICLISTA PAROU E FOI COLIDIDO LATERALMENTE POR UMA CICLISTA QUE TEVE POSSIVEIS- LEVES ESCORRIAÇÕES. ACIDENTE FLAGRADO PELA CÂMARAS DA CTTU.,,,,2,,,,,,0,,,,,,,,,
2020-12-26 00:00:00,10:34:00,COM VÍTIMA,CORDEIRO,RUA MAURICIO DE NASSAU,,SUBURBIO,COLISÃO COM CICLISTA,VITIMA SOCORRIDA PELO SAMU,,1,,1,,,,,,1,Longo da via,Bom,Perfeito estado,Seca,Perfeito estado,Não há placas,,Dupla,Faixa contínua
2020-12-26 00:00:00,17:39:00,SEM VÍTIMA,IMBIRIBEIRA,RUA JORGE DE LIMA,402,,COLISÃO,COLISÃO CARRO X CARRO COM SUSPEITA DE ALCOOLEMIA,2,,,,,,,,,0,,,,,,,,,
2020-12-26 00:00:00,17:47:00,COM VÍTIMA,TORRE,VDO GOVERNADOR CORDEIRO DE FARIAS,,SUBURBIO,TOMBAMENTO,QUEDA DE MOTOCICLISTA,,1,,,,,,,,1,Viaduto,Bom,Perfeito estado,Seca,Perfeito estado,Não há placas,,Única,Faixa seccionada
2020-12-26 00:00:00,19:44:00,SEM VÍTIMA,IMBIRIBEIRA,AV MARECHAL MASCARENHAS DE MORAES,161,SUBURBIO,COLISÃO,COLISÃO SEM VITIMA ENVOLVENDO VEÍCULO OFICIAL (SAMU),1,,,,,,,1,,0,Longo da via,Bom,Perfeito estado,Seca,Perfeito estado,Não há placas,60 KM/H,Única,Canteiro central
2020-12-27 00:00:00,00:53:00,SEM VÍTIMA,BOA VIAGEM,AV CONSELHEIRO AGUIAR,,,COLISÃO,USUARIO INFORMA QUE A OCORRENCIA FOI SEM VÍTIMA E QUE O CONDUTOR DE UM DOS VEÍCULOS SE EVADIU ABANDONANDO O VEÍCULO NA VIA . POR ESSE MOTIVO ENVIAMOS UMA VT PRA VERIFICAR ESSA SITUAÇÃO . O CONDUTOR QUE FICOU NO LOCAL FOI ORIENTADO A PRESTAR UMA QUEIXA E GERAR ESSA OCORRENCIA PELO BATE-PRONTO.,2,,,,,,,1,,0,,,,,,,,,
2020-12-27 00:00:00,08:44:00,COM VÍTIMA,IMBIRIBEIRA,RUA ITAJAI,,SUBURBIO,ABALROAMENTO TRANSVERSAL,DOIS AUTOS C/V,2,,,,,,,,,1,Cruzamento,Bom,Perfeito estado,Seca,Perfeito estado,Placas Pare,,Dupla,Faixa contínua
2020-12-27 00:00:00,11:57:00,COM VÍTIMA,JORDÃO,AV MARIA IRENE,,,COLISÃO,COLISAO ENTRE AUTO E MOTO COM UMA VITIMA,1,1,,,,,,,,1,,,,,,,,,
2020-12-27 00:00:00,12:06:00,COM VÍTIMA,IPSEP,RUA SAO NICOLAU,,SUBURBIO,ABALROAMENTO TRANSVERSAL,COLISAO ENTRE AUTO E MOTO COM UMA VITIMA,1,1,,,,,,,,1,Longo da via,Bom,Perfeito estado,Seca,Perfeito estado,Placas Pare,,Única,Não existe
2020-12-27 00:00:00,15:44:00,SEM VÍTIMA,PINA,RUA CARNEIRO PESSOA,,,CHOQUE,CHOQUE SEM VÍTIMA/ VIATURA POLICIA,,,,,,,,1,,0,,,,,,,,,
2020-12-27 00:00:00,23:09:00,SEM VÍTIMA,SAN MARTIN,RUA DELMIRO GOUVEIA,,,COLISÃO,COLISÃO DOIS AUTOS - CONDUTOR DO AUTO PASSEIO COM SINTOMAS DE EMBRIAGUES,1,,,,,,1,,,0,,,,,,,,,
2020-12-28 00:00:00,06:22:00,COM VÍTIMA,CABANGA,AV SUL,,CIDADE,CHOQUE OBJETO FIXO,CONDUTOR DA MOTOCICLETA PERDEU O CONTROLE DO VEICULO E CHOCOU-SE CONTRA UMA ÁRVORE,,1,,,,,,,,1,Longo da via,Bom,Não existente,Molhada,Outros,Não há placas,,Dupla,Faixa seccionada
2020-12-28 00:00:00,07:28:00,COM VÍTIMA,BOA VIAGEM,AVENIDA CELSO FURTADO (VIA MANGUE),,SUBURBIO,ABALROAMENTO LONGITUDINAL,COLISÃO COM EVASÃO- CONDUTOR DO CARRO FOI EMBORA SEM PRESTAR SOCORRO... AS VITIMAS AGUARDAM ATENDIMENTO DO SAMU.,1,1,,,,,,,,2,Longo da via,Bom,Incompleta,Seca,Perfeito estado,Não há placas,,Única,Não existe
2020-12-28 00:00:00,12:03:00,COM VÍTIMA,BOA VIAGEM,RUA ERNESTO DE PAULA SANTOS,217,SUBURBIO,ABALROAMENTO TRANSVERSAL,COLISÃO CARRO X DUAS MOTOS,1,2,,,,,,,,1,Cruzamento,Bom,Perfeito estado,Seca,Perfeito estado,Não há placas,60 km/h,Única,Faixa contínua
2020-12-28 00:00:00,12:22:00,SEM VÍTIMA,IMBIRIBEIRA,AV MARECHAL MASCARENHAS DE MORAES,287,,COLISÃO,CONDUTOR INFORMA QUE A OUTRA PARTE ENVOLVIDA NA COLISÃO NÃO ESTÁ DE POSSE DA HABILITAÇÃO E DOCUMENTO DO VEÍCULO.,2,,,,,,,,,0,Longo da via,Bom,Perfeito estado,Seca,Perfeito estado,Não há placas,60 KM/H,Dupla,Canteiro central
2020-12-28 00:00:00,14:55:00,SEM VÍTIMA,ARRUDA,AV BEBERIBE,,,COLISÃO,COLISÃO CAMINHÃO X CARRO / INFORMA QUE TA TENDO DERRAMAMENTO DE OLEO NA VIA,,,,,,1,1,,,0,Longo da via,Bom,Perfeito estado,Seca,Perfeito estado,,,Dupla,Faixa contínua
2020-12-28 00:00:00,15:23:00,COM VÍTIMA,BOA VIAGEM,AV DOM JOAO VI,,SUBURBIO,ABALROAMENTO TRANSVERSAL,A EQUIPE SE DEPAROU COM O ACIDENTE,,1,,,,1,,,,1,Longo da via,Bom,Perfeito estado,Seca,Perfeito estado,Não há placas,,Única,Não existe
2020-12-28 00:00:00,16:26:00,COM VÍTIMA,BOA VIAGEM,RUA JOAO CARDOSO AIRES,,SUBURBIO,ABALROAMENTO TRANSVERSAL,COLISÃO MOTO X CARRO,1,1,,,,,,,,1,Cruzamento,Chuvoso,Perfeito estado,Seca,Perfeito estado,Placas Pare,,Única,Não existe
2020-12-28 00:00:00,16:42:00,COM VÍTIMA,SANTO AMARO,AV NORTE,397,SUBURBIO,ATROPELAMENTO,ATROPELAMENTO ENVOLVENDO MOTO E PEDESTRE,,1,,,1,,,,,1,Longo da via,Bom,Perfeito estado,Seca,Perfeito estado,Outras,60 km/h,Dupla,Canteiro central
2020-12-28 00:00:00,20:23:00,COM VÍTIMA,IMBIRIBEIRA,RUA JAMAICA,,,COLISÃO,COLISÃO ENTRE AUTO E MOTO- COM VITIMA,1,1,,,,,,,,2,Cruzamento,Bom,Perfeito estado,Seca,Perfeito estado,Placas Pare,,Única,Faixa seccionada
2020-12-29 00:00:00,07:20:00,SEM VÍTIMA,BOA VISTA,RUA JOSE DE ALENCAR,,,CAPOTAMENTO,COLISÃO EM SEGUIDA DE CAPOTAMENTO SEM VITIMAS,2,,,,,,,,,0,,,,,,,,,
2020-12-29 00:00:00,10:22:00,COM VÍTIMA,AREIAS,RUA CAPITAO DOMINGOS DA COSTA,569,,ATROPELAMENTO,AUTO E PEDESTRE,1,,,,1,,,,,1,Cruzamento,Bom,,Seca,Perfeito estado,R-19,30 km/h,Dupla,Não existe
2020-12-29 00:00:00,10:55:00,COM VÍTIMA,ARRUDA,RUA SAO BENTO,,SUBURBIO,COLISÃO TRASEIRA,COLISÃO COM VITIMA A ESPERA DO SAMU,1,1,,,,,,,,1,Longo da via,Bom,Perfeito estado,Seca,Perfeito estado,Placas Pare,,Única,Faixa seccionada
2020-12-29 00:00:00,15:12:00,COM VÍTIMA,ESPINHEIRO,RUA QUARENTA E OITO,166,CIDADE,ABALROAMENTO LONGITUDINAL,COLISÃO COM VÍTIMA,1,1,,,,,,,,1,Cruzamento,Bom,Perfeito estado,Seca,Perfeito estado,Outras,,Única,Faixa seccionada
2020-12-29 00:00:00,18:14:00,COM VÍTIMA,SANTO ANTÔNIO,AV GUARARAPES,14,CIDADE,ATROPELAMENTO,ÕNIBUS ATROPELOU CADEIRANTE. C/V,,,,,1,1,,,,1,Cruzamento,Bom,Perfeito estado,Seca,Perfeito estado,Outras,60 km/h,Única,Faixa contínua
2020-12-29 00:00:00,20:02:00,SEM VÍTIMA,JORDÃO,RUA DR ALVARO FERRAZ,,,COLISÃO,COLISAO ENTRE AUTO E MOTO S/VITIMAS,,1,,,,,,1,,0,Longo da via,Bom,Perfeito estado,Seca,Perfeito estado,R-6a,,Única,Não existe
2020-12-30 00:00:00,07:15:00,COM VÍTIMA,IPUTINGA,AV CAXANGA,,SUBURBIO,COLISÃO,COM UMA VITIMA AGUARDANDO SAMU,,1,,,,,,,,1,Longo da via,Chuvoso,Perfeito estado,Molhada,Perfeito estado,Não há placas,60 km/h,Única,
2020-12-30 00:00:00,07:31:00,COM VÍTIMA,CABANGA,RUA JOAO PAULO II,,SUBURBIO,COLISÃO TRASEIRA,COM DUAS VITIMAS AGUARDANDO SAMU,1,1,,,,,,,,1,Viaduto,Chuvoso,Perfeito estado,Molhada,Perfeito estado,Não há placas,60 km/h,Dupla,Canteiro central
2020-12-30 00:00:00,07:52:00,COM VÍTIMA,LINHA DO TIRO,RUA URIEL DE HOLANDA,,SUBURBIO,COLISÃO FRONTAL,COM UMA VITIMA-SOCORRIDA -VT 18 DA CTTU NO LOCAL/GMFLAVIO LUIS/GM DE SOUZA,1,1,,,,,,,,1,Longo da via,Chuvoso,Incompleta,Molhada,Perfeito estado,Não há placas,,Dupla,Não existe
2020-12-30 00:00:00,08:41:00,COM VÍTIMA,SÍTIO DOS PINTOS,RUA PROF CLAUDIO SELVA,,SUBURBIO,TOMBAMENTO,CICLISTA PERDEU O CONTROLE DA BICICLETA,,,,1,,,,,,1,Longo da via,Bom,Não existente,Seca,Perfeito estado,Não há placas,,Dupla,Não existe
2020-12-30 00:00:00,11:51:00,COM VÍTIMA,IBURA,RUA PINTOR AGENOR DE ALBUQUERQUE CESAR,,SUBURBIO,ABALROAMENTO TRANSVERSAL,COM UMA VITIMA -AGUARDANDO  SAMU,1,1,,,,,,,,1,Longo da via,Chuvoso,Perfeito estado,Molhada,Perfeito estado,Não há placas,,Dupla,Não existe
2020-12-30 00:00:00,14:04:00,COM VÍTIMA,JORDÃO,AV MARIA IRENE,,,COLISÃO TRASEIRA,COLISÃO MOTO X CARRO,1,1,,,,,,,,1,Cruzamento,Bom,Não existente,Seca,Perfeito estado,Não há placas,,Dupla,Não existe
2020-12-30 00:00:00,15:43:00,COM VÍTIMA,CAMPO GRANDE,RUA PROFESSOR FRANCISCO DA TRINDADE,,,COLISÃO,AGUARDANDO ATENDIMENTO DO SAMU.,1,1,,,,,,,,1,Cruzamento,Bom,Perfeito estado,Seca,Perfeito estado,,,Dupla,Não existe
2020-12-30 00:00:00,17:26:00,SEM VÍTIMA,TEJIPIÓ,AV DR JOSE RUFINO,,SUBURBIO,COLISÃO,UM DOS CONDUTORES SE RECUSA A RETIRAR O VEÍCULO DO LOCAL- IMPOSSIBILITANDO O OUTRO VEÍCULO DE TAMBÉM SAIR. VIA OBSTRUÍDA.,2,,,,,,,,,0,,,,,,,,,
2020-12-30 00:00:00,17:30:00,SEM VÍTIMA,DERBY,AV GOVERNADOR AGAMENON MAGALHAES,,,COLISÃO,COLISÃO COM VEICULO OFICIAL / CARRO X USB,1,,,,,,,1,,0,,,,,,,,,
2020-12-30 00:00:00,18:57:00,SEM VÍTIMA,ARRUDA,AV PROFESSOR JOSE DOS ANJOS,131,,COLISÃO,COLISÃO SEM VÍTIMAS- UMA DAS PARTES APRESENTA SINTOMAS DE EMBRIAGUEZ,4,,,,,,,,,0,,,,,,,,,
2020-12-30 00:00:00,20:38:00,COM VÍTIMA,MANGABEIRA,AV NORTE,,,ATROPELAMENTO,,1,,,,1,,,,,1,Longo da via,Bom,Perfeito estado,Seca,Perfeito estado,Outras,,Dupla,Canteiro central
2020-12-31 00:00:00,15:47:00,COM VÍTIMA,CASA AMARELA,EST DAS UBAIAS,,CIDADE,COLISÃO FRONTAL,COM VÍTIMA,1,1,,,,,,,,1,Longo da via,Bom,Perfeito estado,Seca,Perfeito estado,Outras,,Dupla,Não existe
2020-12-31 00:00:00,21:48:00,COM VÍTIMA,CAMPINA DO BARRETO,AV PROFESSOR JOSE DOS ANJOS,,SUBURBIO,COLISÃO FRONTAL,COLISAO ENTRE DUAS MOTOS COM VITIMAS,,2,,,,,,,,4,Longo da via,Nublado,Perfeito estado,Seca,Perfeito estado,Outras,,Dupla,Faixa seccionada